protein_id,sequence_hash,sequence_length,cluster_id,pc1,pc2,pc3
A0A2I4DA34,0d16d229ccaa3a25b1f4a4512f2e66f18fa36b5c47f328ca13a43aee5eaaa395,590,7,0.0101257535,-0.016954014,0.14007506
A0A518IHH7,e186cb242f95287ddfd7488df8f7e6a0f1f5c5459b548bd15fa7acc194bc9a7c,339,2,-0.11863196,0.07024904,-0.22791165
A0A9Q8PCT1,367e081b8df02f33f093ba6ea8ba6b92a3d38dda4f71e57d5436ae23196633d7,241,5,-0.46230546,-0.16398689,-0.15180211
C6TJ37,93fc96831aadf02b55b28c0a4ba54f6e6da1406e5560fdc35477168d47de174f,349,4,0.15543798,0.033695836,-0.14187294
A0A2K5HC72,1cb156588ec8fd269d6e25a2fd45ff5e88b3a8529ed959d31f2b25719ce3eba4,547,0,-0.068358175,-0.14510198,0.07088233
A0A2U3XF90,4f2e2cceb34ce6aa69998d892a5b8a79351335f6ff1e17e4b5b461a7eccb3c78,554,1,0.28326234,0.14607282,-0.111463435
A0A6I9PW52,ca8249f8ded8d036a0321162d2017668de4d307a6c4dd9fcc3504c1aff6ba20b,324,0,-0.2187813,-0.10640423,-0.062202845
Q52463,1fb850cd3a9e279b9db10ffa5507da0ee6917a92ad5f7049aaf34c836796afc1,494,4,0.08532414,0.14564566,-0.11243381
A0A068FHS2,19e5260612b956c20a677b942b0ce4a31d35e1a7410ac0eb0c86975f0d08996f,451,4,0.05195256,-0.06261096,-0.20838927
A0A0A1HA03,d0cc15a3392c7b0d6a3b098507f0230e2e612d03714e72b0861227975fce6fe0,457,4,0.083122134,0.0105915,-0.18032949
A0A0H2V630,c930e61d26021e84d3e568a1402b2e3d8cf4d1c29ad7dde46d46e6e2d4389a38,371,1,0.19811651,0.26129466,-0.122527055
A0A0H2WWR3,276f37be7d6296e70fab79a3887a7157bb65959fcd32085add7c57e86af9620f,384,2,-0.1560676,-0.09353038,-0.23981945
A0A0H5NPC9,fb5a5b039ec00d0be2479f5aa97da590efd9943591c16a6c04b03511548c6553,365,6,-0.094354235,0.32942945,-0.012876466
A0A0P0W7X0,015b4aae4b730544f472ec35f11d764cd401c5f5932caa17e63b2e42dd30c114,363,4,0.0246639,0.262047,0.019793617
A0A143GBN2,d16de44a23dc0de0d1f2429058c37baea80d1c0aee1080ac94dff3e24b6c4836,493,4,0.07882588,0.13447453,-0.13392986
A0A143QHI5,e98dde8df1a3a78ded3b75f1f96e39418d3f511babebf762ce2a11a46558bb74,341,6,-0.2590837,0.23362997,-0.040419154
A0A161HSW5,5dc4cb683b7ee632a164e4cecb71bea17c6e15399dcc794c981107b699ee8968,400,6,-0.1340244,0.42945063,0.04934728
A0A174KJT6,fe97277257ead5b5ded921b09262011fa3df39b12f8397e58c3240a8529720c8,317,5,-0.44831377,-0.11108828,-0.18224455
A0A193SHS6,102b11655a60e8d0ba025fe0b40e2512bc4dec4dc6e74e3b6961e850e07316c1,396,4,0.08436078,0.037626848,-0.20207326
A0A1P8AP70,6dedbe1addb5986e3d170611815b85f3137e5f2b9d4255779e1cb3bd57c117a1,519,4,0.21286881,-0.03880003,-0.19346175
A0A1P8B3E2,6f4a94e76a1973e1f3dec62e5bd641da0946bb2e81f43620496513b6442d3e0b,510,4,0.15073456,0.02503377,-0.15005946
A0A1Q2HNH5,7faf86cffb25e746880b40a129a0c35ed9599cdcf46e8437bb72af4de403f298,398,4,0.027657904,-0.0062151984,-0.29162604
A0A1W6LJD8,885ccede1d3b3d1a3e776ef8219a8c61d1c4ed1806c05a6cb1f5fb4a7b728279,389,4,0.047125705,0.026680384,-0.27210483
A0A239SLJ7,ea51de1022e0f370e4ec8e65f77572cf905ea59512a5d058d208a5a799b3d108,344,2,-0.3355166,0.186284,-0.100796014
A0A380YIH1,f4cebf337cff87e941316b5d3353af8b544f78e4fdcb93b33d553e4f58712e4f,317,5,-0.40735483,-0.16762389,-0.22100934
A0A384KAI6,c9091349ad14d5071ae4bc774c35a23a0e827ea0031ab7944e43bc3b29c5d79e,484,4,-0.020629691,-0.11190393,-0.1611894
A0A384KDE5,6b9cb05e896a3fa990c236b4ec92a9bcf64f7f0f61435f1c275326967fff3964,480,4,0.11728843,0.055499658,-0.13558872
A0A384KI83,76165d3aa062967f1900870b52430c79f1b26aee8a841775f92c583cbd69a383,449,4,0.007344742,-0.026935482,-0.1704174
A0A384KNH2,51bec068557f7a50510ff3182d510cdbbcbdf8584bcf26fc27ae55ca1bcb8228,479,4,0.09679775,0.075447924,-0.117220074
A0A384L7H0,3eff9566d458c59a489de041f0f8acb3e88340aeef36be51ea412a78a67b2df2,490,4,0.13369828,0.024678526,-0.1462859
A0A384LDU2,dfd0a76f653bda40847262ed607f1a88efc7c9720baf0c8346ae0bd70e1f3992,481,4,0.06844576,0.050800756,-0.13490622
A0A384LF39,7e08cc508e253936b5303b96b76ee1e8387ecaf7617aef350efabe1304e6eb9a,491,4,-0.10520712,-0.148421,-0.13900907
A0A384LJH7,ab103ae7bb2154d8b38082f6c868422a43082ae4ae77b9b4717aca29027ba366,469,4,0.0936205,-0.05746437,-0.18759006
A0A385Z7H9,3536166337c95a69b9d0dd2d60cf462ed2d96617fa840645bae1e6c8d4eef47e,477,4,0.15970014,-0.08339051,-0.2312219
A0A3Q9J7F9,9533d1a4dd644299d26c31991abc27247d33f493635775fdc9d8a25f5de12a65,337,6,-0.2871609,0.21538746,-0.059322536
A0A438FZQ3,3e013f493ae6022e18f23399e7a78aca421e2b3c5e5c0d879fe46957a9f54dd4,473,5,-0.32507157,-0.17749625,-0.08349469
A0A517VIU0,985fa174fcfbf9c2f469c92d53d07924a62a0d40509982dd3cceb53fbea44870,377,2,-0.10554067,0.06911697,-0.24469377
A0A518H151,f38d3bb4d57a4c29c8033a0dc045d584a88d7d571f6a55739cabfc04584d9244,363,6,-0.23696518,0.26033467,-0.022173697
A0A518HCP1,7234b504b1c6892d46bb2d78bc468d208b1eafecd6c8335424a0ca02735c25c6,341,2,-0.2974292,0.22031267,-0.041273203
A0A5S9X4R7,8f1622b4b7eb1d84daecc539756a9d7b427144f16427691e352995bdce0ae319,496,4,-0.08364653,-0.14242148,-0.1447947
A0A5S9YHL2,8c68b20da9effc0e800e6b6ee4f6842146a287db2dcb85c7a7341654e3c026f0,481,4,0.079327315,0.0675313,-0.13264622
A0A654ETZ0,1bab91826639def4b9f8df164c413c984d88d278525efc94eec146975592a472,470,4,0.020345772,0.07027324,-0.12682073
A0A654EV58,eab68b3ab6a2fe71edd7631d4c94919df6aa68dfc9acb091b172d7a08efc75cc,489,4,0.016417144,-0.08239487,-0.16454439
A0A654EZH4,3d36801031dbe1005d0e98c4e924c2d97329e1f53da38a78d49fdaf50f43ce75,495,4,-0.09767134,-0.1585629,-0.14149551
A0A654F0W6,f46d83210c8084832f8474fed4799b2254475a12b6b602992015708bcb4480df,495,4,-0.09121744,-0.1498932,-0.14298126
A0A654F941,13decfaaa725746e83b3d16e8e8af3e962852f0317841d44602f0a7f26e43cb6,462,4,-0.017001776,-0.059942313,-0.17583485
A0A654FDF0,0feaa7016514baaba9a10dd189832cb88abb539cae1d92edb54c77d4a0b34184,458,4,0.04641293,-0.06882293,-0.20150466
A0A654FPN8,4173dc69571580387a7784443a711d0167ad1cfd02277f24bacc718478f5fd6c,475,4,0.16150685,-0.0061400514,-0.1854974
A0A6M3ZDL5,37ae2760b362af4b7e78f46416b69c83e1310cd17808ddd183be52e8d8965619,377,2,-0.24563265,-0.05699333,-0.18291295
A0A7G3KFN4,a8404336e132b7f8c8ec486b21ec287b995411be66104b6e026b39df6dabc2a4,405,4,0.122176826,-0.069162115,-0.18709624
A0A7H1NNL5,07daa029f8415d68656d7fc35d155d6e1539d6d746eb518949e39b93aab4a2e8,411,1,0.3158956,0.17192471,-0.21276031
A0A8K1ZRH3,e7880358b6b0c3a2eb104420ae21b38a57fcdcbcefdf631c4e1eb5466918f968,477,4,-0.02452099,-0.08702525,-0.19869335
A0A977TID4,dcc4128965fb392f2f53ebb03cafce5618339af5bfe890db68bdf01158142ee4,488,4,0.12271548,0.002651232,-0.17671625
A0AA96QCN7,6b2f320b20b56d8335fa7a657f374c4c75585ea6a02d8665778bc51a05f9da79,467,4,-0.12487015,0.118479036,-0.0144741265
A0AAP0SFD0,45fed9c514fa17979eee9eed5ccef82c9ecb56fc660623a9566dc7b52f6d5f8e,496,4,0.102435686,0.12316096,-0.14364927
A1YGR1,f4654a1c10e6242c404d519772875bf4b34d5e1d59132e18efe475ef96e8d238,473,4,-0.059855837,-0.054915693,-0.15474877
A4ZZ92,3dbaaa512da1d7910c1a58b5db3bfc6ba8106f63d618859d05e4e4a177932054,453,4,-0.0027992034,0.0058689397,-0.14937241
A5BH14,7abd35263e1a9e210a13bdb44218b981ce9bd620222333a9d0d97ccffca6cf37,442,4,-0.12691277,-0.073068716,-0.14915478
A6BM07,906189fbbd683bb3b518d55e0d1a4946704bc4d812ba55e57e5142ea01d9337f,474,4,0.046168547,0.025843969,-0.13593173
B2BH32,b7b243cb5bd1038bd346556d72131a8435f859727fdb098af98802232f663173,441,4,0.09701065,0.05304264,-0.13062221
B2NIC9,6b11904d2f49a89b3d31b4cbee7bbdfc4ef077dbacb0113deaa947ab01885b93,457,4,0.04975899,-0.0054247356,-0.1650974
B2NID1,6031a3c4fdd1ae1bc4512c01f3a9702a5f8345a105eb3bebf1619f8bdf5c56fb,457,4,0.058594894,0.0084870495,-0.14182305
B4DR67,58cd52d2b6695cfb29b61e21071fb429d4175aa6954b8429e353036c5de2219f,230,4,0.035422888,-0.025465803,-0.042627566
B4FRJ6,4296da30fafe3e45d76f11997ef525319cf87c4b6438c710d12df4db49f4a2c4,467,4,-0.020782279,0.22377339,0.0145775005
B4G072,c3fb6df166ea609090bd8fb125d9e59ca97b2bfe573f054a9d5dfaccf5827734,462,4,0.06626375,0.22137378,-0.028678749
B5MGN7,718f45347660cb9f826ea7ee86d83f5af8315af3a3da8321515f1ceec5e9b3f7,469,4,-0.103913985,-0.0054743285,-0.13034455
B5MGN9,3b6c2a85fb4f7f19a6226ce2f75afb2ed529e6a3e6e7b413d6a8334b57ab0710,485,0,-0.14028232,-0.1537073,-0.14054301
B6EWX3,8594632210bee8cc4a953e3173c45424883f324a009dbeaafb40b45dc8dfb135,477,4,-0.1307199,-0.11667458,-0.12568358
B7Z8Q8,69eec0c4a58e864030b041e50b7d0b6cd953eb6184ac1f0724211fee771e23ab,436,1,0.23343182,0.0144308675,-0.1150169
B8QI32,b6bc334c133df7ca77da64926a6eb5c2ea90109b099a3ad4508c579effc85e87,473,4,-0.10544982,0.0050393916,-0.12536138
B8RG40,b2d400d7b40211a7b2148f550c4270fd584fd217a0d97360712500ac26015c07,218,1,0.17460755,0.16680104,-0.1377602
B9A9D5,b97a4e030de029cda035028ad66cdc99b7faab03ae73c7a89b32be1f9cefe216,457,4,0.111949936,0.054397322,-0.13596104
C5WSW8,11c728b7b49e3b91910f3d4129134198e44dad486b6a4b3ada950bacbc2a4181,492,6,-0.06762624,0.27966356,0.054868985
D5L9I6,6e4ebb42bffdf50be8eedcef24b5f76d103101b37b350a4aa409451da7aeb70c,359,2,-0.2029068,0.031760577,-0.14984436
D5L9I8,5318def891e4670a9d3bca2369a1c0bd4e081c42a10a39d5adf621c0e8786a20,359,2,-0.23183393,0.023262253,-0.14389913
D5L9I9,e1351e7543e2c0a45de809b065b33f68b4a4dfbf63d3908818ea5118a96b601e,356,2,-0.16968359,0.04925635,-0.1451462
D5L9J0,859456d5d924ba46ddba216051370e2a9c69a59ee7136af40e8ad36ef0b54059,356,2,-0.15197894,0.053979725,-0.15007606
D6QSF5,f1f81768847bda5703e9fd7cc12c040041778e7a4ee2d9bdbfaa3337ace9c653,342,0,-0.1512302,-0.20718719,0.028695745
E9AND7,ebd3dddc212499ed21f92da861522bc72df1282f67d8fd26c960e813431a3627,328,1,0.2955671,0.038710106,-0.15939231
F2L613,bc9868bb30c2a0fd31375507e1db8af61e248a9dd8ed70825c19225bfeff80c2,401,2,-0.16385959,-0.016584804,-0.12597145
F8WLS6,e50112b647770593263b3f86699d706e5340cad8875d3969687eee1c67e94cea,487,0,-0.2288548,-0.25055206,-0.15462705
G4RMV2,a701ddf78485441ae4c143ecd5a39e3a64f01e8cb34baf68dcf5a54b39c11f06,401,2,-0.21670038,0.038749203,-0.083338164
I1MPF3,b63821fee03dd56c25802eedbd6a64b84f1e0d695719329cfe3f3058b99f8011,473,4,0.056404583,0.02453036,-0.1391685
I3X0G0,b08cc40b1546fc61db02eedaca6917c6267074c2a4e72d3ab57404c03e4b3a6b,509,1,0.18986453,0.29364294,-0.11333366
K7NBW3,149cd835f6a77fca4008caab853ebd8e4f48d81b88a72f74fa833b5665c8933c,454,4,0.010539835,-0.05676582,-0.16835909
O04930,b06525eb1128fc72bf2ddb64187ae5045b406f878addcd025b20b5c0200cf22d,474,4,0.05519268,-0.039113835,-0.16260917
O17511,78721878d5d255e7340810027b69fb81945a922a215d3535a716acfd8e41eb28,242,5,-0.31930253,-0.19792232,-0.24682134
O21943,4d584f0b2b1bfb1b14bf8d24edc25ef5c54fde48c43fe52ea7c06dd7fa502cb1,309,2,-0.3483481,-0.06995417,-0.25289875
O22183,98ce9476d7c6a4758d38d7affaa1b940e8ce30c38a2a59bd59606bc2774fafc4,438,4,0.15933673,0.048540704,-0.16023208
O23400,9f7a3e711799f4f91397c5ff0764815b68b397d159839f595f1bc1ff52dab5ac,484,4,0.12505765,0.0250741,-0.14606275
O23406,f98c9b462f82ea442df2f1b80608c4e7a6a39dbcd65627f2d506fc6e32a147b5,474,4,0.06019366,-0.030718608,-0.16077863
O25175,12c58902df08fff96f14ed69e244a9e30619984aa115d24b498805c8a05fb7d6,389,4,0.019734273,-0.039095227,-0.24909177
O52785,a05118a832863a3382dba6c9b69681deddd756313bb7822fc44ae83ada40296f,439,2,-0.11077635,0.05195854,-0.21808968
O54517,6d038a69b282b36493b6c44a15b50af565c7f218cdfff228a60d280be4e1628a,430,2,-0.10838477,0.07624828,-0.20579804
O58762,b56cd5fa27e9ce7ce979b00dea0cb77d4a177e90514715f0abd2c1b5c3ffc4c4,415,2,-0.16052479,-0.083754346,-0.1497389
O82383,0c212e07a860b57d004c75a16f14ac82220ca33c686187ef2f5c6610102fd240,467,4,0.1279515,0.00026536107,-0.18307443
P21686,cfec965d2b7ca9be8c93d6776fa5ec2f14b23b15086a2134273e6f9cb3614088,431,2,-0.14393832,0.15282816,-0.10662815
Q01330,e3410b85e6913615d8b48a006efa8618a427fd08ab9313cab6ecb9aaf11f101b,413,2,-0.114633694,0.24963813,-0.079427324
Q0J0B6,734e6a9de97946c093a09a55ffae385ed128439f030c07f2ecdd1647dce9eb78,469,6,-0.1428673,0.18297578,0.0077225985
Q1ARU5,0c6c3a27fcf47f07536e57ea76062f26f8aec2fd3a96c05306e279378be4b8ca,416,2,-0.18224694,0.12569961,-0.052946713
Q1CSN2,56001015e57bc2e1716e3686573d90d73910001e3b9d8d7ac4737df97c078481,389,4,0.025131427,-0.029267648,-0.2454925
Q26732,98d24787558228ef2a4fe8fec6003d04b3b708b3357c98ef54f012295cde688f,267,4,0.1421259,0.10904477,-0.15822963
Q2P9Y9,b80becda75b55481aed73e67379897f7b029a375105d6280571d0d95232802a4,420,6,-0.14763504,0.3004931,0.048884347
Q31LX1,aee1c94e881da54aa08163279a87fa23f39f4824a63ae658aace5cee3f0c70f0,359,2,-0.24842359,0.18161005,-0.043996423
Q3HTL6,75c7b6a52357496fb8b94bd0c46433bcdc5ab016c9ae470e47a39b197dbc6bcc,415,6,-0.19958413,0.25947034,0.04335939
Q53685,ffb5f3179964e10e1c1e3c8b10ea850e507e0469fbd7a95ef7a219af1c52cf16,430,6,-0.169105,0.2728486,0.05335806
Q5LFK5,72a16a84ed238f9b9842d1bc2131f2cac192a0c680614359177fb5be5c9e3981,268,4,-0.024357196,-0.04816991,-0.31138834
Q5QPK2,8d9254902b4e50be99fd9a0ebc487f24bf28025bf4f66bf193be8d531b26f6f0,287,5,-0.25197226,-0.17172657,-0.076428
Q60FE8,3e8a8ea4bfd55102e6cf8626d126bbd21d322678797d860071a65dc4be5aeb75,446,4,0.010154705,0.013271099,-0.15391098
Q60FE9,f42f8421696bbed44f09e3b266ade08dfb074986a9a5b874ed83a4fcc87af450,475,4,-0.074231334,-0.06690831,-0.12604117
Q66PF4,13207e67076871a07501d3c038f7c5722593b595d8bc75cb16c196108a2f6ba9,555,4,0.1417494,0.010038675,-0.11992516
Q6QDB6,61999c8ff82534e1436b93a93c7ef6ec9a1029d98b22b767f9542cf1b65a3d17,480,0,-0.1583058,-0.074221894,-0.093407586
Q6VAB0,f858ed379637c2d9f9984df1969967177688a7b02f08e5c117154923d315349c,481,4,0.06696367,-0.11003329,-0.1810764
Q76MR7,d24e1a974d2a980e43897e456b3735bec5bb659327cf22ad9340edd9a0d176f4,441,4,0.12571903,0.06967337,-0.12403061
Q7AUZ4,b4037910853798fa9256c6f8676823d4537d9853ec09836e3498d35b8dbb7d6a,425,2,-0.27398717,0.11268273,-0.13727625
Q7LYW5,e261f14da8d2ecf5873ead94880eccfa82529f618a118a92471d9dc283fe34e9,412,2,-0.1646375,-0.10678157,-0.16270435
Q7XT97,a264cc7f9bfc453c581f1f2c97d905e9f5551af07ea6ed3874aa44a30bce9d06,466,4,-0.04029412,0.20367128,-0.018594295
Q81ST7,23678e1af8888fb7456051f946a6705a1fbac27f8d2de637ecf807d5b9db0abe,381,2,-0.32105854,-0.116735056,-0.19663511
Q8GZ65,60647c49b816e49b3ffc37a617e6bdbb54fda29aaed458ec96e4e9c76b9b64ab,452,4,0.088117614,-0.016253956,-0.18780431
Q8H0V7,a3b2685101f2ac2c28e6734d150ac7a115641e0a42016ac22681dd282fb29e0f,490,4,0.13156451,0.026576992,-0.14546117
Q8IYS9,285b447fe373cde95fcad92bc9b99bfa15f29c9436d8fbd06ff6755e8d838098,252,1,0.42171952,0.01946275,-0.100710824
Q8LEG2,390b18bda9d2b318e4070ee269ef26d160571ed90db4badd36f378205eb2a7f0,472,4,0.102699116,0.063580155,-0.12836878
Q8LFF5,f0d47d4c82b292e292212dde9252edba1424360d32e010c1924dc5a5b3ea18e1,451,4,0.02891435,-0.05679419,-0.19209974
Q8RWA6,dbbcc858ebf4e855ee526f1d90355bae6a93f431a5f56bad2faddb05eb8dd26f,267,4,0.011219411,0.053150658,-0.11962166
Q8RWP1,491c3f0d18f769c29ac4db6599ddf3339f5f2a451f825f0eefaaa557e6183af8,448,4,-0.1069081,-0.0014646162,-0.06590511
Q8RXA5,8de03c979a8669e6773845305a2c5acfeeaaa7361c1183f918d7cd713d0a2630,463,4,-0.024399072,0.21633884,0.00829165
Q8W2B6,461ccb33aa78abb883cccd723b9a821de79c17e1f9370e045b627b553e9e4c45,464,4,0.06753163,0.21867205,-0.028950907
Q8W2B7,5ba288dd17cabe249376d78f8481a9293dbe9c06f8af4f7a16cf86a3ba94debc,459,6,-0.015898548,0.27865595,0.025606658
Q8W491,f8544edaac8cd77229d6d1b6d8b0ad2aa46c20bb1037b8f9484afa47be6c7666,481,4,-0.047925714,-0.12895437,-0.16783175
Q93EY3,0873360102324fefaf5f7fe255b67ce4f70917296422bc7571c17945dda81ec7,359,2,-0.24421819,0.18424343,-0.04374945
Q93P60,5c6ba7758336704cda1257e194c242b7ce2bebdb2c656bbf1fe51bbf93fce071,398,4,0.10713457,-0.028083898,-0.2788149
Q93Z19,3cb4f3db03edb9eb971fcee0602e56842eb4719be15023e77fe163b8ee8a0d3b,418,4,0.079334386,-0.045584265,-0.16521056
Q94BM9,ebe217d671c9f51b9e8d0231541a039d43fc821f0e356ca555804f2990920dab,462,4,0.10853284,0.08410438,-0.10840225
Q94BU0,a32ea46eb1d5cb06f921481b967af0a099714d31ff59c463d6e923812a9a8339,309,4,-0.13212757,-0.1337098,-0.11647796
Q96DM6,140f57c37d4cc05e0150c6d0e13fafb9e570d3cb54a6e20025646ae27cea63bf,523,4,0.18282627,0.04118632,-0.09086231
Q96HK0,ad7e755010a8e1402db0f2b17430ee625386dab0f34e02bedbe49fa6b9889684,260,5,-0.40513325,-0.1986669,-0.12599587
Q9AET5,198a936b131c51effd236bf9f7fcfa626cb5d134a1be66e1c5b6a8206f50f5a8,506,2,-0.20639607,-0.005769451,-0.07857881
Q9AT54,73cdd613a539725a2394c8655050aa9b146bcf224c66f4c22d374d0cabec0df2,476,0,-0.15535791,-0.14427398,-0.13779145
Q9HC03,27106cac3da5610ece5ef3dbbadc1edbcdcbf3690378f764ff08691e384b36cd,324,0,-0.29621133,-0.13378197,-0.026468066
Q9LNI1,afc62aaa9229d24f9b4c9df590411a3e3bce023b51db7493b54bed2b981afcc9,481,4,-0.08702678,-0.034802873,-0.13458773
Q9LSY4,bf20076541f1a6a7e1bb0219a6a7c2026617a860190086b66f83d0ebf409eb63,480,4,0.049455248,0.008117483,-0.14070772
Q9LSY6,975b745e6c87433c965c2ef323268d96df2fabbc608a2bf5993794d00c2c51c1,479,4,0.061205048,-0.026935846,-0.16371576
Q9LSY9,f3d724b45deb85c3a7874d5ed6c196c5000a5ce0cb20ff1e0abfb830cd860b5e,473,4,0.010886206,-0.005443862,-0.13231175
Q9LTH3,e1b2d2c8122aa3297da2cddd7f7386a1ae28ea1a407c2cdafdc171cc12bc8d80,453,4,0.03989986,-0.0277814,-0.17681001
Q9M6E7,ec684eda01904ef62601e7c6cec8a878f6ddaf7d101f74cd6c2bffe5ae4c3b2d,459,4,-0.081901476,-0.13098463,-0.17963797
Q9R9C8,808c4aa2a383e5deb68c596e9c9ac4c8ed90ec7b47513ff7d55006ee763ba237,421,2,-0.28124118,0.11321927,-0.13730653
Q9R9D7,ec16fbebbcb008c337ac8f9bfa6b90a5b94346edb02d86617d95583f58237939,422,2,-0.2821793,0.114880875,-0.13772888
Q9RV05,e70c3d6f5e747013cf547243ff9b9653f403d2db27701bba1c582e9f66058164,402,6,-0.022266569,0.37765053,-0.007599799
Q9SBQ8,ef6f985ae586e35ead94de214cadfc15ed1f2b5a50be617d1a821fd9f01580db,451,4,-0.100845136,-0.09494372,-0.1635836
Q9SCP5,8a1adb8e991ae56c23dcde87ddfb52fead45078da2447a1f4cf9445e6dbc8e68,490,4,-0.043697644,-0.08718218,-0.14425397
Q9SK82,162a639c58564245bd0f0da5687d7c43aa4bcdc75570f7b6474493752636e0a8,489,0,-0.1677771,-0.13397266,-0.1181083
Q9SMG6,6bc3a8da1777d6f0f74a71b48e910f8b1a35bccafc577677c37203be80cb7578,489,4,-0.08988807,-0.09905317,-0.11591216
Q9SNB2,54825e718d4315d17f62ce222b251c6cd520e07dabba4ac52fe160468faa20ce,453,4,0.031857412,-0.07329845,-0.20361108
Q9STE3,c8828f8c6edeb377d04105a5a77b10b31da8fc2b367e317532b7cd8ed0257fcb,452,4,0.0892354,-0.0137940785,-0.18712375
Q9STE6,1bb0dd64cef77ded51aad2f1bb41026f890d61ca12180a44d0c87a4ebb38acbc,447,4,0.057969447,-0.022916798,-0.18734841
Q9T1D6,45c860883b603d502041be2f8b46368b4f31bba4eea35dd3484f3fe6d42e16c2,305,2,-0.3479941,-0.07779924,-0.262187
Q9W711,6bed3caffdab6b0d67076dcea927f905e58281f1ab83cb291add84ede737f47f,530,3,0.011451184,-0.06751265,-0.015947022
Q9XC98,1f5c1dd54acaabdf17dd0ba012acf3745d267cb5298a37771aecef05d12eb16e,302,4,-0.053661387,0.0550663,-0.08898699
Q9XEJ7,843b0d48ea5370340d3d5c87292db8f6fd0d2d2830a591d83a482d8378ec0b65,341,0,-0.124218546,-0.20577258,0.056321103
Q9ZKH3,7acefcf200a765047aa801fa4b649d1c0c8ad275ec55bd727056673f44b76802,389,4,0.015712127,-0.040665265,-0.24531718
Q9ZQG3,76569b7f0ff4017f328b25134a1a035af64100f3412097aa5044dc65f101816c,460,4,-0.004064914,-0.109253295,-0.15301952
Q9ZQG4,c7ac3a4089b46df20c2b283b30445406f67700be8234e81f03ffca1b893724f9,484,4,-0.029915355,-0.1110676,-0.16038702
U3UA11,7be25fc90661b9ed66472523bb68a059b9677aa432e53e5d95c1a52520bd6aea,454,4,0.031705577,-0.056944605,-0.18631941
U5NH37,7a3a355875c188514e07a2b3badf7654c9dcee8ea7a469086c7cdc6833478452,482,4,-0.13695908,-0.09966178,-0.13387205
W5Z0F2,db19caed9651265d80fe4ad18236b83388713f22458c04c9936e7df6d21f9467,494,4,0.09947835,0.15551934,-0.13247234
W8PUU0,d566cd1ba52298bd1e33b710909179b8239ca11f7d15858e5bad18cdbfc03093,446,4,-0.007187721,-0.06353634,-0.17664142
W8PV55,5360b987a6ffdcee175a1e602f27415d9937996740374b9e25bd1264a23d4458,473,4,-0.09377088,-0.0052421973,-0.07668533
A0A087V584,c8536850de20538a65aa35107cfa44718b237b8f908515efce8c6dc89c45d037,552,1,0.31090534,0.025025805,-0.17980401
A0A091GHW9,25db6f58835cfeacebe73b44a94cbcb465437d6442c9d2117a929d63ae0bd06d,552,1,0.31393728,0.029568376,-0.17699106
A0A091MHB6,fd9e386358674cd1f4744db13708dd4b3e8f0cbef0224ef124dd4a94b237a913,552,1,0.31133315,0.033786185,-0.17296185
A0A091MN05,075f3c69f80dc6e67e4d2d60782f6ea29bfc39e7e88b0e3afff73f6f7330d585,552,1,0.31238228,0.024295826,-0.18155956
A0A091N2T0,1f832ca3c5e3d0645fb137fcb57ae47a280ff98cdd04568ca20d3c9c4db436b8,552,1,0.3151254,0.024576083,-0.18230543
A0A091QTI3,d68f33b2d1a7d082b0a6faf246d9d97ebf650e4288c2a4dd8e328329e1baf7a7,552,1,0.31401616,0.025470464,-0.18179594
A0A091R4L3,86de9b6de3f17f080de0112141af3958bf0d88b06ea4d0b76318e45388233573,552,1,0.31113985,0.02920102,-0.17624111
A0A091SKD6,8e892597b24f8c65826d04308b71b133705161184c40f009409f758bf25f2d63,552,1,0.31172606,0.027809374,-0.17577498
A0A091VK91,7e7063d4f006e30a3689ccc30053d22cef58e3541968e19e681f0843555adb03,552,1,0.31206104,0.025006877,-0.18188667
A0A093CIK1,5fb2fb5216ee8b1626866cd8274cb5eca9c9f28dcdcf02a3e4cea622a2b9bde7,552,1,0.31499377,0.02657928,-0.18009692
A0A093DKL6,47f582a215d857a286b9f516f1a05a30dad3d784ab1ec9a8c0efa0c0f340b4d9,552,1,0.3147403,0.025482971,-0.18135849
A0A093H4D7,dd58b047a2cf7f38b71c96ded5f50cb682904340603894c3bf2dfd3bb7021b8d,552,1,0.3142973,0.030459756,-0.17750792
A0A093R3C6,51c8ea8fb3df0052cb52c36db98cf4a7a9a4c603721c3cdb53d9c66663a0c250,552,1,0.30971837,0.020579983,-0.18297467
A0A094KNE1,b18d1a6a0a8975de68dfe5c0803e9a109d08f4b8c5f9efa7269ee6f5ffd97da5,551,1,0.3088752,0.019353442,-0.18116717
A0A096N4A0,5ec8d5ffd5f4a1e04770d76c9e3b133ee2d05c18f9fd97a986589fa0c91c6acd,268,1,0.48284304,0.08276126,-0.18639065
A0A099YYJ9,5a4f16b6ce6b413b06d3df17244fba6640b2f90b7bb18be8ad8e9c4912fc678b,552,1,0.31521487,0.026475105,-0.18224584
A0A0C5FZB3,2b27fba6ade559cea90159eee82b3ccf4ebe3312282c1ea38a525fdc18dc3380,446,1,0.12350002,0.35233426,-0.040355384
A0A0F7FYW4,fd99f2ccb3f694aeaa8ceb68a01458d2a43375b501992e5a529e521829713c8b,479,1,0.13456199,0.403183,0.009712603
A0A0H3C107,1f7685eb1b1a17f3e6864e8e0dc1ed0658458ff27e54fe47e160521392e8d472,445,1,0.2268671,0.03787991,-0.2424387
A0A0H4KN27,887ee397879ab8afbd28d6177644574b794c1ae7a1c250fc1267c5d9c546fd65,422,4,0.13632125,0.013530806,-0.24099967
A0A191V301,56d04336f476ab1b470346ad3acad2b8eaa140dcbbb408b086fc97ed3147851c,487,6,0.105319455,0.43327725,0.047055237
A0A1A7ZZC0,0c206a6a93a51c14ef83ad7967f0d504edc96115952012e4a4ba84dd1f44bc89,552,1,0.3180413,0.033451047,-0.18592589
A0A1S3G456,714e3af6cc2617a2d16cb0bea18ccf56aef365f5dc1de4a21dfd131859660bab,584,1,0.23296954,0.33540326,0.04880946
A0A1S7FYM7,ba3899c1f8cb15d3144a7e05ed98561cf534f94076b9e11194c98af84aa73f2b,398,1,0.22345155,0.06872238,-0.25332132
A0A1U7TEG7,396413f4a9a45b21956d3e5f6352068827e6d367a55fff787dafee0ee61728f2,552,1,0.30629247,0.043284774,-0.1646361
A0A1W7D2B3,185cde0571215fc5bf934e6e9fe072613b39df6d6f057f69093f685a15600bc2,473,6,0.101441555,0.43953913,0.046307318
A0A286X7U3,f954560a85d22f8527c79e29e8034673111d6b9dcdb2111477fc9f46b0ae208a,552,1,0.31898102,0.02025784,-0.17675151
A0A2I0MXD6,d17d3d4bdac43c642824ffa8c85c155ac4d08d05dce08659cd6625e9d24fcd40,552,1,0.3170063,0.03225695,-0.17796326
A0A2I4B9D3,cbc76ad3ba9aa15437599f93bae55a4f2919cede438a8f7b9f283fc6942df161,552,1,0.32166913,0.03061137,-0.19275612
A0A2K5CES8,fb1069bf77109de4cdbebc3d45346a7c109fd8133982f150b1dbca2aecd44624,552,1,0.3144207,0.03057187,-0.17354617
A0A2K5DXX6,5b29d886c9bc1a70c377c18b1551f83b201537d31b3d24e080c9443cc387c234,583,1,0.2505455,0.3253314,0.005761827
A0A2K5IY78,88356ce7d0442d2fc3e179a47d9fc03a9730e8c9f68e46532f61ca5d2d209f7d,582,1,0.249938,0.3383306,-0.009119158
A0A2K5P1Z8,c6b835905ee76285e6806b4003db8803888775dc465dd53e1407ab0d2c6304e1,583,1,0.23859045,0.3331016,-0.00054203393
A0A2K5R7F9,3a0e57b5880a2431926d94f92c62bb82da692a471f5706ee0c46bd9ec05b0fd4,585,1,0.22593814,0.327661,0.026186893
A0A2K6CFJ0,2860c38166f85c00edab1f7b45f4a28a576d6f396d686daaf5259648f7fa8526,581,1,0.23247495,0.3318973,0.001091863
A0A2K6FKN4,bcaf255070904a72a5a8443f6d0592694bbfaf12c019e4e7395b4dfa6e4c6a3f,552,1,0.31907555,0.024693156,-0.17699285
A0A2K6FUN4,b869fdd20bce1fadf30285b6e949ab7b8a7dcf3041cf5d4e80e5b5d111557e72,579,1,0.21216924,0.33207092,0.025703287
A0A2K6JY43,ee04b4ff50cb431a539eb57c20175d01d9eabc4c1f6fd68c17d5d1ffd1356d10,582,1,0.23605032,0.3310152,-0.0040990827
A0A2R8MRJ8,ccafa9e372d43c6e933ef5b745ea025e049d12d3ccce1167109aaa6f3ae16369,583,1,0.24924037,0.3214896,-0.0012577975
A0A2R9AEF5,a8461514e9ab37786fa26159a542a247677c4b039c0d334a99fc75df8c4c0703,552,1,0.31729752,0.028361192,-0.17524505
A0A2R9SWP2,fb9e9fbd99a7f596a598983bbbea47268a403427254191e90326632eb02b6d49,496,4,-0.040921595,0.028045561,-0.12819038
A0A2U3X3D8,c7e677c93b4e09026f3542fe0cc34e065716550e39d2cfb7b6ae7b96f64f47da,552,1,0.3158812,0.028460834,-0.17162421
A0A2U3Y6Q9,1dc052e5f4ec1eb302f5c8753f6eb23fcff91cade8e5b4a85468fd68e4eb73e6,552,1,0.3177407,0.024133956,-0.17547981
A0A2Y9DEB9,7189830bfbd41bba39f31788242ad8e0c298b710cd868c0e57e7ed121389f58c,552,1,0.3172875,0.026811214,-0.17257294
A0A2Y9DV13,ab05cd470eb155433155e3561b22e90679c3681f395539247c8ed5ba4907cb72,571,1,0.22009018,0.31068778,0.0022667262
A0A2Y9EQ70,55ef858babc6ad851f464e1c48b95cc17346b0ac18f537e30df74d669246545c,552,1,0.31539044,0.027348656,-0.17367105
A0A2Y9GCR4,8e70be161654d23e11afb5811c76666439f85b1543184c06245e4292f9292467,583,1,0.21653801,0.3333792,0.028960839
A0A2Y9H497,76a5c0ee9adefa192c5ae734fa1bb82fb9c8c0e3d72990021ebbd601611b4164,552,1,0.3174656,0.025927797,-0.17416619
A0A2Y9JJJ4,5e42726f8297b1e0896e0275341afc6e22d24d42fb32a6034a004e4c2ccda5db,552,1,0.31756768,0.024196101,-0.17546482
A0A2Y9LJN0,bf77d36d0f6ddfbdbcc833531964ba39f3c64cec6b6d7e54abb030276177cc34,552,1,0.3175561,0.02950159,-0.17423166
A0A2Y9NV24,bc676217a54d31e58c69235ced3c08cb7a13961b6953ba8499af5702424fc860,318,1,0.34262908,0.06261794,-0.15164416
A0A2Y9PGS9,5e26a2116e649a733230ca3c5e16f3e80ad226339e7e655ac9d439cdbc59cb98,582,1,0.2279816,0.32339302,0.018164065
A0A2Y9TB86,ef88a02dfde441d378f62b2234fb7e530c879ba41a68a46f3fcae57a7f9872cc,548,1,0.19634852,0.31182262,0.020400217
A0A340XVT0,45497b5126fd11c00b92318f70e3b1f69f60c69d07114891846ac5a8e62273d9,582,1,0.22199605,0.3266542,0.01953178
A0A341B2I8,13911ff968bd484c93f0009024d667e74db6e68e9a25da104a94862e565e2a8e,552,1,0.33029023,0.03248403,-0.17325534
A0A3B3BVB6,128dab8997d725202629efcb43f878b69313b0707de037314a06966596198e3b,552,1,0.30898967,0.045874093,-0.17138566
A0A3B3HTG8,b0726a20327ecd86cd8328c5acc6112a6091da3409e8c44bd27c0dd3082f0553,552,1,0.30824015,0.04620173,-0.16996057
A0A3B3QZ81,de2d96bb0470c23fd42b9462e3848059dd7249f0f25a014150c13a99b2b17b76,552,1,0.31449458,0.038214087,-0.18460816
A0A3B4UA36,3ecf9178428163cb68ccabea497f067e5033d86a1bc7c991b28287b51cf54480,552,1,0.3110963,0.042611904,-0.18228833
A0A3L8GD46,df0e6933aaba0c60d883ea8fc5b0e534f35abc48cd595ba8975d9109348f8c46,421,4,0.15898028,0.041909594,-0.21151735
A0A3P8W031,6e0be49d938ea8563635da62e12775246c277ae93dfdcaac01d783be9a935263,552,1,0.31505358,0.028944952,-0.1884725
A0A3P9BI18,cf37cc54f7c45bf9db2dca919f452d50c7d0799121df064cd7be6ffb50f3cd53,552,1,0.31464443,0.043973897,-0.17465416
A0A3P9PG95,34556bf2cdd9101c257ef91118a1c22780404a5fc17a8749c4b4d55e6b90acba,552,1,0.3118008,0.034942817,-0.1837641
A0A3Q0CDU9,78a79bc1b93cc28a47858521de12d3ef27bdb9e2b34de4baa2c6ed3232cc155e,581,1,0.2522072,0.30508837,-0.0061730393
A0A3Q9ENJ5,acb99e46d3b808abc92b49770c243aa4a95044407b85ad3c72bb4f91c37148cb,439,1,0.26817676,0.2798028,-0.12631384
A0A3S4V413,7edcd3306aece496611c03436d3dedbdce6708620f678e99c31a6285b7e610e9,504,1,0.2548497,0.32882908,-0.08845458
A0A3T0I722,284d0f34e354247cc98f51d9ef7fc5b05146145d174186399b762b41ce0f66d9,452,1,0.20128015,0.10493164,-0.17054771
A0A452FT09,5bd653c751acb6c820e489790eecf3886b6af43c41004cc29d01d11fea80f2a1,582,1,0.22386251,0.3257709,0.022621134
A0A4W3HN59,6a6148aa8dd7a2bf324df48d0c3ec5fb7925e469477be4e9bf242079cec3dd5d,552,1,0.30100405,0.04709759,-0.17458558
A0A4X1T4U1,e70e217a146eab474d67569171589e9c76116ab1c505e7116cfbf8f8593e1fe9,552,1,0.31725204,0.016842037,-0.18028228
A0A516X6T2,bdeef1733e712a7c82703328b71fd65e1c0240c6f4a50ca68e0cd4bf55b8a5ea,523,1,0.2441921,0.3559472,-0.022942955
A0A663DS67,ce8e9f2a888de622d5647fa91cda595ad8a1e7ecb70bae3e3e578b7dce690b52,552,1,0.31491652,0.025868423,-0.1793072
A0A669E932,7fb1faae041dd59d22fd2a11728be402b1d4fe38e90113456c8d3dad488e4abd,552,1,0.3212398,0.041063394,-0.18274802
A0A669P9B0,e2d041e86f0edb624e3add3e8d46bab2a5ae43b0fac9c713f9983a02301bc777,555,1,0.31794256,0.027724141,-0.17693467
A0A671EML3,66c671de900a102b12734faa569efa27232c5679d2c794c1b79711c82f4410fe,582,1,0.2381939,0.32672784,0.0005965819
A0A671EZC7,a23bda81da79a7ff1af9f6134253d0c86cf8a3d97e3f8ce0c0d1d38870e214c0,552,1,0.31323674,0.02801506,-0.16673446
A0A672U0L2,983979d928d2827371ff5983898ceab3ab9911902a1d3a5218fb78ee763c72af,552,1,0.3123654,0.025839888,-0.17990547
A0A6G5RH21,3fbc068ddfc25bef69d014c6fabefd64e81fa4bed687bb6fb04cbc17e317ba1b,443,1,0.25430918,0.31171075,-0.09949028
A0A6G7XKF6,56a425e8f3ec41786760452aabcae8d14b50475b212312fb8f6a24e998725428,407,4,0.0951263,0.27620327,-0.088938236
A0A6I8PBE5,9bff1366ad163d4e46f5c657f66c3f171d7e2bc5abec460bfab867a238c81db7,580,1,0.22777574,0.30747807,0.013177864
A0A6I9NQD4,a8438f4aba233b4462bb81eebd946eb7dc03584507288d5c85ffbc84cb124323,552,1,0.30487725,0.053302284,-0.16869497
A0A6I9Z0A4,330da116ffe049464b0f5070e0bca72dba85e009a235fd3fa235887935e53138,555,1,0.36605492,0.051809352,-0.17686549
A0A6J0TUD5,c00ab7ed38f43e8a6e7ae355b8b54e7b989a134249dc899adf84707bc8b5c5ce,551,1,0.31174332,0.029803157,-0.18132569
A0A6J0YJ56,8f1c424483ab7b0b90c4d4cd03328f97a32ec1157733fcff925f05a8926a44e1,552,1,0.30930123,0.027350191,-0.17904314
A0A6J1VQ40,1f95da6e8d48b1e38c3cb7258c6cb6ab4d1103672eef77f87ab25dc370b4e179,552,1,0.31212926,0.03701292,-0.17856403
A0A6J1XKB8,bd295c11ce515d10b44839fde798091c92ba4cc8c4ed3788068e86fb926284fe,581,1,0.22073993,0.3328921,0.028720282
A0A6J2F0W0,42e3f0201f9b831a4cb100dbd49decfc9166e9a0a0e3f86b03de32c9cf29d886,583,1,0.2380973,0.3335751,0.020522594
A0A6J2N158,0cd86143e444c59debeb5c93a183b809b6c1ec134e71170029dda5d807d8e16d,582,1,0.26630563,0.31090352,-0.030401956
A0A6J2NHQ6,f6e7ee232eeb125ba0818e315200b8e9e644765f97a54034ca71ad6947e49654,552,1,0.3170638,0.02602821,-0.16947295
A0A6J2RAT3,fe333bf5c823f808c8956b4a4c63dd450183011eed9ac5270a94efaa98886678,552,1,0.31434947,0.043388944,-0.17627889
A0A6J3CHV9,81867549909858d18722d2785323b6ca8d385b8a3a8e5ac15fc3473046c3a1e0,561,1,0.3340318,0.017968195,-0.18437922
A0A6P3HF75,5f6274cbe841acabb6407d01adba20987d07b6318b1c8f2881908af2c1ba9277,552,1,0.30927822,0.041790247,-0.17041135
A0A6P3QJM3,829382e46d3228f0509c9a97cde2e1150f136251b8567bc6c592f0a704b0c773,552,1,0.31587902,0.028881047,-0.16465856
A0A6P3VV61,df360e950d5fd6a3cebc786afe56005ddccb05a61a8482aee2756c206b8feb17,552,1,0.31340945,0.033257455,-0.18169631
A0A6P5CSM5,aaf894dc99cee191d14ddd7a8f42720b5c5e56d2702ea6a8f7c031459f1b7c8c,552,1,0.31687865,0.041344736,-0.17078334
A0A6P5IHP9,961dc06c1139e7b95cb46f354a82f54e33ce30d618f6b35a76430a1fa5f8a469,552,1,0.31749827,0.0389587,-0.17600916
A0A6P5LSY7,7d5d7b884da03672ab42399ed95a8ed60a666c81b75dbf0fd3d4179c8daf7f94,581,1,0.27265403,0.27809536,-0.033093907
A0A6P6LL88,c0c753da2b87bfd58d3bc966d56b5ce70dea200a23999ec399db94422e8687ef,552,1,0.31664166,0.02494767,-0.18875164
A0A6P6R3Q0,4d3939fdab3a2a32cb2cef8c97c74591684833a68de3f1d5bcab68175999bb07,552,1,0.31669074,0.030131945,-0.1907721
A0A6P7KU96,1da5acc7a6202c1cafceb68b6d8141939c8a7d010d73f0fbefdb88c944643924,551,1,0.32580554,0.02710809,-0.18687604
A0A6P7QM07,e99a0f5f1e46329a0f4f508d21cbd1c89b9cd5c4e09f430d90ef1c06f7a139c2,579,1,0.25400558,0.31012934,-0.009776599
A0A6P8Q6X0,34d3fb1623085f0e2d34a1bbcf100dc07bd907930df94fe6c562644c3aae01d9,551,1,0.3072027,0.036317237,-0.17758021
A0A6P8V2H2,644b77c8ae3a404f8c886ef2e2aa232257217eb1e2e040a60e908cac1dd47f3a,552,1,0.3062902,0.054705698,-0.1695384
A0A6P9CFW1,b1e5f13a22a0a10952fb1a47475dae438907737604486634de3dad491d57ac85,552,1,0.31161317,0.03665668,-0.17872612
A0A7G6YCR7,ade56bc8f365a2efa54c983c0ae91e060cb19fe9369a25dddd8bbbdbd72e0605,441,6,0.015586909,0.31781888,-0.042924102
A0A7H0I2K6,aa2994862212f5a0e8f8ce2c9a934c31938cb57ba5380c41d342edd189ff5a2f,496,6,0.12808919,0.44384134,0.048599433
A0A7H8XIR8,dd9117ec974470db40b2fd9526ef745825829f1cbfae336da8530d7fc74a6eb7,458,6,0.0852,0.39758036,0.014348817
A0A7J8C211,ed2d305f05f1b34b215d19057f313cc06c6d208c94d95802ecd71a2367e6c435,552,1,0.31684056,0.02909825,-0.16813372
A0A7M4EQ05,f70878615f1603a48a5bc14b1c4e1fb8fdd6bdb7f07f5e8efdbe1b9815484984,552,1,0.30817413,0.025504101,-0.18436792
A0A803VI94,3c9fea5f9a1566c474fc513d28c7bbce4d37ab01689d7d431cd0f3d3f9fa2b7a,553,1,0.31501192,0.027327325,-0.180336
A0A8B7EUA0,27acbd4d7c0b83f3baf6a07119326d5638fa704588739c77dd02d87fecc0d0b5,552,1,0.3179381,0.02657819,-0.17500749
A0A8B7JMW3,72c2068ee7dda674d6e9d8ce8d9a9c6d4176fdb8870bb70035ce5225555defcb,552,1,0.31450194,0.029678266,-0.1787282
A0A8B7T9R3,4e183ae4318926f97eb804bbaa44e840ca33fbefbb27a1c0e32eedc9a20ffb75,569,1,0.34414178,0.032052446,-0.16892111
A0A8B7TQB6,9770c57b77cc97cd98b8ec9e56a95681e91d9829c2c74d9ffae992ca271b39c4,526,1,0.33080912,0.027118327,-0.17960863
A0A8B7TSZ4,898a00bc2b0ee7a9ea442470056ad2cb1129375e75a8f8cfe26a6c986859b053,582,1,0.25180653,0.31569168,0.0020513707
A0A8B8RZS2,9c038c5798812464a0c427c42404e9e618157462c23d499d5800578d63404366,282,1,0.5799108,0.12202851,-0.12230791
A0A8B8S079,06808993e2ef59984f1afb508324d91ad067e4e14f368773899dde2ceabf4b1b,552,1,0.31747958,0.026016705,-0.17264847
A0A8B8TNJ9,7fab2ba54b5cee1ba17bc28e7a99dae7220c8b808d215c8f5a9aafdf1115ecbc,585,1,0.22189225,0.3322437,0.027710032
A0A8B8VNK3,d9dc7c2ade42fbe4f240ba1976a483ad9cc9d0764d4804d6d4a29455f92f355b,552,1,0.41499704,0.051078204,-0.17861927
A0A8C2LAN0,f0684ef45824b83d4480bab86fa60fd951943b8e0382d6dcfb43d37e4db0674e,552,1,0.31794414,0.026514854,-0.17595093
A0A8C2T195,86aad1f338a33d82bc57df8f59dcc82ff9ea62be3e9d7930e39caefaa9802d89,552,1,0.31342006,0.026885655,-0.17768791
A0A8C3G6W6,53901ea1ecde962f10db7202fbe996c93bee6cfa05911c0833fc7c88c7ead626,552,1,0.31662077,0.036750093,-0.17923152
A0A8C5YKH1,b84a6e4d2609a21f142b5384b295671fc626cac0c951caaac3b09f815adb87ed,552,1,0.31930852,0.026497923,-0.17555107
A0A8C6RDT6,bab5c25bf1a3d46c46e70ae10e6f86caf834f5e304863759a7db6571066c0b39,582,1,0.25476623,0.3213186,-0.00433852
A0A8C6W6H3,501a221598ff050671060a0e711f35265cbea7f27066cd813f92b1d54ea7588a,552,1,0.3159746,0.026520306,-0.17440206
A0A8C7EAH7,e983fd9743407758f61f78f3e6b2cfbc96059a13685ce48cc2b7510f61dd9931,552,1,0.325922,0.02145132,-0.17374264
A0A8C7N8X3,7bd263b2dcc3728143568539dd364623ab01f930541199b5fa18dad77b2bfc1e,554,1,0.3088501,0.035686113,-0.1826911
A0A8C9C5J0,b2d4d9a119904dc2f24bf2653d2de51aa6b5336adbd0ef63fd21261d40edfaa9,582,1,0.22679901,0.32539618,0.018029543
A0A8C9LSC9,a45728bf8c1a58ca930a322e470bacb341a3dd21f729964722ef14eba61d1f69,583,1,0.23563792,0.32472813,0.008118158
A0A8D2LSD6,01cce81a8adb5359c88149a7d905f8a2ca7a97642be8a15c2ec95247763aceea,552,1,0.31715214,0.035624713,-0.17899214
A0A8D3WD97,7f92eb95e86895fa451944c29974bc2df4c92313a9cfff5a2a695d4a5949a0eb,492,1,0.16797307,0.39122337,-0.003069178
A0A8M1G694,cd479eaa1075bb45a8210e924345d163c915897faa39b9715b467fdf9ffa2977,583,1,0.23768134,0.33117735,0.010416356
A0A8U0NIF7,4532534e30ec0b7652ebe3579d3d25ce70c17bac555c7a2371db28c7bcc9d4b3,583,1,0.24412662,0.32793295,0.0075294394
A0A8U0U935,51eb3c5a06c33b98f9a7b7cfb50ec14d585bff97758f5d1a07f9135396b3ac1b,554,1,0.30385834,0.039714195,-0.17572686
A0A9L0JA65,6c73cf103d5b12bf8970c7e86d48a4830753f178bc5695c174b86100fe498c66,552,1,0.31370583,0.024945645,-0.17463964
A0A9R0BBX4,36dd5a53ee37653c2b67be56d43cc259447447aaf6476273aa59768216264cc3,552,1,0.3130738,0.027787969,-0.189489
A0A9V1G596,f367e12d42fba65f74308363f8f757c55039971b559db059a0bce329e6f6dde0,552,1,0.3183308,0.027530523,-0.17385103
A0AA97JQC5,949df54fa5726fb876d5d6fa7a3f9070e0ca0f140ec45708832122bb06182412,552,1,0.31522012,0.029645417,-0.17822438
A0AAJ7PUV7,436ccf6cc3d29f621e7d2802e4789fa21fbcff3cf8dae1d53edd0e840f8b6ce7,552,1,0.3059981,0.041981466,-0.17629829
A0AAV0A2U0,f7f2677ae9070459a5913ba10ff6f2bbafa7ea36f4785d7568111cfdc19c30e2,552,1,0.31456116,0.029366069,-0.17262943
A0AAX6Q7M8,5b261c39153807ccd329e29cf37e246286e8de0811301c650242e1cefa113d3e,582,1,0.23095119,0.3449942,0.021458188
A1UM64,b17acd2e145c4d280b4bc952ee76ddd732c7a5052cca64cfc1ceaa256def1986,485,1,0.15874371,0.34521955,-0.04241194
B1WB39,8b8ae867487aa05db77a32f8370ca4ac1d0f5dc35b578dcd12f9fa4571105433,590,1,0.34441885,0.061055165,-0.16021642
B5U9J9,32d8cf5613fae596d5364f423d3727c2f46fdda35bc87c91f90231c4eb6069e1,581,1,0.2339169,0.33003867,0.015988044
B9DVY5,51d52190c0ba93fa624eab04b72abd52f0c1c6942c5a5fc85b019dd14b270fa2,417,4,0.13867375,0.03396111,-0.22589023
D3EYT0,f954b83beeb26f790a4cea5606370504c610aba795784d337f54646322d68245,433,6,-0.024622958,0.30307752,-0.041330814
E4N774,d95821fc6594016c0a608a4a4da69bf2bc3d0d763a692dd5b9d35e9af0579c92,465,6,0.060284402,0.42065656,0.03445532
F1MY60,d3d91628decbf21c487fa4e27668a0b467c83f1371248c3af3f5c19168c3ff16,582,1,0.23463641,0.3173342,0.01594436
F1N1R2,e7da2c03fd0e2b4fbab7a020ff752f1710d23d55aa590c8b76baaa75dffe121c,552,1,0.31579345,0.027379328,-0.1743624
F6PG32,343f9be77bb01cb9dab3ad43d0bc09bc854a7f60380fb2a622537891db5a1df2,552,1,0.31761608,0.021833703,-0.18027765
F8AXP1,f4f266416ff962995c765a88965d84dc49f5ebb52c3d3529c042dcbb5d436072,437,1,0.15348814,0.3381417,-0.08430139
G1P7Y8,b71e7deb7438e2dfdb6efb4b80d9302be5e09fd76016a4cccbcf07e9c08b73e4,552,1,0.31314346,0.028458677,-0.16794373
G3SMT8,34baebf95290c817fc289fb403611623e99213b7d52c1e488656c6c8a7b58bfe,552,1,0.31740406,0.027839862,-0.17117848
G3VHS3,0c85d4865ec14bd80a7e301d8d558520e023d44dacd7431171730a09863721f2,579,1,0.24860604,0.30956894,0.004427409
G3W3U9,6923a6b1e1713d08b847508a6410f16ee3c6e90439bd3b19a326e2580a26c4ea,552,1,0.3173334,0.030364543,-0.18073906
G4Q573,3b3a95e42bea7e7e34a4c84c7cc8d8412c9ba64661326618d6ad7254e5d574b0,574,4,0.028873261,0.08443646,-0.11544213
G5AY81,7f5dc9e43c83d840b0d8a02d4ee404fd7b46d453ddb9e6c28ff510e34de4a4ad,552,1,0.3167845,0.029976375,-0.17196783
H0W867,7d346416fb3ce6f9951f878861bb6a1749bc5a6720a9c3dbf8286f90146a0c4f,581,1,0.24218416,0.32229784,0.006604891
H0ZQ87,1f4055da7b973c2376cf62d73317a874a06da8dd91103dbe635388ce1e6fd50c,553,1,0.31510484,0.032028582,-0.17824349
H9GSB1,cb39fd3ccde4f8aaab54ae2e090931f9a8658c88d5d37e029f8515c7a0805279,552,1,0.3129662,0.03542197,-0.17789905
I4BPT6,a5040414b31773a8f053395fe44bbea6cf48904879cc3e5411a7e24854048a8a,477,1,0.1762559,0.31453142,-0.07299542
K7FKB2,f2651bf695d2ce108066e6642690e8766e3213fa4f79e1166b3fbdcf186f3cee,552,1,0.31365505,0.01793419,-0.18447207
L5KA51,2c8c8533d864ff8bd1de6ff825a8be61345e38c56a86c088cb1b53901966743d,552,1,0.31606442,0.0284376,-0.16688876
M3XPW5,3663060413bca57b169ecced5992668c7fe8c95493c867d32bab5c986f1b833b,552,1,0.31482354,0.025056355,-0.17238615
M4A3J1,36aace856defa99898e12c3e0ae81a5be30d3fa8f06e824a6fe9d2972b2bad2f,552,1,0.31058154,0.036689773,-0.18255728
O00219,918bff97e2a47f6de6a1fdbbcdb013cc6225d39e4c6e85d32c9ff98f7b52c233,553,1,0.28160822,0.13962203,-0.11997971
O08650,4ffafd75ca5f19d7eb756b28ea29a86e1aae4d50c234d413d3a9bd127eae3cb5,554,1,0.28914154,0.13633153,-0.11444934
O57424,f9c59222909236f8899efc6dd3fdf4cf0c50f6a19cda2cc8d21788ea99dbe3a3,552,1,0.3259609,0.030629072,-0.17761663
O57425,4f3a4921b19b72f7ad11915dab15654640f4d9cb698d64455a2b78ea53f2b10f,574,1,0.31616268,0.20071733,-0.073514186
O57426,76ca776ad470b89bc3c34316ce2dd3296a0891d7167529a1078c43303ea48ca9,557,1,0.2918203,0.13028017,-0.088718094
O57427,0805bd9eaf62753d0d3a6566a3f781d1131119b66fe2d4af745aa3f6ab1ea2a5,551,1,0.32419354,0.049146935,-0.17772861
O97711,97d650f3c71d65c0ce6e2eefc75b0312149dfcb5efe8e4feb05182531bc7af18,552,1,0.31444538,0.027082928,-0.17190333
P0C0H0,61909e1dafe4a9df27b59e76afab82fe183f504fc16a9314612e26da281b7648,419,4,0.15416668,0.035890244,-0.23667412
P0C0H1,c29f0f62c8ebd903dd40764e41adddeee8ab6e1795a82ad548867c8aa0dce3c3,419,4,0.15826723,0.031254396,-0.24054465
P0DB60,88ea697cc72ab0dba4ea10ce7b567673f910673b249c588ca02dd0c84c50b08f,419,4,0.15514167,0.039284945,-0.2374565
P13563,99bfe1ea9effa4adfa3102d0f3ff995b57e6636345dacb11b3685347fbd43db5,588,1,0.3303544,0.028364426,-0.17874503
P70312,01e5f39c8cade6b2d114d15860423479549e2e68e8e031a6b45802c99d3477b2,552,1,0.31593356,0.025990976,-0.17465866
Q5X9A9,56aaddc980813eb39d8bd509bf09120f16c9ffa2e06d0efa071207aacf3b518d,419,4,0.15604863,0.03741446,-0.23710904
Q61647,6aa94fcd52ed438c7127ecea7977f8936198ed59cb109efda9d1b5f60be76db7,583,1,0.26634023,0.31096435,-0.014427308
Q8IYH3,67da2e7afb770e7a6a8cb9072da47368b87af11e96da6da1df86604caf42df2d,577,1,0.23254097,0.32701874,0.008637555
Q8SQ70,a2589ae315bc4844c93bb395ad42de9d9e49a10c223c0a0ff7b5caa528516d9b,552,1,0.31428516,0.02504335,-0.17245065
Q92819,a3c5ae1254d7a75a17da5f237eb3c4172cf7f635724d4f88f817e4fc20db0ebb,552,1,0.3182449,0.027819289,-0.17603298
Q92839,4623e8eee646bd710f4817df7f368fb0200c0e132028466e1e98a3fd27048072,577,1,0.23404782,0.32692602,0.009041293
Q95M16,55d83b9fca822c51f36d536a567e27c5f8a15700d2299daea0492df1e302c05a,552,1,0.31825805,0.028357962,-0.17243944
Q9DG41,d763364b7506e14f7858792adf31f35387f8b7c2a2578c1eca41844477c6c3ca,552,1,0.31673327,0.03342492,-0.18612202
Q9FBM8,8dd2a18d5fc99e2bc089f71722a70cbc4bb669e7559bb2e9ec2383416f636b25,487,6,0.113134645,0.45276612,0.054388795
R0JWT5,8529759577b31ee5a9f8d0d6cbfc7bedcc991b5f5088def52e9980b998354221,552,1,0.31846395,0.019094994,-0.18428981
W5MSA2,0038a6d9636ed6cfece665d547772d730ed327ed70bdf6b06d7c3131d4c07985,552,1,0.31515336,0.030301144,-0.18605785
A0A384L9K8,f6ba4a99a59245967c067cde14c5b222cc31a51bcddd3bd2132a90dbf3c196c4,460,4,-0.1536526,-0.027685732,-0.10661557
P16661,9c7c2beded6405d994897a43e13aec8e6628ce2f502bb8746566e4c3d78addb8,449,4,0.20900884,-0.014967151,-0.23162985
P27128,75ba75969ba1e7bff5bd86066692773ddebe6488233bf4e7bafd39a619760f86,339,4,0.08288318,-0.021656761,-0.22279443
A0A6J1DSA6,4744abc5eae43aaf26e3dda3e0f9d3a951424b103563977574996fd20102893b,334,0,-0.25101027,-0.12345735,0.10209953
A0A8B9R526,44ca841239054cf4627c1badf50b9923e3580eaefde081e252d595ad425ec957,559,3,-0.03687954,-0.121299535,0.09836346
A0A8D0CTY6,2839874e800ffcb061fb554ef991cd5004f73dfe11b1d188cf5642c523077de8,559,0,-0.090717085,-0.12237993,0.043814693
A0A1S3SWI0,94072624249ab38d6f42d9c08fe15a7775a0febdc8dc420f92f1152baaa65501,335,3,0.24629495,-0.061251733,0.075512245
A0A2I4CKY5,a4ef59dbd1d7a0bd1662efa6cb2d6b0596373bab63ec36f9917d7f31d2cf1178,564,0,-0.067225434,-0.107501104,0.10193406
A0A1U8D6C0,403ed15cbd0e34773757cc126839db9b569b8b130419ffaf3681bde621a26701,239,5,-0.30084512,-0.20214294,-0.12273663
A0A2K6B0J2,03078310be1f0039518b34628d8825751b4020dc1f6e7c56de961bf00e8af3b9,353,3,0.19554919,0.08422187,0.093704544
A0A4W3J1C0,fd9ab3361978076eb7f5ac6cd0ea3fe0353464d76e38233b457d30d61fef05c4,354,3,0.11048704,-0.13033047,0.046695355
A0A182F6A1,1a65e81d718915070591762cd94af1fe73906599714113970c294ee65099b179,240,5,-0.46887133,-0.20223178,-0.16948806
A0A384ADH2,b681c22fe849a683ba7d0d628f7cca0f0003a9fde3fc440fea826255bd58f337,260,5,-0.4391014,-0.21939409,-0.10412595
A0A8C3PBN7,1f1e3db763deb7d079d5e0c25bbf6c0999286af3a5e5372c13f363475ab5e4d4,567,3,0.005237725,-0.14072677,0.05696909
A0A2K6NJ11,2ffa474b265b995a8bfd639d00e9ddc2b6a3e0fb445ccea9a92eb0a3cfcd2063,373,7,-0.09172799,-0.0077361586,0.30021232
A0A3P9AE02,60910f300babeccc5b4ada038533e098903995a04421943133649e578f076180,364,3,0.013366943,-0.22706752,0.05117844
A0A9Q9VRW4,696a83ab894f0d7551832eeccee7bb1faaa7ca27a7761d366765b166a3dff122,590,3,0.04974307,-0.100890964,0.028893132
Q8GWB7,17f05a0f18798ba1cf8c637f3d0c8dfdab7d27bd2417cf43d408bd56da0e1f9b,537,1,0.4103653,0.047311623,-0.072891586
A0A3P9PY48,607b60dcb50001151e9b25e6e77c9f10063e509b72951b3939c2affa5a198d16,398,7,0.10813886,-0.031881616,0.15664004
A0A913X5R5,884560d0b398e25cdabca7f70e1aa33b9b9b02050cec19501c811131c8ddb77a,333,3,0.2582612,-0.099939644,-0.11243616
B8C4A6,ab9b213602970751fef035dc956d2554b5872a1b26fcc10916fdb07b5a9faa64,358,1,0.28545323,0.074375264,-0.17575754
A0A023X3W1,f360bd5b31de8f4e549782d72f2d15eff5985cf74ad3e8c7ecf0949195ac8cff,247,6,-0.060731474,0.4190905,0.025534356
A0A024HN43,975f1f0559f344551e940e2596a6b0459832ff2be338afdafa0da12ff02273a7,335,2,-0.33057597,0.20893057,-0.10006681
A0A024S333,f8679f5f7b25621f9d6dbdc6e2188a52232ca82af38c70ae6dc07aa81d8dee01,542,1,0.2190163,0.047493976,0.0802861
A0A060W6K5,5d8be1bc571c8302204d4dd618a1b30a545c75325bba6dc56f7f31c7590cad92,359,3,0.08046708,-0.0427848,0.05095415
A0A060XRM4,f5ffb7e9d5b7b1e96e30d8a11ced560b0bf04a2abc642b5ee19d01cef2af5ca7,335,3,-0.012372063,-0.077187106,0.05383255
A0A067BKA5,45f608e585c0f9e3bcf9a0b69cf1a1514dd5926b2e9448b26bf648c19c261f63,261,2,-0.055985857,0.12085436,-0.12705791
A0A074ZF41,5f1b207af7185309d4f72305604b92298cb1ee28312292af1234dfa8fda33672,565,1,0.4685483,0.18764257,-0.121315576
A0A075MYW7,3763f173fe883378894c62d8aee685522a2cf0dea6b5c29da5674382b9df6dfc,464,1,0.2610897,0.10328991,-0.16874266
A0A076LP83,e22818b374e64d6cb6c889e69841f7bfa752ea43a8c5d9d51ba92f706e9039ff,329,2,-0.32354546,0.07309956,-0.18179564
A0A076NMY6,93aedcb6b6c89fb2c56d18f693e760debcc813811e54f9132a7d1a3e1724aa0f,328,2,-0.13772406,0.16204254,-0.124161124
A0A078G508,0eb9b62a7e61dbcc1f593c9b1e5a012dcef2399a3932db6f331c13beef0ab830,366,4,0.164043,0.06946537,-0.1134223
A0A078KAR0,12673c0fe25dae99fdeb30121522f9ab148a7eca5a1cbb1cd9a2927baa6fad05,256,4,0.036925904,-0.211611,-0.394576
A0A091N8G8,13539d28b4ecb016f2dbf93f5cde417aff58eda693145ea2d286c3869d2757fb,361,4,-0.0575706,-0.08737864,-0.14886777
A0A096LVZ1,4146aa1dc5f5a2d97d5f122d495ab20788fffa298dcc3a07076dc3b9fa048166,247,5,-0.47572666,-0.20031981,-0.13289472
A0A099Z4K2,0087f76a7f37707421b1d976084bb1ec9590df05d9d0051660ae9b1d4240a0fe,394,4,-0.05141882,-0.06445191,-0.13365315
A0A0A0NC47,12215714a850a9a41d38736e652f4ca6bed69a5d741a45ae11aa434b08e96c17,335,6,-0.30757108,0.28933313,0.11042153
A0A0B5DAM6,58ee2a594499da7f7ca283d9b1badb38bae09b59b3ed62df0adb5fadfc5f97f3,267,6,-0.19971724,0.23389196,-0.11859643
A0A0B5ENG9,6fbc532864aa3aa0962d4e30e2f69e3d5f8d44bb98bcc0b73a734fdd2b7b1e03,489,6,-0.2853353,0.37822488,0.14650723
A0A0B5F2L6,8e8b295b1fba613756ee0125c83c7d35329c3a7638b8474d5633ab9b89d36e18,329,6,-0.33716702,0.2827117,0.12996121
A0A0C1UPW7,e6e0eb9c6255cc250d2a0f7f720d9968eb92770f32280474c65c60e478193fe2,252,4,0.07026309,0.03553216,-0.267789
A0A0C9QVA7,be6adffab1ff358fd38662a42d00307fef555c0c4df96dbe95696a9c40c57371,247,5,-0.40160587,-0.19395211,-0.17397664
A0A0D2MVK7,edd4face693d9064a1cbf55192ca3f601970b56840c0021ca5d732d5a561aafc,266,6,-0.17618117,0.33617377,0.0324
A0A0D2SSY3,33f1f386ab10c8bdd2397d96519678f663b2ffb04c4040e25df27b878561874f,444,3,0.015872626,-0.13071214,-0.0005548297
A0A0D9RF80,c787b9652afab041c02dea2e5a94706c8a2ea36830ce9705173f36cbd89804e3,581,7,0.04122499,0.019613344,0.13015223
A0A0F2LYD6,2fa3db378f2c799757864a7722aac18a17dd867410120d7c4ee612c75a395b81,445,4,-0.04421609,0.09308355,0.0134480335
A0A0G2JTP4,9058316cf77cfd3dbcd16f605f5e0740e8a58b5299fe8c7cfe24a594681cc65f,324,0,-0.30681205,-0.106856965,0.013567754
A0A0G4AUY9,c81823b758ce05038026043eb395d0224669c152a5c3f0d5c4a3614564a6c2af,250,4,-0.008944087,-0.05602537,-0.29364696
A0A0H2WTR7,d1ac2dd3d5ef479ba2f08e4c98545226d7f391e8452beef3a90bb2238629a871,337,4,0.07318524,-0.021635897,-0.21340522
A0A0K1RB34,152dc689a5d6f9c2f120aff3041af536a67824ba153f8d0dc39a7361d8000156,339,2,-0.08363716,0.22458582,-0.08769913
A0A0L8H2S1,5cc13dd7139f18020f27121f3df3a5f9cd679117b7ecc30d343fe3302a3c302b,337,3,0.063575946,-0.20544007,-0.100688644
A0A0M3QJ42,6d70f35f8734efc424f1f1fd0232f1725eec9814dd3a806e6fa3294a3d8d59ff,322,6,-0.31682327,0.25620866,0.076145425
A0A0P6J3Q4,1d3b548dfe1e13e05c2c035e67ffc663705758e79f498f4bad587825aa64470f,598,3,0.053026613,-0.122398645,0.021032441
A0A0Q9X239,6e548bdd8f2f2d97e7938981bd066001e5a0264f3f13b11633015a1b38506e83,325,3,0.21639475,-0.12684523,-0.11700175
A0A0R1ECI6,1db0d7a12a197adde4b6bec829013d3d2c82a61bc317cbcbc724583733fd039f,488,3,0.09815955,-0.09779048,0.061546925
A0A0U3LSJ0,61c5d4a02ad029fe609d1ec320737a6851b6fb1b2688d4bff5be26e381d39c4e,419,6,-0.40949827,0.29863602,0.08848099
A0A0U4W5B4,8363d763c0050fa65a096d8b71025d0e8311bc9a1ac40bba626f125570b102bf,329,2,-0.37473065,0.19825298,-0.10939436
A0A0U4WL27,21225cf2856c719bc55721bd5ba5a9986bbd961329a8a7e6b35324e054fd6cbc,227,2,-0.12875621,0.19222084,-0.15479106
A0A142C6V3,39be21de1f7342bfda39c669e5d20a9652ed857a765b3a6fd80908134c0bc524,305,1,0.24309945,0.31625113,-0.09436742
A0A146FXK8,5e77f770448cdaeae6a9d4a934eb0b27ed62cd88a8c8baea6be5945bb33cccea,418,0,-0.14944427,0.01733277,0.0054566213
A0A151J2Q5,7513a6e4ed02a09ade083ada6885ad7c39cf419ba698c78ec639cc81d66d2bfe,367,3,0.09451605,-0.10383587,-0.0065033636
A0A158NBT3,cb757dd3653fef23edd9370fadd0a0190043d5e8e38a928f1fbdf956accba7c0,327,4,-0.07438376,-0.10440345,-0.1521366
A0A172Z1U4,1631b3fb29a3553e8c1bb9019233021742c8dc42ced4606895227e4a9058ba10,344,2,-0.24719517,0.17708325,-0.14223424
A0A182HTL6,3802fe302bb236d507d73b0e0ade6b706c692497cbd36c5446793f0976401969,329,3,0.1393578,-0.044432607,-0.0036802362
A0A182YII6,04ab545b372d602bcc41a610a974420c6df3ed75456c851421d59237873061d3,376,3,0.17477597,-0.059528254,-0.0075233593
A0A193C5B2,bcbc18b2341e3956873af0964f7aca0bf891f7bef7fa857b3efdac73ce689ee9,419,6,-0.38638902,0.22518505,0.030707598
A0A193C7K6,f66d3f41ab8c86ffde81f3adf16b977f7711fea5904b85725b86f4e6eb6e0ba2,301,6,-0.23409703,0.29977018,0.049757224
A0A1A8AE58,fd40de76fd992084897ccdb6e1b223c16a124649626872e00f319106b2edbd09,534,3,0.12523672,-0.041966997,0.10561637
A0A1A8UID1,ad75c5789abd3bc1f77a1b9f6478aec731b099eaa1ee03442d016a8ac112c78f,515,3,0.10303591,-0.07532028,0.16801137
A0A1B1BCB2,034f77c4f203c0fe11acabbb0169efaf80fbb919125ed7ae2f79b38c9bab808d,250,6,-0.42062512,0.29403362,0.036990102
A0A1B7YJV2,eb93f9e2b6318cb5a04dde237b04615cb7cc40b7573949a19d768e49de6b203b,399,0,-0.1543563,0.05764431,0.0052629993
A0A1D7VV03,bedd3f48c7beb1adefb7c6733ef98fb48cf880c3a377a8229acab46df05f1bc3,320,6,-0.391339,0.2763141,0.11931874
A0A1D7YDB9,437420de353f87029cb7c92fde6cc142a44d04f0b5fe051a8993af886e77e611,314,6,-0.32387257,0.23910725,0.048267666
A0A1D8TVF7,f6ad91091c0270ea98c683b86f8c0437d98bc3bf31581d966a4460acd2a6f9e6,468,2,-0.19255948,0.014275306,-0.12004578
A0A1D9QIM5,e19f917bb48b42921f26b7edaffe3db21946afc08dcfdf0a6c2e2fcc638c3c87,246,5,-0.45834315,-0.1593851,-0.1296256
A0A1H4TPN9,e1e1d8c42517d4dc336bfc69e8c6ab1eab8f198a93e783b2e6722061614b3745,252,2,-0.42270428,0.12068833,-0.10452169
A0A1I8P3R2,6fb179137061ae028bf9e378ae01c7db679f528723365d4cc6333ae298457f49,327,4,-0.09799564,-0.064531095,-0.13336557
A0A1I8QF58,57d9961e07531725dd9784d5ab822ac46e3d66496f598fa65ed02e13744cf228,242,5,-0.41411328,-0.22461937,-0.20536636
A0A1L3GIJ3,01ef5f4fe5cf6b2d1c086c276f28e0e4f029784288431a00d479388a6c9685d7,259,2,-0.12608771,0.18497741,-0.14631249
A0A1L7CL36,328aea247268bfe368c48036954ea331125c8ee8fdb12acc2ee796e31e8ee616,244,6,-0.2529021,0.26455048,-0.003673676
A0A1L8HWV1,3db818235d98617a8e68073d72e953b1fcc5ad4812ae6a2469a674ee904faa31,383,3,0.27043194,-0.13292696,-0.05405116
A0A1S0TRJ2,e8a3e57303364765220a4db77081e1c37c2a82e1eaf569e11ffa5fe5a4cbc4ec,345,1,0.25397226,-0.01187264,-0.081495315
A0A1S3BIB2,3da3ac1095860d0e84e7e64a051046221ca127ec651ccc47cd061ff9e4199ef6,441,3,0.024720877,-0.13643388,-0.006819991
A0A1S3GCF1,9a58000c547d377858a7959ef3315d2a37c6f3a126791a81f5d79cf1b6892846,396,7,0.010266927,0.07691141,0.33092594
A0A1S3GG05,8a299a7bed552ec2adb14d911499ebdaf7397958b88783a788bbb8ad87cc7482,324,0,-0.31866664,-0.11441717,0.0067495513
A0A1S3JV08,23b2c16215344cd1b2f2d7d9de42bb58814ff09d7969b59d3907e396ca8ba327,239,5,-0.5028234,-0.22251661,-0.16593787
A0A1S3JYG8,955eb33851ce23a67610aadf089af16a164737f42f552864dc22ef915ba88a4a,467,3,0.09410571,-0.09789952,0.029222066
A0A1U7RQS6,ee5322c4b8d0e4f5002fd75ded33da3934ba74375569834871fef085b3ad2abf,534,3,0.065933295,-0.13219492,0.096154846
A0A1U7SLD3,e8ee4b755e0a8de61de87c529638db409acdc876938d6aa8b8862750d52b328c,213,0,-0.18137372,-0.08606868,0.103947915
A0A1U7T7S4,caae1c3ddfee423302287037deab4daa3d4a0ee8c622a0320317448630a30f19,482,3,0.004144032,-0.097401954,0.008660707
A0A1U7UGB3,fb9faa909f0a5141020edcf342761a13c19b135a30cf5bbd3be86550cdee9255,347,7,-0.013302063,0.016047377,0.14144419
A0A1U8C320,20c02f33efd80715823beb1a3bc13a459400c6808b3fd385581d18cdb2fc1a78,329,1,0.38812578,0.052306328,-0.07345679
A0A1U8CRG4,9083fcab5808634add12fe498c46e273402fdd45d57e9cad9cccf52b3aca4533,552,1,0.31409842,0.02328836,-0.17439584
A0A1U8PWE4,60b7c9e78f8f9148f431fa64c8665f96454822da4b46f71620e59631b44a5d1c,520,1,0.4652518,0.16402723,-0.13913979
A0A1W4WEK0,d5c7a501b82ad18e43f4e8d9086a202d3f56196d498c9832365a046cd3f8c5e6,315,3,0.10611855,-0.13300322,-0.0973913
A0A1W4WHF5,3fd99a54ea5bd5e76263b7b89d5edd5fb82617e7b1e287a01aa667e378a6abbd,336,4,-0.08302756,-0.111083664,-0.15326694
A0A1W4X6X2,6be8695d0342ba2789f28db142f05af9436b336fbd92f4b6e74608d479158ff3,562,0,-0.068037376,-0.19651258,0.007802805
A0A1X7TMC9,4547d704d9c082a9fe151c63c1a051becb9b72be1445dbe3ffe0de0b1bc622a7,600,1,0.32280052,-0.047232784,-0.027258543
A0A1X7TVA8,6456459be9e0ee08105e4685cc000c03db9e08bb1f9bba5ad03c6396a2c113af,377,1,0.38917297,-0.008138277,-0.060878266
A0A1Z4ELS9,024248cb6b01d4ff0500e94ed344f3c324a160195f553ed97375ea432de24c2f,334,6,-0.077975884,0.3513072,0.023985818
A0A212ETR5,c84108ef560d7f1c44cf396962561d63dbaf638d12b71f2d8f0ec3e391fa2635,371,1,0.30336604,-0.088307105,-0.10835372
A0A212EX38,c3a3bac6194bf0d805cbb2454c161fbbec1e5dd4aa0e68ac9704381e1b8aa320,346,3,0.0039025522,-0.120142914,0.007264898
A0A212F270,00a562327b707aef734479d1021ec92427a0bc4af979b59db2374920bf9f610c,261,1,0.5093853,0.027151464,-0.09297268
A0A218V4C7,3edcb9d8a812fc0af5a654f402852cd2bd0e1ecbcb80d03bc26908ef2f91ab9b,418,0,-0.009800052,-0.1531383,0.1254818
A0A219AQX4,c0412ac8a84e722d0a6d66f4a8ecde4c0c71610145f918406230a8d66df7df9f,416,0,-0.14808005,0.0020940464,-0.020733545
A0A220MPV3,c2e68d48cae2e69c6a4640b62942cefaaaa219f2a4ad0787a184f1db4939bddb,428,2,-0.113453664,-0.006369703,-0.14978002
A0A223D1S0,ba3559c31d51e36e7d0b6b50cc6df76cc3352720b68f314ed76292238d7d16f5,208,2,-0.22435877,0.1300805,-0.12836106
A0A240BYG7,d4516afe6442a742fd34caf4ccd19a07a7fd87c1b9e9f659b01052be473918e4,326,2,-0.3294306,0.1162596,-0.15984999
A0A250B7B1,7b47b65393a3c43f3a5c369f04cccca44be22ac619f77179cdbcca6309f31660,326,2,-0.30282456,0.09580971,-0.17568247
A0A286XE46,a7139153e485da1d7b9bba15ef3eef0b57c9b4181e8f29d01170f5eb66f9bb4f,447,7,-0.063931905,-0.013746353,0.20215859
A0A291QAH3,5a7a0c56647da3d0a9b7dcb86ce48697e7e2be88e18ee1725ba61273fadc5cce,314,6,-0.36268237,0.27813178,0.11330019
A0A2B7LIX0,88115f43e3af8849a44bc44d4bc08df58978b13772e8fb780e8a7dd5c3b1e80c,322,2,-0.28813806,0.04236749,-0.2153965
A0A2C9JQ23,d2aef5a391c6f153d479aafcc06e319d55b7bd414e4969e017b63ea6fc23530b,204,0,-0.3692853,-0.19933668,-0.008925018
A0A2D0SDU0,baa4fcff3695ad8b2122351d402441e69d146410d0bf430663291021019b6dd2,428,3,0.124269634,-0.046440642,0.101910666
A0A2I2YDR9,46823c3fdb6cdd180f4374573ea44487f709e14f7b9a8fe21d7b0f0abccb0fee,333,0,-0.2793367,-0.16559504,0.04398851
A0A2I4ATE1,aeb70e9fba3a55f46300fff588669d809e04bbac1c69482cb5e77d050df31524,322,0,-0.29919216,-0.1552611,-0.04153947
A0A2I4C8G3,a18837a8b74a80c3de5a2fcb151ac86053a364c85db13c93afcf62255fc0e903,448,3,0.22331318,-0.05719683,0.11222669
A0A2I4CUJ4,6b9b4e46d85fe1e2399cf21f1ee454b8f2624f8853b0d4a89f58a36754c473dc,250,5,-0.48434603,-0.20694545,-0.133128
A0A2I4CUY3,b3981a855daa20f21719f631bfd8a617965b7188416770fca3ff23d35e473e38,409,3,-0.026167711,-0.13436298,0.028563503
A0A2J8SM54,79836bcdfda08962f0aae30b881445c78bc0095ba08a3d1a6a38c9c518b188ea,399,7,-0.026304312,0.029396608,0.32354397
A0A2K5MQE2,442c55f3b8b60d1238c0e471da30dd3bd6cb4c8ebaf601cf127959e31c696910,440,3,0.15568805,-0.07418895,0.11720446
A0A2K5PFQ7,4d47bf581acf4b099f18d99b908838aa6758cc060658391ef376e53346cdede5,445,7,-0.08067291,0.0075260377,0.23523921
A0A2K6ABY5,f4e622e0b9d442393161e1b99eb99e8afec4bf3dfb3d6bbe3f5dd970fedcbf06,327,7,0.0015359492,-0.030851612,0.2286298
A0A2K6LD90,706490683f4dd4c314134897fc5db84e91d31774f47f547b94490c0345b9f30b,585,3,0.097685784,0.016913742,0.11861596
A0A2K6V7R5,fccfce2830724c780b3cb04bf89d170f84827ca77f741244a674f12f2f28acc0,376,3,0.16269478,-0.16873185,0.015094055
A0A2K8SZ58,75e761dc4fd3ad449485e49937f7deaeeafbea804a4a7e799b0edf7b6a209d3e,468,2,-0.17936316,0.012550489,-0.11089412
A0A2L0RUK8,1ad5325f77542c0dcb14aa4276b7fe1c76ea07f02aabb359f6139ff09bed9253,303,2,-0.23713739,0.23209114,-0.0665042
A0A2P4V7W9,9b9c7f81c98fad87d7171abf8dc018d9766d59a54000c2e58e008646d2e8d571,454,4,0.21410124,0.038998585,-0.16794881
A0A2R4VYK4,7bdc252455e280220fcd4640eb9c660ce805a8e23de0ed48ab08a6de3ca4442b,448,1,0.22877641,0.07700824,-0.22170518
A0A2S1R704,8700b82e39cad3f1be9fbfeb0779c6f65959267813bbf4f549ee13bec41e184b,259,6,-0.41791663,0.28134358,-0.018190064
A0A2S1STW1,7ef92064a7954e778a56c99650f490a424412720a740159d09285b75952bd418,490,6,-0.32771447,0.36628667,0.1494505
A0A2S2BUZ3,7c8bdedeb431cb1f2cf999bcb37bf2e9ac2529dd79e817f83efb12ce14cc12bd,252,6,-0.32730064,0.21386106,-0.09486298
A0A2U3VC37,528791832aefb98c20fc0ee201cf716fc58f066cc7fac429dc0e5127dd7a9ab7,392,7,-0.07369078,0.01258645,0.25763997
A0A2U3VM46,187d20899051d3bb9e62350998bfada7afeff344f493c595bd39a2b032735817,440,3,0.16545601,-0.08113378,0.09910448
A0A2U3VQH9,c69b53fc899dbc4c5de53a4d5ebd3c79af4e56a71b717912d6d65b66f29de5d1,353,7,0.17402782,0.13373318,0.14139554
A0A2U3W8N4,0ec53e5644551fae4507a24194e40d8ba16bd348cb472d6a0691dcb270bfccc1,317,0,-0.048008475,-0.1733294,0.026349526
A0A2U3XDY6,ded0ff52fae126652b8daa09c85e55bb84edbb3a2a6fab10402a209d7207914c,446,3,0.21439856,0.021714147,0.061939377
A0A2U3YAE6,cad1e679d87aa5b97b3238d4900a2b0221dc2506f2475eedc997acb394a3b17d,509,0,-0.05434501,-0.11334263,0.020157648
A0A2U9BT51,f18abe0c5a926c4f37ebac04f806225775c4ee6f21b4863fb7c310c68ebbc441,535,3,0.08754201,-0.038880732,0.13608052
A0A2U9QZZ3,c16bee5e49eb06b514b60c45c52fda03ee915cd71cc1d4b2ba97297d6cf77e5c,453,4,0.16170925,0.034048345,-0.15066962
A0A2Y9DDK9,4fc40d5d43544e700146522b2ff8370bd6b5b4e157bbb5e7973aca1c29fdcf8d,416,3,0.033178158,-0.08604942,-0.0027812014
A0A2Y9DQS3,e132d8570caa904967d80666f0de0fe9fe3dc21eed9554de37fe13f28f46187d,333,3,-0.03898199,-0.024229368,0.11247208
A0A2Y9EDH0,4578a5e01fff7e4efdbde9c77fd0ff2841707ec2d305482af553ed9f6b97e25d,354,7,0.17168626,0.14385417,0.1610587
A0A2Y9FKN1,13302b5da71b56524a66623ac478bd3c96616620cfbd2bd85a2a1ef8fd5a7f55,353,3,0.024507498,-0.18749219,0.03534788
A0A2Y9FTS3,cf38f955bdf96842f231779de8c05fdeed05eac922005805a23c807e81314a53,291,0,-0.2795259,-0.13009486,-0.11309432
A0A2Y9IWV9,05f572a172bc611e0b694de899cdf31cbbf605c7ebd310d9a1ccb4d0500a62ad,414,7,0.010279124,0.029604506,0.33871847
A0A2Y9K6E3,0d608522d4d4c80666eac694f519f57a33f9ce313272b754730152e49754b73b,552,3,0.07307211,-0.12498821,-0.018959995
A0A2Y9KJQ5,f4e3504783077e8f408949e8193354e54666695386e0d05a6aebd46aea35b9b0,447,7,0.02385567,-0.097758435,0.18715411
A0A2Y9KQR9,2773806691e7980f77587185d3a2f8e82f23bf0f012a0f68f4440ca982b1dcf0,440,3,0.17150226,-0.07739141,0.093864165
A0A2Y9NCX0,eb6c4b239b57b7d0d6ca482b94f95976130873141bb0be632609e0b872eb0b88,524,7,-0.009488614,-0.064308785,0.19085345
A0A2Y9QQW1,fca6fcefdc95606c5ef4486e68156cdafe36c91867f2e0fc273a1a4f976dc9b7,500,0,-0.07383947,-0.099740304,0.0769552
A0A2Y9SUQ4,e4f0de1589c4f500036fcc595fbd7131ea20f53cd93c76db7e4800a4ddbfd276,443,7,0.02768598,-0.003306355,0.23212878
A0A2Y9T5K8,6e23e3711134583ec8d309227cf7e9d466ff36c9f26aa89fd6afa7e57c21f8a1,388,1,0.30652055,0.0046102363,-0.01879281
A0A2Y9T841,f65881a13178dcfef3c2c263859b8cecce9606fa3e6095fc58edb04dc0e24d04,347,7,-0.015019075,0.024412517,0.14388506
A0A2Y9TD46,459778e0522d703faf617a74e352f93339fb84c3178b982cf3cc6bb0d5d81d08,335,7,-0.15828429,0.121454984,0.28531483
A0A2Z4J237,9a4078e39fad89cef65734b729b4ee9920435e46798b65e885403c6a5b002ff3,314,6,-0.3134344,0.2438652,0.05524631
A0A2Z5FXH4,e2d55806e6b7f6c4d921b052f1be1453f67039d6edcd07a2e57c0f534e563f69,258,2,-0.09195832,0.1720767,-0.16915625
A0A314L768,4ba9fb3b6d106e50f1bc3e6f6b00fb96d127cb9ca106ff3afe47cbba84707534,335,4,0.029024163,0.02158108,-0.13930082
A0A340WCY7,646657ed413ce2a4142998d2668f32edbf110e3fdd9901a11dfe62b4c5878115,260,5,-0.4223746,-0.20277444,-0.11104392
A0A340YA52,62cf7977ad8e7b365d02f7dde4e3fff28f30196f1c99c9d77b9cc477513926d6,369,7,-0.08558257,-0.0041891695,0.3051079
A0A340YD70,a4fab5d50b6f59d4b9410a3998ab5df80dd70a662647e0c3b1968cf04f6356dd,552,3,0.08730595,-0.1124645,-0.029332558
A0A341D8J8,5e77ba37429f7b40e66ed0005a979a20f1ac3dc7b5fc389a05b78b31ffd610c2,447,7,-0.07793739,0.014847202,0.25118458
A0A344L9B4,1de6c4993fed1894a289ef6379ea7989081f73f0262d77c5c809ac6842a3bf28,415,6,-0.117346145,0.3027846,-0.034867257
A0A345XYU1,25b40379e6337d2797c0de75c6b9923f04694185be7b1bb0a41540c256398434,360,6,-0.23408443,0.3492918,0.15931165
A0A399G4K8,019d5a9bdd31a091e1c7e140d5d4d3b832635914c53e37e2739c19c7572e9432,329,6,-0.167854,0.2933788,0.039614476
A0A3B1IHV7,e0fae4625e534d41e02072831852497fc6b1cb28338666be0554411b747ed6dd,314,7,-0.10448764,0.010379179,0.16832587
A0A3B3BP86,11679d007cbc4832e05d69696e28f9de942cef0fec711c3c74454d799e9b99ee,512,7,0.07244428,-0.028727148,0.19620675
A0A3B3QRM9,a073bc3700974a20210266814983e45ff4b0fef87fd613b686fe8bf9658b71e7,253,5,-0.4366285,-0.16520289,-0.14284612
A0A3B3QXH0,c05ab68b1dbf29ce8b9215864949e1aeb46d7983e05efa802926ea6909eedbdc,322,7,-0.076960206,-0.054045808,0.11063478
A0A3B3RS92,6e02d89cad79623c6f1643644e0d671d6a89d6b2e7a59b95123f328d6dee94a3,566,0,-0.05439024,-0.107095435,0.04728658
A0A3B3UMF9,b663ee39b8f595e5f8c58ef7b1f221184813d6df4225b98fd71b971c9e03d8d1,346,1,0.39036673,0.15633582,0.011158079
A0A3B3VGQ3,8791dd2e44605b2495480e49492d2712755c2a5cb93aa4414653fbfd4615b847,456,3,0.19681896,-0.023182122,0.108534984
A0A3B3VI16,238c19bedebb7f727cecc6e3649d9a2ad686a3b3936eacb2020cda432b01173f,337,7,-0.04588326,-0.04512315,0.12859172
A0A3B3X1F8,cbd32244c5c5fb6f204ff2d7e0d3e250118bb90fb305015ef246e5caf17b8a7d,332,3,0.020647578,-0.12062463,0.07834159
A0A3B3XW16,540f1cdf60ca4b38b465989df293ea7490258d869a7aee1da5fed7c88cb8a0fb,570,7,-0.05374297,0.07408744,0.1795684
A0A3B3YBZ4,33d7f87c1bbd2b16faa43618a990083373a19f1883d5ef1c7881d4a8158849ee,337,0,-0.245311,-0.15966637,0.06381271
A0A3B3YC38,977c7c4b004f44d6109bc5d9acc47850b77cd7fb6c4ddb780af5ab3805ff070d,537,3,0.10902558,-0.056612622,0.14858717
A0A3B6PSG1,3c451a103251ab9bc4b0c44ec6d5de06f96b806d3ed1cc4a726c818d50451123,437,1,0.33144122,0.19784984,0.053908274
A0A3B7MG33,10cdc936241a6467765197b14c80f08b13f00df1418bea371818bd4bcb9bc7d1,454,2,-0.10088101,0.09412526,-0.10114551
A0A3G8JH13,3c10ee6ae5ff65e5c49bd2db6288bd68612a074c3ff049eab7d0fa6fd7a1f5aa,275,6,-0.34861678,0.23232146,-0.040747665
A0A3P8UJH1,2e0f13961ee63e99f9b7b7291f66f9e50cb20b6be2ee07a7bdfdfb41903830ab,382,1,0.29958817,-0.020200117,-0.0323661
A0A3P8UTG9,7cb583ef6252a06e8a78af99406fdea1a223a0315463eb24cf4d2df60c0e682c,390,7,-0.0468225,-0.0646257,0.15960918
A0A3P8WWA1,513cda58ea9d04a1cd186fc97da8dbb4ddf66abed95bf192ba91b1fc0a674ffc,586,3,0.014634452,-0.016607841,0.12325763
A0A3P8YIJ7,9b840398a925a7fc38430f83cb0e0eb324079099c999412c2185be93f263a50d,438,3,-0.030171648,-0.12564757,0.13408709
A0A3P8YUF8,ac2df70954f3a873b649f2fba412434420033cc7ac41225b801066066807b390,375,3,0.11990362,-0.25282052,0.05702198
A0A3P9A9K9,bde8e89c32992e0df7a0280c34a9fb1595bd7bbc11c9dc99aa6970c789256dbe,592,3,0.005388995,-0.045059018,0.1093306
A0A3P9BFE8,035f4b59da9c932c32afce19e7fbdd79e6cf6f486b2c70d420129a02d3377636,328,3,0.17401645,-0.078858286,-0.022690604
A0A3P9CMT7,928a45646e5cf1cf90456461d85e5bdb901c02cbd52cb4aaa87408a49edb76b0,340,0,-0.22826895,-0.13889965,0.060284503
A0A3P9DFD2,8626b842eb2143c515a45f59391e7ba217faaf3ece58988dcaa4224e62a38bf8,322,0,-0.281123,-0.11684971,-0.06657526
A0A3Q0G5B5,062f2f03b831d742c9e8fa3ddca879a99e17ac520b78e0a96588210b3b0236bc,292,0,-0.18348035,-0.30883062,0.066344716
A0A3Q0GYE9,589d378db89c57ccfca34883ea559c368e6b0254b318b8f23259c374c79e7aa8,370,4,-0.035140976,-0.07777215,-0.1505327
A0A3Q0IKW9,3406f705418aeaf9d7399d71d8964ed3605b39e16d7c5c89bcc5f6655b14c234,266,3,0.06352339,-0.1217098,0.04062248
A0A3Q1AUA9,4fdf4ac95b6d40c1f5d39dd551b31d0a199aef269cab6a827b6de63b92f4f345,523,3,0.118685305,-0.090513475,0.14595361
A0A3Q2D9U7,840a00bddaf5698d64450b1049c7743b9c1ce46982915007c7a62a9d92e14234,470,3,0.2166488,0.031222207,0.16320027
A0A3Q2DF96,60a2a61e6c325741df228c161352dc95042feb055ca6c7455338c55371eefd89,534,3,0.13412213,-0.06523451,0.1032407
A0A3Q2G089,eb8472b0187027b91228f4f4764b1341c8e73c3f00dc53d5a7a2d3fa30457906,337,0,-0.20932876,-0.15682045,0.07889301
A0A3Q3AB82,b013cccfcafc51d65e9ded45d42ceab9a9fba0afb37d91f73704406cd0979f1c,343,1,0.3901557,0.12536146,0.01380996
A0A3Q3ITA7,c329525c38c5426f7cd3858ccc40191875d3aab9958ea2b1c570bc11a637392f,579,3,0.14207892,-0.054077864,0.16706768
A0A3Q3IWB9,c0dadcf20f6ad234ace1d8610c93020fd4d0c56e99a640abe1cd0c5527517fda,354,3,0.15120289,-0.15727992,0.021703007
A0A3Q7S9F5,40d9c19ba639b54ef4f8d8a611b0f99e3c6534f033a6ca024f5537f8d1d9c800,324,0,-0.28360763,-0.13254072,-0.032451008
A0A3S4SNV7,54363fc0b2829802fcc3f4da30da6ba659b1f17103077b8f49f589629ce1a8b3,320,6,-0.16663508,0.30583587,0.032372486
A0A3S5Y2Y1,81449f84ade238bec3276dbfca0a4a9ea8fdd192134866e8610dfedf2879b8f9,412,6,-0.40826625,0.2919853,0.059607815
A0A410W9N3,6b69a0c046a22715f85d8a6672a07008cdc30deaf98d702abc59450245261f8b,266,6,-0.03443038,0.2866405,-0.024621278
A0A452DYF8,b7b3ad3feda654b9e254cfcae717ad6175b54a912dd2e98680dd728431a75999,320,7,-0.077462964,0.020305127,0.26298094
A0A452ET21,ffd0a4cb1946bcc519142d98e4fd4fefafed74085fd2253937863452835e235e,330,1,0.39494103,0.065739244,-0.071105264
A0A452G1Q9,ae0713a727ccfba32c9737c9dd9c9f7d97ab499b3a3ee6dcc7d3823adc9e4a02,598,3,0.053621013,-0.11839661,0.02308543
A0A452SLG2,86133105a35c0f8bb86fd6783a50eb5e26fc75f2fed19ffa1775375c17fe0831,396,7,0.005825063,0.06985608,0.32865602
A0A494V281,3f42913959872cc44fa6bb96e35e65e218199e4bcef3ce22875273693421ddcd,429,6,-0.35914302,0.34436542,0.11244903
A0A4E9ERN3,cd8102e3e49cc6ff4ad7ee9dcdd28acf6af9faa3d342874e3e146e84a60ecbdf,305,3,0.16523233,-0.07611688,-0.07819807
A0A4E9EVU6,a42a6d6858b389e7db25e5eddc3cac2ab764280f55a0dc923050f7c900d04f29,461,3,0.21695279,-0.118474096,-0.07593037
A0A4P6F591,0b6016e499ca437652b0090f91fa3d0dd2703392c0c742e8e9152b7fbcdf3ef1,293,6,-0.110355206,0.36528006,0.057403136
A0A4P6MTZ1,a9ae270a7fd81234130317d25532f9c5ea8a5ef107c3c3a584ab1d05226c5ca4,318,6,-0.15386954,0.377932,0.07295879
A0A4W3JFK3,3894b62c0c4dbe36b0e464191b2122fa26a7e3a0fe4c338bbcd164e29cc4252c,535,3,0.052468803,-0.116609365,0.098374896
A0A4W3KDS2,589b42acdac9a03988888faeb0abc9df602b0f5876737fb76271158367503f4a,570,3,0.030620571,-0.10730782,0.03605482
A0A4W6CXZ2,96ae501145e1dc4d087692b72e489a8be20cf72b73b35f04291237e0144b939c,539,3,0.10695514,-0.059254766,0.14968807
A0A4X1U1A7,f530f41e9790747ee504c90caeb8dd282d178c9c9f4c6802caed97186a125075,440,3,0.13993771,-0.07194183,0.12105842
A0A4X1VJZ0,3603bf8069217cc21f1268e9ece9760d2b58dfe73a09b2b2363af44d230a0610,553,1,0.27979133,0.13461724,-0.12315885
A0A514JSY6,78b4a6d45e9c6a5ecd60adde041da18c6cf505f727463e38531f62671ec65ad2,425,6,-0.38377678,0.27562317,0.07568925
A0A517VIH9,079e0b297690dabbb754f4d1a9bef6d3d6f7fd35337ca4b012877f52509691b5,271,2,-0.15900227,0.09676945,-0.15859768
A0A518JQF0,058ce1a238bf13877bc88e979bab0e461c35a441f486e815150bd494e0e3da93,275,2,-0.007021614,0.19119297,-0.13096097
A0A5B9EBM0,18c3792cacf07daffc183b65eef3c4e99111bbad54354f78c538df92bd315f3d,272,2,-0.03679268,0.2392219,-0.1477833
A0A5P8KF11,d87f7546f7504b7907378a9c72c21d2133cce7f71b8dd7ea7bc61721227520b1,425,6,-0.16468571,0.39666647,0.027984818
A0A663DYA0,5c424059ad0082ce3d371660528709ba93db6262aad9547e276f7f763a7c1d7f,366,7,-0.21770345,-0.009087288,0.2673055
A0A663ENY6,56383248c7a0f85dcad060f9ebbf0d24897726601feaf4591c8c5d9039e45bf7,242,5,-0.5101322,-0.19838001,-0.11334205
A0A663FCV9,7d39a300d06eeb82a1c79aab55e4d65e784ab26dc991dca63ee6b205fbd6666a,431,3,0.13195333,-0.07889889,0.10502869
A0A670IW15,ddfece335088e4b1691bc82a38012f9565adc99f4bd98a93bd4261eabb4dd5a7,241,5,-0.528821,-0.18362992,-0.11633884
A0A671DXK7,b71c48ea0121d6972f6140c700b6106c5cbc61b49286a4cb7befe50e3c307f78,326,3,0.17678154,-0.103297375,-0.036773585
A0A671FEF4,6ca9dc1741114e45307f569f3d84f72b01dcf747850ca4e14634b1c4425bf139,388,1,0.3123296,0.016871084,-0.016853573
A0A671GBE8,c49472f27e440d9e00b1b0a2cecf87a7bae782005c5aaf22250e456068f74218,571,0,-0.079420574,-0.094526276,0.05923696
A0A671RJN4,0469d0743e061babc81cbcc97e00acede7e046e03c67d499988e409f6d7a9ccd,353,3,0.14107929,-0.08394855,0.082795225
A0A672M2R9,426a4a63021eeb25ec7679b76720116206ca042e7f620c84cb28d0da92d94f02,250,5,-0.48979256,-0.15382777,-0.10510367
A0A672MF65,06f68daf4c987053e7a5de94f1deda711f371a48558abf50ef4fd269cca3f683,452,3,-0.0014711155,-0.10026089,0.11459497
A0A672STN7,c0c16bec991e21477534d0f79571387742914d13ef566d7b5735049fabd11fd1,358,3,0.077134244,-0.06607982,0.047743015
A0A672TZU5,98475aed8d7dfcdcbc7325aeceb4380452be9622097da4408c23d1481c0631a3,439,7,0.13967463,0.1364522,0.19680674
A0A672U761,269ae57a98bcf51476f276e4c9aa9577e9874f29f600c95770d0be447f658440,543,3,0.12013814,-0.068766855,0.09902412
A0A673J9N1,136dc4b868f7e4bb8ac17878166fee7f13bc5a873e916cc134b8a7984b22778a,313,0,-0.08431991,-0.13095944,0.058491003
A0A673L3H4,a53ca66eb6084c5eb33bd23d7b51523fa2e555e2d73bf10d4ca61b0a47a93eb9,407,3,0.19474912,-0.053966116,0.05355223
A0A673M151,83902e57186a31a27eb0a521f9a3951412ddc595df89550b68b4bee29e984c7c,412,3,0.18889678,-0.044790637,0.15007587
A0A673MU90,dc32728a51bc92b1f1045653cfdb981ccf818be298f0af57846f2c83147a20d8,317,3,0.113512345,-0.09645165,0.054876868
A0A673WBN9,72aece76cd7cabbc313180e116440aa9d261a4ad09bd114eb7852dc9fd723258,338,3,0.0071832063,-0.10272082,0.061607134
A0A673YGI7,cd37e13fae85d30c70956523fb1d298b6687c54cb4f0b4bc569da155ce02dc67,564,7,-0.017782828,-0.06017636,0.21336164
A0A674EC82,6923da72f40b5136b5501b038505352a60316113403d9630d4e7b38e75549613,436,7,-0.037608277,-0.09905699,0.15170349
A0A674F725,cfa85f7237f628eff407ba129c4ed925e5b4f4eaad28a290e8cd8b33e43803e1,419,3,0.15540953,0.00722292,0.12866968
A0A6A5GQB4,b04961aecdcfeda05382cb64567080803d919aa30c51f6da4dd93dd974876211,278,3,0.059511,-0.015621582,-0.068726875
A0A6A5GVG4,dee66c4bcbd0440082a601eec65854ffdb706f64bef0036a99d2e84b2c3cb91f,289,3,0.19488108,-0.0787787,-0.08270484
A0A6C7E8V2,363e7e526794df7544240cdaec7dd035180dffab8e645a45d436a2391f1d54fe,378,6,-0.22505997,0.302815,-0.05023193
A0A6D2XDD1,e9313ea06b268333870ca0679a9e8f69bc3240a72229810f0685f3faba37b3db,581,7,0.037332732,0.017323507,0.13133128
A0A6D2YBP6,624edeedf2662cfddbfb2ca0f9a66b18d648f1a41a4fb44c2c557296713577e6,440,3,0.15007123,-0.07591577,0.11230475
A0A6G6IS15,7769517bdde5e93cc209a66becae877f43ea9c340dcbb27f750b999e7a1e4f0f,334,2,-0.31154215,0.17673765,-0.1336514
A0A6I8P296,04a0f625befd96dd18876f985d9c3f92ee6925391614c3588671241f24cba4a5,598,3,-0.011763324,-0.082201324,0.12856404
A0A6I9ICN5,4634698e79a29d7382d303ae5f9d001d7df06f9528443a881f5246603ddd74f2,320,7,-0.11301295,0.026672177,0.2820401
A0A6I9NMR5,40be1fced16a0606024e33c651fc488df5951f0341a7d70c721cd091a22bfce0,225,3,0.22286513,-0.04580303,0.011974475
A0A6I9TBQ0,93e89f50af1a523f34d7c6bfa7be6e468dedbba4229fe321d49e103a9961ad2a,247,5,-0.38099906,-0.17675097,-0.14709744
A0A6I9WLI4,abc26b18409bfde928bbdee75643b484d5a432e0df6aadfed09ffaa458069601,367,3,0.09225208,-0.100903004,-0.0003408022
A0A6I9YCP0,a9d4901d868121efd2c22608e3825673afda883e8f7adc4f641d78a0178b53bc,409,3,0.110537,-0.17062575,0.025173098
A0A6I9Z7B6,2c239f1c9f1ecb53581f18c288b6a4e7c82e21a834721ced9e6c828f42d1ae8d,416,4,0.07042093,-0.03740078,-0.11428731
A0A6I9ZWA8,3661061988219444f35518c1fff7ca0306a37e8d3e28b1b7b031c707dd4d331c,330,1,0.40275773,0.069681175,-0.0797603
A0A6J0BWW5,4ae37f0babc8ac0029a66e1b4dafe89cff9826dee97240043c144347e6f5022c,599,0,-0.08877869,-0.19144936,0.04997537
A0A6J0C4B8,2bb97b7863f659789f9c3cd1e8fe44f35a5be8ccae28864ac70f5597026457b5,253,5,-0.32813174,-0.24176894,-0.21686462
A0A6J0V6P7,8d245ab143fa6ff597c214f3c2e0a1a9c31906baa3b0e717047d13d0ab01e8e5,354,3,0.031141222,-0.14626016,0.10136313
A0A6J0XYB6,466b030e6719a2ea99d80828f046790a215723e4763b01ba8697b717cdefcb1d,440,3,0.1576937,-0.06561818,0.115026765
A0A6J1GJS0,5b5dc87dccf5e45b03d0759006276cd2d0a02d253a11a143777d7f699482f379,441,3,0.0016746452,-0.13687691,-0.0020143648
A0A6J1H915,8b0dedf73177b86681f9c62e53a1cbc11fe5d6424679028353c4f858487a9983,555,1,0.5115113,0.17486483,-0.13268597
A0A6J1LEX5,cb0ccac9e752c3d2648982aceeb378273cacb71b983d5b695606fc277b558b44,241,5,-0.45384598,-0.21043982,-0.18780948
A0A6J1S130,543d34c8ccbc43f112138c0a103013d21b1500721a74947c0b5522c456bca1fc,354,3,0.092274055,-0.085176416,-0.0034613055
A0A6J1UVK5,1e03c3875dcd2611061a77711949641b6227659ce82871573974d9ec967d5f7b,235,3,0.21341318,-0.03381683,0.040171694
A0A6J2CEP7,e2e7f2912c92c5646b8e916a5aa8f86e1a36c4eaa1a791bfc9ab1c8c4117e591,344,3,0.12545525,-0.127959,0.05360609
A0A6J2DQ21,daa164f8444e99f3e00f40e2e22ada1812a10aa626a175c64ab86ab1006c02c2,327,7,-0.140063,0.0002263599,0.24999768
A0A6J2FCX3,2d5e49c1404c8019f0034ce32dafecbc092c2b14c5654ade6b1e1f7596923f44,389,1,0.31088144,0.012717465,-0.01657192
A0A6J2JFR2,5d0d98e5e1f5d5c0671a3a0c05e890b25a5e88679d2e3fd6bc5fadd7b689792f,303,3,0.07281151,-0.116193876,-0.01917258
A0A6J2K560,09143735e952d970a3d2ee66940f86c0bb4a68d0f2fd4cde59c8e768fae70624,246,5,-0.37857392,-0.24381123,-0.19540192
A0A6J2L6S3,ce56fd811d43f883bff8d518609b9e560f93013a7a47ff52bb50d907ab322f2c,446,3,0.22502175,-0.0005272927,0.09077927
A0A6J2MNK5,d5d96ee215bf5f73e8f0923d03206ac0d2dff324d82499efd43b8c69f1727338,399,7,-0.054201894,-0.0943686,0.2790633
A0A6J2MX08,6ce2c013257b8f55c9b2cd9a73fbbba5a3e74d51b543e2ddcc49ed8cc6d7e2b6,598,3,0.05699127,-0.12661292,0.020381015
A0A6J2QVN7,5f660f77c6ea3170de813d59f0bd7ff06ccdb449b7637d1fc3a9d9478ef2b324,587,7,0.015559371,-0.044007,0.22797403
A0A6J2X1R0,863365d671eefe45a8fc4360c3b99df1efaf4c5b26daa2cd68b937ed0bd664ff,240,5,-0.4049129,-0.26678455,-0.22439107
A0A6J3CHE1,560445c23e06539fb8b63d35123f7f7d2b377b8eb29f50cdde5c2112b6b45137,382,1,0.3124344,-0.060240343,-0.06858208
A0A6J3DM71,daf02524321d316cb33a3b8b8c20f0fb5adadc31a858ddb456bc15bd0f7f0803,344,3,0.071836896,-0.04187327,0.05892395
A0A6J3E2S2,671e481987f21cda42f30744815930fffcf7391450bd6b2a2ceb8cdf298164bf,355,3,0.12343483,-0.110649325,0.111638665
A0A6J3EIV4,c90ad1046a2aa1a0d7c28d3238f7f91512a7636d6aa73a148dc61344d68362da,328,7,-0.1295726,0.25283602,0.39288652
A0A6M8B7M5,ef2b31e3a9181492d2978415d1afa0313d359d6c522a6fa2cd9e96fee7ae6de9,280,6,-0.14047636,0.36877725,0.03383241
A0A6N4UKG9,aa6cf5bcbdbc596ed6920b5015659e8de537b05489e64048c2d786fd84a99b3b,241,6,-0.45514512,0.19204848,-0.07755582
A0A6N4W6A0,2329483de42ad8d740a40a2a286f59a4a6b5063b621903ce117ce4afbb17d6f4,261,6,-0.3432482,0.1865002,-0.095155224
A0A6P3DWS6,9d7bee173683d6ef0dfcce44a60d3575d53dd334cfebcba5b726ac29c7f8627a,571,0,-0.081439994,-0.11918739,0.051719215
A0A6P3GW53,de607b790085516ae7f175e8a2d13af6c4f9eb7e7c33f346f0110959d186677a,324,0,-0.28779078,-0.11936205,-0.020510051
A0A6P3HS62,e7547150cfd9cbe61feaef961622e6eeaae65d8e38e13ced6c868c345ea10d27,347,7,-0.031619497,0.025823709,0.17867269
A0A6P3HTK4,7011bdc5b4f56edd6d582cbf1a984ace62a9ec8bb0a855765c09a67c4dd81037,394,4,-0.045742642,-0.072441086,-0.13756093
A0A6P3IZT0,ab08a4ccd187a44d81c50831d263a08ed7c1721557befdf1bae67400aba66c15,351,0,-0.24312504,-0.13012594,0.118488014
A0A6P3QKZ3,93a5df91e8c2cbf28ab6f1d5fd9e8b299531c111c48f49706919a563d4d232f0,330,1,0.39511985,0.08601677,-0.0664755
A0A6P3RMQ1,0f69575e6529c61709884e8eeaeed8ec381521cf9416aec592e4cb8995b9b642,334,1,0.15204309,0.27029553,-0.0104828095
A0A6P3WBU5,8778c7b90a1029f7c37ddbb3c04140ca2c6a3d122a71d47ed37553e5e05a60b1,446,3,0.14280064,-0.15349384,0.05647922
A0A6P3WCM6,e37ff06a76c5ffcd09fa1a081abd11bc5924d18d079e8658bedd4416be9dcb1e,388,7,0.0045086057,0.07628195,0.25945142
A0A6P3XUM5,baad130218c3f7da155053d58f294ac93976c09710736ed2535b63bb83b6af39,368,3,0.09244623,-0.098570004,-0.004456916
A0A6P4ZD83,346b54cee1a0e944e266eacb45fd1f08e11d4933e7a05045ee09e991e3fc119d,471,3,0.26294488,-0.056826543,-0.010713085
A0A6P5AC22,32541ba8c2eca26ba470b6a8e48ac5a3c6eb292bbfd135627140a26cff712b52,506,0,-0.059893,-0.15244196,0.008162012
A0A6P5CB27,dce89ac5ba58b28f61ab2e7ec6fb7d0534fe4197d97f49ec63157f7f138a65f1,326,7,-0.15552779,0.014545458,0.26339865
A0A6P5IWP0,0dfbe18b55f0498763d9e539a7a1ad692d91c11ae91ed916aa90f892eb2fbcf1,383,7,-0.11474146,-0.19600601,0.23784445
A0A6P5IYS2,504425aa4121416100f5bd388327ddb2d3ef2e4e667c4e6467282b8b15bcfbf6,335,7,-0.1462917,0.12578382,0.30764493
A0A6P5JK03,c081545b32b39d47df3ee091ccf881a0e541e558e9d8f367b389f91ed33ef6b6,447,7,-0.091326326,-0.04606054,0.21195918
A0A6P5PHQ2,329f25f0eb0bb2a28fa5921c1050f55c1aa694e4695f6f684daeb009072dab4d,324,0,-0.28843832,-0.116461575,0.0017066163
A0A6P5PQR3,c26f71ca3c588e71b4dc6e3ef400f679e31786c4a95833ce10874a2ec5434822,598,3,0.06015963,-0.13067,0.009803997
A0A6P5RLX8,b006bacfaa6f118cfcce26e83ebdcf5fd8d19b86faac67d416fc9c8d2e1590c6,422,1,0.4005874,0.024312302,-0.06283726
A0A6P6B6B5,05d960a73143ead3a0a0e0cd4e2a7c9e06bc4bfcfb3e293d955cfb05785996c7,238,5,-0.4225276,-0.15055718,-0.15222369
A0A6P6BWE5,293c880faf856222214be7b24948f2634038c80093986ae2a4c98a96c01cca9c,553,1,0.2831406,0.12855652,-0.12514733
A0A6P6FCU3,591b22d9593980704324646baf594415d34e7b4c16194a7ccb0af0f1e0a76f0f,382,3,0.11126084,-0.16661732,-0.024456408
A0A6P6I3H1,c06235f29746d84f952b61823605a6145a73a681dfbc58eb3f1263b429ad3e5a,353,7,0.17362022,0.15220559,0.13160723
A0A6P6IQJ5,13ed878553daa24dca82ccfd97143924fc8ba86085d8d4b4280af9977e6dc1b1,446,7,-0.013929164,-0.05511529,0.23729928
A0A6P6JBQ5,871a4eddc059f3677e431d958caf9e8ac70241f7c28a4dd13d66b1f0204029a4,280,1,0.2743128,0.044627253,0.13328958
A0A6P6KCZ0,f10eb0c79ad55d30ee0448f5c7c00abd4783510a2a55756a1495601b529795e8,441,3,0.11460134,-0.15793107,0.08275811
A0A6P6KSE4,748c5a36229d8bd3d0f96c1138e1366d242cacf718932a4ed40a1f4b4601e6af,580,7,0.028388381,-0.033028536,0.19453551
A0A6P6LEM0,30637b1aeb083bbc63190abc01fa7b857823216bf2d697656a824470053a7bf9,275,3,0.09374051,-0.10482032,0.0056963116
A0A6P6PQI0,43ef135888cb77efbebd0b0d413b6546206ff797ff46cc8b2eaa1ebb4d7c4cfb,364,0,-0.027499039,-0.2801978,0.064755216
A0A6P6QL92,bd1e0d29b57a29af200a773e2de8eb028f7007cf6cc6f319aafb2fa1271c234f,565,0,-0.053055935,-0.102959864,0.040228024
A0A6P6R6G3,7874a7c558d832ba7769140b788ebf72a0d36894ba3a076fb95d788702e53db7,553,0,-0.084495746,-0.12283849,0.10654873
A0A6P6XSE8,73cd452334a1670b95d58c437e4efdfb9a20ed83ab60ea5b4de0dccb0890c6b2,369,4,0.13608734,-0.064665765,-0.23391262
A0A6P6Y3X0,00a73b6f14f94382043c5853031ad43b66294c7a1c401536332d4ba33566d66f,297,3,0.1363682,-0.19884299,-0.1551845
A0A6P6Y5G5,9ed3aa80bdae83373a17caff9ccbb43a3359f322b96f0c7f94656316784f71fd,581,3,0.25147858,-0.19609097,-0.10937519
A0A6P7F889,04c011240a2a1ecaf0ae65efc64a5481dd91b428d35bc5125c212bb15fa1bc02,321,3,0.1584742,-0.16665429,-0.09961365
A0A6P7G5S6,3afd6e680376362546a48dfeee7232f7bd209eda5e3d2ad648c966c0e6f7ca43,327,3,0.21621975,-0.13802685,-0.063407116
A0A6P7MVM0,38776d30de9782891f2729c33b0650b1c8f412939cf1d2871a8edcc2335ab470,429,7,0.16944973,0.075137965,0.26490104
A0A6P7N432,a6f79a5eedbd4b1413f49ec8ffcbdd6bfdcf78b20553646d8f2559f3243ba17f,250,5,-0.44390377,-0.20887622,-0.15701516
A0A6P7X9M1,507b56b148ed9878713ab1f2523a598caea3b53d84d63b1121368e1c6eb56e5f,561,3,-0.02197426,-0.1695457,0.06653232
A0A6P7YEP0,c11bc982659b93f1d04d2eb82e768b3853b30c9fd40a92ceae7d5ab1871a8f61,326,3,0.16926262,-0.09460118,-0.02645496
A0A6P8F1Z5,45ae47854bfcbbed0f36b756ea14c82612db9883665ccba44fdf50803eaa330a,402,3,0.0957522,-0.08126238,0.10038443
A0A6P8ISS3,7e047a40afb2c37ababa3f8b5d9ae5e1e527c6514bac2b8d042b53490de1c3ff,538,0,-0.096722715,-0.17965242,-0.030581765
A0A6P8IVM7,1d47cf3dcb6981cd9c1e4261c3e7b6f6c09e18ee49b648f3f37767a64ebab038,351,1,0.31804407,-0.09903973,-0.08595152
A0A6P8NNI8,af6614370279ccd24332b104a56cab6798900417eef6fd212e2843a6075d8a39,480,3,0.07115036,-0.1956791,-0.0066583655
A0A6P8NUM5,be328556452ea4ef829016d1409e21a43b435c05276904711953425507cff556,375,3,0.12655,-0.16377766,0.07418409
A0A6P8QZC6,41e04ed34147b3d6644e2618d35a0cdbbb0a4a943b5149fb192ec0ea4d9d0fa4,326,3,0.16758308,-0.092177786,-0.024252264
A0A6P8S746,601612d1146d101326947c6b614f7ab3473ee3be670ed03719db6200420e4072,326,3,-0.05181376,-0.133404,0.0316016
A0A6P8UCV6,326505eed388d47f317aeb06405c39d62ee1bc870c5c5f7a008931bbcb5dd162,444,3,0.18959406,-0.07465145,0.11159
A0A6P8Y2X1,d15b5126c0314423a1b8fc631cc9142cecf9ac56d72b9b805535198e512bd4b7,481,3,0.06513229,-0.14552817,0.043562736
A0A6P9CLX9,f29302595796dea72c5dd057187ff7181d69e43baa4e9242cf4805b59bad9a15,565,0,-0.06667099,-0.14480534,0.02246821
A0A7D7LEX4,7651a9e64cc07eecf630ccfc60d23324d9c19620873fd642b4e493bd32faafc3,414,2,-0.17795049,0.080001935,-0.1518831
A0A7D7LRE7,d6b3ec363793da1a0ec0cdcbe36229650f26ec5c10f2ffa1f4df96319c1b59bd,272,6,-0.38320673,0.24050634,-0.031138
A0A7E5WML8,379b96d4b54fee3e4ade409b3081dd1f362d359c951e542dd609331bf95b610e,442,3,0.12119639,-0.09997384,-0.016373863
A0A7E5X4E7,66ae4a87e2aeda9cdf1746c8a7c9269102150791acb6048175118845fecb6ff5,335,4,-0.12187741,-0.12847582,-0.16326164
A0A7E5X5T1,49665521cfff33a89078349a988b1fb7c959ca66b4a20fdb970a9b28f5a542d5,539,3,0.2792548,-0.0825546,-0.012854724
A0A7E6CTG4,3270e234b9d4524fc112f689d42248d2b1d0f74c86ae30407daeed9ecade4087,214,7,0.006289501,-0.009701666,0.17904189
A0A7F8QJH8,2d5cb54fb1e689c1d96b4c4037c60231e3f6915822c29630fcc18c3c7c06ac94,327,7,-0.2715374,0.03334552,0.26609042
A0A7G1P1M7,eec7097a611ef0536b8aced5537d3fc87daab31446991ac1ba7ab102a375defd,365,6,-0.21207516,0.281459,0.09305397
A0A7G2D4K0,9176ed330fb54f937593ab96c551dd0ef710346aeb30477fc71a90bb88635c2a,352,2,-0.23763448,0.030701485,-0.15257101
A0A7G3ZH87,da6708c58233bd1f91d62e75e40ea31800339f8364866aadb220d18f05a47909,342,4,-0.035373226,-0.0073027345,-0.12404646
A0A7G7CPN2,312e1ca261b280970800c71efa9a5d9a7f62e7b1c0d96320b58e7818997d31e2,276,2,-0.2362768,0.120417446,-0.12311815
A0A7G8PEH7,c4b225339c8cc8cfcf74087b2e981ec6b49e7d3c668b51fbd2acd5c69f42ed4f,407,6,-0.36973298,0.24058521,0.013632622
A0A7H0HTR4,4588c0ceed5e7b61b7794277ad7dc006d4e53d27efeb5f6688f05219062572da,313,6,-0.34818742,0.2845739,0.09420651
A0A7H0IG02,52b605e6be46dfaf8b12e4ea8dbafb77b9bedc87448397fa8d3789fad6cacefd,424,6,-0.37502003,0.20228502,0.021692391
A0A7H1Q1W1,e4ba5ede8c29da85bf173996bb4e45babd3e194b8e18024ca9f1b52e8f9f7d63,429,6,-0.35658762,0.30668002,0.078918174
A0A7H8R445,c59157285b11fe51bd9b5d673a4f7dfde667b0cb72aee2effb4019d0e33250ec,393,0,-0.15960908,0.020258699,-0.026465807
A0A7H9AY91,a64132dded4ff47fa50579db1f16918fe9a5a9ae1bb7d773cd67777f9ebe6af8,338,4,-0.016901437,-0.048948914,-0.159464
A0A7I7JUD4,9483e894cb3f0e26fabca46376ed9103edd6b9fbfb9a12c49d7fe26097afd329,424,6,-0.32942823,0.28977457,0.019453168
A0A7I7WGM3,15165ff7ef7efd44be11d367edf8b428a57e0c08b46b4ab69388afd0c346c290,258,6,-0.3535346,0.19389471,-0.07591292
A0A7I7XMJ8,6c409570cbe77f94bf3b5b13a7a21b7873f75bf57165a53dff9684c6d1b14160,411,6,-0.3399036,0.29816243,0.022057388
A0A7J8IFX6,0fc7cdbff3a957e809b1df8f9475f7363d15834511421a996d8204b8aeb14587,398,7,-0.027096339,-0.11984252,0.2717133
A0A7J8JFV7,476966971602d3d99dd05e1c7380e3d0d9b7f60a7a5143777f1370fcb5c6154b,578,3,0.15843917,-0.08350952,-0.021097578
A0A7M2SQJ4,ec31407a2e949a8e3dd42aca05e817c43a2569c9abf679e8425c88478361cc84,314,6,-0.31624836,0.2297726,0.047986288
A0A7M6UV07,15e4d03a8736c899e5ca1f1117da96261c96cf9e1910e34ab0eacdfa4cfc414a,388,3,0.20879719,-0.060123138,-0.061018005
A0A7M7P373,9c20ce9b6123292095a2bfd8c6c39dcdd2adfe0bd2a10fd137669129c0525443,361,3,0.07941179,-0.12478455,0.0033775363
A0A7M7PCI8,20df29183066d4d8285705ffb71e499d7ac9b83c88d0969a67e7e42ffb0548d9,582,1,0.342367,0.027136464,0.037432026
A0A7M7Q3J1,c459a3854522d64ebe29950539c3efd7184e3ffb261a3736e16e001f610b6f37,369,1,0.33656174,0.027184192,0.016985098
A0A7R7XJN6,3006f9304bd55324299c11d374cfda3725f56f5f806f851dad557a07f91f9eed,245,5,-0.30939558,-0.13660517,-0.17383859
A0A7R7ZL01,64f4f64f4cc5a27ab870e5fdc274d2463b9b45dcf53dd0964faf4fa1baa9e730,312,0,-0.27110904,-0.014855972,-0.016929662
A0A7T1WRJ3,fcd9dbd92c9c00daf7cd02059d4995752dd2dd2a5467c056d722e1017e7891bf,493,6,-0.2182066,0.3616898,0.102719866
A0A7T5EHX9,6801806061eae47e31dd12876751fbf860bc19615086853c8138cf844e1e20d6,229,2,-0.20783131,0.18903,-0.08615308
A0A7T6XT89,db3e2a8d2fd4ad1641486a73fe653bdb68fb66217cb1b861fa61f147bd003022,245,5,-0.3316769,-0.18823873,-0.19215968
A0A7T7I6K1,00d16ad9977d9b5bb3627820fbc1d8891208b1688e104ef06bf6d10c0d8dc8ab,495,6,-0.29816228,0.2516461,0.08306324
A0A7V8LQ00,3609446825e9c957b3604f7b4f171172ec1a7fb3ca8a4562df4392a20cebcb54,307,6,-0.1901019,0.23632337,-0.020356411
A0A803JDZ6,62c919778512b3790c3db5b0953a769842d0a28ec9625d08c3bdf30e841dea07,355,3,0.10638454,-0.1704384,0.050034128
A0A807LBW4,21588b9b7e5fa7a8daeb5c10259e377c69c50c46064086a0b0baa19c83d8263a,327,2,-0.32014775,0.09829819,-0.18288414
A0A8A4ZL26,03dd415accbb2775fba25ef75727840273f7d3f92bbfce4b82462002ea9bb796,277,6,-0.20645723,0.3565303,0.0587715
A0A8B6Y9C0,322062f5fa81d718bff40bc688f0983cbbc810d97dc27c39d7b7765adb4d8533,394,4,-0.04863783,-0.06878177,-0.1342429
A0A8B7GG79,1e5fcf8d4750c8fa2ccda466e53e478ec38898caf99e1efe0e26fdad3484654d,260,5,-0.41814092,-0.20685023,-0.12809126
A0A8B7HHY0,6c9586fdb92d523eed58c7c129139285c3b2891fc65ea7921e7c9403e63d3afe,393,7,-0.07807398,-0.0034212123,0.26142344
A0A8B7NC58,04b883fb74f5b508af4a479fb97bb91b5c76687a5c3432f19991d77fdaad9843,429,3,0.00885713,-0.13268985,0.0617195
A0A8B7NEF3,eea9c175dbfa19f36ff90e16752e1cd3c4ec472e901db7355899b732c4524ac9,485,1,0.46738416,0.13075787,-0.033421937
A0A8B7NH78,a8575f8a8716622febbfbf5021bbf1755c1007f9eed8352cf663eaef50090a81,270,1,0.35971528,0.12150499,-0.061019924
A0A8B7NW38,da52513009d66ee694bdbda2261c611a0812e300e77db0c50cf42e80849e4782,349,3,0.17646283,-0.0075835506,0.035596326
A0A8B7Q527,73a9ef7ebf45dedd9df39ab66fde19ed537afb08eae55a4e563b956e5ec2e87b,399,7,0.19966601,0.018273361,0.23898803
A0A8B7TW41,33d751120b37fd5e01d2b821c131607e30390b010c61d820c05704e2eed80cd3,258,0,-0.26492652,-0.29927444,0.076575175
A0A8B7U5T9,1d1deadeb0b57e0938e869714fda3de049ffc47a9fc862bc77d4ef84adad7015,370,7,0.16361503,0.12123095,0.30270278
A0A8B7V312,cd06da660f9cbf89847c7ec0d7ee1fba876fa2583a431cdb00eed724a055982d,432,1,0.40136513,0.049429186,-0.016244361
A0A8B7VD84,1562f9f0fdb325bf19b13759496a870e75d10e35f9c5f2d89e28d029c0f70011,390,7,0.0039164624,0.057392057,0.33103126
A0A8B8E3B1,11334d3d182380a741e58d5d0c59bd52c0ed6dc8c4bcbf552d2b93834742e192,408,4,0.18234806,-0.021794124,-0.19711159
A0A8B8EYN3,65c340f133de83e4b81b0f31aa6e5493b194e87ff7ed3568a3dd71c6909e43ed,541,1,0.31790286,-0.03796209,0.019776978
A0A8B8L8D2,8dca318462f6b52a8b74d992ac6b1ea1f68d5f26ae4a4bc3ba1cf33f840043dd,339,4,0.047126416,0.04495692,-0.11960098
A0A8B8NZS6,5651bdece6dc2db96b4a6d5573c2a9b48f4652228446206d7ed6b0015466eae3,244,5,-0.39793664,-0.09557085,-0.11387246
A0A8B8RIY5,e05272a43bc804d37e6eb57780d4404104d7df4c06176e2633da7f7a651e6aa2,470,1,0.5101803,0.08206399,-0.012189361
A0A8B8SPN3,0fb5f82b18fa7634b421f651ead1e64a5690b5df1a00f8b775fc54edfe0589a6,473,7,0.033698652,0.00571442,0.23251271
A0A8B8SVF9,803977326e35781999bdb79f0084f9272c7aa7e4f1382d4ed310c174f4ea66a4,579,7,0.03177591,0.025939774,0.14521967
A0A8B8V160,4739c047366eb71e4576155d702adde1963e25bb60abab706bcc556c61958315,384,1,0.3000178,-0.10754265,-0.17038494
A0A8B8WLH3,e56ca78c2ea6d73ac7b701920db43cc150a5c9b2232b18e39e631854076d81ea,446,3,0.21585996,0.025782956,0.07699659
A0A8B9JKW7,1ec092710d9a8a073ed24b910a7e7cba137334c9c6cf70a6e7fd53ead7fdbfe0,308,7,-0.121953085,-0.010108541,0.16285929
A0A8B9SPE5,68f0ad9f87f2fb6ef07a089d62edc923d3ebf627aa12ee7e3657729f1059bce5,373,1,0.28451785,0.027439762,0.04051364
A0A8C0CT36,42280e00e36e183ce5beddb74c1941637fee21ceb19c84a707944d2829eed69f,379,7,0.15178744,0.039759412,0.25697592
A0A8C0JJF6,0dc79acd98d7565652e9e434ac525249c349f73cb72d730802ca73776d2f375a,396,7,0.0134234,0.06983876,0.3263731
A0A8C0YI26,5aaf0388d15ce1a2423a4984922fb8ce7d8d3a114a60d2f298acce4573b58935,315,0,-0.08380392,-0.12734433,0.05810312
A0A8C1ZMF2,86ecd11ab949ed26b3f85a0301e37392b4d5582df1b62bfa8b7b12f06d3fc828,393,4,-0.009585805,-0.04312158,-0.13885668
A0A8C2LYS8,6986e5125b240496697d85c4fcdbb59f6c216e61b6aef23dcb0f17c042532b42,570,0,-0.0833349,-0.09581465,0.056458607
A0A8C2NRD4,1d5e1a5376c8ab0a702165b7b3729d0ff3120ae0a285777186365abf3ba5f41c,379,7,0.14662875,0.034275074,0.25447515
A0A8C3AL10,20c29934b795ad62cde8eaba82f2b85a50a25b2c36dc7574cfd296c4c003d84b,461,3,0.14527896,-0.07007057,0.12431681
A0A8C3H8P1,0c6df2a791e0e996b9a71b24016e62bdef53ab555c3e71f9eade914be78239fb,451,3,0.09813832,-0.13111061,0.14986506
A0A8C3IRI4,ecf27a46d9730df5d87da55e08f48d08d7542521849ec3ee90852850d4af81fa,543,3,0.13700458,-0.0766668,0.08062497
A0A8C4LPY6,39ff8c55367890b0c8e4eb668c3ca3745259de3578149784c08b266d9141fa54,598,3,0.052942015,-0.1282677,0.024385735
A0A8C4PL76,4ae4a1d3c88e92faebb7169b8d93152c5a73812d540ce407526bf24731c8c391,335,7,-0.16504468,0.12536444,0.2858195
A0A8C4PNB0,6184b0166b87ad608a396e69f4dceaacfe1efad8443d8cb013167b1f4e3e88a1,396,7,0.027886087,0.065467164,0.32366785
A0A8C5XSN8,2cb727a97f6b44690e17a7c6370183f772dbe283b8b38d3f83375e44632f8336,558,3,-0.031275284,-0.09269133,0.06547705
A0A8C6P119,08662420091f24271b583c4de6a018a2272e62ab5219d9650607b4a3f627da88,366,3,0.1334951,-0.17382777,0.07537885
A0A8C6QW28,ecc0a8eb2bcd8d1d144de387d710daa65b243edf8719f5a3356ef2d3d4736e6f,442,3,0.20996428,0.009036706,0.07322524
A0A8C6RPH8,de1ec78c32e9dfa2a4a1a6f4c23ae394ce27c497c8a412e3eddf70f833f00a6b,553,1,0.27926877,0.13459821,-0.122468114
A0A8C7B619,4ddb11904a8b82d0be97959206c5612dae74cc73fce64434051b3c30bfc09751,447,7,-0.107332505,0.064263776,0.29727197
A0A8C7EP51,996574a514a5241c71a78837538858db8bc27b04537ae93053a4ff74f5dc7c74,557,3,-0.05262199,-0.06749089,0.07292251
A0A8C7N3M5,df7e34642077accae39a87e50eeb4cad02f185f455e79df2e81cff11cfa41e41,300,0,-0.117236234,-0.08355251,0.12235431
A0A8C7V9T2,bb35121197531d41e0270e8be9294e5d3e5f51b0e9f5b4253fc5d9e32a1f3ca9,394,4,-0.010779433,-0.062967315,-0.14377816
A0A8C8G9E3,82453ae9d8224094e46cc1ceceb146481120e163bd2ab39490e2165314666c01,399,3,0.17032355,-0.063152805,0.1103388
A0A8C9CFK2,0a993b459d91a0a07bbabdebe34d819739c879aa512217d0044ff6549b0271c0,598,3,0.05055037,-0.12148461,0.025819069
A0A8C9HMS3,6c4c7ce8a6c1fae317c0822e93b44ca2f668077903bb55aa5fe717c2b1506919,330,1,0.39937302,0.05291522,-0.09718297
A0A8C9NHR0,ef4cbd629abae17ba45a9ce45acedc1c9b7934368689a9b2e5c1837635ecb5db,280,0,-0.28998742,-0.14725171,-0.091910444
A0A8C9UI98,aa117352d6fb630f35fcf8c0fd10e67b96f7bc3943f484af949b53177190b277,416,0,-0.024544075,-0.12807201,0.14955623
A0A8C9V1F4,7ca6c418a4d00d82028ea90675b6e42bc119a93c08ba7d68a4531ca9aa33fa07,376,0,-0.0873792,-0.23104264,0.16939835
A0A8D2QKY8,70fb87618e859becb955d38fd309184fd99300ddce114bb76a4217c70bb18641,344,3,0.07981839,-0.055434816,0.046958096
A0A8E5HVZ2,a190f191bab04cd1a8ee5ba25d7a202e50c6cc1891c3749253094c40f7d5d466,536,4,0.07484132,0.0880716,-0.030825144
A0A8H8SUI9,01062ccf70e6714fd3e2bf8b7d0ef50a8a8d7070065b1e96fa0e812b6a89a41c,318,4,0.037634235,0.10760079,-0.07252086
A0A8J0PYJ7,fd8bbc3ebb42cf58bb85b79ef84a16985a8fa71350ec7fc508a1821897b6685b,387,3,0.0858105,-0.120028354,0.022616403
A0A8J0QXX2,b8b1214d58703d3f38ff8d4d16d934cee673b63bb4f2ed387199760821f6dfb4,346,1,0.28938872,0.11310659,0.039556686
A0A8M1N9Y0,409773bfeb4fcaeb65e4e4820bde22b421b5e54b227d3250fa31f69522e45405,554,3,0.02789377,-0.10243351,-0.0020333473
A0A8R1WAM4,9b0acd301194cb16c040341acd1f7fb98ab8340ad37bea7520ba9b9dec2751b7,387,1,0.3507273,0.013573703,-0.034462146
A0A8R2AHW4,219f669c714ca20bbc4b3fe0259fc8349f979e342d4c98a2200494ed5d22df80,335,4,-0.074038185,-0.15062732,-0.19253434
A0A8R2FDZ5,b1ea654c5f875e7503eb13248b9d748ba743f061d52e2f3da9c75a15cdc74ef1,581,3,0.037652023,-0.14385062,-0.022230942
A0A8U0UJJ5,fb942ec563f4b488b90205e70fb84158466ea34505c6a94ffd0ca348bde9ae87,321,0,-0.07576004,-0.29483795,0.07196923
A0A8U0WE34,c678f80c250a00f5013e6f746b07f6613abac805103c963d30c29e1d2d5e2ae3,291,3,0.16459645,-0.023546256,-0.014002076
A0A8U1BTG5,07770a6fb55f3117d114a56292497456390152c9171ed7c387e936b8e3d24882,355,3,0.1326882,-0.090105005,0.11157372
A0A8U1H5D7,704e32b506d753ea27e4b74de5958bc34f5e4aa327ba9de3d11dce1aeaab7941,463,3,0.17344502,-0.13134815,0.108486444
A0A8V0YNU1,b40885ef420d3e48f90af9714c37dbc0be04705297f0e171fc23b13a97f67d90,352,7,0.050586134,-0.045974586,0.18165968
A0A913XWP9,dc028b96ab656ba421f2f3d03659c63dc212ac4fd02c05fb269383e16ba5cc56,240,5,-0.50988746,-0.23363696,-0.15273291
A0A921RVV1,8ec0091db2a5f021dbb0da0d3ed634a6ecb24eef028fceaab68052de66c85b4b,242,5,-0.44453523,-0.13788255,-0.115884654
A0A974CPC5,89b85cb8e55e1e0740634d682a6522e60c524060115bd36f4cd12a29f552b9ca,552,1,0.32467788,0.0507297,-0.17799425
A0A975PW30,ff8c13d7dac2fbaf88c31e5a9b3acfdb0b735111e64de393aba1e09fa320a789,320,6,-0.12034952,0.36957973,-0.0058978586
A0A9B0BMQ9,2f06e3cdc7c9e97be2abf7f35aef45bf917491a8852e0e7ae32e2d3b8919ccd0,253,5,-0.34504887,-0.26589492,-0.23048246
A0A9C5ZK78,957ba228d9239c45e0f494659bfed77c237607f1da76ef1f2f0901baf74d174b,343,3,0.219716,-0.082405776,-0.07383963
A0A9C6DXC6,dbd967c0ecf16019b65a9fda4c4d7160f2fbc95766b109dfabef24da1fae06be,421,1,0.42882824,0.0067562866,-0.047011185
A0A9E6Y2R3,c706270222d720c74dddc5440ba219f9862059cc1298c675a247d600d90ecd46,283,6,0.009589488,0.40809822,0.0102425525
A0A9F2WJQ2,34318775a44527931b9fe9cd5098568d3b0f7c21b23b4c62a82bd02ba47331ad,226,3,0.008466687,-0.12287466,0.0023690776
A0A9I3BD99,1c8bddff18db23cedf342f4f8c690371d6979b4a59177006162146ab8492c26d,318,3,0.024114985,-0.026853504,0.06319767
A0A9J7EEC1,034ba15691a9995d39407079f916923cbd1f58f25a7efa9be0ef6e09f0eaf9b7,286,3,0.11352472,-0.1410692,-0.0679056
A0A9J7F571,16c6f500548ca5e21bb1b924f665629b776dc69ae3fc9e241eed2f1df21a2760,329,1,0.3963817,0.055329133,-0.085319005
A0A9J7GZ47,8a6cb052d63451f07dc669a72fae12e33fdeb6e185898c899b892be2098935e7,481,0,-0.06242818,-0.11349865,0.04974419
A0A9J7H1L1,e79062cedb1b78448e5f5d4cf5666cb4d89d810cf71a58f2f2307ca6eeafdaba,334,7,-0.06183127,-0.020583646,0.15150888
A0A9L0IFE9,b9424fba98a91f2a0203c63286d1c11032e13ee4a4bf0135133480fb58806af4,542,3,0.13956665,-0.08442597,0.07301041
A0A9L0JV87,6604dec63870a25fed45ab4920bbda36b9d66868deebcdde4d004608a6939a1f,398,7,-0.068212345,-0.09674024,0.2909581
A0A9P8IL24,3a8e66446436b6934deb16e5ebb82381f57fa2f5144f08105082016bde5bbde3,240,5,-0.4617159,-0.14826773,-0.15685461
A0A9Q8Q6H5,bea9903519243d06f7caadb8f1b0053f61be716e28afbd77c3827fa0c9fdf98c,417,0,-0.18757738,0.045576956,0.017477449
A0A9Q8SR80,9d494318e70daab428fa84f940c8ccb68950c0b7060b24abb6f84eadca914933,534,4,0.039732337,0.044573948,-0.045190454
A0A9Q9II33,8d3369128299995c66ae920bd3d791accaf88b9e637bdeaeb5a30b7474698eb2,310,6,-0.255473,0.3169375,0.08100075
A0A9R0BJC2,3cfcc1c36bc58155c49dc76512c9e776805c5581ebedfd3ecef4ef373a937857,230,2,-0.14991769,-0.17345576,-0.29598454
A0A9V1G238,f0e9add6620e11d009b6000aedb58ee2de4918eae9630bd854b1660618be6fdc,260,5,-0.43911546,-0.19740973,-0.10812429
A0A9W2W5L9,55a90dc758ea8cc8e8055f0ce707d42b8d87978ea501daaa953b481f18d40cc2,571,0,-0.08075159,-0.101879254,0.056708414
A0A9W3EJE5,f59d946f13773fc1482dd06f0a3ebe489d1e5d856ed2d0cfeae0b8c1d5c6075c,347,7,-0.01046196,0.0037583981,0.1381789
A0A9W3FM89,ed2d3b3d581bcf82147eab16e24cea2c62df88ce40751085e66cd68a02c1e53d,344,3,0.14885888,-0.14389388,0.04059183
A0A9W3GTQ7,e00141b3862c01a33b020de9b5e3f9d7113d53949bd2dc86a3fce8cd9157b258,335,7,-0.16591737,0.12315032,0.28528982
A0A9X7ZGB5,b8be3e6b984cc208870a09b079e5e2288f83d365e85248a6d9cde02af987e06f,250,6,-0.43634582,0.20629355,-0.070770375
A0A9Y2IJV4,48c1f97bafb0c712c793069db68062f941670568c86a5507151f3deaed4418e9,302,6,-0.24433066,0.3441663,0.07884352
A0AA97JS09,a568365021a6b44306695226e48e1d2ff7f098d9115383e382cf8265a555789f,353,7,-0.23259236,-0.14311427,0.2908373
A0AA97JXV7,009e402d401961b85faed4c31baa69593feeb53391fbf5bc227bdbe447cb44ab,441,3,0.115606084,-0.055867955,0.13579375
A0AAD0JQT3,2b03fae96ee101f3718156c81a42d11b08db23afe92b2b76b590561e840dbdb7,259,6,-0.42367667,0.2661522,-0.026339557
A0AAD1M7M0,d8e7b3eafedfa84e84137b68e5013588c34d4802ce78efcd391d688929331d53,258,6,-0.36709556,0.23370895,-0.049273368
A0AAD7LFE3,a1be8d1ed4c688310e1d9c850bb8f94d2f16ad3af89bd8488b972aef18cca793,269,1,0.3127501,-0.07470491,-0.10312432
A0AAD7VMF0,710c87230a6cba28761f5e852e90ab158db59546836e3cddd8eb2e300721b70b,329,4,0.008683744,0.03939436,-0.1213761
A0AAF0XNB8,e656abb2c703fb3e97ed2521bb84e9b0b408c44f0c3d7a968a098591f60e4bb1,519,1,0.457252,0.17412429,-0.13814302
A0AAJ6QQC9,13e8862b6b061957377be57fc4b9e9070726fd5909112cbe97aeb3e8c2b191f7,435,1,0.25816712,0.014303235,-0.014846811
A0AAJ6ZV33,c5a69a4ea3e009ec137764c7e739d331fabcee91ccce928d1c1ae22ccaaa8be2,346,1,0.3424969,-0.073415235,-0.07508234
A0AAJ7BSC3,c34bf0ab79aa41acacae3ed5d49083cdca4488ba9a88a5700999aa2819d75b6f,328,4,-0.0889943,-0.08875865,-0.14960447
A0AAJ7FL53,a93d3e70c434a31587c24903b010dc637af10bca2f562947d33c0412d3c15838,317,3,0.038140915,-0.21533827,-0.043994937
A0AAJ7UB01,67b6deb0ffd6aedcf79079f7cac8753d2f86968de9c36c2af576b6b43b3d4229,352,7,0.011906787,0.069796085,0.17238407
A0AAJ7UDA8,9d0d1e421d8bc69e82ac177943c5fe510c2a8f0911ad446dd8c9631eb8a6bd68,322,7,0.0061882013,0.10824355,0.24081399
A0AAJ8B8R5,d6ae9b78eb147866ac139d2a908bd2146f278339884888b6842bfd7b9b97e452,558,3,0.21046522,-0.02001063,0.018938283
A0AAR5PXF0,14ecb0c4c0aca8c235e27a66b8c59fc7a30b2868b4bb45cbc44267ac08b550ae,323,3,0.11096137,-0.18145739,-0.038075343
A0AAU0PZY7,eafc5df9b0b89f75cbf1f88c89e95c6386c09c1812abf1a54c018019d7fcc626,272,2,-0.20242964,0.11227407,-0.1716549
A0AAU4K433,deef169e625598373a96d1103aaf486a3da0b5cd577814c560a5000f2f5db1c4,276,6,-0.3624895,0.21811126,-0.040384818
A0AAU7V725,37a2d47b183672929e974da11332777a340ee7e371ae8421f5b8f66fa91e734a,285,1,0.1310128,0.30877525,-0.034519296
A0AAU7ZN27,a3b8b0f23a780aedd0fed1640fdd3247f37d5af6f2a75ac629e796c95c77892d,271,2,-0.03616943,0.21442217,-0.13111474
A0AAU8K099,47ec83e1d7741c52bec0c32ae54d3d797f4bcebe0af9806bc45b7b1ce70b2ac8,405,6,-0.33491907,0.33068886,0.052347813
A0AAU9Z1N1,d60111b67302cc5f24bc9a283711390b79af13d3fa892020e601dcb98f1b3c58,447,7,-0.062227424,-0.02867128,0.20272605
A0AAU9ZB47,daac7bca4e8bedd1f6fcaeca78d1dc785b9f521de684e29af6bcdca2ca5ed722,370,3,0.11190978,-0.15250786,0.041476525
A0AAX4H9D7,dba107d29750110cd45efeee1d7f5d3b10c72fa66077ec849b5847772c5820a0,238,5,-0.41268727,-0.14290379,-0.18160123
A0AAX6R4Y8,341159abbad4b2e5ca71ee0564d2d8d09023971cffa62843a6456915b6d19545,316,7,-0.013245474,-0.053271517,0.18816632
A0AAY5ETV1,3878b34b622b50767f96866cc1301df78004b6a0e3b9d99357e689dc4257cff1,328,0,-0.19271106,-0.13449524,0.059001498
A0AAY5F3L0,7044c05b0c5bc7e01d5cf4ba6cba449c7a842582dbf04605996e8b565a45d521,353,0,-0.09824159,-0.28650135,0.06276263
A0AAZ3SLK7,4be6cad4d238ed584a21fb31fe4e353d2dc74433e537d89b60039fbe41ea7045,329,3,0.1861475,-0.04965269,0.013850021
A0AB33A8A2,600ccf397748583153c6b93701775da9737444a5dcb40bd3902736ec604d1b5f,317,6,-0.15302415,0.2545157,-0.007686203
A0AB39L4K3,97135a5207b5227b54a8c97272b80e1410560b25a6be4a84ce7c21870db63cf6,471,6,-0.2057625,0.3145818,0.048195284
A0ABD7TB21,be80e384e5962fe8fb76b57d33cde971cea106d714ef698ba44dca86ebd19499,341,2,-0.2796566,0.17207097,-0.13642475
A0PML2,d6be5c17a8db1a932228604f7a59e39e5a8cd8e0b40e58f7f4f25db25f37a98b,327,6,-0.11461358,0.31030184,0.006279319
A4FMJ5,71e15bcce80899eb59bd7b78489ec3a7b73a75a0cddc83b2aac364ca84ee6069,402,6,-0.2228502,0.36761445,0.025951378
A5DMC8,e39064a924194ca0b6b51a39b8c71bf34af776cd360a520654ce4ec8b77771e7,222,5,-0.20561709,-0.08877769,-0.1820135
A5DSG2,f9e5f27d1152634e80685899e0b3dcabf201c085f8b3db0f93d1c6aa3576dc9f,341,3,0.065617226,-0.09054553,-0.016505564
A6W4C2,52e26b017fbb8755a5ffa503517289864b62ff8027f65434b27fc9ac612b8bd4,250,6,-0.32971102,0.42282787,0.10614728
A7NJX3,4d911591896304e4b88a5f0b0d73e97b9ed357546f08668bfc82c53f4402adbd,276,2,-0.16443282,0.25664413,-0.048058245
A7RZM4,8a21a957fb290b13d029d62d83e945763e8d661fd01f75c76455b9449cc80b10,252,3,0.022718696,-0.09192703,-0.0207984
B0DB23,03a9222c50cafee989d1b0d5a46fb2137e7c5384f4f90dd0f16a1bb8babb391c,267,5,-0.22847934,-0.09173133,-0.11972323
B0EEV2,22514dc16017ee3082964e6324f491f6724a1de5974fb96763847acff9085c06,353,2,-0.04872246,0.022518449,-0.2808772
B0WFP9,84c03ebfddd816541e57e204f72453284c0f6807ca8b9f47eee95a3aab9b55c0,367,4,0.025230948,-0.021698192,-0.10629704
B0WK46,dc7ff19de361ccd2de2a28af30378ea6b033d2c0f2a74023f6a4f114b114346c,275,0,-0.12859416,-0.1971445,0.06532577
B1H2Z5,073943196daef0ad2407be88d882d48bf7438f74301e70dacd62bf63fde547d9,352,0,-0.034717992,-0.23600177,0.07681332
B1LLK8,ccd921c54f86a2660e6d118089e01a65b2448ab711e3c01c5c88e7e5e166539d,322,2,-0.2861028,0.0455399,-0.21249951
B2W2A4,30316b1270cc2026eea926f0f6d46a3381fca40052d37efcc4854d9ea4ab11ef,566,1,0.48603982,0.18459532,-0.15080297
B3M1Y8,4b9a852496dbe9d0cb288c156739e8a216f178720cf880f11270bc76b9bf04fa,368,3,0.18764485,-0.11190288,-0.042118706
B3NJQ5,55adcc8d643b31e3668d98e58914485a4515f956cf52945f38e2a31c03c5e416,458,3,0.09923218,-0.111991026,0.019942002
B4GE30,0b321789c731e23f0d9fe908613b4bc24fb9ff5794cb900447be761812c327d8,318,3,0.11729031,-0.16111793,-0.09321342
B4HQ92,7a3c0693f0e5a9aa321a741484e8d3a68e1cb91ccc1a48a2fef302432767bf3e,458,3,0.1268064,-0.12244588,0.018396746
B4I7Z5,aa6773e2fde5187cbe2d84bbb6473a6c96d389a4beb7d3bd01512ef48d2785f1,440,4,0.03500486,0.042830806,-0.05728527
B4JNG3,606bc03f1be8544822c381a4a784de992d6ba87ef9c4e8a672386f8877d3dc3b,307,3,0.091745466,-0.053347792,-0.025170173
B4KNY7,35454ed4943d3eb66a2e8d0fbda9868862d375e030b8b7f5b06379a9b65d915f,460,3,0.10949971,-0.17704484,-0.037635464
B4M9H3,017a91d6cc37e8c97210f83e9b01dd6567f884cb2f232e6c10878c28da043e7a,438,1,0.3934156,0.10864377,0.012704955
B5DE62,310ec1a06be4c27933a588f04f3268745b1dc49c612465a7bffd39dd8dd08291,374,3,0.023555119,-0.15294546,0.11148492
B5X115,657da075e0afc7003ed89c79d0caee5bb77a4590fc96b4c21bb79ffe1e88c12b,332,0,-0.22981182,-0.16104023,0.059511382
B7KZB8,558c876c6409a6c5341c3c56931715daaf86cf25f49bb326c2059dfc8534928d,394,6,-0.078680724,0.32430035,-0.031037401
B7MG21,0243ade1a9af6e6534a5bc502ccb08d123fbd1a295de51de3e377fc24e4bea0b,322,2,-0.29174986,0.05310351,-0.20735562
B7N5L9,b86cd999ac8efe3c42bd7f41a1118d75226a9ab65ff6ae813a24f49ba1c6e98d,322,2,-0.28330237,0.03903777,-0.21992813
B7Z3N0,93794d70ea8e1311b04d3cf26708f7b2984fc336f872a150ba2bf04f01150a1f,402,1,0.25402504,0.017454417,-0.113782726
B9SW46,2f36cb43a3dfccfc8f4532151ffa521b3972aabcc71209c740b69acad1e6f58c,443,1,0.4269545,0.036473915,-0.07289928
C0ZRF9,d42db0ef028212ed9f1cf32c19b9a06f9f805e311e585134f4d5e96820ec736d,413,6,-0.35877877,0.2368225,0.0011353322
C1GPQ0,2eb225f5fa952c750726d68c4e3b698e69331634c66f6ffe97c4c8dab706997c,555,1,0.257366,0.09607366,-0.07091221
C1KH59,809abfacdd25ff7d3146ecf437425b7b9b00e63873afc75fbc6958467bf674dd,350,0,-0.16194184,-0.25099483,0.14065492
C6E421,99f89a246224f8116400670bc0c6fce10f1eed79cbae3f533c81a705c853d9fc,256,2,-0.20175557,0.2610381,-0.05692652
C6WG10,d428051abce3bc362712bb303968254e2db3db3ac7a0d883644bcb60df28dce9,441,6,0.120639615,0.5251845,0.15156208
C7MVI5,b8a9be9e7bfdc59d09e2c167da5b36b1230995976e3a624bc569b62daf4414fa,312,6,-0.23821105,0.35543004,0.07938311
D0LDV4,8c0d1106a1985c50d08caee78200e3d52ea6ad9d7d50d9437d0ced19ddcca979,272,6,-0.3577886,0.23477179,-0.045725927
D1A2L7,ffc02aa05bf4351085ce2f3ae00ed7c78f2c0c5d127a9de9834c44ee80fa9dc5,425,6,-0.26988143,0.38293192,0.07046318
D1C487,5a764eed0e8c98552741cdfe6b21becc88a7ea405a7e86063f8aeb7d1389b18b,276,6,-0.13105686,0.34353498,-0.00055652036
D1H0P5,d10d65d962e3754ba5ceaac075acf2bebc1495bd11452a1112e21424f670155f,327,7,0.012710221,-0.019692738,0.23762529
D2BF27,5f92683b2eed9dbaef4d73993e64f5925fb628ea27d73fcc086e4a4c7c8286ea,318,6,-0.2657,0.2790773,0.071947
D2I5F9,6fb891070a190437d842ede8e05671753028dbc669ec9986086eab76c25d658f,445,7,-0.07536152,0.03015313,0.22527328
D2UY42,c56a69e13595b95e2c60fcb6c866e0a8c72935ce981d1859cf0bef4af57c8518,422,1,0.32344025,-0.12821615,-0.09756172
D3T2K5,24c31c48bc40b5b1e36e0ccd49b7f1d6a82fa102149a46f3eb5a8aa8c3bf7110,206,2,-0.2377751,-0.14430928,-0.23102081
D4A849,2751328bb80fefe1b1fc866c6ef536bf0542d4d84f09f52a0f5450caee1882d9,576,7,0.0468554,0.019527854,0.13300496
D4DCR2,6d1373e9315e9eb232c5dfa0ce90e5f2e183cb601e04f5b59caace1b47c91730,426,4,0.018609913,0.009461536,-0.051905133
D6Z7X0,d4a22500ce7a128fa2ae7b0097d6271410934030b703a0af3e3f351ae9bb8add,302,6,-0.07440085,0.3467289,0.0340216
D7BLA0,eefaece0821ffe77487a759eb2a5ac62a8dc70ece15604250d54ff58115397b5,257,6,-0.12539251,0.22264251,-0.06634412
D7CKJ4,76b6a774111b83202662837dc8b89460ca084807afd291cc848ea269bcba7907,224,2,-0.20859687,0.12282657,-0.09771906
D9PZW4,f87e6345f6ced7e25d5c63d3eb0e9a8461ce06c915689b42716286413f9c1633,363,2,-0.08414839,0.08323348,-0.16378474
E0UEY3,3d5f502430c3f3713d1988c3b128eca6daae77030499782434dd0b534b0f2510,476,2,-0.13679019,0.018620193,-0.12020374
E1JGQ3,64a2db1d81673827b0f998895ea35651ce0100a0af576f3a42b8aff70d8f2bc4,287,0,-0.30019346,-0.17364213,0.08636606
E1ZQS1,e0c1665536ad3f36948885755306b861bceb3073daa6cac65106474b68b9396c,354,1,0.15163381,0.18396166,-0.037080497
E3KFE4,eb5e7e78759762962b08d146739a83992ee7d36f1faad06135c5bd36da47b463,519,0,-0.11236838,-0.07130819,-0.036418594
E3NB15,ddbe3ea2eb09413cff92490a36ac53ef21bbc64a71fe6d5b654aa180072acef5,428,1,0.3618785,0.0041750968,-0.091878764
E6TXR3,508df979251d283489ad67d5e5878bf876e6683558b67831c0c11a2d1ba3cf81,218,2,-0.122623116,-0.012555557,-0.2428493
E7CGJ3,9d83c9fadea036b3ddf451fd82bb5a324f617cdccf6c7d280e00ac51485dfe1c,375,1,0.34074572,0.0047896923,-0.27722564
F4CMC9,ad6ecc00e18a47ca89f8a00bc9b8b15e7087596275b0e9770bb1bf942296ae6a,316,6,-0.2708411,0.3720292,0.102712244
F5L3H8,08f017cdbff122802c99161a0855c73b8087cda2b8e1df58ff12e29fe6b57c72,227,2,-0.07543674,0.100306295,-0.17498574
F6B9N1,ffef271f87e23d4f473530a0d39e27abd9927c82f33641c4c697414124b32930,235,2,-0.22089921,0.16518155,-0.11341221
F6HHP8,7da49262a127c52f4bdfcaca62cc18ac635c5a27e5a1f1522ce439dcd68fbf59,437,1,0.42007804,0.03840597,-0.06053702
F6RH18,a6a7495accd7d70c76367119ebf5a3d039aa5afb036134370402d7c418eec541,344,3,0.14811692,-0.09135181,0.050188623
F6VYP5,d4a830e39d3dea88d666a8583e87193d1a0d856b06604b80075eb22e2c6935a3,552,3,0.027753655,-0.099184096,0.078869775
F6WCM8,f859d5c6943a15208bdca6a19097e2d003e7f361999076cbbfcd74b3d23089af,532,3,0.023607591,-0.13417739,0.12853146
F7BMV2,71f0fead3140e0f453febde6f0a25fdf87ab9d0054ff7a9225e3ed8ae500b3f9,581,7,0.037173346,0.022458412,0.13146104
F7GB23,7e5517e7f06587f99644df8f31007084e7d6a1d3ed4ab28f41781657f20cad71,327,7,-0.001626407,-0.0042507923,0.24151042
F8E253,baef0a20ec71d8c31c1e1ce8e0f2bf89d7394c416f89db01b9c6f3a8847e2fb8,264,2,-0.3252095,0.11442608,-0.14476928
F8MHH3,3483870f30c6fea72d06c2cbc6d45e66944094bc7618e7fdeb97a4bbd58aef77,244,5,-0.3511221,-0.09619665,-0.16697593
F8WLR8,58c6965b91e2f60e62569df2e9eeb3a693c6a6497c94bf608d16d3441d746d0b,436,3,0.11258324,-0.120879464,-0.019607304
G0W715,4f2822d429c18845e0ffed102a89a59ac0ef3b229bb5aa1dfe1d5bbe267b0357,567,1,0.52238065,0.0046590343,-0.16291553
G1KCW6,5c87948cc8ce09e81dc60ea7d0ec20808c062b545fa4c63b0e4680e6c18e69c9,354,3,0.17168348,-0.10845193,0.0480996
G1M3Z7,bde19357f9240ff1ae13a062a8bf0e7694f1f241aec0603463b6af35ef7d67e5,260,5,-0.44890258,-0.20017691,-0.10280472
G1QSL9,fbe1ea2769aaad4a49cf32c04537405182145f075a2fe9b1d39e5ccd893502fd,532,3,0.031459637,-0.1149955,0.121898144
G1SHH4,86f10bafa41057761e5840bfd9434b0e48bad493e35d53c57093388f6236f64a,396,7,0.0024113902,0.07770157,0.33780628
G1SSD8,f9deb1c0eb64dd1bf2ae68cdfe81b0b2f1c622a4be45197b67ed5f5edba1ec27,598,3,0.059342474,-0.119377956,0.01700878
G2XGT3,b00fa78b67f808040226941ac82e88752696c123a7aea1114c78dfe44e3f3523,543,4,0.035437614,0.06286846,-0.03534662
G3PVH1,8c32bb7a4b0f3ee0d57ef592a37a05915dd5ead534312664d6b889bfb03e4dbb,322,3,0.08867191,-0.040541854,0.0903266
G3QX49,08338db799726df729e54300bd2ec73ad548b421dece95ade309afbe0c4655b8,470,7,0.0526722,-0.083039716,0.1829126
G3SPK5,700aaccb69fd5445810404635fed3872d1c88a933bb3202347772e6934973b8c,387,1,0.30418777,-0.0006097644,-0.015305671
G3TKX8,073a0b1669b15ec98c2ebba225a6ca3182fb32b48e905239645de867790f4b14,344,3,0.1625594,-0.115361184,0.037999995
G3WVH0,b84914f1995252c0a0fbd54d74acf9c01e02ae37adfafaf001738f4d72ddaeff,393,7,0.032538287,0.05067997,0.2719787
G9NK52,803f1288f1d254d7b99e939bbef5cd6e93429da5a195bd28a6e49f36603a7d24,243,5,-0.44661817,-0.13743629,-0.13540334
G9P366,a8150cc2f3db2cb628610896ca467d07461b3fb059e853b328cd656df2223cff,418,0,-0.14227027,0.029168913,-0.005760366
H0V1M6,bcc8a8211be464452553b9a40eb53c34c36b9b218b865cfe2094ff1f31019744,347,3,0.12771721,-0.11357661,0.0814899
H0WJK4,e521656508138d595d85351e6a665f669ab25187754eea6034b3f76328ad65a4,376,3,0.15475647,-0.16565682,0.027807996
H0X5H7,a9935a9e37533042563dcd8865d09b97666ab790bba05837d4ef1fb267cfe6fe,552,1,0.3168447,0.024496967,-0.17737503
H0XN69,d1199ece7d6f021c562696cb1ee16c4e4742490705333a76d525e2d3c7cbbaee,447,3,0.23129877,0.023280969,0.064215586
H2PJJ5,37eb02298c3036f46a9481c7dca1bde43c67d30d3d11d1af8907eee5e5ba5b8e,323,7,-0.13909605,-0.0097706355,0.23361118
H3AN27,dc59de2f4c4cc5b5700ae6e367e3603a1c93829a785c82b5cd9bd15e99bcf54d,445,7,-0.08020521,-0.11640127,0.17529057
H6MTZ5,ed242813721c7a7245034eca4c638c1f5c2304b637aa8d0bc1e8da6178a56b50,424,6,-0.2422835,0.21894412,-0.057662822
H6N2M4,55fadd379836393076587ca70fdf53cf03a75dd70ac66222d55020841517ea85,250,6,-0.46502036,0.18174437,-0.078012235
H6RM46,28173dc12686905a53478e211b69895d4bed2df9566dfbff09f80b3445d9d4e4,319,6,-0.23279142,0.38706017,0.11136406
H9G186,26234a68b1c2ec4b5caded90f98dda715f0a6e377e76faf896ea8b79a70c447f,578,3,0.16192204,-0.07234721,-0.029770937
I0I2U0,e3e3016b9949a061cf457bf17f98b93db0e17a01a5ac303125791bc7a4aa580c,254,2,-0.14522436,0.07631608,-0.11624674
I3JAS7,07fe861e6062c00c20b0d020c98a8eee983b4afe96c42ba540d231e01e502878,521,3,0.1226607,-0.09101246,0.11707957
I3K3A8,b1e4112d0ffda09f9c82f20021012033433cebafabe984ba108fb551a80593b2,422,3,0.22175457,-0.015382662,0.18037687
I3M5Q2,e228f4a3225d0466908420da8ea3f42632130a031accf9ac7c15744dcfab22c4,398,7,-0.023072269,-0.09577375,0.2629145
I3MGC4,675bdda47c1b071232a98c795abdb488867dcb0dc3f4cba843761aab70b03878,382,1,0.31417367,-0.043784324,-0.050190933
I3NAF3,1bcf35b950430fceffc1ed7bd01a0383e649b67f3eb26d03fd79a3bce36ced62,323,7,-0.13476935,-0.019996807,0.23141931
J7S5M0,6983baae98d8c026dda7330780f509b565af1a8d80ed46da73a11df7a5594d0c,582,1,0.53103167,0.076888956,-0.12115618
K0F109,b0b18d0a680bbd837956092a4624ff6fe11d0262002d9ae5a3b3ea1a91e89999,412,6,-0.3576723,0.24963209,0.02470739
K0F630,64c6702e0d7057604de373717700c79d935b35a0016022d8f1bddcd29c288822,317,6,-0.20491646,0.2979944,0.047466844
K0JV11,ab459a3718af005b27dd871161a4f5dd483a6979bc7ae79de39eb763d58a5ea0,415,6,-0.4268432,0.26731965,0.06556732
K7FAU8,f660abddaaa0bc83f294a08288cd51915be3f9e0c2dda95eee0a54fb883b2682,382,1,0.30441535,-0.051194377,-0.058707103
K7FU19,9661ef0407c37f815787ae5dfdaf56dfabc5cc3413c6fad1273034f9dc9919dc,331,1,0.4141548,0.062094375,-0.087780304
K9IJH9,d7ab1e75e5eac77aab9088e3954c40ac3f050d44b3fce52e014147e9b121a219,344,3,0.15607354,-0.1200989,0.01853936
K9WVH4,3967ab795662536c7634110ef68b356d7411af5a3e94bfd5ba4d90887a0e5d3b,471,2,-0.1697661,0.038223866,-0.10398763
K9YS80,2c539e338afda73981766b6270bf20206fe2f9f0101b4baaa4dbe84f3477369e,381,2,-0.09731324,0.028221454,-0.25466946
L5KF06,b8b9b647c687e1a7e0724a292f1c5d8b3e32ce587944cd3a940ed24493917b5c,398,7,-0.043517713,-0.101477265,0.2774849
M3ZW98,3cacf4db15444015d73212f322db95ca35f4e3e70bb9c2faa7b7a6d36d67cc30,250,5,-0.4991629,-0.1757358,-0.11196739
M3ZYN4,d50dc1525e0a571e0a217ce3d8126b60341967b6dd1db880e1d05fd6b7a37803,304,7,-0.121261105,-0.059665866,0.16845264
M7BC88,3c3bc4c113cc8c5939512f4d2ef07b597e294ae5dd34008f25ee6cb8ecbe4b3e,318,1,0.40028188,0.06309548,-0.088577844
N1Q6P7,7c38ef71712a8a37e59c12dc20d77ea7f198852a9b2466bab68e4f251c3429e7,600,1,0.34552553,0.096731365,0.06462884
O14466,17ae860db727ee5062e514ac3ac571222e84d2a86a4921b3274c910baacbcec2,236,5,-0.40235144,-0.2129612,-0.22313713
O35789,34c7d628dd43282105bd91b697fe50f1925d01988eeab84e06645bbaefb8234c,334,7,-0.06117931,-0.016028639,0.15306444
P19816,03017f918dbbd504a637dda816d4718ea94b9239327b805259ea19e8af2b7c07,337,4,0.07642561,-0.015598361,-0.21187854
P38287,fdd34685b7ee1f04988fc65dddd12b3a90149866dec35b967882c4b3517d1105,376,1,0.2945269,-0.103344016,-0.16872774
P38649,23487df06b81202deb7b366e51f1b323da7bd96809c5902bd7257c0be413979e,332,7,-0.113998406,-0.1534446,0.16182655
P46976,4da819038f2fbc5d06febea4945ff4d42cf3aeae636c5d08acc8a3c90db7d607,350,0,-0.20250705,-0.1624872,0.07512674
Q014G0,45338072e32f6d7b21ee4f1e815d205bce0c41f0e9bd984166180b89a2b67db2,251,2,-0.28790313,0.1105428,-0.10671023
Q0RIN7,54659caa9a66ac62942feb90124cf32da91384770787b6c1943115fa6ef3df57,369,6,-0.1012938,0.39610383,0.10743628
Q0RPL7,5fa8c4ec53336e87585fd36681be1cd26338a4c3b0fe59f20abc703b143a16e9,498,1,0.2787095,0.5282631,0.108417004
Q0TYH0,bf79dc0072ab828bc84dc18eaabeda4b2709109d1a53a4fdc6e61c946fe512d1,559,4,0.09749405,0.05376821,-0.046403617
Q10468,62ad28933de74ac9ac73853cfddaea724d5d7ffe1cf681e27a9841fafb196a16,533,7,0.037093047,0.03711093,0.21487875
Q10471,25f7d8e7e246997737bee0f5b25bbcf4bf23606694c5fecb9c49470da42d8396,571,0,-0.082751125,-0.10851523,0.06052693
Q14BT6,26c4326e6cfeca000fc81ec8371103279b16756400ef71a37b6885f5f0cde091,341,3,0.21826404,-0.01769179,0.031880666
Q1JQ93,ee3c9349220606be92649d691a1471cc10593e7f7f8ce54e49b77f79c79a2020,260,5,-0.39379913,-0.19118209,-0.12674311
Q1RMU6,e0f15bf97f63ee520f195b477a4a83a38f079ba436629802f8e0517224460bcd,393,7,-0.07769269,0.020426292,0.2614681
Q2HPP2,b2041954606dac3c46442f8ad6ed56e53e34bfe67c74acbe5f9ccae11aca2394,322,3,0.10348306,-0.08366976,0.008108089
Q38BE0,a643beb13c34561ec40f6e3f085cb1a2745cd595fef82328fa85fd9b90325a34,259,2,-0.09518384,0.055194408,-0.18668598
Q3L7M0,87a0b5dc5ec90151861924277d4fa13fdb8362794cf4448bb40d9cb224554a95,371,3,0.11184363,-0.1279486,0.042495355
Q3MB01,388acf5ab223dbfb7c0d1470e773d0b3b422daaed65927ddd9b620b617085e4c,468,2,-0.16286612,0.030224234,-0.115719944
Q3MH88,fbacb7804ef6352ab678d1adfbb436744ae9362e6ac2aa9c829844ce0ea04ca5,412,2,-0.14492255,0.055209648,-0.18959166
Q4SDQ7,193c7f01b5fbe66475df6790b0157fe512354462fd66c901dd3e54fdab9512c6,586,3,-0.013017245,-0.060658813,0.10476499
Q4SDX9,c9a7ffe7977f0d50950763fda8519c80f21f982bdca3e96bef57125a1de37452,382,1,0.30957964,-0.029640744,-0.052643023
Q599J9,2168a490a53a0f228d72018c2ca0b77d4cbdf610791d063f810aaa4733b3d645,303,7,-0.108210556,-0.07499968,0.16136327
Q5BL38,d877c05faacea5c9054234d13ce45ba6f19c91834dd9e802aab25872f0087023,394,4,-0.036055297,-0.08274211,-0.14568788
Q5NVN3,a96d9209fdf17a750ccf8881ea54216e90f9b2f6e2b714d5363cfdc78f62118f,393,7,-0.0004731945,0.06549713,0.3321407
Q5TBA6,ce860bcd02d1aa7d8aa4262a5344161e85237106e918a4e8160ddc0a0409e0b0,324,0,-0.3056868,-0.13031572,-0.012810825
Q66KC7,1a2068d297b0a4e36abbb2e6c01a898993202dafcccd55c38e3e0114a1feccd0,314,1,0.37806627,0.09439476,-0.046964772
Q6DDI2,b2239edfbf3f25e82ba9531598229c14d669f33311e5ef584c9dcd288c8f46c7,384,1,0.31291968,-0.034387767,-0.05795524
Q6GV29,e87f0f68ef64889b22c6bb5a0e7bc1565826a7a80b89204c12f1ea6e07c00637,357,0,-0.28015238,-0.08339595,0.048839517
Q6NHB4,b97f1b3fe35a7b908253554783185e8c492148fd02568d7955e1670cb11d14b9,267,2,-0.18122955,0.09142043,-0.19482952
Q6VAB4,1e4cf4ecbd6743864c5591424f551ddaff409165c3867ec70d99cb54edf93c0a,458,4,0.11047079,-0.0057147183,-0.17311451
Q7PXE6,3532ea036621b3fd4368f47fdd1d2ad4cfaee72ac8d0a0474f6df20849c0ed7a,425,1,0.28331482,0.0091534825,0.05716128
Q7UQI5,a577ffb34c16db08696519ec6ea58e2ddd931be4d134bd2bbc8f0d0e333f8845,437,4,0.094265126,0.27239934,-0.10967999
Q82FQ6,957120cea2fc934149c9d89d87b81e5cd16c2040975da33ee04df0b94c20a48e,513,6,-0.29085842,0.24891241,0.08570772
Q8CF93,bde897439d19d7d1b965b039941b2642249e05e41c02ebe86fd7d5c7426150c1,556,0,-0.25246027,-0.25422257,0.060081504
Q8HY56,106cc31e6fc9ccfd833296bc69fdf84230c227f649b15ba18e21eda9ae3bf029,370,3,0.14274696,-0.16300812,0.03260337
Q8N428,1ec31cad86716b6b8f65358b62be8e4689e6e35323169215ea41574eb1ec224f,558,3,-0.02790614,-0.08594584,0.055141974
Q8Z2G3,6947e58bf1bfcd39581d9d70cdac7ddb1f2ccf7322be42efbbc175bfefed23ea,337,4,0.07417121,-0.005758436,-0.20583177
Q949Q1,844005df966ea03c59bbbea78cda0b8c562d2cfc6ac417399b8d63427e44daaa,537,3,0.14545202,-0.014885013,0.0003243722
Q9JI93,55785d225a318cc039ca69d0c5dc40e99938349db33b82b7db8f58fd882acb5c,360,1,0.21986133,0.08811063,0.091591425
Q9NPC4,ab79168ee83220c1912b3f4be496b1a7b3f6d65901e4b58ad26933282c2da037,353,3,0.19418442,0.09803716,0.10013455
Q9W710,6d96240c029d1e93523eda2469d899f0cc7dcf7d6d276ffc9dbe0fde20b92041,530,3,0.016059816,-0.06475592,-0.013011749
Q9WZK3,94f5868796ff939dbf171720cd86a68fdad117fa6e4273e6477b616536dd656c,406,2,-0.047195654,0.015634982,-0.16718765
R1DNE6,63088b836306a695208dcd41aa6412bf6b9b8ab322eae51730ccbbc7f1b0e6e7,346,1,0.51449895,0.29798996,0.019403515
R4MHU9,f58dd5e38171360f33a03efc56df1c867f11f164c75140172a09578c957a9775,476,6,0.104472786,0.353497,0.012524056
S7Q805,73fc82f9e270d806e5f92390eb65ed67f70ac235b77278d3565aa026d7644abd,330,4,-0.111948445,0.06286101,-0.06617365
S7QFH0,ba698c09679c47d408a5bb32b2b8bed33c1623d7682413bb8a6b633f6b7fb203,552,1,0.3147044,0.030269872,-0.17105146
U3AQ99,25bbbd8845f1866e99f8949e1db9b0e1d4139d745ddf5d0c715570c1876725d7,353,3,0.20204847,0.08665785,0.09611583
U3EEK3,39a71e58f9126e5d31191da9153f6e4ea5ae22adf8598ee3a05002deab9a1ccb,333,0,-0.28454432,-0.1696214,0.03811919
U5WJ21,2d1456619b032bbc730b704506bd7bf6436a9e0a8af10eca87aa030eb6f571ba,265,6,-0.3446215,0.24077135,-0.04877483
V3Z6D4,008abe622547fd5efa05b669f0d1954f4b437a8cf922fb08944b086cc030f71e,318,0,-0.1782595,-0.026471738,0.015175238
V3ZT94,7314fd80ec2c5cc68b955263d19191d316736f19c8b1a253f6d35d67bd4d269a,391,3,0.2617284,-0.100532636,-0.075131595
V9KJX6,07b3862a2d26d4d21c102abe05d3c9450af6f1be4408fe284d60812b39baaf1a,598,3,0.0028689338,-0.16928875,0.017416941
V9XF54,adb231b3f1cc5e056fe97399d16fe67bd35c25a39c8bd7d13fb36f9dd8197d37,258,6,-0.42892832,0.22214139,-0.029530978
W2TMY2,f604ab0d8a5d72411202277236f3cb9366f81bcba876a1e0be4329216e56e026,421,1,0.3646817,0.0067745615,-0.0588845
W5NKI9,1734bdc0e6a3aa49a26ce8639c2969a66ca4095294e0e2be432d583adcda6619,304,0,-0.109253176,-0.057192117,0.10458119
W5UEU1,87809254911a2667fef282f922bcf4fce722ff23f93acdf25edaedfca85b5496,306,0,-0.111844234,-0.052594252,0.1226835
W6URQ0,b940f18275b7eca31c7d20fc1543217ed42b0afaa12736877401c8fe7bb5c42f,552,1,0.41694713,0.15450118,-0.03876574
W8BV94,6dcbb7e5d0c76b24633f532211c411ecede01cdf77f1bce1b6b38f3a2cc523d6,318,3,0.11277486,-0.101059966,-0.014256174
X5DSD5,e9be96ad5a109953046b4d82dcfdd70dadfac6e62a33c76024233775610714b3,270,6,-0.23180677,0.24276201,-0.09978968
A0A022Q1P8,ee6f799f77f9f667cf1e5761243f7a9e9091612b994b7832033c3b83aba71030,326,0,-0.16643336,-0.18396404,0.013774942
A0A022QIG6,36a2ebe138792e6b106a2a229ac7ab8777c9a3fc1e045930bd9b9346341929fc,329,0,-0.10602443,-0.18361384,0.0023897195
A0A022RF64,149bf1ce07dbe441ac5ffc4f22b08edcb8e0fae142aa8c1c021ebb650260c186,335,0,-0.24247967,-0.086150706,0.07962859
A0A022S5Y9,137c7627e77c754509f5de28b1cb9caaafea1e3b52a9333aa45079882d10dc70,338,0,-0.17767353,-0.13733423,0.04727389
A0A058ZVR2,57bb1b22325684ae9f7426db5609ea6557b1b14c9cfdaf236853929abd4d661e,335,0,-0.13357525,-0.16040629,0.027098665
A0A058ZVS3,4721f6ceaae30816a53340e9fb8ef2961a109d3c50eeaf6dc3dfdc5f6cbd5b80,338,0,-0.20692115,-0.21576156,0.016476763
A0A058ZWY0,ce0ef8bf4bba5b5692ca57fe9039734d8880b516e3417b37ed9ec5027373cd62,332,0,-0.17019589,-0.20091873,0.01247717
A0A058ZWY3,23a5e79e75d1b0e6e73ecbdbb63d3176870a578d1bbe363ebd01d7fa0deab7cf,337,0,-0.14197722,-0.18526651,0.0030598831
A0A058ZXX0,b5c0c34badf21f0709c80811547a2025af10e7e366ea43b02204cbc2f672214c,337,0,-0.15690689,-0.20369749,0.0062148557
A0A059A7Q6,37e080a261b0c99769aeec052f7997f4a9dec1e8f2b91f45f0e773e2fac59bf6,337,0,-0.1578788,-0.16392492,0.042079903
A0A059B2F6,e4cfb9d8cf2a7a7ef781a76d64bf8bf014838b0e9b0f0d53cb82a832489d01e7,340,0,-0.08364532,-0.12994176,0.036459126
A0A059D2N0,f1849b99fa2ef3ddbfd859654a8b167ce295e5603e65912ad9803bcdbb7223e7,332,0,-0.18487017,-0.19602428,0.016488848
A0A059D332,ea9c36ac499cb5e81c58f4a99ec52a04b52f57bd5dfdc67b8cec12cc86dceda5,332,0,-0.1972862,-0.20087792,0.017807368
A0A059DAW7,9dcb0648fd36b005717939abab868444798cf4805027c75517e73ec249f3e8af,337,0,-0.14116554,-0.1578484,0.03867982
A0A067JHE5,772c58426a9cc62cfe8ca79b2a67fa5d354deac4b716fb37277aa455a6aca6c7,335,0,-0.17724723,-0.20711839,0.019340632
A0A067JRL9,c078a122d16eb7a475633ff9084282e43796b2cc19967355d27b400ec58b2124,337,0,-0.11919066,-0.1930514,0.018579558
A0A067K822,1e0e4d34687cca14e0ae25b4db70096a09b581817f9a2668710a50b203dc440a,323,0,-0.20321625,-0.20633319,0.00042983695
A0A072U403,23e54fd01e52c26baf3dad0d5cf9f1d09afa9cec87b650da8019795fcd65deed,328,0,-0.14982076,-0.21946248,-0.012808859
A0A078HIV2,fadb478b680d85b31188bc1b7cc7f6b8addfa0897fb118eab86bab1bd745f590,338,0,-0.1926223,-0.20458019,0.029653177
A0A078IJ67,2ad392e690156d17769a99fc8ab2bdd7af2372cc6511fef94a0a46fca48dccc2,337,0,0.017154744,-0.14764303,-0.041770056
A0A078J164,3afe00c7d8921364b8c4fabdba2511e85479e7cf82d18a7c40ed43dd6397f2c6,337,0,0.012135598,-0.1552925,-0.028422374
A0A0A0LT16,7146f1b338476b7f4e99fd070bbd4d6493681a86755f3063306c8231e9f3d6dc,326,0,-0.17228283,-0.20474488,0.031590365
A0A0D2PH60,0316899523ee102978d6a4a701410f54b405d2ca589e065b55843983acaa1386,330,0,-0.19246057,-0.22044387,0.009777506
A0A0D2PRQ3,43c94ffa3a13b80861ab67231f861a695160cf8ae44af7a1d306a3add8202255,337,0,-0.20531008,-0.18000937,0.041485287
A0A0D2QHC6,afa691c41750c5230289d1a5e2c888789e0d3b3d89754023ab64bf1c4eba107b,332,0,-0.1729953,-0.23739494,0.00082299294
A0A0D2QR82,eb6e7f92d70207982f42a8c763e3ad803062533e481f1fdfc99d443cb24a8c20,336,0,-0.19395797,-0.19840683,0.040489435
A0A0D2SDD0,ad2d2ba01c09577a5fd7e9f175ef14653f2c98aec15bec84b7c57747054b4474,338,0,-0.2196616,-0.20065343,0.021030137
A0A0D2VI60,e958d64f3fd75978372abec0c1ab81ebb1fc285d48f50e02b586f7eb30c3c007,342,0,-0.11137632,-0.1330924,0.011924455
A0A0D3C6N9,b85f11fe3e222d00686a303ee904ff7a16063f1f6788b473a2c5c9f2cfc2e033,342,0,-0.159593,-0.2021047,0.022189138
A0A0K0WVS6,7aa6674499b7bcabf2bee77ac1035a685e53d4708fef4acf62a411952342ad47,326,0,-0.14728828,-0.21603784,-0.011881921
A0A0L9TYJ0,209fd839ce348ac8b0c68352ffd7d53751d7f158656efc3b1facf778c2ce2b32,328,0,-0.13857746,-0.22569971,0.0020286387
A0A0L9U9H4,09b4fdb9b2e6f66f7bc6d3145277ea9c0873448816dcf85a4c63f09db6a0161a,335,0,-0.19675447,-0.18044077,0.051682197
A0A0L9U9S7,4efcd51263dc5381101fa98590f83fba7f76cb886a8e8820630c48fbb3aba85e,328,0,-0.19587825,-0.2610286,0.0111688515
A0A0R4WFX4,617c54f45be978fcc6c3927f06ce65d83ed91e45dfd2774d7db453bb1cb39ca2,343,0,-0.1906405,-0.20886908,0.029267326
A0A162AKE8,4d84a1bb54c980131108da8949dc80c4442a44712601b11bb0e233e1f1622e8f,336,3,0.079405025,-0.09383481,-0.036694616
A0A166CC35,17dd78822ce3c7d9947f13e41289a5590b151d87e67e82d193abb9deb07f6414,344,0,-0.119549826,-0.14024192,0.033631098
A0A166E8V0,9cc316ab4d4880902f23cf29dfc231d069fb82b32642f52fe25c342314c5c863,335,0,-0.10930926,-0.17401597,0.05701299
A0A166HHE9,d2f40891451071e587177bbb5a9fcf1d0d876d51ceb2c08c36db782021414a83,320,3,0.05949151,-0.09848657,-0.041189414
A0A166HHF4,cd38a1e4b315cdcc78a187ba9cc2fcf3b36e1603b8804ba3201af2d46c082f15,344,3,0.14701542,-0.06629331,-0.053660434
A0A175YDK8,362655113f0ac247471fa440a815f4f92a025750475d1d04b042f690258ac28a,337,0,-0.089624256,-0.1924726,-0.0050252033
A0A1D6YD67,cb1b85f0788120c98ab3eb70aef9fc3938c139d32e4bb78212a2e3f77023df55,325,0,-0.12438859,-0.20363641,-0.013024724
A0A1J6J0Z4,6e4959c4b85e0c72602a948fc92a37cb124bff66d540d9923b28d13fd59634d4,343,0,-0.19143534,-0.21490443,0.021344777
A0A1J6KUQ2,9031efdbbacaae49beb76571a2ace203a5f91fb3c5940b998cba9b9ee1b35957,320,0,0.06097496,-0.14985843,-0.049764045
A0A1S2XU71,2a554ec9f25e1eb79915af28247df214b3c2eb23aeb0239fa6119f7ba880af11,328,0,-0.13333441,-0.21625704,-0.015031162
A0A1S3TNA4,346caffff0dc70713fbfd1a87699b4217a195ddd0f99003f4fd868be9246a5bd,335,0,-0.20354447,-0.19502594,0.051955618
A0A1S3TNL4,cabe4091dd103c3f3ae0b002bfe1ed241b56ad539043ca6952bae39b8b81fb5f,328,0,-0.17205086,-0.26941714,0.0066704727
A0A1S3V5Z2,e65fd8b18e81853f8196c38bf0a98afe77de1e77a076e9377769560b96a2196c,323,0,-0.14733443,-0.24145097,0.016678257
A0A1S3XBL7,61d4b0edd2167097d060b2e3b848f141567871ed6a8778839f2a79675313b29b,329,0,-0.10068159,-0.19285434,0.020950362
A0A1S3ZSG3,cf79c47915d04cda5c0926c879c8cf272be76b4d2c444fc35c3ab93b796932b0,321,0,0.03406149,-0.15852617,-0.039146077
A0A1S4BUY4,afb38fc10f30a2cc68f1ec22ca476b274845a0391f363f5fdd27078787b0cccc,249,0,-0.06178866,-0.19830157,0.008720525
A0A1U7USM4,a4d6cefda7a01aee101e0ef106ffa28c0d10b0fc91b449df27e58e448f2d25c8,320,0,0.0356711,-0.16013819,-0.042435564
A0A1U7VFQ8,e0a81aca51b9b7f16b26842294c5117c7bdf5107e4d57315b38bd10990a67c76,343,0,-0.17368093,-0.20634349,0.019614082
A0A1U7XS95,9a328b28c0e103830eed5eb62af1d33fc0c5671de1b62a22a4b3094849fa3d52,344,0,-0.09855887,-0.21796387,0.01055758
A0A1U7Z128,97b241d018e683ebdf83005efdd5d3a0d113560b4952fa5286e1536113cb9b41,328,0,-0.14163159,-0.20662251,0.034313776
A0A1U7ZSJ7,d7fa519521fdd86e21b75e02a334ffb5853533c139672b9ff874fae1ea874ad1,338,0,-0.15648928,-0.17431685,0.034058288
A0A1U8ASR9,f33df0d0d9fdd9de8acce03b1bf7a739f0564ad7e0afdd4ffcf069dd343aea66,340,0,-0.18621378,-0.16302958,0.049724188
A0A1U8FSF9,f5d8d163705a0b949d26f736794b5f6ca305f5c7d0f21b4ad7e9d9768e1114de,329,0,-0.14964823,-0.258717,-0.0043798094
A0A1U8GZ91,575dc81a1ca5d23a95bc1e4c6e66d8b3d773a62e97d451bf719d9e69954a0a6a,340,3,0.097298935,-0.09146187,-0.019158073
A0A1U8HVE3,c79e34f2f7b15b3d526dd8984fd5a65a03d94cf39a77396f409344f9bb27e91c,342,0,-0.104409866,-0.14472713,0.011783864
A0A1U8I7V5,4c5f7a35c1862517e69cf191df6c2f3b10ec2716aa13c2216b249b051090b031,330,0,-0.21029492,-0.23230791,0.009677812
A0A1U8K073,aef49138d2c07eaa06a59f57ce9c6a3366e19986a3ae8a980bd5c904b51e0e64,336,0,-0.16395178,-0.20233762,0.041661993
A0A1U8LW39,05cf492afdd6d888f59c66db12330b730dc81e8be54116db477b4722b44d5c11,332,0,-0.16789052,-0.23699263,-0.0033409523
A0A1U8P087,e00cc162e75708540eef66460bc87ba5165f0a4834ef86668ac499c1c447c1e2,337,0,-0.19972458,-0.18295917,0.027465045
A0A1U8P2H3,79b025a34fc3a39ed555a5f354e5dcfde8aeddcaf63a04cf11fde9b351f16883,337,0,-0.20920616,-0.17919011,0.04382313
A0A2I4HC53,836e7184bf74519e482de58b9554b1bacb51191e4e428bc627a7da8af17e6a39,345,0,-0.15040722,-0.16823591,0.0730178
A0A314KKG9,048a7b855038eeccc8787aacc56fac5dc0f45203dad386142136c77be9c615c4,328,0,-0.13037343,-0.21519798,0.027481783
A0A3B6C2D0,8908297a8a95c7af3781ddbf1344c7e07a34f09c2105bee41b9259584fffd26a,322,0,-0.15026045,-0.08403493,0.04228503
A0A3B6ITQ6,25f30796d25b3efa9a45f2a89af289bde12c682f0f3d35f745c2abd37dc764b1,336,0,-0.19151007,-0.07974026,0.06365884
A0A3Q7FJK9,794dd5f316ad0676b804ebe49097c9ef11779b2a7abbb40dc7934b702d6c551d,322,0,-0.08698452,-0.2436466,-0.02682818
A0A438E6N0,b29f5a441e0fbf381aba761f465b2f58d34807a0aa68f3005f229d89d23c59b8,336,0,-0.15984534,-0.17876387,0.04712872
A0A438F7T0,596ceb319dfe3a3dc664065d179a4fb980514431bc604c7db419c9694094de83,317,0,-0.16573282,-0.17664814,0.009032568
A0A438GHC5,9036a92f2e3b199a82d01174dc9b3337cc675004b0a1a62fcea80c5b529f2147,318,0,-0.166378,-0.17109805,0.009310245
A0A453I7U8,05a930d436372250ceeadf94572f26760079d5931ad3782c326afa2bb725da95,339,0,-0.1551386,-0.067416355,0.06334917
A0A4P1QUX6,d776e34d5d654c1f00c0698838a0e5cfad38ec82c1132a4a5810200d736d2af9,329,0,-0.17991906,-0.23785034,0.0006761737
A0A5S6R7K3,cf5c59ba2929bdff0348a04c61cb863474a1f5ed3a98d6a1702fb767318e01c1,328,0,-0.12797898,-0.05192017,0.06008559
A0A6I9QJS8,8ad734b9199116db22ce4aabb65c3249820fe26620aeb5cbefe9325d1f4b2233,347,0,-0.16033085,-0.09940035,0.10209599
A0A6I9QX75,ccb7ef3fc88acaeb33d47c93f6467b0110c7f9457a41eaaee0cc222339929cdc,340,0,-0.21795505,-0.07360296,0.0948804
A0A6I9RD30,06ee1c9aac691329246aaf322761e0bee82c6e7d997c4dc1f7acb52abff71f0a,349,0,-0.11166658,-0.066077925,0.098835625
A0A6I9RFT5,0836f118beb9994ee90d6c172e0d3c4ce1307dede8f51968282e249021d3aea0,335,0,-0.111897156,-0.1633882,0.0480216
A0A6I9SPJ7,5a58c1556ec530ed6bdc78b5a601596204b80aaae3c5077484e784a33203174f,339,0,-0.12886776,-0.17794827,0.013632299
A0A6I9SPN1,498602729ac7aed6c971b9ee19c7d9a91b187a6dfd3300f3bf42b5b5388588c8,316,0,-0.21040943,-0.22796808,-0.00143463
A0A6I9TFM2,a52774b889b7c15f4aa245b9006194fac8fea5b25270ae2e6c3a0d2d0baf5d65,340,0,-0.17511478,-0.17029414,0.032092057
A0A6I9TPN6,b3a1377863fa01c96e1843cb393f8a407c12fd9d8ec4f0bb0b5376891dc0d793,333,0,-0.17254138,-0.1858349,0.03042772
A0A6I9U3N7,89006a883253026eb9a751a88ea711d3fb0559b8518c38e6c725d658db6f1388,322,0,-0.1977252,-0.18020026,0.03889873
A0A6J0JT65,c5262464421c25a44413ac61faf3a677c4a457c64d2b088e3a0dbf6f54e6631c,336,0,-0.02094169,-0.1620422,-0.022246927
A0A6J0K274,f8181c1a52b0665d4dd40632b5a4b65929d808c8f347ce475cde980c0acc1190,342,0,-0.17519554,-0.19001743,0.03475229
A0A6J0KSH9,72ecace5f5d4be9bbea58ab7f17e8168e882666758ba7123f5565d6bedcca762,335,0,-0.010042811,-0.1559185,-0.035670992
A0A6J0L8X8,a31fbdfd85fefcf5d165fd03daa00b310dfdd255b131f26c51515ba6f9101379,331,0,-0.14486022,-0.21373267,3.353808e-05
A0A6J0M309,39e274c77a46921f842266ce28a0dec82ec6602159792f42d847a36293167bf7,332,0,-0.14239797,-0.1882998,0.021023776
A0A6J0MBD9,34c7622a88d29691f7a2bd84ca3d58a81a7fea91a096f5c074f7a0a26dbcb4a0,338,0,0.021606617,-0.17527004,-0.046633363
A0A6J0MHL0,c9b404b8d4b5edc189dd3788233d0a6130c4985076af62b921e4220b83ceeaa0,356,3,0.09934834,-0.15518823,-0.050158754
A0A6J0P3V4,a36664039c4b4ccbe50e1a892b24c072f9481011dad1a6cbb8118b21c501fa76,336,0,-0.1340308,-0.23703298,0.019330472
A0A6J1DBB0,de978101b1bf44afb299e5cb59d4d0929ca021648db7bb0b09d0024f0214913d,332,0,-0.18284266,-0.18666553,0.026853919
A0A6J1DZ18,06509bcfd1a172ccad3a6e6f35653a3c7e3e0e22277a8edd019a06a58bed7f57,329,0,-0.25450018,-0.1594872,0.07637458
A0A6J1F695,0adce1300e030354f5a1a26c04ef23c71393ec93c7a0ededb351aefd4f19d579,342,0,-0.16257678,-0.14703779,0.07318533
A0A6J1H3Z0,60bab906b978c48478bafe7be884b56ddb93d7080ffe277644612043d101ab29,331,0,-0.10990213,-0.21673374,-0.015747847
A0A6J1HSV7,35463248db74598406911e74a758f8e903a3f204cad0f91f3c6a08ff95a9cbb1,337,0,-0.12075271,-0.15793201,0.024370912
A0A6J1HY44,7cd3807898714ef414325ac318b65587b2a5576ca5612a9b6e2f30b36c86a5c5,325,0,-0.1887922,-0.16550773,0.05435414
A0A6J1J897,7f21926f7d626e4702c2d96a1e571e9780530411434ac5bf729729d4772a56b1,340,0,-0.18538,-0.13541344,0.0858626
A0A6J1KWB6,788f1cb13e613345d2805e502be2a896c4debb4ff64d4e2e8a83c82766f9946a,331,0,-0.10546697,-0.22434162,-0.025154762
A0A6P3Z794,788acd10b7ef4aa1861b4fda104dfdf738b9d955a4c2dd9361224b2ba55da859,340,0,-0.22247037,-0.16936934,0.054529108
A0A6P4AIN4,d23ecea9b14af798fa34823f67b201f8991a97873fe7fe494c404968b914a471,335,0,-0.08350936,-0.18402213,0.00042873836
A0A6P4BKZ7,d5e496c7ddcf40679b4bb29c4f5d65bdb8b92a38b38ae4f63e7aa4d762e0752f,335,0,-0.10083073,-0.2080115,0.04955076
A0A6P4C1B3,2134dea63a2887ec183cb955d76c24a9a40f95658c3751d38f5462e14501e03f,328,0,-0.1789165,-0.22792575,-0.0064438456
A0A6P4DI77,84423243589d5cb533b81287e7eac50dbd2818fa457b2fca5d993eeed3ccbbef,326,0,-0.12874648,-0.2580282,-0.019109959
A0A6P4DIJ7,676e3427d3ae05da92e3a2dfdc2c8fe39663ba60f6c8903d2e817e72b24c108e,334,0,-0.15643416,-0.1842756,0.039513912
A0A6P5RZC4,fd2862b69546f06a3374191fcdbba204eb39cc93d8fba8567eb993d71ad8d359,332,0,-0.14827056,-0.20400389,0.015813902
A0A6P5S7F0,14878a0eed4bf66a3848b475784773a71fd32c77a587e22c2f95f6e04dbb8ae1,339,0,-0.19623986,-0.17715636,0.029558409
A0A6P5SGC1,d68849d417f1fa939eb1b9ce6e6cb774aa1cb7c1d905aaf340b6d28efd449d6e,345,0,-0.17182617,-0.1716563,0.04961938
A0A6P5TD08,e99414570eba8cd2efa64aa060ca9d2beb9f6789513f83d6e3c227a2f1ce5026,338,0,-0.15759361,-0.16877334,0.028211424
A0A6P5WV76,2d7a390707a728211f3d40d91749888dc49419b66b1ecb162f1f7ced409a66c7,338,0,-0.17256203,-0.16934903,0.023783151
A0A6P5Z1K5,48536b6bc8aae58fcc80c43a2e159fa424f6aae80ee91e7880ce73db5bfc2f04,340,0,-0.15044351,-0.18230794,0.013537234
A0A6P5ZZ72,4d99631d9f79905447588a70dad705351b637f91b7dd5e2f77b3c71d1f155f61,336,0,-0.20045356,-0.20971309,0.040485606
A0A6P6A8X1,e45755410ec5bd346f28bed1a22da0e01ba4a81b7217a181e1bae4660ae58a84,328,0,-0.19683833,-0.2357749,0.020226229
A0A6P6AY34,4e251a778406de5b4c1781d5b3c94c812bfea117d0069594a3ed126c49be3d20,336,0,-0.20553087,-0.20975968,0.039191958
A0A6P6BG77,86f5948c44acc964ec18097225f073f1936697250aa83281eca2ce0a1230305d,336,0,-0.07969406,-0.20018929,0.0046176543
A0A7N2LAH2,6d7f9a5ff350b3793ad70296565aebcbafe2ed4c48f3fe772203f958f88c49af,337,0,0.0014309658,-0.18986188,-0.021614369
A0A7N2N3Q9,95cabbf512cdb265c8f60eb3fa8da7d428e9afd810d0747499167b31bb4222a0,336,0,-0.21199764,-0.2098853,0.035057522
A0A7N2R678,d67e1bd6aa43cb34de3dea9af3f0905b1e7dd55af32c07d3672bf4e45ec11ca0,324,0,-0.09236087,-0.20702909,-0.020516565
A0A803KN26,01b89368d9b72354f84222531f727eb5649b3c8f4bfe2ca6a5508a52beaaf220,332,0,-0.16979931,-0.22060475,-0.0022874905
A0A803L4I8,ad012f92c2b95bd2474b39e3c878cd19ff122b5a6ae3c17f8f634a566942eec5,332,0,-0.13976552,-0.20764579,0.0059960876
A0A803M7C9,df17419d264168c043b7c59caf6ddfe521d1f336a10c552e43368447b43e68ca,335,0,-0.13195547,-0.20338407,0.0040780185
A0A804K551,0e8ae1f7bed62e53e2865c1b4abe32e8f992e4c884286646f153d6c15d5049f3,326,0,-0.23924373,-0.12617084,0.10462313
A0A804QI72,f417382f61c44204bd5888084878b920132260c7f3a0011fcf9d5c832231faae,309,0,-0.23180795,0.031600557,0.12687688
A0A816T5L1,a742ea8d3f4cf4d57e19f0107e3d541ca4991362fa898b1e8e8d9da24e4c5db7,338,0,-0.18638274,-0.18727203,0.04238992
A0A816UGX4,cfed09ac060027831e21820ff1d95e3fa9dfbb92d2b9bdd1de15414b8ae4036a,336,0,-0.02675127,-0.16525915,-0.017830947
A0A816V5U8,40174b372033a6b459928f6e56a31c8d692b9ed443a0dd23d3250901a8645bb2,338,0,-0.11972432,-0.23644727,-0.0032991536
A0A822YFQ9,e474ccea66c0ba54983584324c3473f4f3689579bad8fbd5fb6c60574f4bafd0,340,0,-0.13993737,-0.17092668,0.011567289
A0A822YHD6,328fc2a1a2dda99b40cfe86c6ea534507762c324c601de01a17ca1426168cac9,338,0,-0.19045895,-0.18624306,0.033543263
A0A833UEK8,191ca7a103e9478297da186d794b0b8e8275b519249df2efa15cdc961583bdca,334,0,-0.19211622,-0.2189938,0.025266914
A0A833WRN5,23d3f70a3f4650bb1d23ebcdb374a876657afd5d0ae52e5986af611854fbb84c,385,0,0.004594631,-0.13405062,0.040387176
A0A833X997,12f8f770a5e0f17ee3bf97206618f13b9ad7734344c7ef0ef11c199d0056ae04,341,0,-0.18833351,-0.20439416,0.021463271
A0A833XB99,5988a59ca2841d4107d72604e58120f19d7e6d8bdd0d1d355df672f5bf573841,334,0,-0.21902092,-0.20044845,0.025285875
A0A833XEK0,addf70c85854da5177a6314a9d546097fc950631c6ec4fa4154a08f32447d177,335,0,-0.11211938,-0.15964302,-0.012510202
A0A8B7BLT7,9ddad4161c2e02db0613d9a26eeb219d7cdf9255701ff20085dce812e20d67c4,347,0,-0.14927384,-0.06954116,0.09923818
A0A8B7CLM0,893480a356c049197e4e64b8730ee0e448953fdf3eceb165b783cf5d080b7d42,345,0,-0.21656494,-0.053213757,0.12429215
A0A8B7D3Y7,422fbf75d68080ee6aa027e58aea1edde312cad344be52b767dacb431c15850a,335,0,-0.16388322,-0.15698074,0.081833504
A0A8B8LBB9,fa533628abff8ab814b99fa94fc3256ec32c7170a46cb1b3e409174c6f530a10,329,0,-0.21019891,-0.23143785,0.010400929
A0A8B8M2B8,2489c33760700f32d7701bfd62245da853a20db525743d1e23cd632b2a8d3be8,330,0,-0.05904098,-0.2160725,0.022731861
A0A8B8MA57,237be649f4d271c4ae72fe4de6ff840ea1aa8238ccf145e89718e5c2797c93aa,328,0,-0.1746622,-0.19672303,0.010821106
A0A8B8NF60,b75b21e0bcf6a6ca84f8ff085ddf626e662b139859de50fd1c30746b452a5f33,335,0,-0.15992439,-0.19092749,0.027656501
A0A8B8QD28,6ef9b96ab6bf4ec4f24ea9cb42e77e09b848202f5f581f80e9f0069daac3a134,339,0,-0.11216296,-0.09366074,0.059034493
A0A8B8QLD0,7eeaee76eb267a4294bbadfec7cfe124f6ed835655eaad6238654046d36f12e1,340,0,-0.14424409,-0.081101045,0.058159642
A0A8B8QR69,5f880bea888b5c808c5207bac4df29b28a4da4a7c060754bfd362457af13cb1a,340,0,-0.16633372,-0.15720357,0.039394334
A0A8B8QXC3,77715dfe9303a2eeda9d6087812d6ccfd952632a0d5b095d720b0026374263b4,331,0,-0.22273012,-0.16331653,0.030679058
A0A8B8QZF8,f692bf3df01911ee726cb4f29a378d318aba67ac9cff7b91f35263f6bfec924e,337,0,-0.12071536,-0.19242758,0.0021364382
A0A8B9APZ1,9d06b025316381b75ea647f518dbbbb8aeb86b411f809f401e283cc5675f4fb9,339,0,-0.12953097,-0.1145336,0.07347306
A0A8B9ATF7,9fc7009d711b033a86e4f75da447ed2badbd692c3998b7ed956882917f172bd4,339,0,-0.1223832,-0.11380987,0.07177297
A0A8I6XCG9,b158c3864c3b90d6812136aa2a13ef3e9e15f206a003c876f9219de29e375721,323,0,-0.1272974,-0.065463915,0.03869116
A0A8R7PA36,6bce03a6cb3600429f5905dfb91e28add42fcd62eb08e2cd918a151c6461d27f,322,0,-0.15977956,-0.08102166,0.027301097
A0A8R7PA44,dba5d64eae97b8a908b951976cdb4f5627bf70c28065ec1b37ad6f053751e7b7,322,0,-0.18012153,-0.07883573,0.037942108
A0A921RW74,b4367a120b346e6470bfac820fd846583120f6906eeff7310cb3bea84338386d,338,0,-0.10708173,0.015971007,0.09524048
A0AAD7KQ56,8a381d6a476346a266ceac86dcaa44e1c9b30722ac75c5070b8f939833b9a7d5,328,0,-0.13677508,-0.2224263,0.013063647
A0AAD7LCD5,2e8c57d03724c2b48e02749401fb43db33a191671bacc6ec83dddf456e9b0083,330,0,-0.12571968,-0.19626525,-0.007909766
A0AAD7PFE9,ab3f0ae492380471f93b98a84a291346a675e198cff786365b06ddcbfc0c7ffd,341,0,-0.13509382,-0.21208793,0.025973579
A0AAD7Q1V5,44c2e3a24826837d38dc7a7fd4cced3be42c53f695ff9f7638e6a504aaae5edd,333,0,-0.11114873,-0.17137872,-0.0035698572
A0AAF0XYB0,3f43071d25b32473f418ce1f2f422688a8fd187a28c16dcd718867873cd5fd07,335,0,-0.08007559,-0.17879081,0.0089515345
A0AAJ6TH01,f6a06d635bde6280d0ac456e75a055bef50e23b545849ba4bf033c97e8fa1041,325,0,-0.12714987,-0.2367989,-0.0029967334
A0AAJ6TYJ3,b07f96c09b19813fef629e8294bea1dfa5704a4512a2bb3ed896de783d838ad1,325,0,-0.121885285,-0.18011779,-0.007805937
A0AAJ6V3V5,83bed98d3842bbe14eb378c7f1faf54bb3cbf328065ae8076b96004a67f39335,336,0,-0.22857057,-0.18967591,0.039832357
A0AAJ6XDI9,6628b02ba6677ca0ec1a76fa1e006bf57fa2dd8bf688b0a4e090b3239fbece56,336,0,-0.11198175,-0.18782647,0.033271544
A0AAJ6XLY8,4a597314ad1653bb72bdbf73f3c171cec8c59bf2fe6c4146437fae88523e1720,334,0,-0.13117005,-0.19526775,0.012141249
A0AAJ6XWY8,63f5939d23296722cb7ebf2ec5815c8792fe1b5f83e520e55cbdd232b7f2084a,337,0,-0.10821273,-0.19575343,0.012555886
A0AB32V6S4,a6fe42c093d26bb5f67c77372c2f9318d270688b0e7ad5a5e4f03a18d9543ec3,348,0,-0.15961891,-0.17152028,0.02808611
A0AB32VKZ1,6927647ca2456afb7705b0f71400850c3ed2a779da49574836a1e66706750faf,336,0,-0.13086422,-0.19857696,0.030935962
A0AB32W472,1a90e28ecbc8aea74b0a5a053524d8612f652945f8dade08a8f5c498adf0b55d,318,0,-0.23041691,-0.18559572,0.01719306
A0ABQ8DQD1,28f1fb392f1f6efc4351797cb42c4648339d50d579d6f86584df6dd08d6ed5ad,342,0,-0.15045893,-0.20491946,0.029785769
A5JSY8,0f1e523d73e8a2b3482dc993d373e9c967994caa1903494952455db9b60da8b7,336,0,-0.15897799,-0.22375329,0.004000011
B9GSX0,05c42957dd54283931feefa81939d23811198b6d4ce7d74f5a15702b45659471,337,0,-0.18137726,-0.17085715,0.031719532
B9I6P1,7554ecd9ac3862160fb231e50395e8ede464f26842ce4dc5897b85c0d5ade662,337,0,-0.13644789,-0.1931851,0.030846756
B9I9F1,8005bb8cebad1957b3307c3d83b87196d305785eea96390b825a671907393ad2,336,0,-0.2465441,-0.19974129,0.04111787
B9RFM8,7ab63e579679c634d4f5878ca860363a0bda9abc0f4504523ece8f0d89b903ca,339,0,-0.20194912,-0.22670215,0.026496565
B9RN94,a77360ddb1cd95d581f37031c97dec7983ac69c140b6e34f3fd6382566cbc377,336,0,-0.22426957,-0.18743372,0.028978886
B9SH95,a6412356cfa8473c18cd7e75aabea635742fdebd4a511a99b0dc1f348552ed31,335,0,-0.15317415,-0.17482702,0.04775151
C7G304,e752161d4ca00743e48e4aeaeff17ae6533b114368c1d18b9cf6c40dba0f9e47,338,0,-0.1657793,-0.20975846,0.012780913
D7KJP3,cfb20423ea71d7bf9048722548ab1cfec05db612389bea382084b1bfe4a0c4dd,334,0,-0.12648433,-0.23622367,0.021861173
D7KWU5,7fc846178a2a088886393d19c9d2ea5dd800973d655d7693b0bd52819fb98838,330,0,-0.030796075,-0.11337496,-0.0022825403
D7MFB4,82754820482b6c02e614044a2b7902f34ccffb3ebbc9ed254e803c6dcedbf612,333,0,-0.029309617,-0.1757988,-0.024108948
F4KED2,a86f7543763840aacfb7aa226bfa5b63a317eb3476802cd17387e70528368b56,328,0,0.052692138,-0.1288889,-0.015424267
F6HZC7,84e197189205914e4615a0c5e3fcfb8a1c3c4f003aa9ee9a1b7c3953e2184788,342,0,-0.17414376,-0.18419139,0.039361507
F6HZC8,b10b06b7402a490a9d59006fdc4b9901518444be75566936fcb138f03597d70e,340,0,-0.0939813,-0.16724989,0.016060092
G7I9J1,7970fd6c153d40a2809d6efafbcec393994c7b936afa232ddd65161d9b34911c,325,0,-0.16226435,-0.21606037,-0.0073890346
H1ZYN7,8b1c935b0d9bacbeba160b489c5ef9999c2c22bb23d51c40dcafd4e6cb7eb984,318,3,0.05488455,-0.13938758,-0.04133668
H1ZYP0,f6f3c42aa7549e60c5c80452b667fb9ef5beeefd404c2e3512cc6d0dae32093d,334,0,-0.16764283,-0.20495807,0.005532743
H9TUY7,a19dacd8af69cd94db31f12ee8d11cedd8ce249547ec0c8111c6f6f84f719775,343,0,-0.10284929,-0.13412774,0.012460727
J3LN80,364943927dc06a66a7db46722a185853e58ec5f9b11ef869bf8cb05fd2e75299,342,0,-0.1652237,-0.092109814,0.07603337
K9M7E3,fa4b8d26d859cfbfdf7ee5b028b404ba84f54577b7775979cabe5f229ea764b2,286,0,-0.020943083,-0.17170785,-0.05560891
M5W004,f9f0dd706db0abe4d1914dda983c2d49c1f14e00aef9f8e67031ec09fa9ed1c7,338,0,-0.16322948,-0.1735777,0.026482964
M5W1K1,d15eab52df217dc6868ef18d6f79d5d4a03d557978c563d690516f8b72c5633c,311,0,-0.1777748,-0.16584338,0.016980048
M5X9B6,cb897a7f0f952411e1da6a8e08c6ca0e3a153488433b6f2330af3c07f1f7c218,349,0,-0.18881719,-0.15305899,0.078586414
M5XC49,afb3d2b7021f0ab8c7ba4acfd0b1aa71125e40f6c450365deb9d27a59ae90575,339,0,-0.20306672,-0.18185396,0.031888023
M5XX81,74b9f364c07855932bcc520b465caca4fc74deccbd1462162952594d1ab0c47b,328,0,-0.156724,-0.19478701,0.011060351
O22693,ae98d342057c26812ed69ae1e64bc7e5e77081c1f5422632cd886881255a7575,334,0,-0.13521563,-0.18607992,0.02827645
O80518,c17623785eed152ff3ecd55af412831c66666302937a53171822658e9d5a1b35,334,0,-0.11298874,-0.22687875,0.010152686
Q0DSD5,6df33311cbb87200e655473b7b4ea295e8a828dae0b3c0d52f6ac85d490879c6,341,0,-0.16723809,-0.085468136,0.06334512
Q4PSY4,bdc69bf0e48534d910adf81415aa8fa843e76c521d6adbd702ccd4e68fd9be62,332,0,0.009082331,-0.12403313,0.004567716
Q7XZ08,1cee2ab9feab9aad27d9609c340f9ffaf8718d7f41727670f014fd7c9bcb6d49,328,0,-0.17972748,-0.20544307,0.0020326453
Q84V66,6afc5dd9de12d5c728aeaa904b990e8829c56d0409e8bb5088cb95223ee89bbd,331,0,-0.106070235,-0.21281253,-0.011626159
Q8H1S1,8ddae655ccee8c4d1c71bbf717a6f5e39d883f62b3ad4880471b554e2e4482cf,336,0,0.016012486,-0.1799554,-0.032844882
Q9FFA1,74e9ddf1ab4db5fbdd077b047686370a418d99815a799bf64c27b5e52c793aac,333,0,0.029000761,-0.13503288,-0.029747605
Q9XGN3,e98d7affe8df1d48e9dcd29c7059f7ad9ddaccf06f07aa6e49daa16721d2108c,292,0,-0.14564396,-0.11864298,0.06665331
Q9XGN4,0439ccca0701379d1b0c2f9bd22f8b8756f3744ee55f1263d0f1809190c6cbd0,333,0,-0.11415016,-0.16432476,0.02989983
R0G1Y2,f07ffc0d9e2a9a1450290ed596e602fb1928ab7a8a96eb7c1d45849c9eaf02c4,344,0,-0.14426832,-0.22250213,0.012706857
R0GHX5,0503aa3c0fbb5794c0339e4fe549239228e08f974dd6657e8109fcfb0b8fe30c,358,0,-0.12924647,-0.23525396,0.00014251942
R0H0D3,b3fabb111dbf9bdee83b6d3b4381ef9e083810dc8c609d629e62a884cfe4c156,336,0,-0.030286057,-0.17921188,-0.027653154
R0HZV2,90b30df18ade1333ddf48d0e1838b405d5f140924cf5569d3abe17ad829cc9f0,334,0,-0.13960446,-0.18076436,0.025265599
R0I799,24e43d3260ea56560b7e0ecd3e0e16e3479f49ed9b0a706df80da1b47f1dd04b,335,0,-0.12739861,-0.23000015,0.009381663
R0IDK4,5a85139b6b3db254b2813848334bb069d59c84d58da970de0ef98fa88472d410,323,0,0.007404905,-0.096576974,-0.0048499815
T1SPV2,02f20087603e015d6d19bbe1486bf3f99131bb143e3ee46c4fd105508eb7271c,334,0,-0.14040197,-0.2022773,0.0014018469
V4KE54,086ff09e4da5f4a8ad9cd5d8e0f6a1b1bd55ab68d58747b2868d057322360614,333,0,-0.14691475,-0.19082369,0.025266556
V4KIG4,efa35d92af98dfd603c7d06907f35a46a4982f9097490051ab4d38c27d6b061e,337,0,-0.12203153,-0.21776195,-0.014145761
V4KX57,7d9e7284ba7eff9aab8a8c98ce7c97684e3ef7c8a97f014f38daceb16d1c667f,333,0,-0.11020867,-0.23674986,0.0014701127
V4TE67,67880fd43ff2dc75ec3f389ba12a28a1a8ec4d83a57ba396fafc0df17d29fdb8,336,0,-0.14365266,-0.21540493,0.014321956
V4TZV0,945a8a6503d817c491d4e9f99ee92924225cc7e6bbceacb1028d13f6736d1edd,329,0,-0.15250716,-0.2411529,-0.009105451
V4V4H3,720497da74a24760e78d2d5fc434d222cbae7f08b4d8f517d002ff437cd8b5a7,416,3,0.14593172,-0.12220895,-0.016675655
W1P6I9,3887076656b2802b528c4ca2ed638079d11e7f451b81704c40e0368c20c0dd03,333,0,-0.13368763,-0.18092264,0.023099253
W9QW76,027fe729fb2338d57c8b2677681c3e2e8f186027d1f0ae33ce077cbdc1dd2226,340,0,-0.18667866,-0.16946127,0.038306993
W9R862,8fe0b52213588ef5d2bc37585a3c4b0713167e43de75a9e185dbf1a735aef519,323,0,-0.20002732,-0.22901398,-0.0024156796
W9R893,7e2411a05ca2bc0873dff912b4b6e050660f7d167211c6d53c1becd1aede404c,312,0,-0.101896636,-0.21518983,-0.02604181
A0A340Y8H3,4e38dcea9be618cce5fafce487c21577e87f9bbd4a48505d550dfa1f7fbc96ba,598,3,0.04979367,-0.11220076,0.029557014
M4AMA4,dc02c04db282d1d766ea1d9aa165bb10e55309c3c98396e2fa751560f7318ecb,382,1,0.30638117,0.005437538,-0.018148558
V4MX04,b4d675a7402b34076d2cab212014ac506a64e07d5ac22e51937651d3234eaa91,428,1,0.41806874,0.0743852,-0.04277027
B3VA58,9275e1682c9fd470a77695d14373eb44419bf63b029876537b1d964f103957cf,251,4,-0.02434848,-0.15702812,-0.33425897
A0A6P5B1Q0,35436499096dd392dd50e73f22175114aebcfe1ddc073fce0fedb749f427ea30,330,1,0.39523238,0.064931385,-0.07291146
A0A6P7NGZ4,a9128ef4bacf6f085e60d68258eeb96264a69bff035ea69bb430aac06d14b8c1,525,7,0.013756531,0.05595261,0.24725802
A0AAQ4S0E6,55a89bc117534014e287117fb7b59480fda4eb1ea8241b68851a6d46ae016d92,517,3,0.09946264,-0.04937818,0.12003596
F7AXT3,2cd66597aed193bf9a95087d726adaae6ee587bb024082e77aef1eb4102a791e,393,7,-0.08402834,-0.0010668549,0.26729408
S3CES0,464c7deba3875605ed3d8d6986f1d50346ada185b0a1d7387fbab5ac81c80319,388,0,-0.18470745,0.012446481,-0.027763154
W9RKS3,cdbd4f3e6ff6bc3e8d09f34662eedb3e01b8216305ea5ac373f0d4d60698388b,337,0,-0.15277904,-0.21431784,0.022988187
A0A1V0ULQ5,bf0a7adcdbb020cb9b9b05e7cdf042c9ff0056fd6df945553a0c13f3bb2d6583,316,6,-0.35605314,0.29916918,0.117561385
A0A480HQC2,7b0b554e5fa8d04378b11ab6abe72ff6ec0c94cc527a2571970a00b0f0b25bc1,571,0,-0.081088066,-0.094555974,0.055085793
A0AAJ7XBL4,e192f56ca642785ab604229600a96b0295411e1d8e463f0d253881731da2092f,474,1,0.2603243,0.30327368,0.16251804
A0A2B7LPF0,c5b2c81c79a71ac2dbae0572f9044d1cc35743d77aa520a4124d728d4582a533,344,1,0.21988519,0.14582042,-0.22530925
A0A8B7RED5,d23db0598daaa3a887442c0fe97aefc36323f1707e36f0a758f41e3f4c4538fd,369,7,-0.037839584,-0.025213392,0.26791248
U3U992,0fab94c009e652b880480e6dce19e320f8dedb93524dca6f4f1cdbd535e48614,482,4,-0.13999248,-0.1004313,-0.13349539
A0A1Y1L8B4,065af72e6708f19c6eb04c880c14ba5305e96c86640d99044c59e79b66d86dc3,439,3,-0.0006773891,-0.23186904,-0.010409894
A0A3B3XIL7,3b39237ffb3f6b5b5ce8a321695ad69544ac73c0fe0a3598209eb3e045cc9941,346,3,0.112475,-0.12246913,0.103223294
A0A5P8K7Q0,3c0ee7d3f982bc0f160e3f94a9904e5254837c147b392ed40a9ad4e483f8b821,535,6,-0.24801405,0.27589,0.102420226
A0A8C9M1K6,a1db7919457f7380a983c0a994bec9648b4170463d6d443212eaa5df9a61789d,344,3,0.1528243,-0.13392848,0.027984086
A0A9F2R8P8,627018544deb06283992a0ffaf4f66a2834635c545f26720bfb64ff05e33d367,511,0,-0.06996199,-0.20360585,0.011792766
A0ABC8C466,7d7ffa832a39441f90744813c8baf0b6199b022f4fc83fec9229a5bd3ad9c79b,316,6,-0.3438274,0.27986315,0.10095515
F2URD8,22c5d2b3789cdd90fe5c57393b99b3ac3e1647e358c5d1cfd56521c26abc655e,555,1,0.60886157,0.28450504,-0.016728442
F8B2X9,bc4a9ddb8d3e1f98106319871f09fc42d7c675e78667c1abc64c166163094608,338,6,0.14214817,0.42613122,-0.005868465
A0A4W6E1H5,7299a78c7834402b044d4bef59545d5cd86c6cc3ceff84d12abe79d9f97605dd,335,3,0.0070503075,-0.10812447,0.042711902
A0A8B8MBR0,d86c55836a66faaab4d6b36a2f1cf7e80d63f5c4464874aacd9398e45b6fc004,431,1,0.41662255,0.055799104,-0.05202609
Q96FL9,41373408396091c49a069f4f76bf9a7ffd6cd214864036f797ced6745b585aa7,552,3,0.06307117,-0.1174275,-0.011533762
A0A6P3Z6T1,c33ef75bc9061fe708a3d9520dca21e351de6b7d069b842362a41dae0d3566cf,443,1,0.41779342,0.029079922,-0.06831986
A0A8C9GSP4,7040ff9e995cc78ad9e3c846b0d2b897a53088dd7d623fc75cbf9e06458c44b0,333,0,-0.28060234,-0.15404493,0.05159633
B4L6N5,38f6f75b4e6dfa1168b362851ed8204623dcef74998ac399d3784a993d0500cb,307,3,0.06886098,-0.06647746,-0.018606868
A0A1P8AUD8,d4cc87c6bfd38255b0d804a5e6c5efc5e3415b9c80f854608a7fc4360e3241f4,484,4,-0.08400484,-0.036033373,-0.13583715
A0A1U9Z8W4,664473e881960788e0070710699491d5af88210d74c51832881f31eda80dad97,378,2,-0.075669356,0.28220806,-0.10782647
A0A517NEN7,2c5a4a32f37c5ee3df0367c17a31fa1affbd21dfe5057f2395f0bd090db58117,456,4,0.07818301,0.29526663,-0.13784193
A0A5S9X538,8fd8b7fe5635c28ede33e304dd13255ffd42fb19464304d7cf5b60dd31912f3c,496,4,-0.09038829,-0.12774801,-0.12508017
A0A654FPF5,23d54eeb5ae9461413d48751aa82dfb45d93e4136cd4e0e265b5c9383f0c4299,478,4,0.080336325,0.019712117,-0.14454539
A0ABC8AZX8,291a27c4482983f10c8c2ca4af94a918788166cf2bfa968086f7560ff9e2c453,367,6,-0.025794143,0.32433534,-0.03918791
C0QRQ2,381f3f7776679c0df0ff932a07e13a1cb29b9f383d17032bbae4083846118fcf,403,4,-0.066579126,-0.021993553,-0.110842496
F4IIG3,b3b1b329f6eb4a75827c01058d0ee3ae2b0b5086a4b6f05006cd0c420ffcba21,494,4,-0.030522576,-0.106584795,-0.15104114
F4IIG6,8ebb0a50d53761548691f7e2a5fb171c62bfcec2a8dcf56137be34f714368de3,481,4,-0.02498568,-0.1139827,-0.16423702
F8R896,bda2a4bd303b566deb7052d66151fb907d844ce056958f4ab206b2a50892f57a,477,4,-0.03782445,-0.12792978,-0.18359429
I1L3T1,8dfa6b9fe589d5da0f47e9ce90833a981239b7416d10fea43c93baac06ce69e3,480,4,0.084445216,0.01798135,-0.1643521
O22182,d356c074b24a063dba75138e933cebcda7fff2c9978fec246f3d5bcbc805231a,456,4,0.14444487,0.034943286,-0.1585703
O82382,c0a3d177b4e296d998f8dcb41c63fa2f6afed6e5171b339eba9a4c251141a7da,474,4,0.15258645,0.03976007,-0.16248664
P27241,ae398eb17ae5a3244f9ac746e55b13d63274c5347c658cb03e6679740607b0ac,283,1,0.30247945,0.0016491457,-0.23766242
Q12XX4,f579c5ea5bd1ef4e8346cfa3214fc6815ac504adbc49a287ce07ae4af98cf627,404,4,0.090157196,0.019089676,-0.1787007
Q41819,0eab8dad37c6e6744eda4aed45ed15435eb0a780a04bbb749454cf956428afb6,471,6,-0.07873917,0.299017,0.053931564
Q4KTJ0,242926624e87ec828be9c6150110d975961cd42e5f0b2576ad9ef7d2c8d3973d,435,2,-0.01868771,0.12572841,-0.22154163
Q8L7Q5,7a364b57028c0cc65a9efcf340a7029a317d29e80d1d16095d6c581bd6aa0c33,372,4,-0.07053417,-0.09965948,-0.1339346
Q8VVA1,79530f118879034a37d71664385b6538c70c8d3156ee5c4c9c067d08e54b0f11,452,6,-0.17879832,0.35830978,-0.008712699
Q9ASY6,ceed7bc2d78027a75046d7a80bc75864cde701e075a5a45e950bb8fa2a42decb,470,4,0.046508998,0.0038130959,-0.12831968
Q9C9B0,2c2d4f022e93a70a273462c5732ddc0cbe04348a53c9cc83892317c79854c26a,473,4,-0.096254684,-0.008102324,-0.077484235
Q9LMF0,579d2bcb40bcf5bd263dc3163fd9dbea3006652afbc8961d7c3e9038bab8ec10,479,0,-0.16378386,-0.13297026,-0.11319064
Q9R9D4,5041437f8766559b0c2cab64c469be08e5151195abdfb9d69676195bb8adade4,422,2,-0.28568313,0.11167213,-0.13858452
V5LLZ9,d0afab752305984937a3c8d04202241ad3bb4ea86be4c4b37365b0225d2087fd,510,4,0.0823251,0.02212451,-0.11673866
W6JQJ9,92534f58a64641b97140a00af58f74548ae027e2aa1e9a07505010d942bb1441,473,5,-0.32310128,-0.17866665,-0.08169654
W8PV14,8b962b259046985ccc676d9c53298fbc437cdd8aa512d7ebaa3e3cc766959ddd,438,4,0.15778884,0.046449315,-0.16072187
A0A091R6V9,7c00d1c92a2891597926ab0a85d5912d3be232e157c2e5a9ebeec75fb052cd3d,314,4,-0.05392679,-0.06364939,-0.14804922
A0A096MXG4,af0ecba8f0f30a7e4df5a8f12d77f77d2a7730362d5450c912c662166dff6f1b,393,7,-0.10086167,0.024143862,0.28012228
A0A0C9QWI4,b3b9488611915d27ecc094d753fc77978e50587a6e6183e38d31f0f0aa3a1402,399,4,-0.03376144,-0.038151268,-0.09990481
A0A0D9R8U5,2eec5b9c8884896e8c34171b1f1d641b3107d844f0e770239727f51e19b7b68d,393,7,-0.08938235,0.021909108,0.26924476
A0A0J9RJL5,8e2e6b30e593d91e536f7b2209bf56ed97227008f891f84dea3451a240f90b96,458,1,0.44056624,0.04256119,-0.07798571
A0A0Q9WGI8,f5dc95483a29b51ab35c4f4685d845ef65d05d6fc3f0d0e5c867d873a102bf09,360,3,0.18989596,-0.09550956,-0.06856619
A0A0Q9X5L7,a4e7d147d33e9482a68911512dd164e7884d04326443e3b8d35dac47136bd7b4,370,3,0.16483495,-0.123595566,-0.061627124
A0A0R1EAV9,500276477cc2a8c8427d466b78cd8687d591ceeb31f65adbee74870fad70d5b5,366,3,0.16425742,-0.10322527,-0.04827037
A0A151I3S8,44c6ae2e5dcef344a911986d7177b60ae2e3d6d9e03da6d22729e098304bf407,398,4,-0.037798207,-0.022414006,-0.0879864
A0A151I660,d3d1ff66e152d50e7e7f572c07bc6d6c94cb0be71a9e238fc9d20f8767ad9db2,398,4,-0.026412034,-0.036029134,-0.10376656
A0A151X6I6,85bcdc6bbd1321701ccb3f477cfe2b38d105f85aefae7ff136cccf0589869790,367,3,0.09052678,-0.09741904,0.011354862
A0A182I0N5,6b5fdf09a6566d74148a4a1edbb43aafc6d2cefde83783efb817c3cf7e06fb57,376,3,0.1782403,-0.057519346,-0.0018591954
A0A194RKZ7,4bd97bc0d6820abd2d2fc05984f7799c23fe3eba15b6a6e4c5cff15b2d685c7e,298,3,0.14959656,-0.07271277,-0.08807644
A0A195BF88,e6b964ece7ea01d099b81823a0c7a8c9a40df1ed537a0da52584a541b4fd0096,367,3,0.08979942,-0.10212372,0.004335642
A0A195FKV4,15e5fe4cbe8e352c3b43b6882559641d0862a52565ad86b566188f849d295ae8,367,3,0.09582132,-0.10616465,-0.004353981
A0A195FKW4,654add1e6f2b388caaed0a49b20c92367b8a3f02a0056bb94c9db5b9dabff844,398,4,-0.039974168,-0.021418035,-0.08746251
A0A1A7ZQH6,db5e86b8329f200c5fe5c26f99993f48fd563a00fe50694b405f6f73b6ac1480,439,3,0.21393135,-0.053864438,0.10881382
A0A1A8U2Y5,876ba77b459d27ea74a8e51f343ce1eca58eca53930e04735edd2b9198dae9c0,443,3,0.12288235,-0.11051333,0.08904386
A0A1I8MK83,64d596346c0633ebc4fe3c0b459ba0b68a27ff4b07889732ac35d36a95b0f0b9,359,3,0.13820015,-0.14245312,-0.051801085
A0A1I8NWI7,61f510fa05b5f6a24b631b374077c3514710039470ade47a9421e78e53218e29,423,4,0.023326699,-0.060974613,-0.14449088
A0A1I8PB76,45269d2bdb2fd2d14efd294fdd7b64a848fe1be346256b296c105ad588baac05,359,3,0.13843606,-0.13879591,-0.061912965
A0A1S3CW03,96da6bec18059ec88e324a12e4c9f49a49ead3cbf10c4a25cfb746e1bddeaab3,404,4,0.07054207,-0.036293168,-0.16762434
A0A1S3EPJ0,4613d4cd37e35401bfab5781e03ab037c1c77855b0fe51644e8740eb3e0421ae,317,0,-0.078324944,-0.18686071,0.03621097
A0A1S3FD40,355d31c0bfb491d8c76f2e89d58c4bd542f1c1572bf882f02272cb6cef382dde,355,3,0.18767545,-0.056084786,0.0725608
A0A1S3FDY5,5ef3cd866d10a83c691e6bb0729510d864c29d5606046634c140c3b2d48ceb32,393,7,-0.04850246,0.0009836197,0.22463302
A0A1S3FQ80,6cf9cadbabaec1b050be521cee80358e2fa2760c0b3e4f74c9ad7f418c56865a,341,4,-0.051380314,-0.08007674,-0.14800039
A0A1S3H1M4,85d98f83b9722a725440ad26ef6d6fec72b411db57b9a1ab463ebfa2d51f37ae,383,3,0.19664232,-0.091738574,-0.025679898
A0A1S3H2N4,4184fe235fd3076cbee481492d6ef8f535f9f46a323c9c44bd92b6238c3c6668,313,3,0.16212969,-0.07574373,-0.0627546
A0A1S3K5L3,aa583b9d871c4d29f36f114759a63036daf232c4bb667b9b2d2e2fff33bc4afd,332,1,0.45981678,0.11099729,-0.07034094
A0A1S3KFB1,b2ba3a92475b73d58a69e0c9e70db07b531be55d3e1523008541d00feeb3adcc,332,1,0.47030005,0.12756571,-0.06772233
A0A1S3LCF7,073d59502feb9a805110aee3f2a9379e2ff7736700248bd2a21d485f6039d286,449,3,0.16612615,-0.13124923,0.060586896
A0A1S3MK96,ccad1a710a58be108026320a108647af41f2d28b1a436e41601f00623e78c6fd,453,3,0.22649305,-0.06785975,0.0989326
A0A1S3P2J1,2ca5900d20619f9b87b012eff0ae17f60c69ae4693a4cbcf4decfeb081f1badc,444,3,0.112953365,-0.1457715,0.08985214
A0A1S3SIV7,d48c9e14580ac3f89c7956b35af68c6442f74c9949a3c3def9165e6f53f164c9,419,3,0.16041578,0.009682432,0.12809561
A0A1U7QSH4,70d8dd9c887504c7133d5dc93d8da5d800fc0213c9732011447f2717a5767636,394,4,-0.04348271,-0.06659037,-0.1322105
A0A1U7R9L0,54c1486c846e9387295718cae0d32ba17315bb72ae2dee847aebfc44b49636df,376,3,0.11316185,-0.14867839,0.02753847
A0A1U7U4B0,f534b386368b56225d9d1960cc531e5d0f6c0a054342e6088672d40463ea6a7b,380,7,-0.08226995,-0.0149978055,0.22190735
A0A1U7UDR8,a58cb967d95e25b474326d04f215c570a7b5c6779c8836efe7d1cf4af3d1c2dc,314,4,-0.055137396,-0.0587147,-0.14309366
A0A1W4X8D1,96dae08adb2cf9db2ac73fb48fb82d55b85a8561fa3e223358d894da4c690f23,397,4,-0.015664775,-0.087365,-0.14845993
A0A1W4XLX4,1fbb9f6e63fe73e79dec6cf9c99f76ca4887ef33bcdd2898fc37aca9b10796a9,363,3,0.10930341,-0.16367353,-0.045231804
A0A1Y1K506,7c53bc7b3b4f5bec458dabe69fc3497cc7153e3b3b0927d45a0ac455ee99648b,372,3,0.12877727,-0.17805749,-0.064151704
A0A212EMI0,9de82b3b31d8260291c41e467a370b61b2ed4692f0eaceab20461bc9b85987db,370,4,-0.020584239,0.08736559,-0.024822954
A0A218UH25,4fbfa99853b2b38c721dfce5e6feac5a7b233c5d728186f891d20834a2d58e3d,334,0,-0.08049882,-0.19916786,0.024967715
A0A250YH88,485168b73caba31942992cfcff35a20d70113284a45360d51e21d6bcc0ef5ccf,394,4,-0.045583297,-0.0774003,-0.13980298
A0A2C9GQZ1,83f70f50ff00a5a9a5da1decb1046f1831cfc8c8ab1867af5bccb34decb802e0,398,4,-0.027754504,-0.053274997,-0.14086333
A0A2C9LCZ9,24e6d09d34866e9f231b628e289282403ad40cf25321ee00a167a25bdc5f0c9a,351,4,0.14770374,-0.04697078,-0.16183047
A0A2D0SN64,3a0a28b9750b358b22b055e4cb517bdbdbcca74b4dec352e3641f2a64914379b,393,4,-0.016227547,-0.057158053,-0.14034243
A0A2I0MJP2,00311d4dac88a0791a1c1de0b74785d9b0e6147737cf9dee63d32d133ba3dcaa,333,4,0.0020071547,-0.13355856,-0.06842109
A0A2I4BXF9,c19fa59ac0a4a953cc407f5fd7e3284af7d4174ea1232a15e767f5111d3f7927,426,3,0.17861405,-0.029081287,0.11727169
A0A2I4CZ39,8f6aa7719272021a0043973b6ce390fa15ce7940261a7941a303b4c82f063374,463,3,0.16339932,-0.09936488,0.10338462
A0A2I4D9I7,779c1f0b41708ab6e2d2a1faaf206c4e2813dcbfa182606de5e91600be783ed4,394,4,-0.040421657,-0.036049873,-0.10161754
A0A2K5CKS3,ee3a4d3c16479f42688e5bf2570f5c5ac086ef571dde3218ef7d158da77704c5,393,7,-0.07463545,0.007339202,0.27408627
A0A2K5DYV6,38b6919bd10ab42aefc1c40b8d16d0ef28d25e2daa2d3e626d7da8c12334aa7c,437,3,0.15193075,-0.08676073,0.10094234
A0A2K5LH34,adacb6ca5c8b865008b3360f88f0622a2ca8da03a65cf33aa74e92f13617c4a5,393,7,-0.09640827,0.026978107,0.2814975
A0A2K5PTM4,f8ca183dd656650ec5c214cb5874a584956de9042e5f6ad3cb61b28dcede898d,393,7,-0.07498054,0.00858131,0.26422584
A0A2K5RUE3,80f60fc153a9c670d5b509a1725e312ab8aae1e2ca225926fac2adfc9e5d2017,394,4,-0.04837805,-0.07126806,-0.13351357
A0A2K6B4F6,5c71f6fee0901a9651b32c2478e999e26dbc0dece3265bf0eb8c5405356d2f43,393,7,-0.095983855,0.022730792,0.27760664
A0A2K6BV05,37ff5eb1fe7128bc3846e0ba3d291864bf6961a0d9b9d338d76435dc03f6e060,443,7,0.03999212,-0.004026157,0.23351464
A0A2K6E3G9,43468950d8c22026be591a332a15fe5513567034fc27890b2450adcdafaca372,440,3,0.15299813,-0.07670087,0.11510731
A0A2K6FRE4,05e9933c1b58a572454a29868c58400d9c53b870b23129275af5764fbe67937b,443,7,0.033064444,-6.244347e-05,0.23092374
A0A2K6GDB1,2fd7cc02f36e1156228043a8f3362278ab621c44b34df63b531c03bd190176d0,440,3,0.15922585,-0.08170189,0.10563607
A0A2K6Q860,a07e65d09ee6ae90a318793074fe4674bd85c025ad99ae599a2303a9df5b28be,394,4,-0.045341637,-0.07148353,-0.13611105
A0A2K6R8L5,523b27097d65b4d867d9c7da30a9d5ef3d289ad1e92ae83f20b96d064a0a5b3a,409,3,0.06083048,-0.09644323,0.12999637
A0A2K6RAZ6,291d30b7b2ea741047a5d973673bb5dc5b856fc8ac068d2461abbc4cc11f41e0,393,7,-0.0809911,0.033182945,0.27158603
A0A2K6V6F7,40f661cd04064ecd50395b66df3106ab4e4072cead3d0c2d36a174cc83e2149a,437,3,0.14767206,-0.09360513,0.10422334
A0A2R2MLX5,762e632f9ad40448ace1d002dfe2cfc46c0d720fad1ee1e4311863ba39078625,392,3,0.21247903,-0.13993411,-0.018942758
A0A2R9CM30,bdfc6c12bba90a8e394e4005ccdf901abeb456ba71263d3706845c713008dfdd,393,7,-0.075863026,0.010660575,0.2570738
A0A2U3XQ05,c35996cbb446e2ce9795d76d579e63fce1e843954c0bddc0ef91dff414437b75,275,4,-0.044352166,-0.066511676,-0.17046301
A0A2U3XV07,70aa0c2684f1c9e328aabaa4faa7ac7e4e6af2c60d5218e356aa430190c10fd9,440,3,0.15358622,-0.08386863,0.10252575
A0A2U3YDB8,4d6c8965c66793ed682a57fd60729a756f30b8dd217c3a5834e966e3764c9509,317,0,-0.047974814,-0.17205285,0.025048975
A0A2U9B235,07946fe17d0c995ff10267782e74d48cba6d4d26814704e41bd935b1ec48ea28,417,7,0.10215381,-0.018976308,0.16196509
A0A2Y9DCR4,46a0687d96c9d4a2d8343b24fc7b7d7538aa1ca9860b6e7e6885e0f4a8c509fd,394,4,-0.04684075,-0.080200054,-0.14041646
A0A2Y9DDU2,bb078019639be38b0ca1ac3d42031251984516e1f9b1eb9a183227b89bf3c598,317,0,-0.03128078,-0.16915286,0.03239621
A0A2Y9E209,7347e5c616aebb8f16d831adf855df541dda224176385686e82a3dedb13eb293,440,3,0.15456386,-0.072662786,0.10802714
A0A2Y9H910,899fe5482be7a9f2c06224b0ac9c4fa1b9ae4029ac353bbdc9f162cf4755c660,392,7,-0.081021704,0.010727186,0.2603362
A0A2Y9IGN5,a25d8d35280bb1b74c7f239da3e483009c772d743151157eb1ce8067b32df4a8,440,3,0.15309702,-0.08651192,0.10207167
A0A2Y9KH72,8f6604e02bcf1093fba0192b176a0f4f4149593a13823a3903f98b90936e79f2,392,7,-0.076412685,0.010306534,0.26687637
A0A2Y9N6Q0,1874fed18ba875ff0468c41c2d08ee810e42f174a366612b381c0db548173b30,393,7,-0.062388234,0.024229694,0.2480763
A0A2Y9N9N7,71d7508010a07c53a37ae60ee6e990622fb133bb4e10a3bb71cfb7d7226fa940,440,3,0.13904637,-0.08148938,0.11724625
A0A2Y9QR55,3f8dab57ae2b15f11dfccc155ec0530b2241566da6821b08491ff33134e35d7e,393,7,-0.084803835,0.028229605,0.2793111
A0A340WL29,1501b4f2fb1e5b781f44b5ecbc59f6eb970bf472466f0162abfb9b3597f661c2,443,7,0.02071448,-0.012626023,0.23100041
A0A340Y370,484c9fc78fa5f2240a536a65dead501c8dfa7ac41dcfa2b2080b7bc686578039,393,7,-0.06324332,0.024892522,0.24313077
A0A341B0C9,9dac2ae3da4921f060b73eb5b5edaa55c2c3a2ead49b27a5efb183f62bcfe70d,461,3,0.18382004,-0.049279556,0.1354942
A0A341BM70,1480d3e362e0797c6b04f7aa7bf57fa994881f41e75f6b0bf88d0134fbe4216c,317,0,-0.049877398,-0.15697338,0.047505975
A0A384DHQ3,04f0c2f20d469523d303cd38ae28e76018f22e9acb62f167101e3d995ae4d5e4,254,0,-0.22259396,-0.16587497,0.15501812
A0A3B3QF04,e6ea4e7a3786cf4ad49402231feeed1c6701bc488d2431a9bbc0447643b16a7e,438,3,0.09311354,-0.09543818,0.14218582
A0A3B3QUZ4,28c50868f6c1e8acb9227c9efac679fc34523dbc727cc1192ee904850566f2de,393,4,-0.009627649,-0.038454838,-0.12791349
A0A3B3TPY0,2f259ed852ca32b165df42d6bfbbc81ae4197201824337519f8fef3b779e5bd8,418,3,0.15553106,-0.030249666,0.09705998
A0A3B3WCX4,72db075024d150e2dd50bc5cc4652b30361777dad7ca8c8c4a3d6ec1ccd45948,394,4,-0.049861792,-0.030679027,-0.099009424
A0A3B3XS25,0c421966ebca9f7e14bb0c0f89a3a73f296ab558533e919667eb98c4d12301bf,447,3,0.14010662,-0.08441369,0.08478142
A0A3B3Y9I2,44944e31b3ba27afa3372744448ae9e7851471d55a391991ebda6e3f02004ed0,418,3,0.14360914,-0.02290001,0.11205142
A0A3B4TU03,bd2c5abe73700bb0179e0235472abdc8e966486b3350a5287555cc851e232e0c,418,3,0.14860518,-0.04392394,0.10035681
A0A3B4UFA7,182915a633d444c4b88d9343824a74e45f7b3a846fbc22ea0a7832e6f33b2371,448,3,0.13311465,-0.12164097,0.07392496
A0A3B4XNL7,9654bf9824edb5ba94b7cb812106f4e80d60810c9bcd399f7ab816a03f1a3971,448,3,0.13456184,-0.1177138,0.07217211
A0A3B4XVH2,ad044fb2937adc893406fccc2c53c64416bed144ce1873ca693242f578fe00d5,418,3,0.13981284,-0.05473355,0.099173054
A0A3P8UU56,f4d60d71ca4b9735000cb1455ba5906725d0bedb17aee38372786ccc01e7e402,409,3,0.15567492,-0.098254114,0.092394605
A0A3P9BNG5,e7d265e85b134c4a7fbeea83d9293e7042e97a378286d0408ecb2814b478faf2,447,3,0.117734335,-0.12545323,0.11062997
A0A3P9BWY9,47332f4158c1b7504860372c2009b2795c3dd8956326d22e98efba21b425d1d2,406,3,0.13668975,-0.046503797,0.06402496
A0A3P9DB24,b996d0caecbe3d3c19d9b2910cc3abdc1ed6ad19e988ed6541d59233361e9814,394,4,-0.033592142,-0.049624763,-0.116392404
A0A3P9MJS4,d31d2ae9cf808bd78f33af15d4d980d664fc5dbe15861db1895e7c949140bd9f,394,4,-0.034673076,-0.033808965,-0.10442317
A0A3P9PUH6,648c96d49d2416d05e4e9cdac073ebe3330543ed10957f728359c5e9eb57ee32,394,4,-0.039290305,-0.02816404,-0.09777332
A0A3Q0E0Y2,64dfbc31c5f0a629c220779c7577c3b6c0c1f909b3a281865da9075379842659,525,1,0.39896894,-0.026152413,0.07590273
A0A3Q0G5Q7,13c666b07f48675e8e803c1046c8662a7ef7428150951faf60633a7c7a7345c4,355,0,-0.05380911,-0.23337096,0.028305806
A0A3Q1BAV0,ea8da3b3d6792d6f492a0d29b210c0b5457c3b7fce0ba011b381a4ecbcc0c41f,414,3,0.13154434,-0.068915434,0.093336165
A0A3Q1LRP0,7b1a3143b67c4a249621298725dc17a1ec4aa912fa3a4470d5eb895e0b66bc6e,440,3,0.16114092,-0.0652351,0.11237602
A0A3Q2CAN6,c9587cfc1a7b972738534d5a23f1e48825163f57638049c1c208593ec72aacc5,432,3,0.19022009,-0.059799097,0.08107606
A0A3Q2EEV1,9b23ae09c5dfa2bf20ef63f34b8c0e992b842ca400abf718e099f4032b516679,451,3,0.12185043,-0.086504914,0.14220579
A0A3Q2G848,8c4ee4b9d261c36a21fbfd5991f57937612e14f555b80f8d879bfbf3103b4c83,408,3,0.12442818,-0.060864974,0.10593567
A0A3Q2XUL1,2fe4e6efea3df2614cb1b8cb57a14de0a06c919ad6503406dcb1da12a6006ac9,453,3,0.18941604,-0.097747855,0.050146494
A0A3Q3JHE3,99de15133fc216f05a84dfb3568e4fb4e0ff36095c6acd6cba96ab3aaac06a36,394,4,-0.036152028,-0.048102163,-0.113006055
A0A3Q7SPJ0,20986abfc87a8d324828204735c3e9502341d5ded80392f21482c7cc96bbcdb9,394,4,-0.049192067,-0.07265909,-0.136922
A0A452FYB6,47db51cc6d9e42f2ff980b6a2518ced2b6a1352234bb80f87a1ecd02a67bec40,393,7,-0.076435536,0.023364665,0.2515493
A0A4W6FK53,7d2ebe98b5abc8482d06b92b0f0fa9c7da416f15041e0e1bc826f29d236f4d2b,455,3,0.19498645,-0.063069955,0.1095169
A0A4W6FXI2,a2279c021a1f7b7189c7bccd4c32bd7df6c63104015f06f84c61801a39ff2739,446,3,0.12146871,-0.115674965,0.09166544
A0A4X1U5S8,acfd3daa9b38910729648bc4b69eaeb3ff84c3bb345ecddf0759daec12069d86,393,7,-0.065526105,0.020070717,0.24508929
A0A4Y0BNB6,be513221bec84f399277a13282c7a89382049d110ff5c16d0a12a619b23a93df,398,4,-0.024664395,-0.044047397,-0.1446522
A0A663FCV6,58d0f39f6b93306ef42fcf60acec861d23b0b6cdf48c44ec2b4ce9332f296e52,394,4,-0.04667643,-0.07150696,-0.13951038
A0A663M298,837b5a8d5a9eaeb2607bac6116448df17ef11c6e6542e04971db42c83aed479d,334,0,-0.07933617,-0.23601377,0.0015725095
A0A663MX45,8f629825aff4854ece037b617d2513c87471c8f7e8885067bd3a391b000d6e74,354,3,0.07279204,-0.17227975,0.003185751
A0A669P3X2,203d03bc0aea1be35b6e20cb3441c78288bd78e110e93631a4a4c780c7911d3c,433,3,0.13447098,-0.06600711,0.1176769
A0A669PN17,581ad83724726031ddb6db4bfbc2d52bac3595e6c38081ac765d7ae9fd01580f,363,7,-0.21811669,-0.009947196,0.27694404
A0A670JG41,04d8cc369fe29346cdb8ac3c635c0a4df194eb8149977d2417df78f02917ea8d,463,3,0.098878436,-0.05675149,0.16999754
A0A670ZM73,15de376c7b0a5a1cc5d07470930e0b0c12942908d8f5ccd7c67b0c6b86aac175,443,3,0.17036235,-0.061271578,0.107921325
A0A671E914,885c1e95317dfa502da4bf1474b9775dd9a8b90aa93e6cbcdce7ddf24e4da82b,441,3,0.16986567,-0.094056085,0.083548985
A0A671G1T6,251c76dff0f547efa3113110712e87f452c14a020e1dfb4ee759f8ed9b7f61df,394,4,-0.047207866,-0.0769192,-0.13752374
A0A671MKW2,d0ba3829417d4223600847c933938c83044eb831708c0aaf51612946e4a827aa,393,4,-0.006605695,-0.04913013,-0.14037117
A0A672LAG2,05d457d3fade7d34a58cf0dccff1727e1e0ce9134f2fab0a9a57b4771bb3c34a,393,4,-0.01362841,-0.051126942,-0.14068587
A0A672LBG2,74061bf0de145a424eae746584eaaf9c8d5b9fc611e796c224cca4a086ec73fd,393,4,-0.013419269,-0.05034584,-0.13861482
A0A672P231,406ebf9e367105be72c2d77ba26e1de2f61027fa2670f40fbcad231a9983c52a,448,3,0.10787265,-0.14194424,0.06693611
A0A672TK53,a0b2fc43e9eef18fb365c75e432d367c54a6c33c2389fc5c2671063185e44641,394,4,-0.048994545,-0.06801876,-0.13708532
A0A673FJL2,4ae135be1f2d6e01769352de0d26d0a9e68f1c53b13894a9d513007dcf6b58ad,441,3,0.12044478,-0.14413694,0.06526231
A0A673JMT4,89bc3f640ba1c4d16ccc396ecccfa29519fc6fa1fd4ec7d41373844bc316ac1c,442,3,0.11783302,-0.14784949,0.07842164
A0A673YHJ3,527ea6277ffd736c70b116ee810ef6bcb94289359cbedd8f8fea18bfe6dd01dd,449,3,0.16019091,-0.13079748,0.05892532
A0A674C8Y3,01c5341a9d4dd206da53646e0719c566cecd158a9814293bde89f7207f9b9fee,444,3,0.109955184,-0.14902458,0.09368258
A0A674F7Y7,db0db3d7635de72146d3142861065243e8bf83ed5170313bec08cbdaaf13a497,419,3,0.1586654,0.0073195286,0.12722676
A0A674GX29,7216b7492253209a9d7c5e0899219180596670425398de4c5c278759b6e473f4,357,7,-0.21626994,-0.0059639434,0.26348403
A0A6A5FTU5,96683e6c4df0a47a7715ff9c4fcc7c3852ac16515f58ee10e9e25d428b3214d9,403,1,0.28541878,0.10220863,-0.16144241
A0A6D2XJJ1,ccf63b160971b2137ce0302a3661cba892ac47a7d363eb752376b3de9abe5a94,247,0,-0.2622168,-0.15936835,0.16067737
A0A6I8V2S1,19fc8825d627b2b3f964c2006031c3fd50a3a23145ba481562d619156be8f828,357,3,0.19847038,-0.12713957,-0.09105592
A0A6I9PL56,9b7401c2686ae85db88924d5bbb12070582cf799deb45cf0c7446ad6046de861,415,3,0.11854461,-0.05526032,0.108924195
A0A6I9PPN1,7a925ce21706c191a012145c4ff771e851986af004564be430906eae46220b0d,443,3,0.12910841,-0.14796922,0.060080476
A0A6I9PVI1,a04eda325f5275a90f9729e1f094632dff46b9dc60c92df4e4943ec01edd7d5c,444,3,0.19728914,-0.07810404,0.10131751
A0A6I9W263,c36819592e358ee72a886f1b232ee7c6468f6a9f72ee5e1d57f99c279121c559,398,4,-0.02978959,-0.024482794,-0.101810895
A0A6I9XGS3,3f9e78161e5c93c2607549b7804138119a319633dae50db7693dae8f7a80c0fc,443,3,0.17198475,-0.06779516,0.1138801
A0A6I9YXJ6,2a5ae68ad031538610d2c182e3029b3b767df6b2ecb2f740acf340bcd95524a5,394,4,-0.043797635,-0.08534571,-0.14054704
A0A6I9ZBX5,54595255f6ae7da009be7cda7632f43f035a56b71a7182e81e8eafdde37959e3,354,3,0.052215803,-0.16452372,0.020806443
A0A6J0BIA2,a47bd19bcadd752ec5c63bbc78c42286d09d9d2a08768cf84f01ee274ce1ae27,398,4,-0.020793177,0.0069273063,-0.09566795
A0A6J0C353,85e542640ab61ad384e2a4a3a44b7f223b93323f84cb6358a1cff78a2ac02784,376,3,0.14576012,-0.11617339,-0.041173723
A0A6J0TEB6,7582875f1a7ae42cb5b3ec379173bfcdd6c1cc7cd7daafec908d0bf1eb74c95c,470,7,0.10639458,-0.063947074,0.20032652
A0A6J0TGS0,0bde656dc5bbb64c39a260b3ccd75163591e45177430fcc8dfe5c85c1ef7c954,394,4,-0.04412612,-0.07915305,-0.14036843
A0A6J1LLH6,2641592b4945a172fa4cca770620ac782b10a009edf113444ebc97631e577cc3,446,4,0.027708026,0.041252088,-0.081153095
A0A6J1MN31,2872ffb8bee87acef687fc678ec376f909777cf45eafe56a98fb469ca2736095,370,1,0.28747997,-0.052781362,-0.08178791
A0A6J1P5C0,70f71f40757fc03255794bfea781a2c7bdf4be26a3f137c7a9368112fd547f4a,397,4,-0.046527088,0.15686674,-0.014831226
A0A6J1SIH5,f4a1379b62562f28f451c0ee00a3b7bba2a1eb21c74d439e543c26689e961607,400,4,0.0063267546,-0.029415406,-0.12911223
A0A6J1U8T2,237555eafc439fdaf79a3a708d6363fbd6bd515b3152fd34e0b74b63f5b4c936,354,3,0.050330754,-0.17670687,0.02092696
A0A6J1UHV9,8851790cbd8de18b48c4bc5764d764977d06c6454c67fa5a566420adbbab86ab,394,4,-0.040448193,-0.08961687,-0.1513176
A0A6J1UV19,db707cd9a3700b6b739414e5f29b257606171a2048283335628826a7afe6fca6,462,3,0.26101705,-0.06868496,0.13776195
A0A6J1WWM5,447ee76dd73def1b47f34537d8ece2f31fded409f75745d26b0b9c7646e9d832,365,3,0.24617885,-0.082156315,-0.095735416
A0A6J1XGZ3,acf84648b93329c7b2d80ba1fa667dfddd57502d2c934322d5b782d1528592bc,440,3,0.14406563,-0.07823005,0.11468701
A0A6J1ZIT9,dca6aaa1d84dcc54b10d7272bb30685f134711fa29a8f6eb4e81d132ee78e161,392,7,-0.09561014,0.011925739,0.26592913
A0A6J2CIB9,98bfcaa470ac55be34dbe049c02ec7617b9249eb724611575a9d1275feff62b5,392,7,-0.07198462,0.011662371,0.25884184
A0A6J2CJZ0,853a96e9c1fe67d16287b7df5899a96da63b505c2e1ae58bc4928dd9a131f73c,443,7,0.03187976,-0.0063385693,0.22065155
A0A6J2D7E7,f21f96490f971a55cdb2a376345d4a5366283f8b0b9a3ee1a068b494e3bbeac1,440,3,0.16572055,-0.08650606,0.10360054
A0A6J2KZ57,5e971e95a45a4967c9fa578f458e6f3bb82a24a95baa41583d811725258b0310,423,7,0.011034012,0.047875352,0.2623962
A0A6J2NFQ1,40da7b22e25b3b1356ca1f7693826c4ee8abc2523a59007029178c47611fed45,440,3,0.15025651,-0.06923057,0.11095175
A0A6J2PY17,7a26d1f1b4200aa2ff6e664763d142b079d6002bfc217c309acf11ea7237d256,441,3,0.19851883,-0.07793785,0.09995423
A0A6J2XZ29,5f56251245ab2e1cbcdd556656b595fbb8ac22666c0df6dfa64dd17a62fddc35,397,4,-0.03437999,-0.10320333,-0.16423285
A0A6J2YEP4,f79970748e9a9943020cfe9f3521073c0334588bbd31dd900cd08a9f990706c6,372,3,0.13964042,-0.12805474,-0.047694016
A0A6J3DC02,65714f0696e3770ff325856be218828b3a2f86d431d53c6e1a3fd2f5d8d751cb,351,7,-0.2026586,-0.0029442427,0.258041
A0A6J3DIB5,51eed9d7c950e87656e7e99655d6814f38c260b9fe15fa4bb9b5d951d9a07537,414,7,-0.017997077,-0.1298489,0.17105164
A0A6J3ES50,7a749a03bcec40686366fd828a5b9c2a3521c635d670d2ac119c70d08d9da217,423,3,0.119255625,-0.086619526,0.09321511
A0A6J3LJ60,0d9715c2725407ad1b135ad44b9aa5656861cf1f06418fe400a51fa8337306a5,364,3,0.115300246,-0.13420814,-0.040223494
A0A6P3RUG8,3b160089fae9fa497966ae58693fb6679e20c7332357fe1bb4e354f18495f2e2,440,3,0.1714567,-0.078385964,0.08777272
A0A6P3ULN4,918cfe90cb4a10be162a4eedbf3b7c2f844d1aa0d4e5fe8626f2d383cb5ed196,364,3,0.10894387,-0.14354101,-0.045015816
A0A6P3W012,bdfb19e6c58ca8c6e7f0e418a7b32830d0464eb249e29153e825120245b08bf0,425,3,0.1290128,-0.011675742,0.15606
A0A6P3WGC5,3ab729e685754b68a7673a611c485dd602eacf57b3ffde22778d788fb7300cb0,448,3,0.16700865,-0.0055708312,0.16240239
A0A6P3YBV4,483d5298f85f97d29fa504ba15ca407b7f0f5045b12e0aa913f0ac1e974c8acc,398,4,-0.031778734,-0.018426443,-0.09923533
A0A6P5ARI7,b2e7c738e5cd3666f505468008b133609a20c47f6168437145923a6b15f3d2dd,396,4,0.022456571,0.009503759,-0.10515071
A0A6P5INX1,3ad67f00cac398daaf1fc1ddd46d2e7d680cfbf02b756850bf1e80629ff78411,403,7,-0.026104238,0.006252283,0.23294635
A0A6P5JAF7,64510159e2b78fab9a209ad53a1a2c3010f039a85fca1355d2170b93cd8a03c0,394,4,-0.037897088,-0.07030371,-0.1397543
A0A6P5JMK1,40781146cc8b328bcaaf68d12046222214eb374217a9619ea7d2b7d2320adf85,410,3,0.11652252,-0.11935955,0.08493076
A0A6P5LXK5,98614b4b4a7a297b253e2baceb28693b25d140aa8679273ce3d6414cd977494e,447,7,0.080146745,-0.09236699,0.18206577
A0A6P5Q3E8,683d438efe7e6801cf26789adc05aa5668997240ee50d3f06086180bb9619fe3,444,7,0.051681515,-0.0059122234,0.23341122
A0A6P5R083,ca467178969817e1dda264d3bb96104b1d11f0f6164a3fd962288c576bda9ba5,392,7,-0.06680759,0.006499488,0.23767233
A0A6P6HM12,8a0edcf3b07f3990bccf0dde66d44e3b56468dcbb1830f3fff69d0261e8bd537,558,1,0.3342787,0.03687492,0.1664798
A0A6P6IF50,6fc5e3d906ada479c516735c448d8cf0aaf2e9c79115783880ce1c0e172dbff1,440,3,0.14918168,-0.07437105,0.11421428
A0A6P6JBH4,363468c6188a556779b715737dbd30cbc385cb1cb9770925ab784293c780830d,424,7,0.11952136,0.007033598,0.1762721
A0A6P6JFG5,a5de19f547f4e7cbc4c24d7ce366765449c48eaf7f8ef11f2eb125d64befb050,205,3,0.14256373,-0.020300625,0.050361127
A0A6P6KS85,1584c73d516b405a46585f0e570bc3ece160a8e998e2c5e5451c3a9a9a49f579,393,4,-0.007833091,-0.040199142,-0.1407369
A0A6P6Y138,a5833b680c88105108e430ee4e6fadfc1bae5a8b86631b42c9049107a83290e0,406,4,0.04481879,-0.08575018,-0.20555024
A0A6P7MJW8,4e5959392cb46b3a3dbdd2e2fb62ec21335b8d044ac992869b45d5621a3b5752,446,3,0.13988324,-0.049668223,0.10985983
A0A6P7MRP8,a4bf99f9b7eb806c004bc83af762fa8d70b91d9face8abe00df31615dabdb1e1,442,3,0.18840833,-0.051597863,0.10759429
A0A6P7NJ91,5a324b049fe33d00ab31f014a7ced971f77d9d22f543d2159947dc0e9a06af01,414,3,0.1019256,-0.051087733,0.1464345
A0A6P7S824,d44511752c2b3c204220e3133595446a12cc3565a28795844572db64dd9ba897,414,4,0.20526709,0.037803162,-0.18838876
A0A6P7SHE0,47839a301183e44578e6ed55d5a4f4e913a883a0d38837ac596d3be9b7384c90,391,4,0.043483038,-0.042819243,-0.17408198
A0A6P7SXX5,23017685c0f9aee2394a7565158af95c7c173058204c8b535ce584763128e00b,414,1,0.31176704,-0.088302076,-0.07734731
A0A6P7Y8K7,c89e258edd95e608d607e7c6cd5fb06fa4308cbb5276de82a4fa00e900806ce4,339,0,-0.05924225,-0.20609277,0.057479646
A0A6P7Y950,7731722d0b8086a509ae6db970364dfb11814e94b173d7e07306ff4e18d76354,438,3,0.10941775,-0.14095242,0.12701604
A0A6P7ZBY9,81e16c2eb7bd4d50120e255619f4abb3e054981d3174a661983925f30394e221,436,3,0.18934211,-0.085476354,0.06992033
A0A6P8GA68,ed7d45593159fb3335a68f400453abc1c4bfd9d1f0f8a4b51f3bb58df6c772e5,447,4,0.20684947,0.0036417437,-0.10900118
A0A6P8IDN4,ccd57e510cf908f2ed7a92fad50f0f58bf7dfbc41d2855ce7354f7243464cb5d,415,4,0.20523056,0.02619475,-0.17841266
A0A6P8JCI7,68c3c649a70d89bcc37959e4c6a98f6fb3131b7ab8495123b5a47beebf2d930f,386,1,0.2865,-0.04477874,-0.07423781
A0A6P8S9I1,eb8f80ee82dfb52cf673ee3028942bfb85c13a90846a1397388886ecc768f7df,435,3,0.17697252,-0.111085564,0.058534738
A0A6P8SJF1,d8579a41b3bc8929e915cee4f51bb552a78df2488f1fc5764693a57584949e39,349,7,-0.12759182,-0.07804077,0.20868072
A0A6P8TQN7,54ea81f854e742105d78d45f5186199ac6e03dc70874f7b9d6eb3625fa769d4b,443,3,0.12719218,-0.1508569,0.053358458
A0A6P8VIE4,d72d712f6c170e56fab31661f4edbff73e51608b10c73b456160f89ec05a026d,419,3,0.15803318,-0.03395604,0.09755174
A0A6P8VQ74,05adfcb17537ad13675119c17b79a974bb505699634ae551f3d5f25696474ac6,247,4,-0.028248332,0.04881772,-0.16601932
A0A6P8YR31,89d7187d970086f3a305a6adc8c3678704eb173aaeec667c37a06dbc769bc567,383,3,0.13363954,-0.11842083,0.005540468
A0A6P9AVV1,f2c1d0d9ac5796ffb8ffcd5b2cb170cd1365ea1d240effa3b08cb3b9c70b30f6,578,1,0.45890737,-0.0037671244,0.04417862
A0A6P9BEQ4,3e53ce3214ca47e2ba1575b710e369d815f751eceb31e84d68919f9f4d5001bc,394,4,-0.041568484,-0.083764516,-0.14286712
A0A6P9DKT3,356092bcc2a627be739c0b2894016e2dd484d165d1f439040a635bea40984bf3,451,3,0.11676207,-0.12237825,0.15363306
A0A7E5VJI4,9e87e21b15c149185fe054550a63b42df0f67239af16ffdd72c77afb952c0351,397,4,0.0065306136,0.118749544,-0.05535749
A0A7E5WQR6,f1fade93d66f18bdd53780876c813b04a7392ac1bdbe67925e8c3239019aa79a,368,1,0.28412798,-0.046749067,-0.07863501
A0A7G3AG31,a9fda1b59fb33ed14a491af23cbb09259f14e320a66ea662a05e14fa7f4ae637,401,4,-0.05511406,0.03472135,-0.08032152
A0A7M4FB09,228419db0b18270c9ba972abcd672e17d7d7c878ca33cd8e4ce11690e6e7c010,370,4,-0.056173906,-0.087938,-0.15133815
A0A7M7JRA2,e5eba973680279b4dd9cda3b8c9b48d298baf58c2eb53c171968dc96ccf395ee,553,1,0.5726749,0.1488678,-0.05419661
A0A7M7JWI1,576d6602c5bc9ca51a6057859efba38e58e68203d90c81c73c0d77e303a55258,495,1,0.54342777,0.12854387,-0.062834725
A0A7M7PCT2,507f9c72b549403cf934d0124dba8588cac7de54bb8110035a0b0ae0035d64b7,586,1,0.34930453,0.027625363,0.036847092
A0A7M7QPK6,a8e030a36906624f7f6e1b865d0fc2535f95f08f745d55adc90f3b1332ac4134,385,3,0.16023254,-0.091264784,0.0014895927
A0A7M7RDB8,a143cd80d63378428f6df2bb07a1e708e394994402ed3f893418725b8b6edd9b,362,3,0.097637996,-0.15457988,-0.05325658
A0A7M7T3N1,49e86efa4957ee9a8af6e512ef6a8c77e24d2f58843a9dc7468700daee3c29c2,429,4,0.19273986,0.040743053,-0.14442284
A0A7M7TF83,c960f108d8413442eab12f0f8ebd9784dd673a744aa9de07610eeb83c10d92b5,400,4,-0.0064519006,-0.029162485,-0.118658185
A0A7N4P9V1,0452bf5f08b6ac251923f8500548d9fa0b03a9d328394aac21a687dbeb6bf8a2,394,4,-0.038349565,-0.07302902,-0.14001013
A0A7N5KMG0,ce37740574d5947ef6875a9b5a14e38fbe005e2ce17ccac2d257b5627bfca493,392,7,-0.099638015,0.010815129,0.27897725
A0A803KD21,dd26f091fd5f867473a0affb434bd07a80653b5c3c7de5eeafffccf17278a00b,456,3,0.21717308,-0.0080488045,0.13418399
A0A8B6Y7C9,56fc790c56949861df14134b2474fd00431f91202112ccd20c550e2a5aa1f84b,443,7,0.019539896,-0.008341085,0.2265421
A0A8B7IX30,3a5f7380b0e95cbf5778bd67fbd666a4453b6d99f646bcaa1fda6d0ebf4113ed,368,3,0.09716669,-0.17317903,0.0059697977
A0A8B7N4T0,100aa0bb9c35b43aa4c051977ec5d993d8475d1ef91bee479a0f5bf41931a0e7,291,1,0.4080271,0.12182676,-0.081360415
A0A8B7NMD4,ed7dcab7c239764cd3885bb7b20db9c89dcf79a46738f7ed1df83a9df88fd3e8,327,1,0.47359315,0.086756,-0.12749988
A0A8B7PBS5,4408c8a86aa8d90e5219d23d3f685d1f0098395583b3fd0abc06e9da848223eb,411,1,0.3354157,0.053543717,-0.013131306
A0A8B7Q026,2da40dfcb2330d9fa6d1a73f4c536d83a66389fe6001c6b01de7b6c13caa13d4,442,7,0.0766781,-0.02753599,0.2116309
A0A8B7SRG0,92f90ca4ba5ac7e43090353d5de1180c8889021acbbdaf2d8cc4c338c72c93ea,441,3,0.15960108,-0.08797171,0.09892519
A0A8B7V089,81ef576f15d39e763ad75dcd4192fa0ca9ccd4101accdb82a8d1b1f9863efc9b,286,1,0.26056385,-0.01256522,0.07575442
A0A8B7Y235,e6368d8701de9046d7a73bdc39f523af750c63657cbf7c9d4a742f3a5e7a0b1e,397,4,0.12754148,-0.002740135,-0.16081907
A0A8B7YHW1,c0ceff3985428b6a11664a90bddfd5833f6b7db29df02be572f86977e031e3ef,397,4,0.16604266,0.0062230714,-0.17133555
A0A8B7YHY8,3d17f826af036ece15ae290707dbec61d6029a14ba9f30e7a59d19cb0020a569,396,4,0.13286312,-0.009662688,-0.16492656
A0A8B8CM40,952a1bebe7fc061fd9fef8aa160b0550a35850a14e9805740cf20822ed57dcf1,384,3,0.12193572,-0.11854926,-0.03093127
A0A8B8DZF3,9246e4d1ee71fd7f242a7e275a5ec86fe6fd56a56f008809b2732f67883fffb9,408,4,0.18263775,-0.025080875,-0.19821787
A0A8B8U3M1,2fd80369e751063803d71fcb54e87ce044acbcc8dba7eb762955d70147faa474,443,3,0.14984368,-0.05161919,0.12714183
A0A8B8YTM7,506c3fde29e9b8d7e21da511df29215dde677723d5f860594798a026e871bc73,443,7,0.009637713,-0.0054875384,0.23146632
A0A8B9KC16,04d51e53686f779c4c7e83f7dfab8f6270b192f8c2084fc3025da8899b78d23b,443,3,0.13308379,-0.05183748,0.14010122
A0A8B9L7E3,6f099bb849119dd2fdfe41897dc827de394a06af270ee8f7f33f4080382afd10,415,3,0.1298982,-0.03567588,0.13420275
A0A8C0C676,0b0667ba77f138e68e55b4218505e56ee7842a41ddc2e418a0e2a0754af69e8f,393,7,-0.091905735,0.025038624,0.2775578
A0A8C0DE71,c46fa6bbd0f2399262b74eeccb44ffbcc037811c06abbae55d155a01771ab496,440,3,0.14033832,-0.07803368,0.11882307
A0A8C0RL48,12d3a6cf058b2f3dd6a5c5eff6427590e838d70e181835646ac1444f9c2c2672,452,7,-0.0005651617,0.015167898,0.24435703
A0A8C0WCW5,d058374166c00efff67eb9f148721ded384051b3c106c404d07a43667279e1f5,442,7,0.015660478,0.00892596,0.24044931
A0A8C2LDB0,83ded05e475a38dafd456310e4e9b3bc316f6936cc2a5960c5e56950ce736099,392,7,-0.057506725,0.025323022,0.21487042
A0A8C2QH18,a7dfd4fe576be255bd6ff20c2f7219298f4124ceb2bb561a46246c32a6cbbe8b,444,7,0.050107174,-0.014113925,0.22343838
A0A8C2SNZ5,fa0cd9798a94fe3b05ff4bdbe5d77fb2c9188f1a6e7035f29d846107d6bd2909,394,4,-0.046474475,-0.06683659,-0.13769248
A0A8C2TQR7,e6f2ab40a7b6fa28d7d33a262657d28845473c8020e3caa31e3d5e3483565d8a,433,3,0.13089119,-0.06511745,0.11932531
A0A8C2U8M6,e7011022062173cb1f87a04de0796d1cfb47561ba3d3dd0b02f184ed1fb65587,424,7,0.0012451909,-0.108562835,0.18316862
A0A8C2ZJT0,6539a6b7cb55be4763e7c3c57075fa96bf579effa3c51a5fcfe696655437bd14,394,4,-0.034495823,-0.051010825,-0.11602061
A0A8C3FN51,88ec82c954f789b7cd15a39dc25a581093dd43a231df13bd0132f98f435bc111,394,4,-0.038412243,-0.06520067,-0.14279029
A0A8C3HQD8,be1ada9657a9576b811562acaf1b1bd78207c5fb01e38036f8c1227945737f72,410,3,0.08220752,-0.09087759,0.11083497
A0A8C4KND1,7ed252352cb76242017e624f1ee675116aa7af23064f8be6ec513cd9d3531f80,394,4,-0.04873082,-0.063315116,-0.1326489
A0A8C4L145,0979d9c5c10ed279bd0ccc35ef8af92a01621b2832408c57cac41a7035acb99f,394,4,-0.044596,-0.075493425,-0.1410737
A0A8C4PVQ9,338b91f2f68192a7bf3e3e6dfcb02290798d1263face61b7c21093f5df14eb71,440,3,0.14287739,-0.073877715,0.11658928
A0A8C5AJJ5,18aec4cab582fec305361a06b6784ad718ae282d15f97e82a816eb0e198e194f,394,4,-0.03270052,-0.0071332892,-0.09960127
A0A8C5W5W4,8bde04dbca04fbe7028df820b5b1b9b72064aa8df628b5ffc6fdb654c7074b0a,394,4,-0.04637735,-0.071023606,-0.13541502
A0A8C5Y590,fbc236814ae8fcfaf3e278cfe064979551c2eff140b07bed8ecc58d05d2264ec,437,3,0.14262082,-0.08305855,0.10314371
A0A8C6QG51,16e6346a991f3cf92f9a35fe82260add93320145c1e9ad604fbe6a91ee0c3cf0,441,7,0.04846936,0.01183281,0.22763747
A0A8C7AN64,69a6951e22277b68b6f98bf40f648f8f599b75074c8a9c4c1efa021eb53cd219,392,7,-0.08200433,-0.003053776,0.26382193
A0A8C7AV31,afb80caab0841899e56c0a8bed82bd50b0854f9c4c62c09dfc80f1d076373b00,394,4,-0.044199444,-0.07585547,-0.13983811
A0A8C7G6Y4,4e85ef93796eb3a0bd32a6bda34e2d205baef0817c2fd5b99203291740b47bf1,393,4,-0.0012365332,-0.053146187,-0.14184216
A0A8C7LAU8,61664d7d2fdb26fc4e3436b0316495f0a9212f0963a618c4e8102cf06acf9e7c,442,3,0.11663156,-0.15142718,0.08336617
A0A8C7PCJ2,d125c736f1452f77da55b682a945f692fa4b4a3f35d250ff2b2ad913f3e4aa79,419,3,0.15299727,0.007818349,0.13017097
A0A8C7RXT6,9daea5f28b6f0bc68c3e56306bf5cceae0ee42683bf309d8e3882b7a7531d911,447,3,0.15552422,-0.1498419,0.055767905
A0A8C7VXV2,7220e618a8ddfb850b9c6309df9cd2318a889e9a0c48e760b4c5c83f8765b82c,418,3,0.1498902,0.0072004693,0.13318743
A0A8C8WHG7,ca4e655dfe7a3172eb4d508c551fcec45a5c1742018d29cbc28167f13ee414f2,443,7,0.024882568,-0.005182196,0.2230918
A0A8C9BUP9,38e8c62d715642cce39f228cf4d6c03519f9f2718f5b9f93affc88fe1c24b0de,394,4,-0.045233924,-0.072691254,-0.13780098
A0A8C9CI27,2624745bd107cdd8f716a4a26b1c009526b9efc20e37c75d7d50816d39411dde,393,7,-0.07050678,0.028028397,0.24606812
A0A8C9CN66,dbf93683cf7f5a023f1137dde05b5eecf701b09816a3ea38e605ac4fe6bcf79d,440,3,0.13861226,-0.075542234,0.12221828
A0A8C9DBL4,026b7ea88e5f8861039051637d169dd9358dec412e1db678b980d0663e5954c2,448,3,0.16777253,-0.07714451,0.10131908
A0A8C9EDY2,02753fd0c9aea2779bc8cc3aa10e704d3f82428e7f9b3465f5c9f1cce3e6ccef,443,7,0.030895626,-0.011035141,0.22786623
A0A8C9GH32,b665c0692cbe4451f0aba52007a315cc37353111fb6ac8018927c2f116fc1377,393,7,-0.07611209,0.030379167,0.27106404
A0A8C9LP40,d04051b45088a8a7872248b031f3a7a44e142742390d9f126940daa1774e19e4,440,3,0.15392491,-0.07321244,0.11512193
A0A8C9YBK2,1a1c04c3aeadbe46a1ee0fbe8189d29a650d2da033af3777fc78291524808d55,444,3,0.10827466,-0.110584214,0.096121386
A0A8C9ZY55,0aa1ebabf78575f915ebe19311fffb95c15be5a90e1be79a876709ede8b798d6,394,4,-0.03674275,-0.039225716,-0.11612908
A0A8D1B762,203735a32f9b2803c6fdbddbac1269d66cd11d1be645027e39cb429a87c596ac,443,7,0.036465663,-0.019360581,0.22054057
A0A8D2EKZ7,a86d5a82da311109ca25f6d17af0ad89059e3182cf24c2d4529fe46cf02d7dc5,440,3,0.14681068,-0.07765499,0.11809967
A0A8D2J0G8,48b094ae256ce1fa98045232d31fb452712195e53128d4ef5ed404ab3bc8a71d,447,3,0.169909,-0.06309945,0.10160588
A0A8D2L1B5,684a0816990fa3f176871876b35d7216013e75dcea93bb9d3e54c82ad0547f77,394,4,-0.038760036,-0.0762348,-0.14528312
A0A8D2MQ99,0417a8be27d449f598d9eb7f13501b47776ce8515068f68f2ba8f603895e3957,354,3,0.047560252,-0.16832924,0.022599636
A0A8I6RJQ5,ffd48d879999fe9bfc7629aa3ea56d688fb3722578856e96950ec12f1a1f8089,393,4,0.009733981,-0.082866155,-0.15932925
A0A8J0QS41,e319cf18bee5fdd5ccf3a8e27b40756a0807c18a98ce73a62563f6ac3b844a76,422,3,0.046929844,-0.13450296,0.13165253
A0A8M1FQX9,b006ded0db9f70f439fd63f3d7364251a0987960bb0eb08d75fcb1c3ca1e25c6,442,7,0.013341369,-0.012244777,0.24222998
A0A8M1GRD2,eba42f709b884a8b70e92f67ad00466236be0ace3758fecf789453ce414ccbbd,440,3,0.15090181,-0.07396693,0.110330716
A0A8M1M483,e5dea68d2609b053636d22e86292e5e4d818d52eaec3bcb8f07173332a49a36a,407,3,0.1394754,-0.14509426,0.02969917
A0A8P0TBZ2,4f36f51dc03b8252550bedc2f5ff2ae50217e6a9d93b9f142f30333dcc09aac0,392,7,-0.10157747,0.04566807,0.291267
A0A8R1VYP9,028fc0b30b9407638b724803392c011dad43ba578be8d2dad13f420d7ffc0262,376,3,0.2184445,-0.053609498,-0.052658904
A0A8R2ARU2,18c713278b6e8bc05d6fc5ef5c999b35b952f77e2c4d78ce9cb21df87588f850,397,4,0.0079581775,0.065901764,-0.07884065
A0A8R2M7Z2,0171b45ebaa4885d23a9fac4291ac7806cb3d9779b1bb092db7398188da703f5,379,1,0.35261214,-0.07455742,-0.12605475
A0A8U0PLS4,97a6ca532da7a6718bfd2ab416675fb9cb9026e65dc8eabb58b06ef0badd1c47,393,4,-0.01318206,-0.053672608,-0.13766001
A0A8U0Q7G2,d4048ee46010c22fc20a73799c96c693e021744dfeac2076251a261555441801,419,3,0.15031207,0.0076204455,0.12959142
A0A8U0Q8Y3,8be602b7278090e67f18d71937bdbd5d59470dab2eb756645cb3e1b326021d86,419,3,0.15210013,0.005946847,0.12649617
A0A8U0U7J5,6a9f1a07a49d9f3896ca0b97a925b3331b2ed506be7736e90f5734b2ca5d8d9b,393,4,-0.013149106,-0.065813094,-0.15020683
A0A8U0WK64,02733d44a5f6fdc586fa2114d3959d355a6d7e9b1ef8e97237bc31d8ef3f1158,361,3,0.1575363,-0.08457623,-0.04434414
A0A8U1ENF0,7dae3c831309e211ca054d47daa8955c98d901c4086cc28ab87c38962a0aca67,425,3,0.15229689,-0.0807343,0.1321825
A0A8U1GV95,129dacb017c1757e17375165216e13b2c1c6e10f2e6f5418ec7cef5bf46f8dbc,449,3,0.16292608,-0.13288407,0.06471496
A0A913Y4Y9,da7b1fdfe35ef5f6e6b58b79306a5cda680641be360a9946b9fff67c8070d16e,293,3,0.11738426,-0.116463,-0.03364326
A0A913YBK7,7051f8642f515d2493f0ca409cf4ec1526b2c7f6cd32643981e21e716aa6810c,429,1,0.2547471,0.046501417,-0.145304
A0A974D864,0a5356a1f95494a28af3ee820f4595735dda8bb25e84f6527f71b082174409b6,428,3,0.08549335,-0.13186893,0.11754268
A0A974I3U4,77c12c1fe9db4b6eaf0539dae3a78767c850dcaee622b8983c7eae2069b16664,394,4,-0.036990225,-0.085982315,-0.14766216
A0A979FGM0,f3dbb0b93eedb94ab0bad99b23fa68d94ffae5c8459420cc00211c9a765447c9,420,1,0.51258206,0.08222921,-0.10036332
A0A979FKQ9,5aa0c8f5f9dc086511038e0c2a85165803cc4ba20038d0f490fadb73172ddcf1,400,1,0.5185311,0.20318325,-0.05937661
A0A979FNY3,84c7a1daa04a9212d25fbb40e868bd0dca1205eb31049a59f5c9ad1427929a8c,373,1,0.43824396,0.113789655,-0.04879672
A0A9B0CFM4,023240eb73ff351973fb1546c34f4bc2f2898d4f65a53b35f3537d53225549fa,364,3,0.111901596,-0.13144043,-0.0404631
A0A9C6SSP5,6ef373ae2e18de0f19aa971b60fa71ae720d7762c21fa4d3cf5b7fcd6efe2856,398,4,-0.02513016,-0.01999059,-0.10621699
A0A9D2Z0H8,13c935d7a2f1fa3b84ed716a54c286245345be1ba103e8daa735ba8cfed1427e,363,3,0.07512022,-0.12817077,0.02319454
A0A9F2R7Q2,0c6fa91970e375eac6b6bf27be2b71d9b055e4f0b086a657d0bc39981a76fb65,243,3,0.06186533,-0.17815115,-0.017365428
A0A9F3QT22,3e1dcf7284d016e0004668fec4df9cb0a7be87b670c9dda04ba0b117ed6e8611,393,4,-0.012916337,-0.06663309,-0.1389262
A0A9J7DXE0,69a2f8e95cbd24c9387dbf76862b7e0448f21c7deac58e1476df091fda9ce565,368,1,0.26721087,-0.034801498,-0.067119114
A0A9J7IKE4,8de22d55516dcb38baf964e60bd89f96ff2425aed1856fcc9ef14330a3377826,397,4,-0.0024134235,0.08648604,-0.06811139
A0A9J7JBZ7,a3c56e5d71cdc7f5b57a90f595499b077f981cee416fb7733be31dcfb682cd83,428,3,0.12835231,-0.064779714,0.12379585
A0A9J7MFT8,fd0cf27bdd148ec69c1bb8bd1e0e7d6a6ae9bd40ab27885a35ab8eecd34d3f0b,396,4,0.031917978,0.013302931,-0.11043415
A0A9P0ADS2,2fc4f0909cd3878f1f327fafb91bba33a9155af1fa0d1e6b404e84c3be1d688f,366,3,0.19304112,-0.09159047,-0.044465944
A0A9Q9VED7,60e3478d414358d28b5142848fb3689dfc1c0e42ee091a975f0e04ea06c17142,393,4,-0.01414881,-0.049068484,-0.1382365
A0A9V1FRZ2,9ba556826ad35ea3a7df9d029a1bc586071738ba0761d3772b87a7b87349bc26,440,3,0.14329393,-0.07806303,0.11576626
A0A9V1FUT5,3e357dc162adb9d298bbe0cdef77c7b19a6f31623191f0bd2364409a2a12cefe,394,4,-0.024290297,-0.069510184,-0.13813387
A0A9W3FAW3,99bdfb51c9710bc0fcd47f3cb388772f44dc15920df6dbb78305def1b951cb63,317,0,-0.056859076,-0.17822514,0.02859016
A0A9W3FB57,22c30f7653f60470ca51be5c9808ffe63acd1653b3db5527b6024bdf77d7e1cb,353,3,0.033773534,-0.1657463,0.03821711
A0AA97JB27,eec117ea40e2885bc3dd8fb8b09e38d42925e9105762e84a65c176381c95b5a4,449,3,0.10085817,-0.10466249,0.1648304
A0AAJ6QQ61,f0ae2a66ae21e230e0195b1ce61c027e3e7820ea4e6d90af421bcffb91208881,442,4,0.111340456,0.0019112773,-0.10893775
A0AAJ6YJ54,6a9468a41068483d706382eb5d6e4f0144bc61a4a4d4c6a5f18c8e19b18a871f,371,3,0.09197004,-0.15006648,-0.058410183
A0AAJ6YKV6,28e28f921f5115658b4804359584a55e29fa0e965d3c1c9c4dbdc2f9ef186845,398,4,-0.020797277,-0.0039953836,-0.08395257
A0AAJ6ZDW8,c1dd8891f9ca44528f10a7994448cd187d54e6e4b13e9f3d3f44f4fc07d56501,350,3,0.24464914,-0.06145882,-0.08462406
A0AAJ6ZYP8,1703ac3ecfa5d3f469550dea2161e81a778ec25729f783ca7a1c777a29095354,397,4,-0.013432853,0.08700684,-0.054159112
A0AAJ7N6G9,80f3169a630b8ab096e44ddffc902dfab957e5965615258f5066bb3dddf6a440,376,3,0.16235873,-0.12797588,-0.052320883
A0AAJ7RP41,8f458b803617d3d41950e4b90cc5cd362f76683bd5a59ed08632ee7e07aa5acb,367,3,0.11078635,-0.12049518,-0.032261692
A0AAJ7UBW0,68a3b16853de82ac0e89e4185571a91d11f91fd16f8569c81eae35d76d59593d,416,7,0.05721306,0.07257725,0.19345558
A0AAJ7V8N0,399ea05aefa44e4d04dc9f21362132b736b57469dd46177892d2d962d011d9e6,416,3,0.10009179,-0.031279795,0.15787204
A0AAJ7WVG6,963a48a99aaf62e40e4c0af13878c1da8720188ab37e84f40d0fa2c1d5532845,406,4,0.04822683,0.13740933,-0.06448296
A0AAJ7X4Y3,52eaf5e47afe5984f5cb24b15b506b07399783505b27e2d871ce7f299c2070d1,393,4,-0.063825965,0.062268313,-0.008967577
A0AAR5PVA5,e748d867b262d0e66bddcce41e0cd044566533671c158388b5928b2331736ece,397,4,-0.050053556,-0.086082466,-0.14403623
A0AAU9ZH37,1dd12c51da7a23236ded29bc9a0c316d00ae53d82c524d96c104657953902f29,436,3,0.14021066,-0.04228607,0.13264507
A0AAX6NQP8,f0b28945fbcd0b75de4195616e30c61255a4ee127930530beb3a82ab5ef08275,393,7,-0.06949371,0.0076079424,0.25810537
A0AAX6QG21,413e79477d779dc3a40d2e64f21ffd426bdda5369660654e98d6b3472691618c,437,3,0.15036862,-0.0870679,0.08916414
A0PJZ3,98f13c0d4d1f5549007764a6fb3f71452f57499ccfee5aa9ba1d24dae40e2b54,443,7,0.03518873,0.004553187,0.23284496
A4QN62,f9b42526fb89fabcbe82925fc4192b553073eed471bf79d1f21440734c4efef0,441,3,0.11599642,-0.15190166,0.06958341
A7S9E5,2c132792bb8d08824462fdcfecf655790e392e9b9acd7c42f52133a296ce61b3,389,3,0.23989527,-0.025492035,-0.01006162
B0WF12,aad8e450cec634038b20d61fae32e7420522bc768227edc38212325a3d76bc3b,375,3,0.18269217,-0.03890189,0.0032071315
B3NNC4,a959d90f2f755b79c2fa41bbf3c29a9660355c414fb66c72bbb532234150f449,440,4,0.036675293,0.04728119,-0.063875966
B3NQ52,2b72aa3d3a024c4db0fb231e04763e2fd8e27459513fb009991266475b902288,473,1,0.45652586,0.045179605,-0.08609592
B4GHB2,b38eecc1bfdd73424975d4f85a9317cef5f6e9468499d05186dcb17020f1b75d,439,4,0.04473385,0.00025393255,-0.055076614
B4J8K0,c48d4e18eab4e854aa61403dd5e4cf3e81cebf63507189564be037c53a4abfab,439,4,0.04694277,0.027397785,-0.08392064
B4KMV8,16061dd9db9cee5f072a677794d8b224407026e045e488d7165144631971425a,477,4,0.07200654,0.03629098,-0.08606808
B4NIX6,1db41cb640fa4c9dad72201be6c104a304e1749881063dfc59281d811b88042f,327,3,0.09882953,-0.15480909,-0.093852945
B4P8B1,3f46dad567ab6ced0bfe8ac13d017deadd1995ecc406d0e3a0c3be77d7658908,440,4,0.03180473,0.049306795,-0.06765385
B5DU69,5dfdc30d8b49dabb1884ce7fb36da940e0f366121d87181aa4bc16caf9aa0c2d,357,3,0.20166194,-0.13026728,-0.09094569
D4A275,e6688d49fd62b887e7ee25f62b3ba058d1c193713df32906d614899cf01f38c1,444,7,0.057597227,-0.0136141805,0.2263019
E2AW08,7450eb8a32613212609c6ad9a4dafec2cf8ceb0ca05cf3322120f779608a3c7c,398,4,-0.02205811,-0.015426239,-0.092343666
E9HXG4,7047698d3be38d834efc73b54341d628587692f8a7456073d94c9ec38cd4207c,326,3,0.05416071,-0.12937516,-0.03469632
E9IA29,a72fcc758b3ff701fe230a650d52b6c703a229d0229bef3176bde7c7694d8b85,398,4,-0.027840959,0.000524544,-0.08610621
F1MPT0,7597f5073c3d72b186a8e61022c2ae23c540793dd0025f4546d8d6bee98672d5,443,7,0.03600515,0.0025077744,0.23261149
F7FHW3,cc154d36110be9de8074b372e0593ad463170a3dbf8817221f9f19c24c6ff427,394,4,-0.0394632,-0.07158105,-0.13910663
G1NAY2,fca69049928c95fde603d0b98249323fb4df720a0c933ab254faf6bffb652150,354,3,0.05508865,-0.16902453,0.01686253
G1P7R7,93231b8fd14aa2276ce329da9913feadd813b4f7215e8d91c1c92876e0478cc7,394,4,-0.048520986,-0.075062074,-0.13604884
G1T4E1,48e4149cd08070117692417f1d8c4fda6ae5b1f6a36c466169b195d04ab28934,393,7,-0.105723076,0.005847703,0.26524878
H0VE38,27f4d1ce764ffa7d4d4dc93d4d17ee7128a2eb81aaa815777481cb8f36528a9a,393,7,-0.06848266,0.00064063043,0.2544037
H0WL28,cf55bf407b26870d8fe2d3625d7066a31b35f730e90bd6f7caa684cc8a1c4cba,393,7,-0.066982955,-0.00988473,0.2495178
H0XIB7,b5ecc5667c7437bd7592d49b7926a28f60f5744f43f612d8b2b56cf038d8a28a,394,4,-0.03652926,-0.06756345,-0.13881817
H0YSQ0,85ace2c85327065e09746aab15de6a48bb9a938f56e9e1584cb63fc2326ffc88,394,4,-0.041827135,-0.07107179,-0.14316574
I0YTV2,c58dab56f4508eafeec789cc3a8721a4eb101d4ece89e353a1452e953a158d52,359,1,0.5306166,0.1788734,-0.068285875
I0YTV3,ee7b5ea862450d9973a346eaa8c6c7a4cb7ab2160eeea6e7a4f6a498fd8b61cb,275,1,0.49364197,0.17805186,-0.08664457
I0YUM2,c657d530a9c1bc434d0d34ef65206514462aa71024525de8011a3f2a692dc960,330,1,0.46310857,0.2593301,-0.01690009
I3JPZ9,1f5805b4472fac5d12e51ba0c7944259d5bbf40b743767fbc7a76737db0cef5a,447,3,0.18622111,-0.0708213,0.11774539
I6L4Q3,cb4badbcb2ef28c36ee9df3f73589bab15a952b7f07cd29669f7bda28c83ac27,397,3,0.06944863,-0.10572359,0.04348337
K7G574,5f806d93da91ca734aa6f9b51b22b0a4a26a7e2069fd3a8d7fbf823b4f5eda5d,382,4,0.0062165232,-0.06339323,-0.1486445
L5KB49,c3d954a08ca2cc423990e4dcbbdd42113ed430b0cd279c9b52008ade22341422,317,0,-0.042111836,-0.18519862,0.026889443
M3XXA9,b3fda674804c11fbaf81ba18f2b6dc26a09dfca2bd7f7d4bd42887282b573189,392,7,-0.083105184,0.0054830117,0.2655315
N6U2J6,9331524e2ad5ffc4fe44d55b48b8bdd790ef21bff7194ca70955a286a01215ad,366,3,0.13826369,-0.16853161,-0.08163932
O88693,fde9165aac2e0cb02ca4073951c09e7115952e2b8ec1dfd33fe49f537b4c733e,394,4,-0.04293545,-0.075014375,-0.13938601
Q08DR4,7812b49260df2b11856bdc0a67fc5bb5ada92a3e4cb8f81db47fbe6b64de4a73,394,4,-0.049176063,-0.073934704,-0.13621247
Q16739,3fa0f2fc8c5395c93141b3c1870f877958a9c3128714567c02f81c25cbb569bf,394,4,-0.044511426,-0.07213694,-0.13594908
Q3U4G3,004486f476283f38b771e3b7340a3a66892f1e35f836693e032042defd1b18aa,392,7,-0.071365416,7.818846e-05,0.24137019
Q3UHH8,b66afe708f98e0815de6934d96ed365d92902b6684dcaa7614cbc85e3a62ec3f,404,7,0.04299115,-0.05689165,0.15106143
Q4RSH2,2e2827f169f5a91b45477435dfc818901adbebeb24fce215858cbe6af4b948ec,319,0,-0.078372754,-0.16857067,0.06454447
Q4SR16,959f3bbe82523fa6277b50e7020bd3c379d6f31a15d97ff25706e84ebc513bbd,322,0,-0.13850315,-0.16857556,0.08670465
Q4TB41,c5ff573d39f8a4fbec3fec3d385dc8ec1fae6c7632e7a600227bbeca6f955edd,389,1,0.21613553,0.0717601,-0.031451732
Q501W7,780671083d9d911dc74a4ff0f3b147b8143518ed1ea22e69813fec829cc506ed,393,4,-0.011496246,-0.045748547,-0.13861327
Q5ZKI6,1e5b964e52012043875e6a440bc4fe6bec7dca53144e2afc1bde8e742a978c9a,433,3,0.13568798,-0.06556336,0.11100005
Q6DE37,d72218c55664c2de85a05be2d892f8751fd8331a6a493fce8d8603c0fac28904,423,3,0.07655332,-0.13139862,0.12477858
Q6DFE5,945d1af47c8dd4f6b1d27b71903d47846c6d2b0b83de90a7ba754b202a42b07f,367,3,0.027104098,-0.14487757,0.03915258
Q6GX83,b886907c399de4c4eb23809fbab8905abd92792d2020787e799b60660d642090,435,3,0.15225911,-0.020937726,0.13799982
Q810K9,228fd77d3b54dd5a6dde1be12203a5435d79186e89341e4b2099ad064505cbb2,444,7,0.04329515,-0.004815639,0.23862837
Q8AY29,3020468ed2be45abd8aabdafdc74d0c48d1ebcb2cdd4abd26489a25cb113f368,394,4,-0.030843426,-0.083606176,-0.15043192
Q99MD1,eb7de4fbd9005b865be11cfb7f32fc817462d7b0ef4ae06b2cbe74d9a16686db,394,4,-0.046260614,-0.074370354,-0.1380739
Q9VBY3,38da91fd720b154ba3c75ab86ff666ff3bb0388fde249aa432657bf6bc2a7d55,362,3,0.1571263,-0.114856906,-0.04735311
Q9W1D1,f394121c0c6ee0763aa61cd1d9d17e13cc8489da56e52960a61b696d1a630267,458,1,0.44293222,0.03851138,-0.08631429
Q9W297,5649a484bb1e1f888406daf3c59f95d5aea3a17db7fed3f295811723e858d245,440,4,0.02922438,0.05038552,-0.05894305
Q9ZQC6,f4a744ce66b0e1780c2554d36e352b018db839c98d441c81c7bc881d35a250ae,351,3,0.119228005,-0.15971814,0.02281468
S7P136,5237aad405d0977cd0a71d816bc00a4c37ecc524627ea11e69f867c633d0b167,384,4,-0.049936462,-0.076519854,-0.14716786
T1EEA1,cc047328ab0662f96cb87a6853b4e49785c4161577e5a7c54e27443f6e075da7,404,4,0.111784786,-0.023260202,-0.17001201
T1KRP3,42d310ec46dab8a0103272cc966c20e988747c7833eea5e0cd2e0b52bb4cca11,394,4,-0.036323853,-0.10656215,-0.17680834
T1PI23,5a2356c1abf2e1b79391e5023f5393bd1532f186e88a5adf09483668ab39f24c,431,4,0.036975365,-0.060974073,-0.14282961
W2SFF9,121e8feefd58046d4d2a3e7671442bc681f1a406b76d9f9dd68413240127ffb4,472,1,0.3126996,0.124102026,-0.13199978
A0A0D9SDH5,e225a19760aa649f854a322eee6c73b69f23b753a8f7e1c29464667b7c20e7ed,447,3,0.2260594,0.013354008,0.053233095
A0A172QSN9,c3ef8f64a1f2e7d9e8127e79bc367ae03494dc764e9baa0d41541209c3c98227,243,6,-0.21479258,0.18800496,-0.06901199
A0A1H1DVM2,7ea8ce0b751df404ada7cb6a3d6cb91c8b024ce8e09dee2fcc1adf9ab2d235b8,323,6,-0.1909603,0.23743956,-0.0018964615
A0A1S3GFT9,f6ad2883138ebea6d4a201436abaef89cd9bfdc41a0ee86cb97e695727da970b,552,1,0.3176395,0.023750313,-0.17833601
A0A341BYF9,98c7968d2f0d428ee52cfcc8ffef28c3e817170ec20ee771e4596bb06c2664f9,330,1,0.39342293,0.06541879,-0.0696934
A0A341D1P7,1c004889a4a66f039e931ac7f319910202bbfdec64f3cbd2f4937572a89ec7a2,524,7,-0.01183023,-0.061963946,0.19172801
A0A3P9NS32,5e182ceb632cbacdc7f2b4051b9ed182fba09a4c39841b9558394202c7c85320,568,0,-0.06741546,-0.07544501,0.09309121
A0A3Q7RMW8,6a10426ec762c6b64c8ecbef933d88ad298d8d1e9017ead2454548ceced6b40f,329,7,-0.14948379,0.015887499,0.26737085
A0A663DS22,8c64b4597e8f5f9fae40faf563f164c6ca152b98a55a354b3bd32d0fcbc48167,443,7,0.14469002,0.13561566,0.1993712
A0A663E6Q1,58a6ce07f747a04437a76fad154ca736be2e265812503deb19c433251f4bc516,382,1,0.30868068,-0.05182098,-0.065845735
A0A6J1UGC6,af1468c29f8cec834495168e2ad751b6aeeda442bba9036858b25c2ea9fb3011,452,0,-0.11636165,-0.2003022,-0.011510542
A0A6J3D2H1,8efa7a9ae23b301606c1223dae3d671db59475f0b8633a6a4783e878d66ed6d7,530,3,0.056591336,-0.13514479,0.08337876
A0A6P5NUK3,4aaff550c7c7378c8be2f3087b0ba17a9167e5af599c384e60c2b013e56c797e,520,1,0.46473736,0.14778075,-0.15526627
A0A6P7YWF4,d545a6dea662b059953df8b2a122fa8ee5ec36cf4b895cbf59092efb4b127aa8,365,7,-0.041447185,-0.11658386,0.14611086
A0A809RUT1,9493a2c6b8321c1c7df02250f63754e7aa0b87d8672e46a453d27f65b9c5bd3c,244,6,0.021509526,0.28496063,-0.07330284
A0A8C2WTC0,797bf5e55767c06fe4a0318549d312d9795b46c7469b66d748103abe2c47c0d1,304,7,-0.15754093,-0.041202344,0.1785113
A0A8C7MMI5,f1885af86dd022348b88ed1f8abac92b69f4cf2877c6f3f46c014475dc42ec61,336,7,-0.07451324,0.0025921585,0.15843731
A0A8C9RW82,fa59f423fa682d68c422879f25dc2800f7861e343b7fed15a1c6f769b2344ab1,420,3,0.19152458,-0.0059982343,0.19566377
A0A8I5ND89,f3127c474087339f4eddb4c5a2121a493b3548e8ae91443a7faf1eefacb769f5,334,7,-0.06284086,-0.022766715,0.15541172
A0A913WPC4,0fc7ed50b386f8424220c495af6f0426444c999ffdf64d30e51f4ef076b1d50b,348,1,0.28870004,-0.094106406,-0.06315792
A0A9F2KV91,4fe18586bc8d7775ff46cc1209c4ff1cbbd729ae9ec5c4cdccedf2ea19a123ab,498,1,0.30483806,0.0034787368,0.19504969
A0A9F7RE63,a8cb55191d4357f2d49af56007c2430f248953968b3d1338aa7d55caff054a32,336,0,-0.070989005,-0.0898456,0.08667205
A8WHZ0,65dded49bae7ca632c88112e1bac5b92f2953ca2c5275c499d801ccfd5509b9c,379,3,0.0731023,-0.16274855,0.090284415
E9GEM1,29d2a73054b2fe19f71d7212e85146e93097ace84ed41717be3ddc207b0f3d2b,248,0,-0.091849975,-0.15218166,0.023291342
E9GYK1,8043b29ed420c8142e8c923d086c6fb2c5b9578da0c39b10cbe94b586b1fbd23,334,3,0.0932754,-0.077220544,-0.018812988
F6DTT8,58d61745573b25a37433ae97801801854ec34db1567a64e0c446baf8528f89d4,228,2,-0.23715287,0.15260406,-0.12592821
G3ARI3,d113cc79a3d44b1145e3b46b0eccaa1137757bae5ea5de2458fa8c4be2ab4e02,564,4,0.11377682,-0.05238358,-0.096225314
H2NL64,252898bc17f0c816f548700fb5da1f54b164e2b432d8ada7fa1be37d65d42769,447,3,0.22114217,0.0244222,0.06631214
H9Z4X1,91b393ade7427b368eac276a97c5ccf5ed8fb750e39b391f5a5a2d819e063f38,327,7,-0.006547153,-0.032341737,0.2297764
I2GUP7,626b214c0bd72f37d3aedc68c5a6a9087655c6033635d67e4b98bcb4c612f565,425,1,0.33424386,-0.080161504,-0.16952483
L5LY34,fe6bd212ccd22e82de5056ada45b67e21590029a00f533f6fc2861585cc212e5,327,7,0.0018427126,-0.02997102,0.21772936
Q2U3X1,413f02ec302ed31b6710273d0c33ba677ec2fc1544b4422496acc0ff5e182be5,517,4,-0.02163808,-0.009084638,-0.019569749
Q4C5I7,c44173c03980825b5fbb00c6ea93bb41124c47eff420c6cdb4bd6d2b0c0f38dd,476,2,-0.12861453,-0.0121125,-0.13394392
W5UB59,d83f7e589af04e3e8726c992564cb72f55559570be65200b6bbdd9380b9b6332,559,0,-0.072298564,-0.10966009,0.039221495
P14020,7bb0b3676abf579854e036fcf4df5260ead89c0c76ed1c06f680c681cb80a19e,267,4,-0.03147505,0.015237878,-0.23470393
P40350,0cba885f3c820cc605899f84f67ebc23ad76cf44a52fbf945d7995222a78a202,334,4,-0.0072396277,-0.08408508,-0.20337005
P54856,1e57fbc7829e16dd08773f5433e62f76608236fb98c43ba6dd16fc9081630563,294,4,0.018340234,0.15500195,-0.16528486
Q8U4M3,1b1d7a3f19f0ff90d9b08d42dc706a985a01c7b8b5c993ec5011c1c674a7972e,352,2,-0.21614635,-0.072608314,-0.22406514
Q9HGE2,37d3428c70a36c54a4ee41ddb66e43aeb9f819b8224719224741b689536e8e1e,243,5,-0.43949673,-0.16376938,-0.16131578
Q9VLQ1,10b8893f9ed8cea559f7303b54f94fbe7cd62959b17f815fb1ef3044eba76263,326,2,-0.21713597,-0.022010742,-0.08565631
A0A212F7E9,31f60503175b547aff18b3e6e588629be4f3a031342a2696d58a98a3ffe584a8,403,1,0.44201332,-0.028675448,-0.12163006
A0A8B8V8J2,ca3be64cfe61157b125c992b96cd1c3b0edfec8a484ec585bfdded3169006087,600,3,0.10952303,-0.109945156,0.033771444
A0A8M1F3T9,928d27a285b00a3db12450127346810debc86c8579043dcb5af7c3d17c9d6516,324,0,-0.27471605,-0.14512372,-0.042015012
Q5CB05,fc5983cb889709b00043889eac31568a1ade72fbf108990d474bffc6f566a5fa,332,7,-0.0865448,-0.049922522,0.15303817
A0A2I4CBR0,1783d6c39c2f66a39e3a11da2a9a0ea3df9fdb56d6b2d4e88160a61db75adb34,564,0,-0.06671853,-0.10872223,0.10665505
A0A452EZN6,056e2197dd2e169a92eef95d34878bffdb6db36c9a54ad852baa0cab776f32fc,388,1,0.29987565,0.017252017,-0.011045496
A0A673GXF0,9f87eccb54c8cdcfa9fbf2ec68b5372f7f15fa99225e4fdc18b23d8b3a5012e1,369,3,-0.0022007665,-0.24198425,0.06265543
A0A6I9QQ01,3ce09573d7b2f6cf62babeae60fcbd054b7bc40f325bae1b2cb9891419bc412d,242,5,-0.4086304,-0.16727085,-0.15837428
A0A9Q9YKG5,cca6a20fc14b5adceb9a22cf38930a31bf76d0cfbb1b7b2bbd071125c587cada,329,0,-0.12408176,-0.13106978,-0.03358544
C5P721,4fb94bc0651e721cbde0d6c4fc9d68ba88bd4645a47fe334368fcaed228ce044,415,4,-0.079928085,0.017768458,-0.03374915
F0LLT5,a38d094a779b44789e1fff89310df2f5427974fda4650a2556f5bacfb5acccea,238,2,-0.10327324,-0.06307247,-0.26668137
I3MS90,3a33c0372b99ea2d53fab6bf793ae8a07bf2d57344ba06d01d7a06b4575356b2,568,0,-0.08394889,-0.09998984,0.05723874
K3VD05,394cf5ee1d286723c8e7bb58b1c40e55abfc50deefc4d2865949c994b510f623,484,1,0.60308284,0.1769647,-0.14399455
N1QBT0,b829a1f3780d9bc3c564590f589a4fb1d38a573951d9f9a98de1482d9638add2,240,5,-0.44571707,-0.18541247,-0.18632558
A0AAD0DYH3,5396200a03dab421dbc0ad8cf91ac9824619a5262c26b6ecd6e8ddb54fc2613d,337,2,-0.26621032,0.13286008,-0.18282948
D5ARG6,ac02eebcc704de8e670219ad6bfbdfb1a41fb44111442aeb563769f04ff35383,370,6,-0.16063511,0.29601514,-0.03571673
Q5E9I4,a4d079c255e5c0b1a9cc73adac86bb3b923479395d10298cb7f4a5a85f7360bb,447,7,-0.06100006,0.011676364,0.22101344
Q3B8R0,df066dab0c36f6ed9bed4b0a22c9f8fe92585b6d3067fc9448bfbdb02f813685,557,0,-0.14409521,-0.18741675,0.04821779
A0A2I4D4Z0,a9cb3f997519ed462de35aa19a01da2f2c84bec21bf8fc4b9ed8935207e870ae,345,1,0.40053916,0.1477169,0.00019715898
A0A6I9HUU8,c9910d41e4327b8f7a288d016c278787a1eef3d61411091400801e9f622b02a8,284,0,-0.28910652,-0.17830583,0.21084084
P33300,593c877b289904a14032772e97c31a24045fee17d7f6cb57d988e1ca8f5849dd,382,1,0.2986936,-0.096861355,-0.16224822
A0A6I8PA72,657cf10c04b7eb401173529a44888a1d8aca2cf4fd318159d6e9e1192fba7ba2,394,4,-0.04748808,-0.06973056,-0.12952824
A0A6J0VYH5,0d4d0f09db1b14cf862821a57789c8eaa2b04568e3b772d0863352557af5b9e2,326,3,0.1781354,-0.105225354,-0.034611948
A0A8B7NAS5,a43f445e224efc3765754d0b8a989da56d36be4061e353bf18dee1e736c2d1f0,323,1,0.7089599,0.2521443,-0.10616009
A0A3Q3QNK0,61553975edcea5a9f7c76b94089e304601671d42239efcc823aad6818014e237,353,3,0.11779025,-0.05217489,0.033175115
E9FX84,d5e47e26aa8db95dc686b4f5ab9e7bf90e441aff4b26c83cfc78e56a34bfec08,553,3,0.022727469,-0.13244471,-0.032982863
Q4UF94,c9529b98603cd93a3d9d96ad37f0ee52fd04730d63c6f52d7a946ba315fbc2ce,313,1,0.3059629,-0.070976175,-0.27934825
A0AAJ7JGE0,7e31720e9611a7f0af1c7f38c146ce9c396a63b0ed14b7049b3ac5200c596153,314,3,0.08755953,-0.21717407,-0.07564421
Q28IP2,a41033a88bd501694bd0104e5b154e6e0a3147de774d17cfd545e6b47a3dfc42,362,0,-0.05193116,-0.24163863,0.09117194
A0A384JWF4,86064cee9610723be49d56468f631ce0bce0cbeae5ec6846e9c8f9198d88308e,246,5,-0.4598563,-0.1497695,-0.12363034
A0A7I7KTM1,858645bc3f8616ef1b0adb52fdef967d57c28e4750eaefb7dcd750aac709a1f9,262,6,-0.34129137,0.24661265,-0.054334152
A0A1V0A2I1,4fea7b2b4326b961eadf145ddf9db4d27e885795d1ee2070b53d0db21f17fd70,308,6,-0.24825065,0.31124216,0.0762461
A0A232GNI0,fd38de0e9066817cd1b18c33f86f995da48c806e9da377ee7a6dbadc958ec0ef,327,2,-0.31815192,0.09749231,-0.16484213
A0A2K6FIR2,8aa4f610c3bab33a1aaeb07eecc2cadb3bdfc32d9cd9a5970dcf5f5069a72c23,323,7,-0.160965,-0.012495955,0.23968042
A0A6J2SVV1,3710a1b48e86b0bcfeb41b2ba299e4582cb4d4a0ee7a3a93ea8b296b9ea1f2d2,326,2,-0.21688238,-0.018504709,-0.090196505
A0A6P7KRK0,29cfb6a17507f3782b053d91410d179c6078fa38bd98dc3cde770d4f181f70ae,435,7,-0.023458347,-0.10999149,0.14324082
A0A6P8VXK8,2d79bf817338c4296785dd87b94a841016f2a95acc72eae4c906473f262a0a4f,378,7,0.08220355,-0.08412965,0.2599245
R4SD05,ca5ac1d55e1bf908c37a0961fc1df00d9bdc0225c047f6568269c66bc1e0bd6b,458,4,0.110849224,-0.00081427436,-0.16992174
T1JS18,2001bb6d71fdd91368699d2bb284e790a983a2656be4add710be894327339666,373,1,0.33819962,-0.026765676,-0.055003032
A0A2C9JL99,f4bd79728a847a8519eaea3811d158c13a2d332bbcd7d993d150a918b6ea8cf7,410,3,0.071279354,-0.06769128,-0.029993732
A0AAJ6YR81,d128477d250a687468230d0137c88955e70789ee313383d3f434dcb030f6afc5,483,3,0.22104917,-0.1620039,-0.12590206
A0A022QH39,f74a62ba616d5c243047b5da9e56a3dbfe0c347541fa4574e611f8429905ae59,519,1,0.46326065,0.17834763,-0.14026034
A0A022RE71,3c6672e3982d2b1fd8934c9039e1fa35d0fd2bfa0a91eb99ae9e301f8cd00749,441,3,0.011393222,-0.109707974,0.020093368
A0A023X0B4,422037e0900e9b305d12f23d35cbadf0ad0f2e60fddc34969b8c9bfa03dc28dd,341,4,0.026972359,0.20002018,-0.033295553
A0A024S9B9,7cc13c15c10507c85248a032cd6f5be9f0d781a4b9c3a77508c9414b286cc516,599,1,0.48122674,0.14603877,-0.17554092
A0A024SFA7,faf03c6f30da9771687f869e468745df16abe07dbec4d0a7e881503141f5325a,528,4,0.018112121,0.13223043,0.00072155206
A0A034VWK4,251a73339028078a1e3a4d5d47239a456c50935bb4d6fd885e3aaf22df43901d,483,3,0.117733404,-0.1704832,-0.008791368
A0A034W377,0ec796592a6d234997ad4ed6523a25f7a09e455f32a1f72d432947dde57b5730,308,3,0.09640889,-0.091757536,-0.04287988
A0A059AWZ0,3beda786e7f23defc56eb3c8771b8806af3b053fc83dd4c77436a203300506b8,337,0,-0.22000702,-0.120311506,0.0809249
A0A059B2W8,ce62eef9d5eae0a0d5708230c02fae5ec8feaa0c93adc1b505f0311a69078319,339,0,-0.12600595,-0.08217138,0.06756321
A0A059MT33,6e9dd4a480ceee4868a5207e3f4038c85f99d75b3c31265c1b40c19f040c40f0,305,6,-0.236975,0.31282943,0.051224127
A0A060W1V5,0aac0864f7e2442862efe72a94174ce6022cc9958c21c9b05acdc456a265bb9b,539,3,0.15348789,-0.035528705,0.12450955
A0A060W2C9,c6aaa7ae0c81a3d84c7568acc1642b5ee23ecf5cf443616203dd3ca3a759be8b,360,0,-0.083322935,-0.29020375,0.069619745
A0A060W5H4,3b0bf6da16a07b3a44d56a064fdb5beef33d8403f94517ab21d2f62127ffeaae,351,0,-0.12557727,-0.28148144,0.0791035
A0A060W745,5a0c4c8afe266b59b1d248dd1445074fdd90ebfbeeb77eaf610d94487cdcd35a,539,3,0.13797885,-0.046795335,0.13598454
A0A061I1E6,a81ed611f5cbd946e7e630c69b2c0cb810e6ddf5a569e581fee91e9ef542e91d,372,3,0.11929694,-0.14564711,0.055433117
A0A067K4F3,51b8744fe29b3763b6d76938cbf89cea8a00cb8b1dff9b7f0df8ebd53ce3389b,430,1,0.40528435,0.028394733,-0.060089532
A0A067K918,54638d96fca303e77741aec9b7edfd24906b1d1820efe7cc1b22dc963daf247d,336,0,-0.23215215,-0.17292964,0.055433434
A0A067KKB0,17bc2fe2e3b90122a9fab6992c2add0101d8bd9cf2d623c6fbbd8b5db874e038,442,3,0.029064368,-0.11684796,0.005897466
A0A072VSS1,10829408e84f3c47d8bd8d85959339bbab2cc5190903f08303a2e76491d1a2da,433,1,0.4208859,0.024446942,-0.070462584
A0A074Z840,e907415d1ff7b12ac4163ca040774f7028c64a66ebe1a795b2555d58cf1579b2,325,0,-0.08252095,-0.01800249,-0.01966069
A0A075A6D9,fbcb18bb12c1fab9d82453fd10627dfb596c21c5034bc656a54de836e7247f7a,453,1,0.3795133,0.010940244,-0.057531554
A0A075AI79,1625efda8953f2f60fb1e61a6f96eb4e1383bb4af7044a02056bd5fc34445641,437,1,0.27590588,0.057144176,-0.02382696
A0A076MTC1,262a6463a65e1d708fbcd48a0d625452e2bb53868a9880763993c2d33785f022,320,6,-0.22404675,0.3735567,0.107308954
A0A078H932,c95d4dfa66b082dd2d1eb6c03718047fe0c902275e7a3ce819d9ca9c59783d97,331,3,0.07923867,-0.08394291,-0.016673587
A0A078IAN5,186108663f2ebfa135284f327b9f09e3f808f9da9be1dd402185a58cc28f135c,334,0,-0.12940066,-0.17161849,0.0127921095
A0A087QR64,5e7ebc06af3b19ca5c9d170a0067ca11bf1bd34217286999939ef9237c8f7609,530,3,0.07062499,-0.15456791,0.062295057
A0A087SFJ4,a141776c4d320a583083c64d5f2627cafa87ae7ff4b09276579c48f2c6748ac4,495,1,0.37251428,0.29155934,0.16497974
A0A087SMM8,6052a3ae9aa54b8af1b81011a133fcd5e269e145291d5951aaebe31ec9f34a05,418,1,0.3674472,0.39023387,0.024619933
A0A087V2K3,a64c299d1a562c9bb5cc530a1e4dee280e0a34f879252a5bc054b4a0875c8e5c,324,7,-0.017590648,-0.15569764,0.17839912
A0A087X4A7,96f5e38221f2ad919456c5afae54b3df76f219399c845c0a027601bbffc931cb,570,7,-0.056109365,0.07591235,0.18525115
A0A087X6W4,aa55659ceb7f560c05302020f71ef008c265c87a9ac53cf8365d1ef82dd2f746,337,7,-0.050126355,-0.03725801,0.13207896
A0A087X8Z3,54ddb50a95e009cc1e4374fabca18d262653c1287cf4bef95c690a245b296db2,399,7,0.10548868,-0.02738043,0.16392004
A0A087XDV2,c814770571ab1b85903cda61907ffbe44df4e3b65e8b8c4ee5d113ea899f0f10,357,3,0.102016345,-0.06880062,0.029648352
A0A087XG47,c310cd89fe848a889ca964d69c5abbfdf09d3a6feab78d52eae7c31a38a9ff9d,346,1,0.38311124,0.15782297,0.01666963
A0A087XN67,3dd73ea53d074f6211a48887ac0874eb412639fdc737abf74549e5cea5d1421d,321,3,0.08273141,-0.100110725,0.08690733
A0A087XU76,360d61c5f5e994ec160e31aa7b0ffb8fba7d4efc6f5a41ef7628ed59717633e3,349,3,0.035320513,-0.18688057,0.06861937
A0A087Y362,ec94f222ae39ada80292b3a44ba8f6eb871e935eaf1754af4e3a0ada199e5bca,513,3,0.1063329,-0.085903056,0.1335619
A0A089LUT6,a017fb8c7c7aff4b185d212e464d9254d83d0a4103110e759c8a8c9247226ec7,250,6,-0.15813304,0.16423419,-0.021633534
A0A089NW47,22932f1afb27af38a9c7fc2a2949a171d89513ea6810bbf2c44aff8cf0437876,382,6,-0.10722108,0.35430273,-0.02195068
A0A091GH91,ec8725254b6c2b531bb3da6f7e59dc2c3f621ddbe78c383905b61b750e9a7c6b,530,3,0.063287355,-0.14783816,0.069133505
A0A091LQ07,3aeb977559ffcb8c4c5ae1d3c38d8ec6acee50643d9a0455c40a7cab6261c12c,565,3,0.037483662,-0.14598672,0.029044546
A0A091LU78,8381a890c192be0c5d1c9606e99b24336303d2d51aeb016213f454b23bd7bdaf,529,3,0.06833933,-0.14381762,0.04835791
A0A091NAY6,75c3471609738283159fbd479a4a2af0cc95493adcd2a3d630cc3bf1a0c47f0e,526,3,0.08732839,-0.14260551,0.032238994
A0A091QPB4,fc912991ba0404a286d75af332d2452e571cde5234e932b30ec1990ee1beb51a,554,1,0.32139733,0.032137714,-0.16832885
A0A091RPQ2,129441168e76cd175aceb117b96495639b2f0090bcd17df7cc56a3e172bf5fca,262,0,-0.32442936,-0.28330803,0.12443217
A0A091V983,f9d61a1d088188ef7d42719b96607ce7a036f330ad298f568bc63f6f8ca9c633,254,0,-0.285549,-0.21165913,0.15896165
A0A093CA78,1029ffb11241bd0c649fc2808425d60cbabcd4e11f8796a09e12707e32e4c16d,439,7,-0.09031073,-0.030993935,0.21800092
A0A093CER9,f7dfd2da7c49439f29cf1cf25758fb696a6b6a0cd27c966dbbc2f7a5f98d6ca1,527,3,0.06861772,-0.09106204,0.09769242
A0A093GI23,52040d4a85917c3d830cdb52c5dbc705167c19f51cc3ec89ab742a2d83e911f6,442,3,0.19420978,0.118644126,0.15958749
A0A093HDA4,82da305835c5476457028cb2a501e71ee6e06544305684b535f30a564da18576,224,0,-0.15097363,-0.105056904,0.056597985
A0A093KBF5,ee0afda333041f4ed36a1c5ed0327bcab656668e9e35777bcce5eb98bb1edbe3,530,3,0.08399306,-0.13676682,0.038092002
A0A093NKW9,444b7678dc64842899dff0cec4135ad7efe02c5725634f0703d15df4da652e5e,289,3,0.21368973,0.059142716,0.04945483
A0A096N2R4,3dcd3062b33cec9799f4513cf73c440c69574010700b77d7067c65391dac187c,553,1,0.2801353,0.14050378,-0.12057687
A0A098BX68,28dcbdc137ec86b1c283cfa8c618d4e00026b4f08e8512a1b8119213097bbd12,313,6,-0.2094355,0.32257432,0.059284564
A0A098G923,8651368d93d52d3519029ae1e4385536bf6c5e73507325cddff55c6305bc7a3f,376,4,0.10597457,0.05475091,-0.2653656
A0A099YUI3,c2d1bb9e69b42a4f8ae7f7dc76a3ec7d5f54f92fe238d50ca35f590f038c87e8,382,1,0.30750734,-0.060002133,-0.06613961
A0A0A0K0W6,16fafe218fed65efa1cc07681391fa221af739b9197afc8f4f8b8c9761ef7fe6,441,3,0.028965525,-0.14015414,-0.011982481
A0A0A0KQ69,a2eb44f6c972d2706a494bdd7f2c607f32cbb716668227d9135d03e7e85d50eb,332,0,-0.15466556,-0.19378005,0.012832596
A0A0A0LYQ2,39b7a7c9a2234b1ed55bd5ae7dcc36d5ea0a2a42d8b220399fc1471c8947c7f5,533,1,0.4614924,0.16458458,-0.13626124
A0A0B2X9L5,c81de6450f3651c8a1567c117baf54f99028ee24a8ecea3c39d9b9e1f0e66f9f,571,1,0.506819,0.17335156,-0.15041001
A0A0B5D1W0,7ef3cd2846d2fdcb9dc0f3e2632d66cd71e6d9844bcf3ffb725a0967a23de81b,242,6,-0.30356428,0.30313805,0.048556704
A0A0B5DMS1,87a615a24eb4973accfe80789c50f30f75dcf33830937abaa474b202ee5b52d3,323,6,-0.33620736,0.2811204,0.1022665
A0A0B5INB2,788d25f8b48c1e84926c3c43e070b0599ed1b37c7a8d9988b7b83918904fbf38,313,6,-0.35829458,0.26500282,0.098053396
A0A0B5QG37,6a22b5b78ce932dc8a2cf7fd7f3bf970049737146bc0049e530720cd17711d67,417,4,-0.0250719,-0.124513395,-0.27251127
A0A0B6F3P2,723708fc1d999c9a71a40bd3abbad3637e8f9aba6fb3429c104cfe6f165cc171,243,6,-0.27627462,0.2384083,0.0030938562
A0A0B6TEW4,cfda8bb2a93d9636e83c463ad554da2370eab38a495ef5fe1b84ab0f96eae1e2,245,6,-0.30038646,0.27717233,0.03649297
A0A0C4YFP8,004e72f85430283773e2463148a68ddeed5b6be4ce4720cfae2b727902637dd1,378,6,0.02420125,0.39543447,-0.013292194
A0A0C5G3H1,db6cd548ddce12c69613af6c8bf87cea84d055d14adba61e5f85fcd93641ca69,323,6,-0.33109313,0.2710375,0.09522474
A0A0D1DUE7,5a50653c4ca32e979a72b8b818f9da9692419474e4ec9dc7673e6a706be16386,569,1,0.326019,0.20857798,-0.0683995
A0A0D2M4L9,154ca26574d62fa8df4f0ec3243d841f7993eef5f40e9b53606c29a842b73017,389,1,0.42971864,0.42032236,0.027860947
A0A0D2PV88,5d5662097931bf82215725f8c5e3cf97c0b80f378e44e06af06296750bb91e89,421,1,0.39904168,0.027077494,-0.06458973
A0A0D2SLA6,367f4e14829c58b2bd1ddd8beabec487858613edde3cde31e335b0f3e6280855,439,1,0.43257374,0.041845474,-0.06701047
A0A0D2TI58,0946e0b493a2fe9f33ce9d52553627a5abbdd42d97ae7946d118c591ca617e55,519,1,0.47224507,0.15071173,-0.15035222
A0A0D2UAR9,80dbaf5e86820a600848d1cd53a156fd55d54634c92cbe9efdd1bda1514515b8,520,1,0.46659574,0.16638565,-0.13967429
A0A0D3BDG7,b5f543dde4a8be3313e4cbd425a5cedcd7f1d6a78ef4727037d494d14e2f64c3,420,1,0.40987146,0.08042866,-0.040094733
A0A0D3DWF0,d2cb3bc88e3f80836c025f3d9a67e1250ccd11af2073e892e65fe0be90cadda9,520,1,0.4493098,0.17600587,-0.1359167
A0A0D5XUM8,c1ed2eeb031139b9a8ef1fa5c24f8b12c13ff0fa67af23669384f9517f2c4741,303,2,-0.23487023,0.21618012,-0.066729166
A0A0D5ZDC8,3e70eaa1a8a3d5ecabefaf4ac0332700f320094e7e339b5041d57ba50d50c5d1,457,4,0.120968044,-0.035201203,-0.18570706
A0A0D6FVN1,c759a2a62f92f03d441bd84b8258dbbe8699da1051a3d25018e3a7cfbfbdf8f0,249,6,-0.20566355,0.28705272,-0.017342748
A0A0D9RN41,c91a9fd1e8f6f8bb1368760359086746a040010c9048f5a775e612c6e5564487,323,7,-0.14072138,-0.017146766,0.2312301
A0A0D9RT09,7a88ba0c8944a1487ae506d4471e5937e4cf3c2c711816bc648d81709f4fac2c,470,7,0.049505625,-0.09477006,0.16899985
A0A0D9SD56,38beb900e0bb22ff55625374ec45796d04d37def55224d2e045f72067983ef9d,353,3,0.19064063,0.09354485,0.09951593
A0A0D9SED3,de4e747ed9a9950eb3cfe82efacf3f0d4fb12af4fb352956d05be9a6bacd5579,445,7,-0.091642246,0.018660566,0.24455953
A0A0F2MJW2,b941642f230f22e6a5a91dc6f68ac13857e0371356751dc371cd655f6d530c6a,564,4,0.055748895,0.26644292,0.07488897
A0A0F6TAS6,2dc8e3b0779fb26b7b1d0c28790d82f2844603893f200acf1198a517809dd93f,240,6,-0.24161969,0.2545978,-0.019217838
A0A0F7FVH6,b27a9cca93b78cc23c880160b9d99f2cd96c326baa05a1458478a36a77e1c54b,322,6,-0.29399753,0.25206432,0.06816362
A0A0F7VUN2,eb352d6b0a01f9265cb119efcb22f63c3ca332c857e573c1f65a6704b569453c,323,6,-0.33789542,0.2638014,0.09173339
A0A0F8ASR6,c73d299eea5f69e5fef6b67699014c13f5ee5ffd63c9f95bfec1e744f06c4103,335,3,0.019118039,-0.10831147,0.031966142
A0A0F8BNY4,7c370ab86e5e20d1f7a6f26678d593da929540f1538fe0305f14421ba9bf4022,382,1,0.3097375,-0.04034944,-0.054460563
A0A0G3GYA9,3f07c2b0db33f69aebcaad6bbf3263d0d13b485518bc0249c22e5d2886e3dbe4,252,2,-0.17949612,0.1157581,-0.12803076
A0A0G3H978,dc10174aac16f18a53e9e3a48c190d0511fb31f5059e0507043ed2eafbc28d0c,238,6,-0.25941476,0.27644482,-0.0122052925
A0A0H2UTP7,05a39bc849c4be0bcb9c476596883cf89b1a0c1c66883dcb12ec3bd9438d1403,329,1,0.36845747,0.005978087,-0.28237212
A0A0H2ZXC3,ede9b4fb4ea23a277a8f22b04444500ddf8c746a2c63eedd252351a9094f3a52,329,6,-0.13658194,0.34263614,0.047698822
A0A0H3A1Q2,436c11d3774bfff5dabb4fbaf119c8266edc538fdefe802ebf7aac88a91f8cca,304,6,-0.016953798,0.33668622,-0.028281786
A0A0H3BXV2,f39a7860f616c41b9cef18f334e9e7b06949e6e5256046f989bef14c8e9c2e77,329,1,0.36010218,0.0026293579,-0.28248033
A0A0H3JNB0,e8614652fb88c42115f29552d037110d63677ca594075beea0af0a79ab127fe5,327,4,0.21511914,-0.07423763,-0.29821444
A0A0H3JPC6,1d6886ad8f026bbf07f3d409b86258513e13e35bc80cfdf2303dbb54ced1f29e,573,1,0.31186765,0.03977621,-0.20875674
A0A0H3JVA1,575e04966f99ae69cb6b9cdd6e76ffde4f4c45fad3aed844b17b5420c98f4815,573,1,0.31720954,0.03892023,-0.20895368
A0A0H3KDT4,c4f967e9513921247ce25d5d5d5748b1c570c320845f392bf606288bb0416c94,392,6,-0.037862737,0.41033447,-0.0040754434
A0A0H3MPW9,8203273d3f01fb8879be881388fbb0ee4b19aa4ec3f93aefdb1f74c31360384d,308,6,-0.18962488,0.33023357,-0.0098338425
A0A0H5A752,71b34f7cdd3d521f7365ca2c27e9c432ee7cdc9ad83337b79547e243a1c24b82,303,2,-0.22759964,0.21971516,-0.060049526
A0A0H5P6C2,9e378c6cb99ac3a7ace59dfce84d46e726876c284a6adb2274d006a1e58792b7,312,6,-0.22727974,0.28718483,0.038701896
A0A0H5SBW3,94071cf1afacb98702552ede63107d266fd38a91d69b8fa8d50ec2ad99ccc0cc,297,0,-0.15841532,-0.07682732,-0.065560095
A0A0K1RVA3,0c880ed549aa6f6af45fbd223fa083b204ee13c97098de8e2ad19e8a883c492a,475,2,-0.10393585,0.040110342,-0.13079548
A0A0K2SMS0,f4fb3738a0dc437f8803ab60edcc44fe0f79cb044e2d443a89a4d54b9347e998,214,6,-0.30011046,0.37504435,0.055159837
A0A0K3AUF6,dfaa0ec5d53e6e6756a77bf26ea0d2783e94cc51517d89c058af1edcb14d53f9,359,1,0.30947718,-0.047028042,-0.080926105
A0A0L8H8D5,244cf24232635473412c9c5688a61fbdae9301e60fccd82a8eccf691c595e7c7,333,0,-0.10592728,-0.15919378,-0.025175061
A0A0M3Q9F0,5c81aa0587ea5da5bb0531d92b7c2c13037f4ceb26f2d70bbd4cc06345002664,240,6,-0.2133287,0.2297836,-0.049766053
A0A0N1IIQ7,862c4734c81da38a453687399e5eb05c86c83e86449e45c55edb051e4bac2ffc,498,3,0.16502665,-0.092319,0.0016018944
A0A0N1IIR2,8fc67f9e3c1f3968e69a12e93cbc78da1fefb47b5ab054b88050405af20a75dd,286,3,0.12585758,-0.1580109,-0.090935856
A0A0N1QY83,7a0a4bd35960addb55eca72be85b9b1c3167d8c5b1a4a3297cc92534cce9644c,314,2,-0.10863406,-0.040056724,-0.2231367
A0A0N7FVA9,bb811b785620e17d63dfbf299603abc6ad1a2545fb86132c43d277a454b9eb8d,322,6,-0.13213347,0.3140654,0.027768977
A0A0N8EUT3,867666af581d1c79a0bbf0738542ab10ecf824ac680c1e78fb9a0a0e21ba29b3,330,1,0.39590347,0.053119037,-0.09018821
A0A0N9HKQ9,9112bbdca784baad6a60604028150c689b31952cc64ffa68cd9b19115709a677,305,6,-0.26259902,0.3178361,0.07242851
A0A0N9XW61,4f2db03ee6517caca5cac05862c45631556dbf164b79a1de19373232897b04bb,316,6,-0.16519551,0.2848981,0.004165597
A0A0P0RAE8,10dcdafff971b5f122a62b8085255f41df41a1a455d0ff403d30a788386c0d0c,414,6,0.0079670455,0.37528533,-0.051899664
A0A0P6K4K9,7b4a0cbee47bce5c26615747dd67800b50ed59f5566114be7a590302ffc0e1f4,350,0,-0.21931423,-0.16745336,0.11479884
A0A0P7U0V0,ae021711b984fa6a672b4737a3b52eccd4433d6647dd98ab7e8986fd465b1641,329,0,-0.30475423,-0.10263455,0.11191021
A0A0P7U1L4,c9e7ad2183a347a07d1818de3e00b9e1e881c28e4aa9d13aef43a158d5e40e95,539,3,0.07957629,-0.03924808,0.16907759
A0A0P7UBM3,4b3d3c81befa3e9d33090aa168f6cdae64e9dfca3bae435beabde641a23431a5,318,3,0.061985005,-0.089652844,0.107587315
A0A0P7UDH7,041eb33ad1ab445c00046e71a7304ff79cd1e21861727f02bb6797fc7126785c,333,0,-0.3018212,-0.16354895,0.07563155
A0A0P7ZGG2,588aaeb90fa02960d46956d776e783ca3c65e8e03481dfd01d4f769ebd3a1acd,327,3,0.17620935,-0.052543852,-0.014207089
A0A0Q9X4U6,b70163cf6b3b34dfd0e7bc64fa4c6fbe1694f1f027b80290495a3010389760cc,333,3,0.20450385,0.030230789,0.026271276
A0A0Q9XMP4,7124a1ab5c60d2ef6081f7b4f9fb86a2a0a0c9a2b10beb1ce0f9f2d173fc2c43,315,0,-0.027142242,-0.17621005,0.010132969
A0A0R1EE38,1afec49bf4c1a3484b8d23c0361a8d361030f27ffd34c342051db0cea8dc86b3,496,4,0.099400215,-0.0681657,-0.0721067
A0A0R4ICJ7,3fd713ddc440a1cb3d6f7c48da427c4d080f2bfd35fed510bf6ba8037a5af15a,353,3,0.10564339,-0.09666352,0.09728075
A0A0U3DCG4,bd14ff8ccc2292d16fb0c4b8d03ac2256ed7a69529aba66a6a776c30a29741f3,316,6,-0.35658073,0.28024775,0.11013694
A0A125YA74,74b4bb6c1d18c76ad50ad38f20ca5fd9e97c823d6912186abd360b7067ffea63,465,1,0.23600793,0.06481622,-0.22124434
A0A127F6Q5,ab26d6d2791186a4bb9218086f705c1e7b06c6741b42b8f197c4b705e70cd94a,297,1,0.40176064,0.3355368,-0.05382869
A0A127HZJ2,e7fcbacbd7fdb182a1f7fd1a883a3aa09d245cff7b09576a830dd6ace1c2a555,303,2,-0.22602516,0.21625906,-0.06345407
A0A127MZB6,08cb616305bd49dcc4207d7648071072030306d72d923cad6795e555ebe6e284,493,4,0.080388255,0.14365566,-0.123662345
A0A143C237,76b4aad072dc02ddfddb44783f529087e8258bdffce13a395b1f0428cc7f1944,314,6,-0.33102638,0.25555328,0.072246164
A0A143QF78,ae21dba6cab3735cf43b77f88e2ed5a599be69b2c0a34f3655d64f5c78576e20,309,6,-0.20500068,0.24713978,-0.003624687
A0A143QHP1,88eb03946e764d1a992562df6904923eb5a8e1aefb083c9d50da4dd981c3b1cf,321,6,-0.08345746,0.3622995,0.018695783
A0A151M5X7,aa903f8e1447a7565d0d5cad91e354b40442e3c41307bce8e33bcfc3038075e4,453,7,-0.08485818,-0.06437417,0.20960182
A0A151MAY8,22d95f3fd60aa53a4b3f7c9e5271aca7108f65689010c3c103350d5c3e1bd79a,569,3,0.011749058,-0.14608139,0.026449647
A0A151MIW2,3cba99ef9dc4e6c2a5be2c771b16fcd8eb4b0c9cd10e479eb2731acac8d63bf4,531,3,0.04927831,-0.13598713,0.08843421
A0A151N0T3,676a34803ec0232b98dfbd71712417c85732e60d551cef714e9acb034acb4ae0,321,7,-0.1800591,0.11955007,0.29240796
A0A151NDR0,b8743a0fd2044744976b6f2dc10780ae90a91f965e1e70116012a4d1b4c85fad,354,7,-0.08329821,0.13066071,0.3415261
A0A151WEJ6,64387db9bf0e0265db05e1f0379431216bbad3702e96e40166e225881fc7f82b,326,3,0.09909342,-0.20774578,-0.08365825
A0A151WTU3,3b5e6928943aa7947e704fbd6cfaa5a073ddb90b44cced7787a455f9f37bde25,384,3,0.12214343,-0.11700679,0.02967508
A0A158NKE5,4152aa09776cac26259bf9025428df766dd0ef58aa2cf70d0915db91623f3841,384,3,0.13135469,-0.12573074,0.014282849
A0A158NL83,c4037192a4082900b31825124e1ecea68b025cbc039e4f121c1731783d299929,596,3,0.23968668,-0.0023289432,0.07986105
A0A158NLH9,3f2f6240af7f57a1f26e5f1a02903e990edfe7d425cfe8cb3b90370432657a30,326,3,0.084423736,-0.22183587,-0.083954774
A0A158NYY3,a72ef458cd07ac0f3ae605552d00c13ed5f9f69935660a57af0321b40ad69f96,512,3,0.16027386,-0.17235218,-0.025720207
A0A165E9K0,7f272aa969cb77f8d16ce427a3c33008a9673aef2519b26c2f62a2bdb5b68677,246,6,-0.29270074,0.17685577,-0.057328988
A0A168FQ52,51c716f6a8f3a6a3485ed870b795c76a13a5c966f63315a34f750311e92d3bae,290,6,-0.15154184,0.34434572,0.060461815
A0A169NQC3,d801e759677af4f02e0a9dd48d0f6bd7148b76ef7d2bf5df0c619700f48935f6,351,6,-0.21717784,0.30200842,0.086860254
A0A172TLZ3,1c821315111602fbbfae3bd8151fc872b9d0f7a9df69663f9b89701ec3aece29,235,2,-0.17553769,0.21074103,-0.09861028
A0A172UKU0,31c230aff75a1221719173e7fb48a59cf259d46b108d768361c3e652eb277264,323,6,-0.15887205,0.26676524,0.011619546
A0A172Z0F5,8c614916a802ef7d906bf8275bfc7788c5350c1d5a14a46cdcec29e3110027d9,303,2,-0.24605177,0.23768035,-0.06444361
A0A173LMP4,7fd18bd13aeca9245e7862c4141c79886cdba9820b959de07c38886f6cda9de0,310,6,-0.04402445,0.3976272,0.036943905
A0A177DRC2,8daffa9b16670a94212389118b1ca0ebf847fed0c68548a9211f20b7a8d75009,559,4,0.11191251,0.040186588,-0.05183482
A0A179FJH1,1f8b9f2d0bd78c8c3fbff009acc8a3d30ee9b5a34ae32059c7d16ad739df3163,534,4,0.05463225,0.059410356,-0.044879045
A0A179GIA6,d7b8a91809bad3995a0ee5b78967c772785e986f6175661bfcf4386627fb1502,534,4,0.05523368,0.09001673,-0.024468817
A0A179UE57,2d1421fad31c475f52fee4fb6fb43fe8149438081609d560f2560d8a72e4f3ef,596,4,0.17065004,0.08420379,-0.036959205
A0A182HKP2,be162993796238bd41abca051e10f11cfe5b61c3d573542ef8924da72dba31b5,425,1,0.28438324,0.0137356175,0.057211906
A0A182IB33,3233ce9b2c5c5568e929950e97265bec865ac84f6328eb619671233880dd5c6b,411,1,0.37740564,-0.031615354,-0.026284942
A0A193BXC1,c14bd42f73195eaae05f024b9661b10baccc62a610cd78bc1a21f9ff4aa24c8b,334,6,-0.21824639,0.3075538,0.083154835
A0A194XDD6,43e5b7a0cecf712156da2d063be33f9263c5d44676a2746951d12e82ad996a7e,534,4,-0.033450168,0.024657758,-0.023140851
A0A195BEQ9,cd40de499e415d3139092fa801edbf6e51619eb11ec6d5815ea56fc78c53d392,326,3,0.08028349,-0.22158735,-0.08030122
A0A195DLV6,fe66b11538b0c06394879b995eba47763adcb7c0a9894e738a4acf6378a00a7d,349,3,0.11843894,-0.066524975,-0.029244164
A0A195EIJ9,a1db24f18e554df4b9c623786bff739098d7651432c69b00683a91294bc858d0,384,3,0.11393091,-0.11923028,0.029422041
A0A195FRA9,2fbe939499861a9f36fff5470574c623117ea5ecf4e1e411229f695595226dd9,349,3,0.11349403,-0.06864803,-0.02558064
A0A1A7Z893,c64db73e82b5a9e4068dcef4c3c5a9f98c3833a840addcc4d7530cbca2fbeba2,382,1,0.3168248,0.005690229,-0.016910074
A0A1A8A495,7195c221652758f6e7146a5757113ac1908b81ebbaeb13b11262d92a35233ab5,568,3,-0.03914168,-0.108593784,0.09813578
A0A1A8AGS4,c7e82f00c9f55c0b2dc92505eaf60769ec5a53158a8e48752358f39d8d1c16c2,357,3,0.06425301,-0.058302794,0.053283248
A0A1A8ATK3,19999ee016549f2b212b1466dfaf60edf3f6ae669aa0dbc6fe6f9ec6ba5ef5ee,394,7,0.13329813,-0.016056212,0.15192111
A0A1A8B348,b3069e80ebd739f66ac14a69b9ce9351f4021e82a29a622e7905dda24a99bb2a,346,3,0.15715933,-0.081851766,0.05448276
A0A1A8B8V0,2dcacf3a29355c652f09809e9fcdc688e643626f57698187e3f1cd8c46cb6bff,379,0,-0.05092203,-0.08289569,0.056754023
A0A1A8BBJ7,46be6fd2a28240fd78e41b14ea78d5911368e61065f445c5b5abc9f8adb76790,380,3,0.058974214,-0.18307161,0.074806586
A0A1A8U6A1,63cb03d42a6743036bad6c2504de541c983eb607a629ef15e01e9f4993d04c39,331,7,-0.088241704,-0.05403009,0.11920334
A0A1A8V5G1,d67de797e13d159e1fa0a3828e1491d3a9aa81dd6f4d3a21b2e09890124f2a90,578,3,0.007866623,-0.021578966,0.11388115
A0A1A8VCR0,140766409e8fa6e7dcd30589079521beba043576cc0aa42832b81cdbbb0626cf,539,3,0.12048689,-0.057923242,0.14810887
A0A1A9GKP1,4a8616935a059c8d027060bf069b99808354d2d1c8d4f1f81e20770cccc73780,311,6,-0.16089043,0.36501047,0.072720736
A0A1B0C836,0144de25c9748307b8e585b5213413086313a04b5c13f6156a4a0941104dd9a8,354,1,0.30349365,-0.09913736,-0.08516692
A0A1B1U5H3,619cf5c2f3d1d4f29f144e81a4bcba10ab7d2d525d6814e39712d6012bc70118,306,2,-0.10761108,-0.12282444,-0.21014349
A0A1B2HEY7,b899414e0ff641aec53b797e875e658771629d1e96df5f38a0e95a1d65cc259e,307,6,-0.29348162,0.3244875,0.092737086
A0A1D5Q0D7,29450ade7431b551bb150b2b012c24a8f91946edc27ec9fdb16c8b5612c8defe,371,7,-0.08464812,-0.011410645,0.29141787
A0A1D7W8B6,6fd11aede2e7b01d2c96117baeb2d8d0f56e7b0c0fd323c0bbdb4c7d935afd6f,269,6,-0.1821852,0.18440917,-0.05958381
A0A1D8GBF7,be0b1467cbc7fe8cf7b92290f0a78035af790811a67e02a2a1ed57755328fbab,211,2,-0.15979354,-0.0019399143,-0.18569674
A0A1D8PIF7,fcc58e4fe0384cd50f2ae986acaa27f1a4f978ed35687c306c22c2809b3982eb,544,1,0.434598,-0.08141292,-0.15787911
A0A1D8PKH2,a8b5b3710ba47d819aeeb0c84613dd980361310deef833a6ff35038eb9af0d42,361,1,0.30054817,-0.06494665,-0.19578068
A0A1D9MI88,a5073188cbc76008fb390ceadd5af75179f93e7019be2a8175202e5773f76e62,267,4,0.06189012,0.2519078,-0.087777406
A0A1D9PTU8,d7fb889e04da1f1ba780bb79aecc60c9a5f76b00e0f8af37f51139fb1db4a56b,535,4,-0.0023225297,-0.024614718,-0.061194338
A0A1H4PV14,f4f567ee327aa0d37723acf5be3c1cd628ca42fc7fdd2db27defbf16c265804b,302,6,-0.15489464,0.31593367,0.029832881
A0A1I7VNH3,9c93b29052cd5fe486f948e2819e24db2dbee5f10b29461bb862277eb1b1c108,457,3,0.2216482,-0.10613823,-0.046465248
A0A1I7VVU6,00cc0c0b6e782fe8eb82225123c7fb3166b1b54cc6b3e0686b79ceda0111ec85,462,1,0.31304267,-0.03164056,-0.042097177
A0A1I8MSQ4,0d823c514ba393db983cc02ada3539aa0d086d834f07c6f2e6880ce3ac929165,399,1,0.32323232,0.024453597,0.00059127674
A0A1I8NF56,9f29f24a290bb6c49a8a1c70952625a7d3a9e40eb726b52c55333b4f20a91af3,310,3,0.080646895,-0.14267057,-0.031110317
A0A1I8P9G2,6f16b0d3809fdd2ddfeb599d790d9ddf8eba88c7e83d9fa9c19724202166b8f4,481,3,0.09401981,-0.1858541,0.023218496
A0A1J0A945,01bea813cd9f1863624fa4104c8100e43761654fa02c74a7db4f769ca44d12ce,380,4,0.08204238,0.21441615,-0.1598021
A0A1J0VTC5,806275b391d4268b05140d8e95f51f471a199095a23f0616aaba937153c46f2e,293,6,-0.18304892,0.35964343,0.036549
A0A1J0VXI2,f28ad6322023f217a0e41549d63927c298ece014030767440a874fdcc03651ff,312,6,-0.2373412,0.27408618,0.035542753
A0A1J6KAY9,0352e570394c8a38fafd485d38e1f742353898b1e5becd8173fb5125caaae817,429,1,0.40756014,0.02309521,-0.07087993
A0A1J7H935,c86efa4d81d6d924510c79f6353331bfaf2a32f11222a60de75a941aff76846d,434,1,0.4132974,0.07038751,-0.044727333
A0A1J7IIG1,f34197a38978f872168730f2b7319360866c6f67a6a1f3ebb25c02814287f735,343,0,-0.104123056,-0.2294514,0.0064116907
A0A1L3MCV8,91863c4b3e2a939fe2e6dfe8317844baea68b992a7e6ef40aaba856739364b45,233,6,-0.16963711,0.38816822,-0.018009588
A0A1L3MDE2,ce602c11f1b725fd1ab7537a69fea105c3474311d3d155f6292646407795d310,318,6,-0.16313809,0.39615834,0.089638226
A0A1L7HZI6,a1a7ef347fc122c1aed7a1d6ac551e7faef3ff0be9d54bbb06e34b7dbac11530,478,1,0.32428446,0.15089574,-0.21497104
A0A1L8GM82,aa72b7e5d88957de7b0b295f140e2d4faf9af09b8bff40437ad12cbbec270916,374,3,0.01912327,-0.15925227,0.118816145
A0A1L8H5R9,b198207dfe477e0199c5301faf1b3c2ece5f572534d1de239877823bfba247a0,354,3,0.08551292,-0.09724518,0.071049854
A0A1S0TX18,6c1ea190f7c790d64a5218b5205cf07b0212ccd1e10dc3282afa9848d5e8a597,269,1,0.22632083,-0.02971497,-0.08317756
A0A1S0U8C7,f83719b7e2b3164d63584a924bf700e7e631427706a0acd7bac695b9971300f5,460,1,0.36796317,-0.007892266,-0.07461073
A0A1S2MFW1,b97e7a4b114508a194726fdd7d2ad5bd588ca625a41744547237b87de9e308ae,227,2,-0.065418184,0.038714696,-0.22847158
A0A1S2YE51,21e42482b099caf3cb1a913ce188245e645a37e1e4b7ff5cdd6b92b54b1d4aab,520,1,0.46942222,0.15300389,-0.1500586
A0A1S2Z0Z4,346ad35b84aa9c45c2e0d8f2704219e02ea361e308aeac8b48053e2f2bd0d743,521,1,0.46809685,0.14827025,-0.15799327
A0A1S2Z6Q9,94c3a531403ebefb10965d72e6c677afe56b0c4cf9f0075e4f7a5d6a0a8c3c61,440,1,0.42893365,0.049197737,-0.07205091
A0A1S3BH99,fbe301b4a8c07d68aa82d40f0d462fc87b58f073a33b747c4978b391306a7342,332,0,-0.1573458,-0.19795983,0.017221702
A0A1S3CUY6,f035ed244e3087213cd95f38d30adedbbd7fccd7bfd6a3f3652c99ecc589b81a,347,3,0.2610145,-0.10446505,-0.047822546
A0A1S3D9R7,1fdc840dfe7af467d8de1e3519d077874e6b53ff83082196eaa7bee8989b0bd8,438,3,0.01756184,-0.2105742,-0.031423077
A0A1S3EL55,472d2f9e2bf3f1c187e97820af0495254a0e33c67bd878a2e2199b2df842c78a,347,7,-0.015024954,-0.0006459165,0.14212433
A0A1S3EV32,6a21577f3cce49c48fe4590beb7d4adca72ed8b471189c0ec8651c5bd6a819d5,448,3,0.20854916,0.003254315,0.082284026
A0A1S3EVF8,34ad7d5937079963f501560e8b967b8a9334005a45960e9155316456c9f3c4a0,553,1,0.2842866,0.14498773,-0.112657726
A0A1S3F0A8,30dc2ad6d063974514fbee70d17a2e14bf777f76ca37d7320c5263e03d6d2b2b,558,3,-0.028338997,-0.09204971,0.073397115
A0A1S3F2P9,41449ad02c0f247f6c744806cf7cfdde1468e9bc56bfb29a89ad7fad5643de4c,343,1,0.51056725,0.020255812,-0.07405885
A0A1S3F470,76cd698d2115890971a6ede5e4aa47a2e356e39aeb930040c673145ca951361a,396,7,0.18875328,0.04938111,0.26506168
A0A1S3F6S2,e940c45d76a486da947a03874ea833b0b780a40c77dc637af6d09644d72dd6af,369,7,-0.06112083,-0.016846303,0.27826354
A0A1S3FR17,06af1f65a89a9f9a9f3be7cf850c8c0fde62b7b3e6864f2f948da8f78db90238,581,3,0.06274041,0.00036629615,0.12431352
A0A1S3FUH7,cf3e05d461a58b9a7218c7eba2b8cacf2af7938b43a9b504892b2c0c8b1a2674,321,7,-0.17156884,0.09529611,0.34403592
A0A1S3G3I3,81d639508c2cff3eb9986ab26f01ef563cca9ab78b53c09c514377466beaef12,309,3,0.099034555,-0.011387182,0.08600927
A0A1S3G920,90d92e0812d97cffcac60ab91b601ba13b5108f8c52cd41f9ccaffaf99bec764,331,7,-0.11406735,-0.018262751,0.18531291
A0A1S3GFW0,d6d60632f52182898c7938de694c605753218b013ca9379e4af9817ea21a8ebf,335,1,0.4137167,0.05910428,-0.08436617
A0A1S3GK35,2b5d3a2ac0ee1910525bf8dc1966b5f890179b08f3fbbfe64988cb42f24a7c36,541,3,0.13447061,-0.07994529,0.0834327
A0A1S3GK61,e1fd0e07e8c5ce2cd2162dcb52d0b0482ef571745b16b29e7b820c94757cdc62,325,7,-0.13817129,0.016323434,0.24666911
A0A1S3H2I0,d4e64f0a7c7c6a0260fb48119c91a88b732057618a7df1428f52778a431383da,364,1,0.5000454,0.10223587,-0.10584267
A0A1S3ITE2,ed51f8880584eae57c7207899a6b4bb8d7c8d7a89acd2d6a82fe294e0061ded9,346,3,0.02921433,-0.18935499,-0.017362297
A0A1S3IZZ6,1520b4b4077c33841adb0cc77a6b6231a691935e9f44fb86c993fe0a9db00780,493,1,0.29100952,-0.05354438,-0.032789417
A0A1S3J7X6,25fde567cb4d4529c5f3a7425de07ed0a5f2c9b21554a2027ceaa8c0e8baebaa,294,1,0.3346991,0.046322882,-0.1332977
A0A1S3LGK0,ece9b35461f8b8c695f9928be7b84ae497428a024f4d22e353fc440024d080dc,445,3,0.26504388,0.03759204,0.19244225
A0A1S3MAD5,b362a5c06c7c4ddd2eaa09d2c69a8b3241071af641de3c465347892a42928dfa,553,3,0.015426282,-0.10414836,0.025091972
A0A1S3MS39,d1d83f3cb60481b7424baf4f5c833b42354930ab6fb165658637aa6029fbc618,329,3,0.18678086,-0.046601262,0.0078080865
A0A1S3MW59,3e486165d21f1790dd21a66bcfd95f7e5989985cfd14f331ef392c8762ad418c,333,0,-0.22806333,-0.124821156,0.115736865
A0A1S3NJ03,dd7a50178acdcaa289daca84e2de7aba3d021925d8dbdd647197f93f03f03504,341,0,-0.20128502,-0.16636418,0.09217439
A0A1S3NZJ8,95d98db572b944abbe3422f13d00dce6021ea4af5279d9046064d1ed4f49907e,438,7,-0.031554747,-0.092512555,0.14603788
A0A1S3Q2K9,f64cc12c502dd62c0cab274220aa27a14202a7f5a507280d24d160386dd0ef2d,517,3,0.13236365,-0.061923027,0.15744203
A0A1S3Q5W8,8fb802e84f2a9a727d26063ec0b42aacc6e8c060138a1517eb7e52a09257d9ef,566,3,-0.037133243,-0.11444296,0.033619918
A0A1S3QAN9,12bfc7711cb9ce5587b481c4e03c63530c7d49fff8c0638a2931036e21bf55cb,596,3,0.020445146,-0.038047265,0.10139867
A0A1S3QE26,c5b42cb4a04f17d01ed82d860051f0acf25c622ad022c4df979846a0857b3df7,334,0,-0.2289342,-0.1282307,0.11665244
A0A1S3REQ7,e08b66aa578647f96af2e19ae2011dd4ac38a963e7f7a42f0dbcdc35dbd7732d,388,3,0.020173863,-0.22812188,0.08327164
A0A1S3RG26,0a7855da6bf48a4aa48c1b1ed5b22f00cadba4024f392ff3590bd2bea9f8211b,364,3,0.025300918,-0.25932494,0.06555192
A0A1S3RH87,84e086043f24f7c504287c685d38722130c864a8e7ca8ff97a3a895335608312,355,3,0.13603216,-0.080387495,0.11635199
A0A1S3RMW7,0b566c4b3981fff9627bb597aa7439a8bc2f9290710ef421a6dea975c20e3e74,334,3,-0.0007773378,-0.11481045,0.055995986
A0A1S3RV21,f67a99240939480a119ff22a8d0412c7cce71413d81a6e7365e814887d06848e,393,3,0.16271238,-0.050471637,0.09901195
A0A1S3S8M2,0042a329375e89c64a7c8c5de836823e257124f418221fbdd7a107bd75d9fa82,553,3,0.017148517,-0.11374568,-0.002663123
A0A1S3U5A6,d82ffd6af79cd8799a4f5c60f038609ba33036b6607299779cdbd10ce0525fd2,444,3,0.014492507,-0.12423803,0.01962994
A0A1S4BN30,82a94270c631e4dea7085a9b9f2f4e4422d14c6ad9e333b591555f82680ea8ee,518,1,0.46124107,0.18166892,-0.14014754
A0A1S4CDS6,d51a581488aab39426f03553aa7beb76f3c12055319d3e979c26ac59f7eb3794,412,3,0.20833887,-0.065173745,0.009285976
A0A1S4EP92,ad329db38971bd6d427b6d0263881092f8072f3075dc09635345534598e6836f,554,3,0.03737471,-0.11691517,-0.015639758
A0A1S4EQ62,4cb918e0fc8cbc692bd220329c01a4cb6b309987c9c07a0bcd9905bb39241cc8,278,1,0.4386108,-0.010396218,-0.11277264
A0A1S4F1C8,b96da00057269e68494cf7bc948c057c8cd9980f02779403959dca3a3629f939,464,3,0.0565211,-0.16756128,0.01206781
A0A1S4VT94,9ef1a0e50273002f2ac4a637754ecdee8ded2a286d2a921faa25b2a20b15297e,307,6,-0.18544014,0.23117504,-0.024588518
A0A1S6J0H5,4c465c95f7d717655814781d5ca615cf7a11377c7e1b0a6349f31015959bd043,233,2,-0.24345832,0.119738415,-0.12937208
A0A1S6JB48,875f8812ad98dd9c848e9c9a94b44ad098bf43b267612ce2486ba0a5b9e63848,314,6,-0.3315758,0.28125766,0.089839764
A0A1S6M251,d46b7d66c271f49e4be5630ab999045417a2ef02384fc40bfb48a5901c5e6071,388,1,0.31727496,0.003991319,-0.022298582
A0A1U7Q7V6,2be6832889117631a4a237144d57fddff4d8a19f9136d081333207e5c970f165,374,1,0.27932552,0.051604573,0.039604012
A0A1U7QAT3,4606fe04b4c3836aafb8404f1bb69007a9adbf05181ce1029fda4cbbd3b3d5a6,328,7,-0.20989344,-0.028641015,0.3037722
A0A1U7QPX9,1592a7cb99e9894a3f2d4a6042b654bc056f1ea24b6bee24c945502f22443012,327,7,-0.01747575,-0.03254134,0.22294372
A0A1U7R3P0,ac0abb393ee7129372a6dd2bb06036900024dea983d00130b5521687654371e0,582,3,0.06386269,0.011249895,0.12254371
A0A1U7R3Z2,af16c4f89b807d07b218abc1dd9bda01c9fc891919ac68454e10ab045de55181,399,7,-0.008872293,-0.090195015,0.24415366
A0A1U7RI35,ed76863ee9023f877dabd3381a07f1b489aadca6573cba92bd3380fd6b867ea9,333,3,-0.021951005,-0.07753745,0.064049676
A0A1U7RLD0,935a0b67311b369597955f2ce8263e27e4f41b57301d1ce03dac647a447b9a75,331,1,0.4184964,0.06644378,-0.08381372
A0A1U7RTI6,1398f1546a42ae4f50121646465bf2f49862a24a74b2393be30cca766c2c34d3,326,3,0.18141076,-0.10765618,-0.05843417
A0A1U7RYC5,47f8b99597cfea74b295f653c25ad4ca67d03c99884d69310d005b60dd807262,550,0,-0.0698541,-0.16519615,0.018452808
A0A1U7SGT0,889fbb80060cf2e2000e39a89efeb9e585ed81f90847b4d793bec3b4e9725f97,361,3,0.161989,-0.10602237,0.07665038
A0A1U7T0N1,a501492183aea325dd2bd5ec4fbf0594abe3fe54bd4b6491bd934d406f598eb2,579,3,0.13912182,-0.0440318,0.0046387943
A0A1U7T2Q0,4abcdfb5ae76ebbc648b48f35e4a0dcc938f975304cf41092a00eccfd4967ae4,565,3,0.031529047,-0.08007026,0.12325911
A0A1U7TKS0,e87824490ebbd1db2e5b3a5f438bff70acd2ee5705a5cf1a06a6907c772db0be,337,7,-0.048737153,0.13733274,0.27889693
A0A1U7TUS9,1bc13cd544c0f1121a21f985807f026682ea566c788d90f2a49099953ae64292,519,0,-0.13828662,-0.11679122,0.11156662
A0A1U7U2D3,3a70e78797527254b5c9e5b0b3b8a5529632232b2875d3143b115c2fe61bb19c,317,0,-0.055542517,-0.17128132,0.031347573
A0A1U7UI55,5389c561a0032d0cdec2ea7831e924c20d3dcb95d0b786dfd020c31032c79fc9,320,7,-0.09776555,0.048965294,0.29700089
A0A1U7UPQ0,c7ac9ad5aa9dea34f5f1c7e7c139e151c8dc69a9e1f2cdf39770c037d2618fa5,532,3,0.033741716,-0.11251664,0.13539964
A0A1U7V4P2,ef26ca8c54779345ee61e4a249c4469cabccb9212e67536471323001cab0891e,258,0,-0.30763564,-0.28502274,0.11350693
A0A1U7ZA62,79394d048478591d2007d5935241957a58af961ad82a904a0c16edbea7f92b6b,517,1,0.4635552,0.16153297,-0.15509838
A0A1U8AFY5,6fb7fe7d67fa487937af083489131455d74be8c574ac88867857980c63c73ff8,426,1,0.41963184,0.0406882,-0.059741575
A0A1U8CPZ4,00f7ea4dd20e5903b858de40e8247d78b35617b21f05b829ba6539d186ee6396,371,3,0.11373768,-0.13808903,0.05849748
A0A1U8D3T3,b705766fe70ffa581952b8cf3442ab146dbd609bf79416b46bf65794fa6734e2,578,3,0.14013095,-0.071635194,0.010797716
A0A1U8K592,542a6188e2b708ffe60fb46a12992410d4cbf537e90e5c288b2d08a92ca5bd7b,439,1,0.43311334,0.039726235,-0.06773804
A0A1U8L4L2,4c74ce08a1bd71dc4419c1dc0cd5b39772be8b405fc22924c29ab7ef028bed7a,439,1,0.42187518,0.03424614,-0.0671217
A0A1U8LNH8,9038abef9ce500d0a1487c0684500148175536dc076c82b2dddaa8db4a863fd1,444,3,0.014433928,-0.13202186,0.00039221774
A0A1U8LTN1,91ec9a243db9f4dec345c510f96525918ab140e1ab9d3aff98d23093a74b5a9b,444,3,0.016159661,-0.12580094,0.00079352624
A0A1U8M783,57b779651e8dfcf889b84f50cc8d8dd61d4e61286a19c75c947c9e311a052b29,330,0,-0.20245102,-0.22236021,0.00868101
A0A1U8P7A6,33010ce46638a8af459da9c39d0a803d9ab858e01863f7c57da29bcff15d4d78,421,1,0.40049943,0.027893176,-0.06589148
A0A1U8PFQ0,3cddf5617402a1f1f6d3f94e475f97c17d2bd9dc004b0b66314f470fcd0b70ea,519,1,0.4749933,0.15145552,-0.15316355
A0A1U9K9A7,7156ab462bcd5dae4095a916edd4f94a5081024f631b421856da370f4a4973bf,224,2,-0.24268131,0.09831083,-0.14890096
A0A1U9M8Z1,0b1744ac360815e658451cdac05853ccb5884eb8997c872ae928b0ecc8b436b9,371,4,0.014110566,0.061604835,-0.22446501
A0A1U9QUZ5,95f93b0d15b7026b2b61b31f0ba142f0461afc6d5650e36c3159a93381524961,313,6,-0.35219535,0.29288235,0.11568016
A0A1V0A7T5,6a4829c09931443ff026c1972cffdb113489e84c00642c6aa6455e3395bfe3e2,320,6,-0.21759754,0.29231548,0.06793177
A0A1V0TVC7,b1c138c615b78bba6ae4e1c21711c36310033cceca0f7fb6bd5f155dcbeb16d8,320,6,-0.37340036,0.27454513,0.103778064
A0A1W4WS46,a160e9a298c08e81b0cc3a426ca2c161bc4a7ad487d718cb104536759a9cd24f,378,1,0.35483333,-0.07446619,-0.11390974
A0A1W4X4S2,8e8ac64198dd842e21b98c935d62e546e42b26d40472fbbd0fbda3c5ef85de91,429,3,8.871241e-05,-0.24258043,-0.03366489
A0A1W7CZA2,be2a462e7aba089dedfcce7309f09983ae5376dc88f39809778521b0c66860f3,321,6,-0.290391,0.26717868,0.06972379
A0A1W7R8I2,bb38fb51202dfd35598c2e65b13c2d5386e496a0990a314c76bac674e679e035,313,3,0.06493182,-0.11837393,-0.018306399
A0A1X0BW47,2b88d276373319d3c75b2440a55668ccb3e638cd249b433b7df5014d0f3facd3,316,6,-0.19783491,0.30645683,0.02880101
A0A1X1TF53,d6a9f944945c535eb53b292b25fb7fcc44be5bb04adfe175c8d3fcce1ca5dcbe,324,6,-0.13903013,0.32255208,0.027530404
A0A1X1XS24,8fa34aba79ea9a4a58acff5c51be0de389253823a2da94de802a3bb31b3c1f97,304,6,0.007123053,0.3138117,-0.031647366
A0A1X1YWV6,8dff456703240e6e1cb14f1b97dff9c1265991f5cd560eed6cea2d802d35e781,329,6,-0.1262622,0.33920944,0.041734092
A0A1X4GQS2,8c678c7464d63e395cbe0e8b6e6992ea0a0a599893ead7b04cbaf354e8704526,314,6,-0.3301448,0.26253507,0.07921797
A0A1X7UKE4,c4fae46371d6a70091e183d165f67c64f98386dd7393d70bd4c9de3cd0bb5e38,537,3,0.0632341,-0.17299633,-0.06608766
A0A1X7UUB1,1d297614f951cf862ad102364869f08798a1fda2e96e7c6e3423ba21863952b3,242,3,0.11241105,-0.08523767,-0.05953192
A0A1X7UYA6,4f4f1f4fb0c1f099216e55dee78c905c148784703ef0a06fb2d5868c88b41e54,343,1,0.4325762,0.066382535,-0.08925913
A0A1X7UZH1,01fb6d2e902b3f51aff4aeef78fb1c0f48e2fac78e8e89fece46a083b6b207ce,322,1,0.35996875,0.012159059,-0.07925556
A0A1X7VNZ2,314aa9807341bfed8ee3f43174b221d398d82cd7beb3808de8191da56391baf4,319,4,0.015075245,0.00013882385,-0.051157713
A0A1X9MKZ0,67fc4d039200d76a9255c7cbae1a6a50d6668d98de426ca296db2f7c2196f91d,221,2,-0.13881575,-0.010468716,-0.22822955
A0A1Y0C0P1,2a40b0c011b542352180b02827db74db828d94f19058f9afb5b0d58c515befb7,316,6,-0.17540143,0.29238346,0.010180832
A0A1Y0HUI3,030a9a4fd306cb7568008c53ae768ff12323f398698cdc7d8c1aaf7872529eb9,296,6,-0.12385793,0.33094403,0.057677712
A0A1Y0IR30,0c44fc8d3ba4fbcedf0e78a494b7c66cf0a8290939c415a2f1ae9b3b3d8fe057,207,2,-0.23397806,0.10246779,-0.13229777
A0A1Y1JXM6,f28a50c7ac32252364177d5004c71823d55437ae41f0670faeff05d199d5f636,328,3,0.17335722,-0.09354879,-0.072039254
A0A1Y1MWP5,a1f8af4e746817736f4b947e906a2eeeb4bc7381ea62207f176390f68e570d95,346,3,0.1415516,-0.18057853,-0.038233005
A0A1Y6K3L7,697bfea9e8c8f670f19f636616d5e78b1750071e12b3ff0f9aaa04b6eb3fb0c2,316,2,-0.09664647,-0.013205768,-0.15272821
A0A1Z1WD89,20d5fa720d74892d24cb4acdde3317488f2fa1ce25d8c63d5c99abb4da3be479,327,6,-0.3687257,0.29109028,0.13181263
A0A1Z4EUK8,c0dd59e59f4d80691ebf37fc9e31f53d11012838047ad34766bccfe94beeedef,311,6,-0.17931299,0.2576489,-0.006790152
A0A1Z4MSX7,11a8f794aef930081ea5ecee7bb96a78c81542085ea737b0600dfdfe253f159a,467,2,-0.14606354,0.026486933,-0.11948295
A0A1Z4N9V2,016480dae3a59ca788bbb6ca06973375ed3e457cf4c2bd1c768fcc1d546b120a,428,4,0.043314565,0.13675286,-0.16577926
A0A212EWN3,2a7f142f3d3b821af82916d2701cf75ca9210dbebd650339550de4ca4862c784,286,3,0.12849787,-0.1431462,-0.076614484
A0A212FF87,5309c88230f517dcb025f2e78ffa77134b6f568ee7dd1b35601dcc054c9aa910,383,1,0.46074393,0.0068743685,-0.100327596
A0A218UA76,3b7aa6afcbc81e92981c976534b7848ae57282fc9094522b0af24fe16afdb4ef,570,3,-0.00907876,-0.12548609,0.065916665
A0A218UE51,7c0270106a66722e56d21346b463333ad58c12318f56405424bed7f7919ebe0c,331,1,0.41625062,0.07455306,-0.07813527
A0A218UIV3,f25ca2e1b086b188fdd84fbc55d1a0280e643d877fb6c18e09e71d60a1eb1d52,352,7,-0.29572356,-0.16072266,0.28934857
A0A218VAY1,7d8fabfe0133f54f9cb4776cdd96c7aafd456b0e51b9d02fb46b2e1c53a3ed99,567,0,-0.08087904,-0.10496904,0.03422194
A0A220ME77,c3e3c96bc3d2c5fff98df3690d1d6b0cbf9958362539c08312bf199a2fa7670b,230,2,-0.18230443,0.18257445,-0.119448625
A0A223D0D6,e02ad83a1d5fd5c0c059463d81aeb57b3f1f063ce7dd4343c1583fdfda7c9fb9,235,2,-0.10982212,0.13871247,-0.16692124
A0A223S149,e9c1b8551ed814387c20625d8e09b84612859e3fdc49c1ef37e6e48aa26b9d4b,278,6,-0.17813933,0.35610595,0.046565138
A0A250XYH5,a36d832a22bd5d55123336e5c31fd6862d5058776abb4ca3cf45f85dab8b77b8,329,1,0.39081526,0.086328305,-0.07071926
A0A250XZM1,43917882996281c82cca3968254b0a5ceec14adac53dc4dfcd0406b19db40cff,375,3,0.17408277,-0.16598041,0.01304404
A0A250Y2M5,943998069c41b911c5634bbf3779484f5a7f5ec41e2ec300d0a1f17df336afb9,550,3,0.059205554,-0.11434525,-0.017171998
A0A250YFP5,062a6469df1fbafbd93c93409550e4e12402164da7563a505460571561eee2fa,333,0,-0.30256137,-0.13289577,0.11244276
A0A250YFQ9,3ee72a6574ea54af2251e86a76c70393fcbba86c51adbf744b3cd0d7d38fd017,335,7,-0.11991203,0.068221755,0.24110663
A0A250YI84,8266e6c2404d6f78aef666dac646174994a9c367246c42b4cad1a22fa8dc55ce,447,7,-0.06425501,-0.009630772,0.21278
A0A250YIE2,015f164b4c34add8340488732275ed5d0ca8b97b810782551371c0a41fc04f80,447,3,0.20681293,0.014107889,0.074193865
A0A250YK08,90fd63d1088b576db937921485007e79e77267226b73cd5b2b566bf64ea659e1,581,7,0.049446583,0.031753715,0.13788371
A0A286RJ41,d681c9b53b32a131c4f3658892fd635e193232288ec5e37beae6f629c8efee01,472,1,0.29649803,0.34715497,-0.08406826
A0A286XF43,380c4fb289c0222d236326a71f96ca31daa2eae069220b4299a52252b451b2b0,382,1,0.3086066,-0.050090246,-0.047484163
A0A286XPT1,0f7ba535896bb7a7c5715f5fcb9c6031b8d48be75dc462afabd1d7d6153d1662,384,4,-0.05228626,-0.077263646,-0.14577608
A0A286XW91,84b3865aa22e557e43d2f03eda06e439d9f7e37221d1ce9004a569afcc5efff0,396,7,0.0017423676,0.07951002,0.33874255
A0A286ZTI9,800337a5a32f172f99361dc4775ffc5f1176f705f5c0f1d63397e6149be38f03,334,7,-0.06346431,-0.006894422,0.15436809
A0A290YZF4,0289e8cb29e0aa207caf4ca7376054f30aab845496226e3b4b5e8cba48b8415c,297,1,0.30869403,0.5155757,0.04448657
A0A290ZAT8,0d208f2b51e7f28fcaef8b70a8dbf11c85630a153301d12eade66688d532a47a,408,1,0.20359957,0.4768527,0.040601466
A0A291LZY1,c4549568babee032de66cedc2eb0f345b21b16ee265ef2b85924c6c7056596ee,484,1,0.15464406,0.41400674,-0.058674235
A0A291RSZ2,a9726337150d59e9334cfdf6849ea0e6f16216ec8c5eed297761b88ec7e67993,327,6,-0.17569555,0.29503855,0.0410137
A0A2C9JLV6,4b1ac1cfb4d1b0f41e55b3e854d2b878609ac1e59564915d345d64ea1a0850d9,594,0,-0.059387572,-0.23284154,-0.025389357
A0A2C9JPD9,5225cf5fbd5ba868ea3627f04e872351f0253155be4e647c000d5742f1527f3c,269,3,0.04640886,-0.14947353,-0.060072705
A0A2C9K0A1,8debeba18106aa60764b4ebde77ab85f4d1c45f2ebb72615dbb2c8bbeedb2dc5,444,1,0.43463787,-0.0023812037,-0.041841343
A0A2C9K0T6,1efa84aa7238d60c19df5abd8ef9e17a6d1538077954d1fd99f5735a273d3901,296,3,0.08203034,-0.1177923,-0.058654975
A0A2C9L6I4,bf939c89092ce2b855fbdf75dac6d326011979c5f3e2890a0517af02e07340aa,441,1,0.40289208,0.047301162,-0.15563513
A0A2D0Q492,e6405f1f911eef3d0bc84305ab0d8c8da816cfaa19be8f427039d29c8a4330b2,595,7,-0.096948616,-0.062327217,0.16506639
A0A2D0QQI0,2a4cff2040f5670270c6264e51c90f5a788b1381c9e19d002941226859086cc9,600,3,0.025205148,-0.12338358,0.007219697
A0A2D0QSJ8,63c42a2e837ad679020e4760917554545f5e09943ffe0aea923f2dcfbcf52722,360,3,0.07675918,-0.047790896,0.05899559
A0A2D0RAM5,9aa33dec90972f586fa7c1b26f0b23d4c21804e9f1739c8bf60a0266b9554282,379,3,0.058307942,-0.16091615,0.10421626
A0A2D0RDR0,dac88a4ae3af66646c58b8277f9b154f4a40634f479e6c79fe47c4e01bc16900,330,3,0.0020579954,-0.044480946,0.054715328
A0A2D0RQE0,2bb265fb11e8028a36cb519c93efea7e6b246b1af2e98b524b7a4c53232125f9,570,3,-0.052851826,-0.08297998,0.11235096
A0A2D0SE92,5ccdb840c528dccb88ae07220a9a626233ded21342ec9d5342e892565bc384b0,562,3,0.09925439,-0.103876784,-0.0063969996
A0A2D0SQ30,9b2867ee69b5a0dae89ff21689b4968c6611a9b57686686d04300dc871e68775,346,3,0.04708732,-0.06332001,0.106928475
A0A2D2Q264,fce36310cfa7b646300f87bffb6d340ecc080650e6b64fe110b9bd4b73fd348f,464,2,-0.10229283,0.12434665,-0.07365266
A0A2I0LMF7,82654be0581e6dbe8f0f335485b8946e5f287d5a31f641fe5ffe6afef005dd36,530,3,0.08208212,-0.08081697,0.1124923
A0A2I0LS95,e7b6c44ac7342831eeffde3dcb6190c01f375beb2574ab2a8a27f3dbc1af889b,298,0,-0.051864237,-0.08751872,0.07252764
A0A2I0LSI6,0c3d61b9068464724dc6e433647aeb73988a6e3dcf2f4351e648aba0017d2efb,252,3,0.15831165,0.064379565,0.06136282
A0A2I0MKA2,492406a072a43133f130b721bc466545f1d0693241939d28dc4321cd4f06b5e9,364,1,0.24881028,0.026702927,0.05758133
A0A2I0MSG6,c6ff6354b9aaa576219637b8a9259ebc546d5f9340732b0364de3b6c2152f756,344,3,0.07454181,-0.051445957,0.051606458
A0A2I0MT29,512029edd886d93fdaa1f3310f59ffad3b1773121d87247c87bbbadfbcd16fb6,352,3,0.10974085,-0.13336161,0.052796207
A0A2I0MX39,9eb3fa9246f9f876c5687c1827f2d86911fc7f06a174cef3d3fbfa6816efd223,338,1,0.2867048,-0.08444797,-0.05261963
A0A2I2YF45,f79033e8b500a82f7890188811df6a70b85bd6b26815425014d1f86b7f5afb52,335,7,-0.133033,0.10153049,0.26931652
A0A2I2YRF1,1d5841c21f5af0eeecd19f169e17425979c560500abce0ab6b960e1d2371433b,327,7,-0.01440582,-0.0058608395,0.24136506
A0A2I3G5K2,82e2308028120068a52ddb6adcee9d76c5080a1d8b7790452a0e136943266c8f,552,3,0.05910432,-0.11299172,-0.0027755073
A0A2I3GMQ4,aeafaadd41c182e03274fe159df70f355445ff4cb6b67b5365f89a4a9f618ba3,553,1,0.28299528,0.14467114,-0.1199644
A0A2I3H1Z2,eb6b343e82e707a2e6f665d66b5ebeacddb196a7afa8cc629ed293a54683522e,333,0,-0.2847968,-0.1676885,0.065357104
A0A2I3HEK5,679ee67551c0a66225d99be92385f286ae345df066063f985f84ababdb681a09,388,1,0.30972254,0.000647977,-0.024508609
A0A2I3LVV8,b7c894cb82d45cde0b080effe72ea6268f9e2ac59b9e42abe6178ce1f3749f38,440,3,0.1460086,-0.081022635,0.11820148
A0A2I3MC07,786c9652a0e37a66430b3a74938e8d4d2fae9dddba1ea636a513257067601fe8,330,1,0.3988452,0.064186096,-0.0890605
A0A2I4AP33,11731e822dda96fcf10baa1e39dcd50267fa6464d10e6f0a684cd6edbc3d8a10,558,0,-0.07921786,-0.1225411,0.03829838
A0A2I4AQ41,4398aa7dd2924313f63ae695dadba45058e3493e58e12491bbd87ad268e6c764,337,0,-0.23483662,-0.113258496,0.08678363
A0A2I4AUG4,d2e2c6394dcbaad8a826bf2bf55ff85c883bd0180622b47fb9a56eb0eccc5f75,424,3,0.13974096,-0.12360997,0.0873836
A0A2I4AYA6,137eca9ba962f27f7a3c99d847072b6d57fa020d1e52011f45c05337ffd71bf9,308,7,-0.13347526,0.0016983936,0.17440318
A0A2I4C3C9,6c2be8994145975d9d098e2d1b018b2fd4cb37fe0c765515b499f45759d98941,332,7,-0.08391118,-0.03938989,0.13189062
A0A2I4C5Z2,f85e049ed576e5cf579d48834b180980fd74faa5a15bbc4b39364aba20ff0c41,357,3,0.06323528,-0.054332696,0.05658276
A0A2I4C7Z2,805e87fe3d13935c05867c2d193955c8f1121fdea0f5f356e197c8e4a053217e,343,3,0.13537587,-0.10825582,0.13131483
A0A2I4CN06,36d5e4db459faed0f822b48bccf95b17ee7d205f5d7bf519e7af6db259660e42,320,3,0.06359175,-0.07042743,0.13412404
A0A2I4CQE0,0fe4e95d0ff6827525c94841298f8d6fc3177de578d3700bd9c9340631fbfc5d,518,3,0.10544027,-0.06113414,0.17791587
A0A2I4CSN9,720524a663c60f0db41cb5004959b266fa13697e31413d5ef57cbc2ae846234c,349,3,0.15631129,-0.15051647,0.04589978
A0A2I4CT32,7ad26c49f6af6edb0629f187e6295f748521ac42aef42a9594b34a402cc2398c,452,0,-0.0704244,-0.11990624,0.07210533
A0A2I4CYD8,20cc61b132585847f3b1ce1218407b6a1fca51db4959b160b2d6351c736ba5ae,360,0,-0.15563425,-0.27588677,0.1687897
A0A2I4D5F1,8b398d9447f06de33f6e180a62c6f34603fa0d32f0f3ea7a790f94eb6338d1e3,540,7,0.09497007,-0.040305693,0.17127095
A0A2J8M809,460bf1d00b5aed31ba6b1ca37dee92271e65b63da7da24506024df482175bbf4,310,3,0.14246747,-0.056506857,0.03246617
A0A2K1J7N2,d101e7ac93f34a34fbedae93f929731bf1d652744f0ca9bec647c0f2a2ba891e,518,1,0.45965013,0.21157989,-0.11678395
A0A2K1K6E4,d809f502786194d9c4fbc2be8aa9937b29e2e6bdde873e9ca5bff63552161bfc,429,1,0.43635195,0.08857264,-0.054006014
A0A2K5C351,e06d8711643005a1ef0e56551ecef360819efdf86c18714ccac64502d3bfb290,339,7,0.02969525,0.20509653,0.29727545
A0A2K5C4W6,508726995d1b3df0ea8575059134ab5b7067af2b2e548cf136aea9ca443bf079,326,3,0.180184,-0.10807711,-0.04316117
A0A2K5CBU0,d42d1cfc2c3f96f8a59fc8eacb2e0292a53469b1ac5cc4d71df20eeb7d6351c6,546,3,0.13954157,-0.08946738,0.07240352
A0A2K5CIZ2,104a650052b307566400958c561b548d6c247da96a27281788b2a0d07e6dba0b,376,3,0.14516017,-0.17334655,0.028289353
A0A2K5CM94,3905afac8f0cd300798128d4a09954e02fc1c24ff06128aebcf2ec185ab8578f,584,1,0.32848296,0.15953717,-0.105918944
A0A2K5CPQ1,3e5c19ef4f9fbdb526f7785661adce61dba5d29d3423e5f44d40a1f341275db2,382,1,0.31450474,-0.0515638,-0.060404193
A0A2K5D319,187efe78b9f486c0eaaa86129a20c947bec8ed32bf1a5588eced04a39ffc518c,400,7,-0.06832068,-0.07274076,0.30467823
A0A2K5D7Y2,2887af2ac210f4d279225346982fbc449696caf14c2e3884b48bcfc9d0374f68,558,3,-0.03550031,-0.09494523,0.064977355
A0A2K5DH10,b468efd864e87e3cedd3f4439d62539556e176b0bbb702a1a4c6b4f63241926a,323,7,-0.13878559,-0.021152725,0.21905406
A0A2K5DM09,323463d47976263e1046f83c4b9744ccbfeae47093e2b20d990d169e33857469,598,3,0.058202736,-0.1244074,0.011925482
A0A2K5EM39,6cb453958d24ab33864321ffadfc591eb5ece39d23b367768c62a1ba6f2e27e8,344,3,0.14116618,-0.12009324,0.05314701
A0A2K5F049,f9aa40681657879270de62d76fe0fc9a979468f1418a3ecb19f250ef9a7551eb,350,0,-0.21271592,-0.17484613,0.07985167
A0A2K5IZ51,ef0b1bf73565cb0deb667e949edf4ba0993d88bcf5b996eca91500f07b67eaac,501,7,0.08206086,-0.080473825,0.15139964
A0A2K5JI99,fea3c6829425bbfd9423da09a12f0b013f626939c0d670ba2a476313ff2476ca,353,3,0.18492822,0.09754267,0.10533156
A0A2K5JNN0,dc310a2c7170410bde83f494b99c9b5647bccea8222e0366d9f6de1291c881b5,553,1,0.2847086,0.14300177,-0.12114397
A0A2K5KRY9,80d4fa7d7cc585024d1c5beeaad452bb562e544e8fab037d0e2c75826559afa7,532,3,0.033903982,-0.11257145,0.12704349
A0A2K5KYS2,5998159f7c77fa7b95a849ba3c053ab8588bfcf98b84ab33ad1208f483869ebc,598,3,0.058208194,-0.13166775,0.014309332
A0A2K5KYX0,fe020b1ceb37baf4b495ef745d7905c20ee568d28a7a51316716c76a068ac55e,330,1,0.39967448,0.058188755,-0.09394131
A0A2K5LJQ3,685a856481ae05d86d3effd6dd8d25a4fbd58c4f43a741e8f04e1ec0f40a86b2,552,3,0.059609268,-0.112271756,-0.004908956
A0A2K5MWJ5,b2a654f301b4cce9eb0cef0e9b307dc2c933f4cf199feeb3f48ef37fee82ce7a,583,7,0.03527048,0.026499586,0.14046599
A0A2K5PA08,595d9d1a0b495d59aa2e1d32e80177440f5a203864406d7003bc41a78906f43a,559,0,-0.2109767,-0.24556732,0.050008897
A0A2K5PD09,dfb66d8d27f803f01047804c047a4e587a86c056e833219f8e6fd21e14f2554e,400,7,-0.058327883,-0.0812429,0.29342276
A0A2K5PNF2,e8c7a4d3246fc24b67480bdfa344905541ff8332ef286d0037a50e8362887339,354,7,-0.11289367,-0.059151206,0.24729186
A0A2K5PZB6,cc1124416f149e2fe4fbe390aaa2d587ef94667bf1efe632695444b23976b60e,344,3,0.13739547,-0.113594815,0.051131587
A0A2K5Q0P7,1df8b4dec66216ba40b46ef233d349a84cea97ff5eb540f7fd54ed235ebed35f,369,7,-0.08696055,-0.016535664,0.29896858
A0A2K5Q533,67ab2df5323e584b96af2ebbc3ddb794471432b0cc9d239bde1e932dccaedbb8,532,3,0.037461534,-0.119049154,0.120739125
A0A2K5QTX4,bd14f562e1852d85683f96f8e18d01ddc9ac8325c0c942cd075a94501b83d647,375,3,0.15740144,-0.16602926,0.023866763
A0A2K5RUA5,7cf2b9a24b7e1c3bc7b7fcc1a6fdb3164f24c64951c2c9e96e14d8b958eaeb77,552,3,0.06088229,-0.10897064,-0.005015708
A0A2K5S8L6,aba4ee2bff38aad25239268c97f50f2d002ec9a78a4d14c76854fe876d6fce3e,586,7,0.03674756,0.023903737,0.14128524
A0A2K5SFE3,6d2b7071f2d681ace28606970be313173526755021a3231d4943728fa8d60217,571,0,-0.08143291,-0.10649729,0.056446332
A0A2K5UHW2,fbe83a949785190a28c086fdbbbdb17b295c8967293d5142a6460b658c003acb,542,3,0.13043518,-0.093465425,0.078424826
A0A2K5WZ67,92167b7ebfae13147c22200d940cbfa1fbd8946eebd10b80113c314fa49f937f,350,0,-0.2071795,-0.15596102,0.08676651
A0A2K5Y7G4,8e9222d009f76c20eeaa1eed8cf664ed44cd5417883423ad96cc9f3d75cacbaf,532,3,0.031867273,-0.112292215,0.13036925
A0A2K5ZHM7,f1450b40c514b465cdbfe68b3a7d5dd9ddb7c104e7084add1c9387be53ce99f9,506,0,-0.09938648,-0.14637126,0.016700197
A0A2K5ZJ97,59d6970486475415c4ead23c258edee28f0308756a30cb74434d7ca92a3e0c30,470,7,0.055000324,-0.085635096,0.16457392
A0A2K5ZPW9,78a2f3f240550cb5e4382e8b9a3099c2df6312bfa0dab25369d30bad4ab4d514,330,1,0.39715257,0.060600936,-0.09054854
A0A2K6AUI7,ad3195d3592dc8a4edcdb1d8a63c144532194c7f53ca1d94a90d5efc99d050c8,445,7,-0.09717321,0.014385064,0.2437813
A0A2K6CB16,f4f2bbc2e3ef9c5d48707130aed7c5896e093fefc9c9d126efac3d1ec2f2d307,571,0,-0.08609765,-0.11180701,0.061400685
A0A2K6D8J8,2b382d223f425ec326b8150d980554bb23bd545afac2aa6a5e0864d9be27b4a5,586,1,0.46252215,0.2046389,0.08066895
A0A2K6DID1,e649e87ba29f719c54e2be37155c352e792ff01f9af4c10d333615c8c3a18cc5,398,7,-0.09441984,-0.087728225,0.30408064
A0A2K6DYQ5,e7365039f11c77be233c8d52a8651191f0a83de431547b949950dc69befcfa72,347,7,-0.010045866,-0.0023064248,0.1450392
A0A2K6EIC6,5824b2c0ea925c73e4ce55d6a7eb473ca4402dc2ad981b572d26fc30e9184d5b,598,3,0.051000915,-0.12367405,0.017425539
A0A2K6EIU0,0b4a7fba13a7a8d6c6a18a2a2a3dc5f1ba8d9036674690d016d1b42a8aa31d05,558,3,-0.03374618,-0.08757084,0.06446169
A0A2K6EMI4,93b3cd4ea3d362a20a6a054c112c17b036c17d18d3d12c7f626fc6b05dd0fcaa,335,7,-0.1294868,0.103036456,0.25951362
A0A2K6EP23,5f45686a9fedacf14c42dfbc110bc569deefd9b829c4fca926ac0147e4231339,498,0,-0.15412924,-0.20880952,0.05501062
A0A2K6ERC7,4b85153362914bf1c7075cf263b7daaaa8605daa4626599bb478c7af23faa1b2,330,1,0.4116437,0.063396506,-0.090429224
A0A2K6FNR4,db7517b2daa4cd13a39b5be7f4d7accf5bdac6eb0abbd7a4fc9cf00c83becc01,571,0,-0.08593317,-0.10512621,0.057231653
A0A2K6FS88,3af636a512e4cae117615d28889d3ac6fd707e5231d8f1362977c4652ddddc65,321,7,-0.12532006,0.043600027,0.30037388
A0A2K6GA85,b623ca954920c6ee05d010f855b26f32388bc5b93622b2f9cf95543e8489c331,369,7,-0.08293341,-0.015387491,0.30217382
A0A2K6GCD0,daa3231107ac62554a69959e834de3cf39d841af65f5db2e094ca2bffcb45ad5,552,3,0.0652319,-0.1132823,-0.0072437045
A0A2K6GMP6,ff4c51455e983e06b94b9c56968f92a634d02ab55095f63fa8abedbf1f62ef17,396,7,0.0051138173,0.08055651,0.33628193
A0A2K6JSF1,3aebafc3b8a9c466d4355688d4cb745ba1c15c1df186dea9a5f7a9c7424d8c46,326,3,0.17789906,-0.10334613,-0.036146693
A0A2K6JZD1,2ac6353f73b5deaf5e0bf24363e2259389a5d16a29f04287a35d256812594d83,350,3,0.19118138,0.07831794,0.096957415
A0A2K6K265,6e6905127f754f1776922187797c861aeb21e89158e81c645124e5bdefcc998a,323,7,-0.14456402,-0.019183552,0.23161949
A0A2K6K9W9,56d2c73fe7d9eb83af609173227fa28c240fd5ca99b4003158c1842abe4317ea,398,7,-0.097104825,-0.093809135,0.2997099
A0A2K6MW91,960203869f9273be42cea2e16dea4ce50ec8867a07e7c40021aae543778400a8,532,3,0.034400947,-0.11239037,0.12162447
A0A2K6NC13,7ed59df6c90e0190f1aeba7ef8d90354d087fdbf7ea7f36e103b838190924657,334,7,-0.059960563,-0.029088601,0.15801518
A0A2K6NLC0,2f777565838f62fc29ffe925c6e89fe6a778b607794497b622a56d906c514ee2,445,7,-0.089880146,0.016689807,0.23404928
A0A2K6NPQ8,86f970f508765ca2d12abe8fcc49736d0a435fc5c583613fa419e1036b5f17e4,350,3,0.19291537,0.08168569,0.091722876
A0A2K6Q1J2,274bb9d0553a51cf532e076f5bc95b3547186b9e82c2cbaf0fba089b9a22012f,344,3,0.13211535,-0.12229249,0.045482647
A0A2K6QB97,3d9b5f4f43bc8fd230f13db20ffe026dab39f511282bb98fe471bf6d16c91a4c,553,1,0.28104147,0.14543085,-0.12089987
A0A2K6QYI1,bf953872dee42cf764ba438c494e78dff0906619f3b692f027257002122fb380,571,0,-0.08186992,-0.11452048,0.060227454
A0A2K6RJM3,2aa0b0f20e1f33dc1fcbaa5a6e5a8933248dd503585f620dc00ea1197cdb4ebd,583,1,0.24677767,0.33307096,-0.003879129
A0A2K6S460,a608c859a8e55f6d935824c47e15b75db267276778ddb4bb9c4d535801a3a05b,471,3,0.063502,-0.07945146,0.15187433
A0A2K6T9M2,db50ce7febe2c89ec6c6ec43cdce31efabaee34f47b6b3a84795896e40942141,339,7,0.018892532,0.2161248,0.31090435
A0A2K6TGY0,950d012dfc694f9555aaf1f9b79dcdfc4ba525ada3a0f318b119892bf53392ba,532,3,0.038911536,-0.117300265,0.12240043
A0A2K6TXI4,0b52c19b795cbf8d4ff0e7eb4a72c55d0b12889abe9d0831cd04eda0f50bc25a,552,3,0.061533768,-0.110427685,-0.0027013798
A0A2K6TYK1,c719a8f8e8261612c1230854be1cfade1751ab1147d81f52ea19e849a2b803b7,545,3,0.14292201,-0.08876461,0.067268
A0A2K6URQ7,e82d5e30620c07d559d5c7e822d3f9f6a7d2a3b5ff0271813f92be49793211df,553,1,0.28091583,0.14398417,-0.11956848
A0A2K6UVV7,8f4c0607f7cd5adc81bf913785354ce5f4bdd72e25137b0136104546ef5f37a2,321,7,-0.12695438,0.11859756,0.28027588
A0A2K6V928,b8c313faec799f2fbd9f7171102f813d3e5f23a5af1b63e29d1821cd93d1c3d6,445,7,-0.08609713,0.008469334,0.23901995
A0A2K8N988,e5badcc0d31244e83b254172d74b3202cebde19ceb4f618bbe69c01610b0d3c6,206,2,-0.22597946,0.18167263,-0.07688969
A0A2L2TXM3,db01c1f48299c5bc51b9b444647bba0c7fb2cbd10ac8878bf7538b738bbf5506,528,4,0.14769283,0.053217486,-0.08305656
A0A2L2XWU0,f02855d5141f1f16da1acd6ce2d78ba4efcb5c693fc3d7913c7afe70f7d1de69,586,0,-0.07063711,-0.19516692,0.00705916
A0A2R2MJS7,1b8628935f8c808ea6b29a8e74349a65a8e12363d1da1ec0bdab7ea3a4a59553,355,0,-0.08652797,-0.04481589,0.0763062
A0A2R4T3X8,a7e9b25afe36495a1d5786cb55d9d557fbac95eb79c8ff8478df4b5d2aa898ae,321,6,-0.35467485,0.27415782,0.102739364
A0A2R5LE31,ab5c299ae38873972e2cf7167c01ab91140e6caaefe03531c8d478f89d42bbe8,428,3,-0.03571599,-0.16920204,0.03439745
A0A2R8ZH43,4ad0031454447fda4975a7fc3e395775cbaf0908a61d1a30c497886ff31ba293,532,3,0.037282478,-0.11130956,0.1222791
A0A2R9AKV0,1162aaac7ed86c1b1fdc104854cab93dd89ed53fff27775f13b130eb1e6e505c,334,7,-0.0560149,-0.02633792,0.14680848
A0A2R9BJS4,6fa0c70d61803ffadf3f3d88e1b8b610f2fc3483ba8a2596767084b106ddb75e,552,3,0.062418126,-0.116405524,-0.010928446
A0A2R9BQS0,71917d28d94129079364b594a470c5ddbe669b01876107b29ea99620cb409bfa,398,7,-0.08648719,-0.08443135,0.30189586
A0A2R9BWS7,c82dcb4f846c18548a78ef9affb418138e877cb75beefd687ded6b8bc36fc74a,371,7,-0.08240849,-0.016412625,0.2876847
A0A2R9CDM7,41e37bc66840ef1eb1b2aa7db64cc38c9ba7af870a5bcba9f5ab46ef23c1b684,470,7,0.053659853,-0.08286451,0.17600225
A0A2S0WGX2,4f29a40272aae1e3f64e8b918a5e072d0bc5662d540d4891b5687a7b796c9a2f,242,6,-0.20609303,0.34615174,0.024234658
A0A2S0WRX0,e015b0f4b891b7e45f33c8eadf8065f2d3c27f069c35e30c97435cc3f6f78a34,310,6,-0.13387452,0.31677246,0.018249087
A0A2S1RAQ2,3693d4f5e1af8f3cc5b1469cd4a1fbd2b111a1fe2afbcf1bc1b77d3983c35879,330,6,-0.15881589,0.37674835,0.08704579
A0A2S1STM3,a37e2dccb4019218ded71530939a9199fccb7e734fa55949165889fd2d8727c5,319,6,-0.36332014,0.30816624,0.14018694
A0A2S2BYM8,6db4ebda1838f9b91dbb0f2d4a7863a3a7998b596f1a7ccda34f330f0dd9d8ba,318,6,-0.16268547,0.29374835,0.02395647
A0A2U1T9H9,a0bd6f9949840d958cde84fe48203a2ab48a6ff8f738e1b162995737d935ce01,252,6,-0.21470584,0.27637628,-0.021643953
A0A2U3VCF4,d701cdb05983c5661fdef0946b04681a6394fcd1a0510d083c025af54c7f7065,400,7,-0.06201039,-0.1284688,0.2778196
A0A2U3VCT7,ff0dc30077b4d8416da27e9c9288eda96f060f41b947b316f280b5a4edd50f4c,579,7,0.034318797,0.007953998,0.13394384
A0A2U3VFR8,afac66aca15faf4222347c088b40b7c6d48bc8d9bdf896845e65921171fe1a65,554,1,0.28390506,0.1424909,-0.11812538
A0A2U3W0T2,9545855b6135a2fb448e52b6b591e352f53673b8a21f2d657f74d1caaae5c343,346,1,0.43058634,0.068381205,-0.08618071
A0A2U3WBN9,48043404e26233e871903f9949e7f7a026d207cd8fc4657794968cfe191e1a55,350,0,-0.2201033,-0.16405033,0.08925569
A0A2U3WMQ0,6e42a5b42e969ad50462065a1de5acc7ffcbff379f92be1a9decb9d910a7ccd6,542,3,0.13586465,-0.089818165,0.07495927
A0A2U3WQW4,912386151a289ae412ff567ac9ed87cd08bbafb7647a46c400c8d2d915f5ee32,370,3,0.16457854,-0.15280613,0.019904802
A0A2U3WTG8,e52cc66342c252371c80bb3f28b89e3b87921baf1042a467905fa19a6bb04f08,388,1,0.30545738,0.010472923,-0.016368132
A0A2U3WW97,16917ca1f9be0932c7fe2506739d9dfb7c388adc606ce44282f180f2d05dc954,335,7,-0.17005228,0.12992774,0.29297838
A0A2U3WZF8,7d6a79cea3348049ed323882906018c6a5b68f6ca8919dce9608b90fe26ef3a4,530,7,0.004016895,-0.10566663,0.17266747
A0A2U3X0J5,907cd43af9b171a2043ff97d6240ef8692d285f81c4c719891d1a364833a6f28,583,1,0.23037764,0.33343637,0.019764297
A0A2U3XDM0,5beb6ad709563e7ab6ed00350e7d9650f061aec5fdaeb5188f695a6d9f2449d9,329,7,-0.122423455,-0.0022372906,0.25119734
A0A2U3XG77,834b9616ee308c394f703650308ed953275c5647fc4ea741727cccb25dbd7183,344,3,0.13083746,-0.12383465,0.054722045
A0A2U3XGH5,61f9591294e02e7d97401ea5140ee954250ef14b2e9ee5431a7c3bae94abfd6e,369,3,0.059896894,0.036477234,0.13192582
A0A2U3XN91,f63ede00273113a6cf478dcf5f98b07ef47174f9d6cf3447ce80ba0fe30b38aa,348,3,0.24526186,-0.09076054,-0.04372881
A0A2U3XQ92,020e860271ecd4f1642dd842211c0e50fb5f3121f5d4d0aa0f396e67e25d59cf,530,7,0.00012634047,-0.105204284,0.17497356
A0A2U3XYB5,233d0bcf0600a92024cfc16063a6df687d5f6c73d47734a045a6de27f3d7c9e2,370,3,0.16466236,-0.1586898,0.016337605
A0A2U3YL72,954b760567b2a13b072ba8516c4d887df983788f6fe33bbfd9d7e79947360817,396,7,0.00858441,0.06995478,0.33359343
A0A2U3YP50,dd26d6558a956580c748fc9da6f54fa7627895072b8207503fe80e9e9e7a553d,455,3,0.16333641,-0.07068855,0.097163
A0A2U3YTI2,70fea3fb99a32edfc0961f4435d4a6d4f73494016aa82a8b6e7800211fe72148,475,3,-0.010696314,-0.12936354,0.023050435
A0A2U3YVR9,5c9c05335b3e63f0a51226185e4e9e769c661b5bf63d6ffbf63b0ba1ad12f93b,310,3,0.19924933,-0.058629263,0.15359776
A0A2U3Z031,45fa675307bb680452fc72f0c78c3b2a0dcb6c99484b85bc2da02c576cb68188,369,7,-0.08444407,-0.003016058,0.30597454
A0A2U3Z593,fd58702228fac81276f15fe35ad53b5f8f404b74d9fd681e0a56d1b6c0200e1f,353,7,0.15115385,0.12788616,0.16204448
A0A2U3Z5B3,5d4ed5480796341f9718d54b68781c512de75f36e7159c5f858ba0a6341808f0,459,1,0.3305386,0.20528835,0.2105761
A0A2U9BJF3,1d8fbc850a8a64d4bc2a16bda151c1e5b01e577bcc3982417e6b6bd85fda93a0,348,1,0.41155937,0.13816856,0.007569183
A0A2U9C429,68a95236d98be2237d2c8174500d88f5deee2a0c10dde16e4ac12e6c0881d34c,381,1,0.30736613,0.011591204,-0.012211666
A0A2U9PF01,7d4b426400b56db5f1d42fc3ae692c6fd0ee0bb32d33ee824c962eb759c5ee05,314,6,-0.34502536,0.2399751,0.0679073
A0A2X4TRS3,e47cc1674b817ee548f9f461d2188d41ec59523223ea3a3c789de4ea85c896de,305,6,-0.21299319,0.27686763,0.034557804
A0A2Y9DBC6,50d1b48eb731f7b7fb1ab6f35e06604b15f6275980a4ac4de3a30a0a9ace9d1b,329,7,0.008960052,-0.01967184,0.22908059
A0A2Y9DJ87,37f3ff944ec50606dbc34ff568b6bca2f1989278a46f46697b0e8e7a7e2e434e,326,3,0.18064307,-0.10329846,-0.037119314
A0A2Y9DTD6,2120a062209b18e834493cb9b0c1b79e0c85b92b9e0efe95fb9f4d20177210a3,598,3,0.05873796,-0.119483456,0.01712532
A0A2Y9E083,5420941a63a4c99fecc1ae41d88883d03f8668bc72b91f7cb104d394b0ac4bc9,335,7,-0.14120889,0.10232928,0.27143574
A0A2Y9E4C4,bdbe893e477b46cdc5939575e3be8c391b52365722899b3929e3120c92a4131e,382,1,0.3053082,-0.033688497,-0.049304258
A0A2Y9E599,3330dd232ce6e12ebb4850fca320a27ea89950b48784d06bac3326357f406645,447,7,-0.064644255,0.012950459,0.2209068
A0A2Y9EGG5,ca31c1463ae366ec2ce155ef8e21583050684fb368fcf78154a45ce66c2f4bdb,447,7,-0.06790112,0.007264451,0.23392366
A0A2Y9EPN2,c31562b702b899371a46624aec688c5fd29f3368473398873840d52b1d00829f,446,3,0.21840093,0.032904055,0.062054202
A0A2Y9EZ82,f05d419d03e5662e0821e2219ca8315e7aabd26d933ef427e775b2ec6ef66687,553,1,0.2802205,0.13342057,-0.12106713
A0A2Y9F502,ff57388649f5fdb7204a79f155fffc1d08c99d359c6f7edd657dd4c1b9002c04,330,1,0.39980936,0.06843668,-0.07732822
A0A2Y9F6J9,9cf4937ac1f4d08327c63ad61d4666f5894e37fe9cb371e42aa4ee607a60a09d,404,7,-0.06806528,-0.11444408,0.28803056
A0A2Y9F956,e9494e26d136a634600b8b06e4603dfafe7f13c48ee5c93fb0f6c4f31415c3a8,333,7,0.039118282,-0.016714409,0.23549004
A0A2Y9FHF4,e63a93f0ed21d5b1f948fb84bafba549cb0c03fac889b626fec132d76b388611,582,3,0.15379936,-0.07638492,-0.011808893
A0A2Y9FW50,384a09bbe044febdc6662c7a2070a3fc023f617d5cb194c895f5a67e759d0ee6,382,1,0.31709576,-0.033410825,-0.05038516
A0A2Y9G3K7,83025040dd097a8fe7bade4fc5dc009b8d339b9d024316d8cbb6ad9e9a7cc2de,330,1,0.40597674,0.062974975,-0.08356479
A0A2Y9GBQ4,975df4e285e9e1b18a0eb91d06bac02bdb09d5a411c415ea0db59ccca09474ca,557,3,-0.05624436,-0.065811716,0.077280805
A0A2Y9GES4,fa612fcef9a8c36d022a1f124e2494de3c5ea497ac1608acf88f4e98429fe886,396,7,0.0113833705,0.073235355,0.3329901
A0A2Y9GIH5,c41b4f2985d45bb88ba1e12d3673ced8c56a25a88919ecb243c84416cc3b5620,530,7,0.0061969683,-0.10319925,0.17549455
A0A2Y9GK12,8004c93bd13e729ec289ebe15657acda1e53960ad120b02b2a62fada17f33045,334,7,0.040116925,0.04349586,0.3236074
A0A2Y9GQV0,b81762430483be03ebcb48dba62d6a9719f775424cc771d08b078a1beba194f3,333,0,-0.30627325,-0.15923259,0.062483463
A0A2Y9GQX8,232da69aeedd4acfa7361a13df5c7e0393e5cfa759dec6bded4d7042f68d1214,388,1,0.30402663,0.0063171354,-0.01859506
A0A2Y9GRX4,f7e4059dd76e6a73db6369e26286fc857b33b4e61008c47595b73aa3b79ef64b,382,1,0.31559414,-0.0567014,-0.06271649
A0A2Y9H1L2,d0da31dd3c214df2ab5a337804a80c347935595bf34a5a52474954568d8a1512,321,7,-0.11892655,0.044770237,0.2951517
A0A2Y9H2X7,fe3064aa2897bc0dadaf81b41488bdf8a50378333e34e0bbafa6b7781240d91e,317,1,0.37799785,0.05641249,-0.08475908
A0A2Y9H5U6,454b2491b738815bf01d2d1ab8372422cb7dab28748045cf50446e7d952f734f,388,3,0.19625597,-0.15030608,0.031223059
A0A2Y9H5V8,41f601955e7ab5901c0869735f0a6f3169cabd8455109c1bf3a562b73677ac70,400,7,-0.0616144,-0.1170036,0.2813377
A0A2Y9HJH5,7b87ae2766300e0a68ccad5845683672c49b4ca4050fd4d8f568cb41b89fcbdc,571,0,-0.08452111,-0.09235746,0.06449841
A0A2Y9HK74,2a27481591ce6b45b8ec97091c90d50381966dddcb22780575291e7614d201a1,334,7,-0.05572213,-0.01358386,0.15053949
A0A2Y9HX27,04a001aeaf0249cbcad293ee0ff9924bd88202ac8e7a87929be91240485e5a8b,447,7,0.032750443,-0.09965052,0.18297394
A0A2Y9HZP3,4a097a645f279cdb1e59aff2d33d4699782872e7d4500dba16aaa9f5788e4649,446,3,0.21301833,0.022437675,0.062066555
A0A2Y9IDF8,3e4778e1418cb2ea9b0b0102d96416fa1b72a0b69e311918e91e1349ec488af1,422,7,0.07471613,0.08815867,0.33041418
A0A2Y9IGE0,54196fc04500eaddd96c341a11d84c7e45ec2fef677a1ac8e33234289f6de877,447,7,-0.112198755,0.06354534,0.2979248
A0A2Y9IMP7,22a7925523b4b60c0afde1cdca372a3581f16e53f708e03f0c60d0374190ff1a,388,1,0.30871323,0.0031535046,-0.022146745
A0A2Y9IR24,5cd68649ad609b333b744e75e9791bdc0ffdeacea30dc2ceaa1b84add1345c4c,578,3,0.15556012,-0.089054756,-0.006719598
A0A2Y9ISH8,07988d4a5e97eccc942d6d070f41957f033e9ad4bf9e813ce8e859af6055dffe,382,1,0.31818,-0.057741713,-0.06455873
A0A2Y9IUT0,8d4775ce62981f8f89489ad00109681f3839672891ff8facbb1db80538912cdf,330,1,0.39946172,0.06690112,-0.082270265
A0A2Y9J194,9707efd2d56c44257a2f664948797797ed8416923f9d5ffc3c81dda94a5383fa,443,7,-0.005011221,-0.006375344,0.23929118
A0A2Y9J8N6,1917f26617280866bad5f579470017ddf8aa9cbbfd093a19a3f7824ce1ff419c,579,7,0.03803655,0.0031697522,0.12929185
A0A2Y9JBC0,a3163f5cad301c3e80a64496a0266117aadb94882a1be306aaecfca8ffce051e,542,3,0.13166347,-0.083977,0.08399514
A0A2Y9JS72,b9f2f82edb54d859f80c1318ce0a8c5fe8cb84511bc931c0fbcfcf95cd2bc800,346,0,-0.2510595,-0.16573776,0.06685251
A0A2Y9K0W4,196dac71d07b97f451243681ea94907f96be67facf7882d8ee10144b96d8cc33,555,1,0.2860406,0.15098502,-0.12661688
A0A2Y9K731,5febf8c1c5828cfb4246cfa129daf9d07a21a9ad1e1860a939beaa1646616f4d,347,7,-0.010685653,0.01169621,0.13471328
A0A2Y9K9I7,90180ec885d49600ff30fbd84afa4ef910fc195a1739b065f4f4776a95268a81,329,7,-0.12781401,-0.0035613053,0.2435001
A0A2Y9KC29,c0af9a7b06ccb8bd35fa84dd371b4b3ce48da46c96f05ec50df059d51ef94f53,562,3,0.13680781,-0.10474111,0.0103815505
A0A2Y9KT24,be7a1de97fd7719ef943bab06ca838d2fd2f9ce14144444df4f3a4c723ca8254,327,7,-0.019231725,-0.021781651,0.24551427
A0A2Y9KZ14,ece9a9d891ca972ae9a58bebf55704ad2df30bb5cbbc36bd646f8a7b1e563b52,481,0,-0.2521593,-0.14475802,0.06873157
A0A2Y9L067,82a041a34fe245102b466e7824c8da512bd3b39c42b0a59e73f0e71542495de1,371,7,0.20130819,0.14262639,0.16647612
A0A2Y9LB61,e5ae64eba1033555143f8d9bdb9e11537e0c371665837b3edd9ff8b00743e927,446,3,0.20740137,0.009509814,0.08050625
A0A2Y9LCN9,28a26c6a638526444ec8aa113b3a00a48e2302d66b96aa7714da486c0ba095c4,402,7,-0.061996434,-0.117582455,0.28493592
A0A2Y9LCV3,b2db84385665ab470b63edfb4ef6a2632e0437c23da3dea0fdaeb7514c81dec1,571,0,-0.08640538,-0.08939995,0.06428669
A0A2Y9LQA2,b601e924cae3d217fb935c36db3f5721130fd9c02e0d3177736d866fb07b7522,389,7,0.079449914,0.100029886,0.18127744
A0A2Y9LUB1,2cfdfc0191175e199f713f139e2a5ae65fafe02943860d2ed436ed87c29b1044,518,0,-0.09191322,-0.11038702,0.11644329
A0A2Y9M6E1,db033f34df2236000ccb632f49783ee1cedcdc2a6a5ba855e4aa7f8c73527bf6,344,3,0.14390081,-0.10456806,0.06235309
A0A2Y9N6G3,f064a28225dc61064f4902fdbb476c025d8211971c66949902bc24e063765fe6,555,3,0.107728176,-0.09648945,-0.031345543
A0A2Y9N8S8,5fc0140aac0945818b54ca6a84cff610ebeca42332e6d2a30a2fe81329cc1851,326,3,0.17661889,-0.10589507,-0.029583909
A0A2Y9P9E7,13a688c671674d038c066ac4174a8a2a4aa449670d5a6710d5264e76fc74d2b0,330,1,0.39426804,0.06294301,-0.07161103
A0A2Y9PEX9,18bcb3039e98bc9d0127040b68cd6d239b92b0c5f2e3a712aaf06dcc7bae4522,598,3,0.05079984,-0.12486756,0.021785663
A0A2Y9Q6I7,d0613bd9697065d35b6c9daa2fa97e4e7070df7c9aee84f1316d0ad2ed0bf56b,388,1,0.3075994,0.0056621027,-0.020597188
A0A2Y9QB86,6ee359694f865be4f5fd41c33b614ac62db13b28a4358b1dae0311a6913b89d2,382,1,0.25085703,0.14726494,0.14533961
A0A2Y9QL59,5e3a57376d81cd7b129ef0d0827905b9ae5b95d4ea6d42d07a0c9900a9a9ede9,579,7,0.04366134,0.027875394,0.14035654
A0A2Y9QNM8,1cc289daec54552e6a830c82ae7c0d1025b314fce238a279828907b95b4c7252,396,7,0.018018398,0.06538971,0.31147736
A0A2Y9QWI2,611c22667eb6bdba64488fd1f24daedab1dafb8d2043bbb816ba75f04ee69d17,367,3,0.13738996,-0.17479275,0.012072228
A0A2Y9RL98,ef830ba3c64d388a76c06398834e1efc1dee90a20df609dd4a6bfde69b76d634,352,1,0.33462724,0.076049134,0.1618059
A0A2Y9RZP8,2ad35c880a9c8b09dfaff72e17749bb0410fef715c23777ac6a0d8078ade81e8,396,7,0.017064655,0.06634073,0.31766376
A0A2Y9S5M7,d90d0277afb512d26d3b9d8158bbddbb43d1179128b7521ff6e887c54471dc3b,542,3,0.1410785,-0.082870476,0.07151201
A0A2Y9SAK7,18d7f175aa324d0728506d8433545c5bba5e122ef7a18c33f22c7d652e229aa2,571,0,-0.087143146,-0.09255171,0.06556074
A0A2Y9SK06,b531066ab264850d41a17c99bad25703a3b07dedde96ebb220e97aef28cdc650,598,3,0.053947583,-0.119932614,0.019787107
A0A2Y9STF3,968a86c599892c29271b9910e2b6d936558cf2d63e4500d1b6b75d13292c43b2,369,7,-0.07014113,-0.018230733,0.28948295
A0A2Y9STG0,c464caadf12eee4b4f8f679394311379a24a92846cc661c3524889ba82aeda7d,543,1,0.34758002,0.059035327,0.13340779
A0A2Y9T126,e7f96d21749a135cab5c5263292002e3992654fa41fb030f83e47ed7a55f8644,579,3,0.06407242,0.019020302,0.12626404
A0A2Y9T9J7,f61b1cc48104a07de2820043aa83d49a9d947c856e7bb23a04c67a1d512897af,393,7,-0.15628757,-0.04316064,0.18518455
A0A2Y9TEG8,8f46a5cb1c06aa693e9024f554664c71bd1a83d8111b49de7aaf009b4cf5efef,323,7,-0.14591867,0.008089464,0.25422165
A0A2Z5JHN5,a21f1223abc285fc82599af44ba6a811e6f6078d23aedd65aedba6af0e3fc2f8,316,6,-0.34039572,0.24632211,0.08076937
A0A314LCT5,df81abc2f05afa5696cd699ba5d2eeb9ff23b7a9e2e47036adfbbdd69e61eedc,333,0,-0.22746393,-0.2111321,0.030140594
A0A340WHG1,1d03301014e02f6b64d8afc56d4c1be5156be534be7c013cba35657f5a3a2037,452,3,0.22736928,0.031586986,0.082278445
A0A340WKF6,aa7245b2fb7a428b312da1dc572f32c1bc33cba11dc4cdd72f8cd288bf3ebf70,344,3,0.15023947,-0.109247535,0.05077388
A0A340WMR1,7a88c63b29035fdfc010de5981feb4ff15f250e8d46ba4ed29e954ba5c0a1cac,553,1,0.2795884,0.13494593,-0.1161373
A0A340WQC2,3327a63a2e34a66c72d6c2af1e97aabce0ef9fb037532fc09f2bc733a82c5b04,582,3,0.1533616,-0.063546546,-0.0042164065
A0A340WRV6,d05e3ade6c5ad940c0ad7bb1a5682354ab3b654c3b70b8620d99833de3dd0a7a,330,1,0.39533442,0.06306022,-0.07114052
A0A340WU90,6ee69477036979b554edafdb04685872f963ca3cc875746aba32017440244b1a,337,7,-0.0890295,-0.001382966,0.18708481
A0A340WZ17,2e19d3d796698d7576a6075208b3e2e106449747f3afb09f47e6738095965e65,550,0,-0.075702146,-0.16316432,0.052779526
A0A340X8G4,fa41860f71caba0bf9d9177e7a1e3ef4e9d7bbf8cbb87d906ce68bc1f5742061,524,7,-0.0067737415,-0.0655041,0.18939601
A0A340XNY1,746704b4637957e5ee76707e31526cc9e6afd78898482f45ecbbefebefbfa23a,447,7,-0.06940196,0.013604098,0.23772521
A0A340Y0J0,0e52dc40e1abe429f9ec82593cc6df8742064c7de5f82ad5e522b41304ff7f00,404,7,-0.060142167,-0.115743294,0.28545505
A0A340Y586,cf91a96b1998de1c5a4f68b5833819a1d132359b8bb0a173d77f87ce562dfa41,370,3,0.14489923,-0.15842499,0.024150861
A0A340YCH1,43b4deb3c3388f4486cf7a0e64cd0831719e06ef2ef79a8715857d003a037821,350,0,-0.22349408,-0.15083776,0.09747519
A0A341AV88,9a230fb444889950c522347562d22e7b446bccdcb21ab71dccc07a01efd47a2f,382,1,0.25613526,0.1343776,0.13495226
A0A341BEX5,d9c5ce0bd181c9bc4b04b34571d59ce4e0d54ff531c8a0576d0babdf975f7bce,402,7,0.2346006,0.062462848,0.2412981
A0A341BW93,dd86c6e9bf0ceaeb0a0b0af82f1e5c860ec7cc119aa748067c0579c72c2900a7,381,1,0.37551937,-0.022291144,-0.05488209
A0A341C3Y7,1e3b815365331780e71b2470f2158cb53de4119bd0d38b3f60be4033ee46f82a,402,7,-0.055928767,-0.10325278,0.29090092
A0A341C6H7,316fb7726ce82d5b451f96756ea64667c8da5643e12df5e634639c46271cad6d,582,3,0.15899102,-0.06891628,-0.0078281695
A0A341CCW6,3b08180a9e5ba2c6976a2b9a5a33e47f27502a5157eed657a097e6d8b7e47713,347,7,-0.013355486,0.023385728,0.13997485
A0A341CEZ3,7d21d798828a2efe5081b76d0a59092c1b2cd3ae81b036550d721dc41ac6516b,384,1,0.43748876,0.008687631,-0.0024859663
A0A341CIH6,a752939c9393abe0705cbaabec89a90556f7f014fbd00fad226a1607ead707a8,382,1,0.30965602,-0.038165074,-0.045813624
A0A341CT69,6172027b63b16e7ab4a672581f708cd361d9af86b7ef53d0f42186b24aef6d84,371,3,0.14155671,-0.15131477,0.025319556
A0A341D6K6,3a0e4fe57b08bc85a5fc6ee3c84e22e32723b35d591806f4a1830fd7931b6f83,344,3,0.14832199,-0.10574516,0.054916095
A0A341DDD9,f97f4bd3fc638286a7b1ac3a25c334b4cbd0ba04a7a2b3b33fba516c92012566,393,0,-0.12570098,-0.055996902,0.16454136
A0A344LGD8,b00d60cbc0c92b763e20fa9b7759e90b47416a3615d2eb7f2d2753ecdcb9250a,315,6,-0.21304487,0.35906187,0.09902703
A0A345HRV7,a876ac169989c045d29ded8e0875aa297c9330f8f2e26286c445541611fc94e2,350,6,-0.3102305,0.33359748,0.16265832
A0A346XZS1,0c482bd3a550d63d1bb9c4b9d7ce00ce18871ccc7dc8a731074faeff4298ab0f,319,6,-0.16188066,0.3068085,0.032777503
A0A348AHT3,568e4c3f0d35d8740cf043b0c169857b09d564b661a343511d2e9c747630762d,475,1,0.36721957,0.16998912,-0.13719237
A0A383YT69,cbcd45ed2a5f04c6748053c0ce34e6d9c630d0a5e000f357e7e3e54474e31119,582,3,0.1589893,-0.06750384,-0.010252563
A0A383ZHY0,a4882b5f465578e60de935cbe9cf880c57038e04c41215c84dff97dc73afe0d3,329,7,-0.13055295,0.1552126,0.31806326
A0A383ZPS6,3c184b97a973fbfaf1eafa4c171d5f038d1f07fb585251b74b6b65bad2ae5b2a,402,7,-0.056763124,-0.108826436,0.28344843
A0A383ZTB1,d8ac45087e4fbfd90011e47cdf31624244f2450cc321ceb298384d0484c4c307,354,7,0.19105211,0.13319246,0.14134426
A0A383ZV99,5aa6c53899e4bb1afafec820bd42ca3c7538f4d58a39b21f2375cf6e92aa14a6,518,7,-0.009289532,-0.065620616,0.17433223
A0A384AAX8,227b873ccb12449cb527fa368e9e5b679f7bafb53006363c17e0caaf4c728cc0,557,3,-0.044599805,-0.071690254,0.06565015
A0A384AP94,952dce99b545eb293a98d952a299b156f782fb5765f0882b57d7b23645f89e4a,354,7,0.1725733,0.13715482,0.15275574
A0A384BHA6,7d595583c3f3808a6cb54db5380def1e8f932c8f816c27317893a24aa7215176,447,7,-0.08823159,0.038154915,0.25307176
A0A384BVL5,66712dcacb0df3978b60cc80854a79c78ae884b4c89674a36071bab3ea51bb4f,334,7,-0.057802245,-0.011058824,0.14740326
A0A384C459,4ddd4ac935a7eb908a9c32787ae7ca90f588cd00676bb96c29329d729f45dbcd,382,1,0.3131425,-0.054518063,-0.058270417
A0A384CM10,316e5785599c7817883bd94365d1c1e324268b91ac970f4c799a69b7e2cbee2b,347,1,0.412699,0.06419917,-0.08563876
A0A384CRS7,455f7c8293e86c14df581fc0684e05041afaa5e5e0b0619c7d9cd3b52fee62d3,398,7,-0.024161758,0.025527798,0.32822463
A0A384CVT1,7a830c264b8291dfca88385a8b6f9a0a351f5d2a8cd1a538a8c267782fa59454,396,7,0.011008158,0.06462139,0.32326192
A0A384DHF8,58bfb8a802f08c614b3aee67985029ec0105eb85c8e0b56c113bdaaf7db43462,580,7,0.028234903,0.01808219,0.15160586
A0A384DR86,5f06df27e4acb07c4688bdf19e7161c2172d068b5efa5ebaf97b5de812622c24,287,0,-0.1908204,-0.11079485,0.060300525
A0A384J8C0,eb297ffde84334df433023e134e4f086fcbe7ba180df4e59332dc3cd4941c3c5,533,4,0.008193963,0.0021537873,-0.043927964
A0A386WIL4,1c1c78b9d57327b76ba829c6cf24b6d744c408a8b6bf53076df1b03232ae3f6e,338,6,-0.21606551,0.33115336,0.096588284
A0A386Z6K4,25b953674dd95453860fc6539cb214f692105602356c8e5dad0634e62103a0ae,307,6,-0.21863113,0.26407242,0.010336016
A0A386ZE54,7016a9a67bcd91edb5734cde78bbfc6964faf488f6dc0d8cdd818c2ce3f14c8b,309,6,-0.08307119,0.35133854,0.013370807
A0A397Z767,548434e77ed53d31629f7f55f3a0b4b4608fbdd8e036dd6b325a5d5ac4b6a346,441,3,0.03022305,-0.10151256,0.011857256
A0A399G6J7,9716a1e5ee37dd7d3e4fa76c7d122e482c3ecadac91b5ed1a2f79d420e3bfbe6,321,6,-0.20108494,0.26991406,0.038829207
A0A3B1J076,bbd7523bbcd3b8527544d63711a7069f723d351d320ab782976b1ffa036f5af6,317,3,0.08298585,-0.11538203,0.07600747
A0A3B3CCR7,e83b88477f3e589750143e8ee32ccc9349998b5192cd73c59b85e36e9ff04b8c,337,1,0.39158648,0.11113522,-0.03439242
A0A3B3CJ49,3bc20d09c4b51c79302ea95d9ed0f78e554202e0d0b68e73e8e5f4b26136be98,440,3,-0.012278517,-0.13595153,0.12391288
A0A3B3DPB1,17ff769d3be0fe8d28da7d8fbd88c9f6d060f6224bb3e74b183cf29d0734e21a,577,7,-0.038247623,-0.010067566,0.15757737
A0A3B3H7U8,33938ad1a411ecdbed46b14282764d69d49df4570ee20fd8199eb6beb801f3cd,381,1,0.31510353,-0.030973615,-0.05364393
A0A3B3IC81,56327277649e0be7af69e7b910ba4ce3621370a1a6938defddc4062484769830,512,7,0.066238575,-0.023135964,0.19926968
A0A3B3RQD9,f536843f57d0cd69801a0b76dcccbbe61052690b8a8cba7b0e60ea35b9807cd6,380,1,0.2754225,0.02988918,0.015395242
A0A3B3RRL1,42bd1989c59fefa42ed0f48e6573e3a7f4f84809d95937f25109ff8cfc0c8dd8,393,1,0.32924533,0.040055215,-0.007889582
A0A3B3S2D1,29fa6fa30a52b5f03880681775b9d98a84efc3b7358a67a4bb9b59d945d3b6ea,545,3,0.10831181,-0.03009775,0.17852367
A0A3B3SJL8,6944cb015452c6927ba143d7054a08058644f5829bde4d4260f39c9247946555,508,3,0.10748738,-0.06783418,0.16183893
A0A3B3TZQ4,87362c695524016790930b052f95fdd628b8c8ceebbe0cab9e3f3efa1cd8330c,537,3,0.106423385,-0.05677353,0.14827932
A0A3B3UCY8,674f1f1f388e258c7faf41403df8884f9db45c60b2521ab515043ffa67f7e892,428,3,0.22894733,-0.039926127,0.18005997
A0A3B3UG17,599f3aca5357d17d8afeae8fb67037d2d79166a651389e5a0bd0cb901240bcf6,558,0,-0.084109284,-0.11079686,0.030183094
A0A3B3V4T7,77e02e8caea287baecb76b47ea1d30e479e141fa04ab2002a7c82a8dc2a35eab,348,3,0.13289084,-0.11552124,0.021245418
A0A3B3V8A2,3480d156b7bbbb737a9f478dbab236441fb50cd7c3ffaf228017cb7251802d74,388,3,0.07205359,-0.08259024,0.16903162
A0A3B3VQF0,87eb94d4fbb014b5fc06535d38cb877757612f0109526ba067f7738de17adae6,332,3,0.020018095,-0.12437041,0.07904393
A0A3B3VSP3,fa1b544ebaf327871748f7bef2aca0ccf33fb7818b1f51a5d070a69c691c7a83,570,7,-0.055161957,0.07706964,0.18540546
A0A3B3WR82,9f26b62f075e7d0eecd7f23c7a1a60247142581822a2aa96eb31a71fe6fde5da,440,7,-0.050394256,-0.08385188,0.16954225
A0A3B3WSP9,e8dfd8ef51c6ac951ae4f6ad63b521c9c9ddecd9633e96292993d3477db2fdec,348,3,0.12690994,-0.1180171,0.028041271
A0A3B3X584,df584bb1f481b5031bf68676c13df584da1d46af4eae2989610891601a54e866,513,3,0.10868988,-0.08621904,0.12978059
A0A3B3X5W4,676b5753e47bd5a2b9a365a8b9d9e96ff6044973491f21eee8234a9ba1baae3a,558,0,-0.08988014,-0.114338696,0.03273537
A0A3B3XR67,52f9ecdbdae47fd251a6adc0ff83e253f64a70267e072e5dc572cc9d61f4e97f,337,3,0.035636034,-0.12897094,0.11864661
A0A3B3XX02,19c4c9c3c78429af28411e1be868b3fbbe84f341f03b0e215bd4d2e5edf34490,349,3,0.036632776,-0.18940563,0.09007709
A0A3B3YI76,4835f0981dc1324741d70bdcb6354ca41a329ae346073652908e4fff74d17af4,586,7,0.059979208,-0.05154683,0.20359808
A0A3B3YUN2,6d143a27f8c5407d39d0ee1a5254c32d6a901619d70d6d3dd1bb3c0f5edc319e,568,0,-0.0630738,-0.08304406,0.09951678
A0A3B4TT79,e57bdaf89de858d4e70dfc053b3179b3f058d7dc36f43c65a2a526d9ffc03e52,348,3,0.08367375,-0.092064224,0.11848913
A0A3B4U6I4,a9d4c82dea28751643bd4f98071eebb4a3b7138b9881c2e9a96cd9c43e7a832c,584,7,-0.02773218,0.012209657,0.15585041
A0A3B4UDT6,788a5c73e52889fb68b2b70bb3f7e978456737c89506cd2a1da59077b014f43c,524,3,0.103200905,-0.08377845,0.14203218
A0A3B4UVF2,bcb755881dcaea8a61dc3fe72370d07d16f85b933840e2ffc05c7245a508c5ee,381,1,0.30030522,0.005134376,-0.009228967
A0A3B4V0R3,6cb6b8355496b94df273df0b462517ddee005c71c495f715cf147392d443f6e7,304,7,-0.120552264,-0.04779115,0.15551953
A0A3B4V377,ee2ceafdcc6e1826a672a7db86e7088b03f2856e0b5c0e6cb1cf0d84b12495b1,539,3,0.110079095,-0.06320932,0.14704904
A0A3B4WYI3,4960364cfd893613795b492f0874d4ad4472e4a07d4336975eca3d0cbe45f62c,584,7,-0.031237604,0.005068562,0.15846741
A0A3B4X2S9,dd32e385d9e5bca691d0204fc0bffd35a358efdc037338743a56304a68d251c3,400,3,0.18451063,-0.0822889,0.07919064
A0A3B4XHD1,d935882271dcd9394b16c0fabb481de9126aea1703d98457689f3cd0eaa64138,348,1,0.42105615,0.12571691,-0.0008565203
A0A3B4XYY9,d9e3c4c3f799b870b127b8327a078e92b66f32431d5285263d61a70acc40bb5a,378,0,-0.10147517,-0.23563883,0.15542102
A0A3B4YB16,4fa984d3fc075569904671c472eb172fb5a15aed97f3ca465cd17495f7e665e6,532,3,0.09028443,-0.08248865,0.10918953
A0A3B5KG46,aaff78c4f0761f63bd3d50131ecb6fb1c4dbd189d3be4066f6e6d45ffe7ec652,558,0,-0.085873075,-0.11832139,0.03789819
A0A3B5LFP9,972cc3a6c24defa80899c3b37c82cfdb5e1445ebfe1c2dd9fc84ac416a40a93f,346,3,0.118452415,-0.12196996,-0.0014319957
A0A3B5LJ37,7fd7a1fce3765d80547b75914c16a5ede1eaf4fcaafc7bee776367ac179803f1,382,1,0.3066533,0.0044553666,-0.018585209
A0A3B5LK21,441da4b094dd3b4350f7c7944884784bbb238530655753bf1386e72013764225,529,3,0.12800677,-0.037555993,0.10269637
A0A3B5Q0R2,867193f00c532cf3cd82a4b0fbf5d09950a398cf6d877b8229dd176fde8064dc,350,3,0.13185957,-0.11261732,0.098788425
A0A3B5Q277,ccaab1a6116dfa44b6ebde0c936f51ab57b7c80e663e7a2803439e30530f6bc0,349,3,0.10618032,-0.18229906,0.045291957
A0A3B5QRP8,163e848e8fb708e1af2c9e2c56943f26e3ea90a0bdf757e71291ee0f93cd5eff,356,3,0.10133041,-0.06990297,0.030952092
A0A3G2R4Y0,73f5df58952cba9b215054e1a7f03ce372a1a173b203dfbde276b0ddd83418af,214,2,-0.19538882,-0.017772246,-0.17987409
A0A3G6IZQ9,6412a6a247434dedd4dec84bf44b0e86f97c5241f1e5472af5afcb4303306dfd,245,6,-0.17075348,0.2982411,-0.019432938
A0A3G6J2F5,d463422b5f11887fe5351789111c0767c825fcfe7cb737138dfe959b8ae9764f,239,6,-0.27469018,0.24185923,-0.008183504
A0A3G8JG39,56e401c4983767c303dda06183e54cf9d0c15005476d3f9f352ed1e238398fb5,361,6,-0.03720538,0.35444972,0.028907118
A0A3G9IKJ0,a4eaa74177fef3b56ef9da988c51ce4d0c30d62d018bee5c6082d3f1b51cf321,261,2,-0.18333125,0.006190418,-0.08041296
A0A3G9JKJ7,afa5c7b518712a5c9190c49e913ff1e901c49615fb9c51d71852737851e482f1,475,2,-0.11158148,0.039597183,-0.13143545
A0A3P8UDF4,3badf7981607dea628b91e357bcb2f76a1deda0e6982808e97f11e6981770cd5,317,0,-0.08374981,-0.042903844,0.113153875
A0A3P8ULH5,0acdb44cf1ed642f95c9896893613b936c129e061c58542bd607c047c802d578,587,7,0.027039029,-0.05159178,0.22431517
A0A3P8V1B0,1cb4cf6d1ff557d1fe03b0347eebea9d03d16fa4da000eb7f5892b3b72355d79,328,3,0.1855077,-0.061619803,-0.020703474
A0A3P8V3H5,541e8e2c6713a73ad0e45c460f77b1f751e40821c07c3e6ab734871dc5f8770e,365,3,-0.01822245,-0.21644059,0.06511856
A0A3P8VIJ1,0560f54e79ea046c0c10bed557a005a996090d79aead4d300465de2b03464fa6,365,3,0.12792386,-0.18546057,0.038735945
A0A3P8VYB2,7c5ce353052e889c418fa5e2aaf02abe03ce6318ee77d73db481cbdc19b77732,328,3,0.11355669,-0.071508944,0.05195163
A0A3P8WCH5,50e35b30ad671a77346330074780d2f1d73b53bfda46dcde55ec55194cf37e29,520,3,0.10160765,-0.05214763,0.17654823
A0A3P8XCN4,818e99c5e00e69fa9d3739bd9a2c36cf0e47cd51d020c3d16f21d81731947cbb,547,3,0.098637484,-0.0398455,0.15631078
A0A3P8XQS2,ea776dba168a175d7c6764b471d142c37d98fe8c053cad60b24eb4d770e14ebe,334,0,-0.18326898,-0.12211696,0.08334192
A0A3P8Y6B5,c384ac340edfca4cb3972835712055d54e8fc0ea46179a92f47bd8397a13f6c6,301,0,-0.105628185,-0.09379463,0.102932535
A0A3P8YQ20,e5a1e3afb5fcab2816630613b17f5bacb6a6d55a8acf5601b4c2ef8dd603e5ef,359,3,0.08058251,-0.04385367,0.05499499
A0A3P8Z463,3fa19fb667f95a73e362082c8d9766c82f3c0cce104dc51a228811e70e487ea4,571,3,-0.04251077,-0.056773737,0.109483264
A0A3P8ZC61,760c82bfe1eecb493089fa0225ec5b471a7b2fc6e2257bc6ece1e79620968444,336,7,-0.06832997,0.011167811,0.14878042
A0A3P9B3P2,06c449999b4f1e2e61d86c4b410a541c165ef00586d45e8c110ff880ad67b353,336,7,-0.0753416,-0.04781217,0.1342589
A0A3P9B623,0c47da7e3e1a816c540b3fc664cd68541640ab9d448d3629e310a5d99401d32b,320,3,0.0960301,-0.07385825,0.082763344
A0A3P9BH32,550bf8e86ec0e7aaf6cc9603a9acc3b81b94ddb35f385680c7febb3437934f85,361,0,-0.1376375,-0.31855598,0.09318044
A0A3P9CR26,e37ad53fc6efd73e759ec3f7a345aa0c8c589095f73c27bd3322d4bce47a7a20,348,3,0.1290562,-0.11825542,0.048761673
A0A3P9D0X1,2dc854d63cf99be0d6cc43a58bb4ea2e9d5531500c4a15f78750d25e8dda3830,390,7,0.04736804,-0.051724363,0.18462348
A0A3P9D490,5b466d76a397425ecb76628579fb4d0611c4814c33f3b9da89d8ec9cc7878bef,359,3,0.12947848,-0.14950801,0.038347293
A0A3P9DPG6,38679736d0184a51c61779e21d7ae0ca215a9bb7ff2c79f1e5f7d7ec67e959aa,421,3,0.21837795,-0.003389238,0.18681696
A0A3P9DSX3,4c6e544e5af4a240d889c38cfd07bb07567b9cf51161cd63354f04f92e6620b0,433,3,-0.0062518264,-0.12897715,0.13855444
A0A3P9JY03,a0406adbbc15c396785069b4cd5cdc8b388448896d26f7305e1b3a8fc60033cf,382,1,0.31494093,0.0043012407,-0.016828328
A0A3P9N5Y9,3a8d6e4f403f5edd4d691b50c8bb2c13190b2401ca5c8be5a1bf406b4e8b6975,440,7,-0.02859553,-0.06682732,0.16439962
A0A3P9NDD2,8edc5289abc82ba4d8e3d98053bbe145cae0cbfbde99e8aefd87541c4a02adea,357,3,0.098875344,-0.06955932,0.030269029
A0A3P9P0M0,f74e165b31ba18313faea8caf208cc812aa3b5dfcd8edaf71224e46e0126bf83,558,0,-0.08833459,-0.116583504,0.034731086
A0A3P9P1P2,4dbadce894dceedb4e7f6b7d8bd4168dd68f8e16c559d5f02d7f30a8b4a57c58,570,7,-0.05393466,0.082120344,0.18321674
A0A3P9P1V4,d71384a61ce389c35bb65434c3a0a3c02bfa27405d05864deda1ac82c8743032,346,3,0.12192429,-0.15144654,0.08022816
A0A3P9PHC6,e04e7376ed53b808ee122270657a04a3c52183207b3eee1d5a6a988ff6ee290c,533,3,0.14273927,-0.046852276,0.099490516
A0A3P9PRA1,68ce07d55898bca9ebcac275de2f683dbe663ad1985d5ef06dcf6419dbef7217,348,3,0.03898568,-0.18846998,0.059135195
A0A3P9Q164,f1065f85f137f8d79576d1aacc146ecc71dde62588787fc01b82d8a536ceea50,337,3,0.036929168,-0.12075867,0.0927223
A0A3Q0D0X6,8ff639501628f77ed0e724166f8e47f730db43b1ebc5c05c8e905bdf10336922,554,1,0.2874505,0.13605824,-0.10841491
A0A3Q0DCB8,af84fa56796e7111d37ac8f65f5611f8e61379f521c73997c90e2be802b28153,475,1,0.24290313,0.3099263,0.008358495
A0A3Q0DVB9,9fd0030edb413e6c554ec6f7533c0e3b672af4f583c6c544fb68b688b14cba74,480,7,0.048910037,-0.051481225,0.25163275
A0A3Q0E061,cfd3e0a4d41d4eab37841aeefead2a1611595ff49d2c0c8cdb6b271d9d8738c2,530,3,0.0354185,-0.09221351,0.049690556
A0A3Q0E9U7,d04ac64579edf4d8c33d4268ba99c862fb7e8629e51fcddf98e38942cc301dfd,302,7,0.047442775,0.07854388,0.37335554
A0A3Q0FPG5,8e6a6356d614761ea7b250667a27ae19ce5767fa72c68e4ac99cef7a3cc3e227,227,7,0.025301049,-0.040591888,0.19844845
A0A3Q0FTB2,0a32d272ee0e9727424d721241935dcd20f3bf9097661bbfa992b851e2597146,590,3,0.05596893,-0.11609721,0.03545904
A0A3Q0G0H9,6a4fa1375c3745edca19a219de82cbcc6819c4782b0dcfaa226925c3e18dc74c,436,1,0.4671343,0.007641271,-0.06084797
A0A3Q0HGF7,ec50db3c3bb5b9457e97c551901fc4922eb630d700b1bd97f202cc86f96454b8,273,7,0.0827452,0.17214663,0.34665978
A0A3Q0KC44,194d0efe3485d0a568b06a1be536ea1349ded729e573f5ed266bab603ab715d4,320,0,-0.11071392,-0.11670926,-0.013178172
A0A3Q1AQ41,77d9c3d83ccafbef847bdad76ac5eddaf38151de5aa9d9c1e7a8b06b3ad06dfe,354,3,0.11863281,-0.19289853,0.05943665
A0A3Q1BJB8,0bd83d1d3383d86cc803191429411f3289074923c3acd0a2625dcef6b49984cd,382,0,-0.08248387,-0.07067511,0.12118958
A0A3Q1LM69,0754461543d9bac20e789a90d1a339ddce7b01da5a5c206074d9c01a6f6158e1,552,3,0.10331649,-0.118586,-0.03420959
A0A3Q2CCS9,f8dc1e9df518db88780c85f342423c0980c097ca9adda7d8a392c81a375ccbe4,349,3,0.067126594,-0.19849004,0.054831605
A0A3Q2CEH4,426184eeb9a90cdc22108a2b9b732d4a56fdd4a6a3a64bbe877e1f82fe4e4f6a,593,7,0.084920526,-0.061710157,0.1902315
A0A3Q2CFH6,fe7aa3946d3c022600077f441ef28d7871f78bf1d5323d83bf392559679878bf,362,0,-0.11845384,-0.29647112,0.12091978
A0A3Q2CGA9,f7f78e4a9e520bd875a5dcf0ce468ddcaf0caadd67ca57481610ab0b938a66c7,539,3,0.12062459,-0.06656122,0.1365127
A0A3Q2CK76,15542b2ea9346c009f93ca9bf357a69a9679168c2b31ca025520ca0048d52985,322,3,0.074180305,-0.0996887,0.0930673
A0A3Q2CN62,003fefa11ece5c1d01af467078ba548ce2bca6d55a0c8ad4198af2ceedf2ff95,336,3,-0.031743888,-0.06665664,0.10681971
A0A3Q2CTN7,af02455afe737e49f729d6ea9c31b7353a840185bb82f26c31a5175a611b4c2a,328,3,0.16695239,-0.056314476,0.018588608
A0A3Q2CTQ9,42ec52716b71c3c741b161b7944b13875501b49dcf59df8abc11d9648d547a12,559,0,-0.08603042,-0.116449535,0.03681407
A0A3Q2D7E9,30bddc4fee67b4482f001bb69dd97f8e4200c8f5eb464af3e28e8696f030a5b1,424,0,-0.16854736,-0.10103709,0.06715778
A0A3Q2DPH1,e820e70704dd80b61dc5c2b327a1cc128bbd915436f88f9c96bd90cb45f46ff0,330,3,0.18010402,-0.087113336,-0.03125765
A0A3Q2EAJ1,24a1e92550ca76aff837fc3df943d3cabea9a7afedfa56900b1117354fff8ac3,304,7,-0.118883274,-0.06552264,0.1570318
A0A3Q2G3G6,ca72083d96249b5fea1b8af2ef59f47f5997c1699817a079d7a9c8b1bc52eafe,384,0,0.0032444515,-0.09049968,0.071613215
A0A3Q2I0P8,7c49ca12a367729289db93f61e0b45f1384781037cca4d76f5aa946d5b3806ba,390,7,-0.035085477,0.010028906,0.31514475
A0A3Q2KSR4,5f2618d025904e31216a2cead7198443d3edf3724381fed16c547398e6021bc3,580,7,0.03519518,0.03950652,0.15311347
A0A3Q2XDD2,6af200fd6726f82c43c30a1c78e3720cacf0cb2c174a6146958e234ac3cf7bfc,320,7,0.07737128,-0.026987705,0.14579344
A0A3Q2XXP5,0d4851bb23aa37a29d1029a8c66352bc829cce414e3963db130c99114fe10e87,432,3,0.029808726,-0.07580108,0.13295451
A0A3Q2Y4P1,b34ba9f0292ac4d3b294f69991b0a2ed0e265c0972f59e10ad8d6fe159f8d690,333,7,-0.09657561,-0.00960167,0.14514732
A0A3Q2YE31,65b9cde0c5093e01fa8dd5c2a2b474a3f2493d4d9eea0c431646bb324dbde55b,582,7,0.052682027,-0.028879026,0.21786883
A0A3Q2YFR1,84f0f735698a0096aa9fdb875c5c0099cc093bf88f28365de7b248f94577402f,349,0,-0.15357615,0.001640492,0.050360247
A0A3Q2YY68,f72ba2931cdc2ce67b843258488e1e17c91a5b1dc78b4532b3e180ef4396ac2f,328,3,0.18406938,-0.05766985,-0.0110054035
A0A3Q2Z4L9,848aa5345b07357a75b245cf10fda9c5ca1bed0d6c6dd88a22d828b774e3b101,513,3,0.1280821,-0.054713603,0.13474868
A0A3Q2ZDK7,a51b38cb49432720de6c8fec3ce089053bbf564057693efb8984069677b0d9fe,516,3,0.09191415,-0.04392068,0.17489111
A0A3Q2ZPY1,ac3ae547b1837b307f1c37a1e4bc569260d94ffb2efe60adf537d2212fd7a52d,328,3,0.17072196,-0.060305618,0.00639727
A0A3Q2ZWJ2,b4045d67f8d80ead96761590f23a6fc86cb98959cb275707956cac797a2b91c6,448,3,0.2303015,-0.023452196,0.10386909
A0A3Q2ZWN6,dbf298900b21f2538b03c1d88e56f30d2a39dbf991339307e1ecbab6bab8afc7,366,3,0.1550396,-0.20464107,0.059722893
A0A3Q2ZZH6,cff0de7340b4f950e034e047ae8ffc5b7b104a19685543c63252775d56e2bd80,332,7,-0.069364324,-0.008994374,0.14337792
A0A3Q3AIN5,89488da95dd7dcd012a0c43e28945a0ee806036d9b26627b8719b490a7c8d5df,581,7,-0.022958014,0.003294082,0.14678787
A0A3Q3AIU7,d632acd8842f9d826ed731e21df3b664094148f7c6607ae2e7786e33da72b4d2,420,3,0.16318108,-0.03726302,0.09314844
A0A3Q3ALR2,9e18d807cfbe5dfedbf8ecd0b8bf6fdc6057f7bf7c50bc7c631aead3ce831881,323,3,0.077380046,-0.078390926,0.109318666
A0A3Q3ATP3,9ba11419d88861fbba4f8e26cce95f3d002ff9dd7ea0a06406aeb7fafea8472c,328,3,0.18419325,-0.086072855,-0.033422496
A0A3Q3AZA6,36c5af8795bcb06acf5cf37d54d71ff3fc63745423ebbfd9e571a9d5714144f7,392,3,0.110428564,-0.056143176,0.12737557
A0A3Q3B4S9,28da239445290450279908a3d4996029ab2d1d91890798ce05ede280b0ead93d,350,3,0.192353,-0.12908965,0.071434624
A0A3Q3BH25,d776224f071e967fb0884ffba83886f9c9668f78056dd9e7d8ad0670f40723fc,552,1,0.31709668,0.03039961,-0.18357627
A0A3Q3BHE3,bd7332bf3b36ec5ef7a300b265bc2cf9365c1c4d9a1176af0077a8918b7a8af1,306,7,-0.16600247,-0.0035237486,0.20947132
A0A3Q3DK75,6764d47c6505a1b66f23fa2228dea223cc12d6f2cc188099218571e2ecf1e2c4,347,0,-0.20359407,-0.21010011,0.18314964
A0A3Q3DQH7,de1985de53e1a9d24a5dad09b0c6ebfb507eaf83c34aa6890d40fa22d0927e93,429,3,0.23713975,0.0136637185,0.20542501
A0A3Q3ENM3,37b7b66ea42f309ffb0d4a16189f8bf459ae3ff1bef68f43fc83c4faf56c9db7,357,3,0.063705936,-0.06223854,0.054927833
A0A3Q3GGL5,7a4eda6d06e0565b40f91af5b034bd845e8e0a74caf36c9c3f9236517738d271,564,3,-0.032633096,-0.11541552,0.088601045
A0A3Q3GKS8,e82b65b7a14e6cfec0da44cbf5c82290fe789c32a7585895b4960f7d6028ffd5,382,1,0.30366978,0.004472017,-0.008299482
A0A3Q3IJA6,9cf130e30a4c075c6b492fe0d9aeb78dea3d6161513f60651306b98d7a0c891d,382,1,0.30749193,-0.0008628279,-0.018860174
A0A3Q3J3U6,da2a6c0253636c4b4c3fb01503f6e9a5be353036acc43f79bf882a4715709bff,539,3,0.09678172,-0.0719503,0.1488313
A0A3Q3KJQ0,e5d3220d4a1bf4e52ddb98290f52944c143abe89142831d288315794230d7e39,383,3,0.046077605,-0.15860745,0.08637922
A0A3Q3KQQ2,19a1f3e3adc7e4e3669bc5355171c134c09775040fd7022ec5683dcf3feea21c,564,3,-0.033667594,-0.09579206,0.06277815
A0A3Q3Q612,98f023c022235e92524c7c668e9b3b05bfc48dc22a29dc7f4653dd0396ff5b44,552,1,0.30831066,0.042337704,-0.17623882
A0A3Q3QXX4,833ca12b1b612d59d5ea643a5658e4f05f11e1c6925a7deba69d4a972ffc940b,346,3,0.10456456,-0.11374494,0.11671636
A0A3Q3QYI1,f6a307f8b85f96d2c781ba8d1beafc8a5287a72fdb68a7fd2555bc0ec96ee012,352,1,0.43720493,0.13836865,-0.026717165
A0A3Q7EP75,5dd63294e7f1965e0106377c170c22d2f8cd4e7a3d6165433092824955a03e25,318,3,0.06766807,-0.1299221,-0.03330005
A0A3Q7R4A8,db8e12ea90a873841f9b6b60808c264d9fb6942715396c6a588f7af41e72c694,447,7,-0.0108068595,-0.09549074,0.19785455
A0A3Q7RFF4,318ba659e0591e661e0fe61f2d4ee642942cc18cda87a085b3057b485972f7c9,400,7,0.11331554,0.058561523,0.18469751
A0A3Q7RJP8,38538ba6abb55451a229e7a1e4fe6230abcd6a36ba3df05d31fd8db3360ac209,344,3,0.13824305,-0.123714164,0.044749454
A0A3Q7RTM6,81394df717d9d3da9c233e8f9a127e062b96abde688a22fcc350f0930edc6549,528,7,-0.009231115,-0.09591211,0.1805823
A0A3Q7S9X4,ee947801d99b70a8a0b599b58a418e6b37bd464fe27007930729549951ad0039,446,3,0.20691128,0.014113461,0.073439404
A0A3Q7SQ69,ee3bacf6af6974bfad78f57f43b53dcdf5d6e7f415eac2787fef7dd860e60642,400,7,-0.0810353,-0.10940787,0.28908542
A0A3Q7SUZ9,3f17858ae130c0735e58e26c04618ea37c717e6dd7b4a00a45568366d07cd03c,542,3,0.13841133,-0.08924519,0.07421219
A0A3Q7SZJ5,fd29500e1a01315559d5225ba2e034c4ed10dcd5cdc6c3e1c3ea45bc30188270,582,3,0.14039233,-0.04288235,0.029516265
A0A3Q7TL73,cf20c01bff7cb33ca3d3d5512627d0ccb3144076717990984434c914258c54a2,354,1,0.31823367,-0.037120715,-0.03554931
A0A3Q7TXJ6,93aeb0afc13f16767fccf439987a8ccfa177233c0b705f32ce93ee37159e1181,548,1,0.19508748,0.31624758,0.02612068
A0A3Q9BWI0,cd40760faa576e4aa9ba9ae99b05b8facdc47d61c3706a38f33dcdc414364696,314,6,-0.32084268,0.2056459,0.03393857
A0A3Q9G593,7a9b305e43f421893206d6993d575dd0b79416fbd3f9bc2099905589f9b4970e,266,6,-0.1122881,0.2372109,-0.05859602
A0A3Q9HNZ9,b37adb7c95e29deb235bed61e1f132c34917cf38b2aaf3065bea5b97f95397d6,214,2,-0.22412151,-0.01964999,-0.16726835
A0A3S4VAF3,514b68aa102af475e6750784fdd91215c3c7c4e9ee9387a3c157a19a85101fc8,256,6,-0.1915051,0.2892517,-0.0041579087
A0A3S5Y4S8,2bbc53ba8a5eaded42762eed866f01606a577a26e9adbe478b64e95a38f60005,307,6,-0.22311735,0.275364,0.018502329
A0A3S9SYX9,04497be05bc40484c15bb35af893449426330c016b4204ced8da946f6f808e5d,235,2,-0.15001118,0.0779149,-0.18247865
A0A3T0D6Y3,0c119fc5130de7beace9a95cae3acffd12a1fe827be77a1dc10d70811e858e4f,222,4,-0.069512315,-0.104698725,-0.23973137
A0A402CTL2,8afbcaad051241eb369e63b085707c1071ab7a9bafa619bab4cf5e3b69c44835,232,2,-0.12328132,0.21940675,-0.10207426
A0A402CYB7,a9599323fc8db34f6c130a17ee2c960a71851da9d4383cd824b8e5ab0a3bddf9,223,2,-0.117395826,0.13726695,-0.12651502
A0A447GI85,660139f1f37428a71a1e626784699c5833b9c1d0a454ad5e556c2229fe827be5,326,6,-0.12589124,0.3157569,0.017370421
A0A447GL95,e0eb17537a00e38dc5c95cc16a1be810088f467f0b66fb9ea3abc17ab565fc72,309,6,-0.018221075,0.3006464,-0.031111844
A0A447Z4B8,0735dc43787aef963da49d3b9dfc5e64e8e310b0263492d009b610cd1b19d2c7,380,1,0.21001226,0.11215389,-0.19096553
A0A452DY26,73c023888b585ffdfb483ae8530f36b28229dac3e59e00889700ec3ac35a2cc7,369,7,-0.06221578,-0.026818309,0.28590468
A0A452EAC0,0c9775d24201fad28c1dbd2a651f8b1c0ef141873212c4e6c64ae8205fe233f9,552,3,0.09671616,-0.11568566,-0.022010574
A0A452EV34,6bf630fc7f4023822ac878517dd8f8802016759af1bd07db8e678038d7a25292,335,7,-0.16158548,0.12322195,0.28724018
A0A452F0B2,ed70cfd58ac97045c7f53663b27d0f2be7ce20357ec5914064091147b7720bd2,347,7,-0.029574972,0.02708639,0.17928685
A0A452F542,3516952ce2b61d126df4db05fefc8b5a3ed6da84d9f5de2c4f77b8e39eff17e3,326,7,-0.15565091,0.01863156,0.26744097
A0A452F8H0,c72396d032074ba290224122ff5b9d36e9eedf759fad2388343645696979ea8d,396,7,0.02371523,0.06347682,0.32087243
A0A452FUH0,8ddbb010ceac6c8bf1d7d46ce5257559bd86b49b51a36eaee4a28231502cb6d9,368,3,0.13039938,-0.13567285,0.03285303
A0A452FYX2,b621d78f7867818cb5f819235e15d3b1f494b1f3a672301d3814aca354f6c466,557,3,-0.043169692,-0.07035426,0.06111522
A0A452G045,09bf33dd608ee6aed269516edb74052a730f6fc41c5816dcab7cf60f87be8234,524,7,-0.037941735,-0.018737325,0.22367483
A0A452QEL1,2e8188a721707afb239ee590757c0141b79a4657acb209963fa04ce6a37435ea,344,3,0.13795741,-0.121288486,0.049967628
A0A452S2Z2,5be98ab091ec308dc3c75016b9939524bc0b2fc931e7918a9a318e620761b277,321,7,-0.13989756,0.04781092,0.30955914
A0A452SM38,869376ffd027d1a6d5fa7c3ce3b1771ec567f254e444bd4f775e46d0e3a0261a,400,7,-0.059373815,-0.13365853,0.26428917
A0A452SSJ0,bb985f6df1c01b4e0f8d65eee981aeb476ae4d7f63787cf00ef8a92b74787648,335,7,-0.16568859,0.12768482,0.28837752
A0A453PX35,c52298de3a04c488f1104a6b8e0dc6644249d7695a353370cc7ffcdb611ed190,435,1,0.33900312,0.19090284,0.05097487
A0A455BYE1,4b655684f768950aec85454cb6a79198739a524c7d97f33b2ffe524b6b156077,344,1,0.3515134,-0.027010381,0.005787767
A0A484B4K1,8ed3a488f5f1a73071bc3fc67554991e06be252d41948d2ff0f1aeec7a3c684a,460,3,0.10928945,-0.18579017,-0.041720413
A0A494UT42,5e0772530a40c3ba61b66091a8e2f3d11ec33f0a3747f2c5f9ed19cce8c93f82,314,6,-0.32969147,0.25996134,0.06387204
A0A4E9EZD5,909a2ea13d4af549deecf3f72c021ca9bed8e2ffa89165d6491d2a910b48b6b1,521,1,0.41655582,0.0029430392,-0.08581376
A0A4E9FBP6,f492af424af1bcf5cac3cd4d6ac67380585c0cad9d9b9ac7ec319a45455357a2,283,1,0.23925546,-0.050220452,-0.09469752
A0A4E9FH84,815d6cdeb09e85fda9a30fe45a94d414e67d75c7dc90f4682e1f9fdc5229017f,372,4,0.116538815,0.0017330586,-0.15956366
A0A4P6EM21,c50112d79ab9ce20ba88e262fcace48ea8b27ae12fb078fcc4137c2903207a98,294,6,-0.112285726,0.3552014,0.04303484
A0A4P6PUU3,a66623d9604b63f91356b06babb8d50f1667f4829f3af70c1abfb5b36858cf15,279,6,-0.15432845,0.47406492,0.1017266
A0A4P6TZI0,79dc8b2674e6cead9d1bdb6e2276ead5248a7d0fa82827e54adc2e09ae9e7475,314,6,-0.33099318,0.2768092,0.07621128
A0A4P7IKM0,00234d60b4237a3866e89bd0126bff5ba189b728edf23c68d7ca05b0a1b50c0c,290,6,-0.16343969,0.37399223,0.011655235
A0A4P7SLJ5,5540cf327e371c38c633fc4e8d75061a574aaf05fcbffc639243ccc4519b6b87,243,6,-0.31992105,0.29882002,0.030090861
A0A4U7KVX8,55a222654edef4828bf6b535f2b126596baab6cb0b1969850be92d8637654de1,510,1,0.33070722,0.20070782,-0.068998046
A0A4U8YZB7,889af1d91dfe29ee52dca464ac620663f2608228a7a7a1c792648327214e9b24,379,4,-0.05711177,0.23291561,-0.09327881
A0A4W3HNJ0,2cf654cac423c4cef35b0e208c52ff8c916ef2a20a9259e61a656036bdf08bcd,336,3,-0.02771784,-0.041723948,0.12797338
A0A4W3HT53,c978720ed1e53d7af2bf4ed5b5a45c73659756e1b82cfd67fb502fc62abed3c6,328,3,0.18008783,-0.12336571,-0.034688856
A0A4W4FIP4,c3a6c4e094c30446a0a6ccb18a06d6c90d39f11ea1443b1768281c9493284eb4,379,3,0.1282332,-0.097298965,0.09114757
A0A4W4GLX6,f8935294089387209538a9d8191cb0a5b7ee6eeefb6d07ee8225138860ec2346,516,3,0.09539887,-0.085786015,0.16578591
A0A4W4GYX9,a714c43dd5b27e15aeb526d22f07f16c3c4201ae5f00775dbd62963eab888964,458,3,0.033941485,-0.14934671,0.066220276
A0A4W6BQL9,812cf2489f2fb4bb93009bc3823c5aefcf6aaedc331d06f81e5b2fda19b14270,383,3,0.034909315,-0.15284425,0.110441625
A0A4W6CBA8,d8e17bfcdca96432d5f3ab9226287ec6b20037f00402df5536534105f35e488a,535,3,0.09135758,-0.06547222,0.10477131
A0A4W6CSN2,7ddbe5ad06e08d3759311626c6f994a0650382672be98e234a33880d5ca42809,348,3,0.09903826,-0.08566031,0.13139957
A0A4W6D6T2,6ef40833acac61acd6177d7dc352422a7506b427e5793dcf2871144b5bdb600e,521,3,0.115624666,-0.081484795,0.13386992
A0A4W6D8M7,91c2b568e2c509829ced434029d71b12ad98265ded8de4942cc1f0365271db39,337,0,-0.21833283,-0.14068647,0.06640107
A0A4W6DFF0,701da23d51ab45bf39eaa1f1cb7dc9c7346c0d26b584af7ef6892fb0369d3b98,354,3,0.08648429,-0.22055562,-0.0069687515
A0A4W6E1Z7,6f4a281d234d22a26448a0da5a7702b197b212dc3c647bf0f846e077e70743a6,348,1,0.42028195,0.1330195,-0.012872785
A0A4W6E6D6,02475efef2c434f3fd48d4559bda479be4eae014510c68db9ec8f2df511e2bcb,351,3,0.11759095,-0.05672419,0.11857592
A0A4W6EED5,b2185c578c5efd2093d32e20f99ad9ccfc6e65ae8ed7cc16ea7ed0c0666e7e25,389,7,0.02734697,0.0062753144,0.19422938
A0A4W6EMV2,1c61873c963ecf75748c59325659275d099ef5bbeb9cc7fd2530f8c57dfeda2b,382,1,0.30724916,-0.04380939,-0.057969593
A0A4W6G565,e6798b2735a21a637924b0cf802f9903a5e346409dd5079eee1c8c8846f9cae8,316,3,0.061776377,-0.09847066,0.08570247
A0A4X1TB13,8beeffeb06085a3916e21c42d192ec862d77cb285622ffab6a31adc07fa71ef6,447,7,-0.07274319,0.0076355743,0.22373776
A0A4X1U685,0383e8a7d764ca410a01c087a75ac0be3df9f7d183dab03bb3796828094ea732,542,3,0.13597782,-0.08438565,0.07283191
A0A4X1V638,082552154b5ea7d0421d60ec3374e4493d98e60292c63436754f04fea08a685b,394,4,-0.0465274,-0.071189255,-0.13590729
A0A4X1VLT3,f87ad8d04a92c0420e4557774da357131209bf1e546441d820d6668b2c37d60b,382,1,0.31429598,-0.049160387,-0.054753058
A0A4X1W334,b5c01052cb5b41d5b601950219add9ce521f2c757ba9178a2645942022cc55c6,369,7,-0.07420911,-0.03458526,0.2902979
A0A4Z3,c05c98e51e3fb328a5eda2c147cf6744232eb30bcf625d1e7938d63e789ac807,339,7,0.09682492,0.09442794,0.17180835
A0A514JQF2,847328b5a1c0fbf600c190269fb74f4bc6161d04d9a32ee43e9cffb588365895,321,6,-0.34202307,0.2824623,0.0985283
A0A516G6U0,f93ab586b93ff4ef15c7ee91a59dd66a1d7621049efa0bb19ed16e323cbb9350,256,6,-0.17974243,0.29610154,-0.0052769184
A0A516NG29,a251e575fca1e4b2cc97ed5ae1a6f673a14c956119c439b7b28d43b68908228f,306,6,-0.21420573,0.2511448,0.016357291
A0A516PUS3,a8abf2a8ab89da8c6bf235b87dc041840f8ee7a181c3f2307ed4cc649b6fef58,265,6,-0.16700093,0.32644033,-0.02403425
A0A516X2C1,c071dac924e38e8629f9633b42000f41c6afe5edd6c998a974a5fb3ef23a6f8c,318,6,-0.17382245,0.32586086,0.05391298
A0A5C1ALP8,a2563bb4f4b7d7fa82cab55466d3c7bfd7f1935793ae26831a3c5d04c65c0693,234,1,0.27774313,0.23062375,-0.1133036
A0A5E7RB70,c2f0f733805cf26019e707f0cf56c820dcb8b9f55a011a5f32709af0faf217e9,303,2,-0.22879344,0.21832468,-0.06497693
A0A5F4WJE5,10a93ae231404c987d61fc77fdcb11d8f127111618441c6157f393fa8842a5f6,319,3,0.23289071,-0.16542608,-0.05457465
A0A5F7ZB87,c41089164868075a7c46cfcd701378b40809a9d1218056b308cf96f8add80f02,447,3,0.22184502,0.015383723,0.054168113
A0A5F8G4U9,cde566b6eedbac1627d6af6dd8cc8b917eb097e467ee1b7286557010ad83df17,552,1,0.31963643,0.033395335,-0.18158239
A0A5F8GFK8,900986ee63286f902234c6f5701e6bdabb8080e28edead87e0c543dc50f4014e,387,1,0.30458066,0.0094122905,-0.026920643
A0A5F8GVZ2,a798c7d0a42eb3aa713f462ecb64717113aec910525f246146798db23c786b66,382,1,0.32570776,-0.052067637,-0.059830803
A0A5F9C394,f388e05a427c60d7b9e8f4b280beb748b10ffb9c8236cad91ecc6c0fc63bd2ac,321,7,-0.16128898,0.09331997,0.3501191
A0A5F9CEM6,8c4be725264878fbed6aa7b6cd938a061ca6b4175c40ddb5bd7b622d4f57246e,382,1,0.31322545,-0.05496207,-0.057518512
A0A5J6F9U6,55a622067cbb0d30c8e503e4be472d70923567667973b4a286be2798f97a8cb3,316,6,-0.3057607,0.27911592,0.08987264
A0A5J6HEU3,b4abc398481983d991145c431530a47657ff5c64846f62ee479202ffd6f30912,314,6,-0.34765694,0.26109856,0.08884005
A0A5J6IG42,b3179147b3015e8919f57942a361147241024d7d671637af61a8fa07bb9c60e2,444,1,0.2654997,0.29659307,-0.115131155
A0A5J6JG39,ce4e744cca076f4a7ff79dab53494b146e82513a7a3b0591d52fc7bb26935ca9,325,6,-0.29052436,0.29466158,0.102677375
A0A5M3N6D5,02af60f3635e4a88eb194021b5d719b70640bd1f1fbf2cb986d8a46bac6c27d3,461,4,0.045409355,0.09502451,-0.07460603
A0A5M6BVB9,ac4e2cc089f3bf5fd8947138f68c7bcb0847d3d540bd63257c46f6f7933c4a4a,446,4,0.09616033,0.10122846,-0.108686395
A0A5P2UNW6,1da7bace5654f316076706c029ae28792842f402d954986313a438a3f83febcc,325,6,-0.34787196,0.29640508,0.12436486
A0A5P2XCE5,2fafa7087980fe349c1d5fbff5a1c1b178d5e0a5901e57a5bdf2f43ce950bbb9,327,6,-0.3355801,0.26762196,0.10401231
A0A5P8K275,97f553c4106b7ef425a9a68acad021d581f4c1b3c1170c1b2cbe66fc35b495cd,267,1,0.30395287,0.46527773,-0.009855224
A0A5P8K697,e95664df8b642edd9984b9bb4e4552594b0d023c28e1cf50a0c8406a35eb6556,314,6,-0.3119566,0.21802694,0.043823794
A0A5P8W8J8,fde17708f7e57bc7daf79e8241b92611a327ab602b8f063eebc84974b6cbd2a9,431,2,-0.24652323,-0.0011515903,-0.119427755
A0A5P9Q5S4,62e48690a90409cb56dce8d3f7158862ca5c49a91537c5bfeef6dd8cf68a3093,296,6,-0.11831895,0.33143994,0.06911577
A0A5Q0LEV8,3fe640e52d26244efd27cea8ca4d825465663fbcd9695a201e4ad77e5e90db09,314,6,-0.3137496,0.22947848,0.049860418
A0A5Q2MIB1,b9bbecaba825992daafb1bc98b1e9f50e843a94b0c00dd1b4750751fc7ed1258,310,6,-0.13357359,0.3257827,0.030730084
A0A5Q2N4H4,e61ffd50cdb59c4dcfcb67e96676116889f8d006faeb18c090942b9115d616dc,208,2,-0.23355092,0.0060016275,-0.15890132
A0A5Q4ZKX3,471ff18659fd0380292a70f0cff95897fe70eeae7b7e00f56fa61e18797f8e8b,401,6,0.014661,0.3329978,-0.08102868
A0A5Q5CL99,5039580c600933e6dcdfcb7e5af37c1a8bd92fea2e8970a135538cb19e3178c2,334,6,-0.10611855,0.31609282,0.024081977
A0A5Q5CN33,283ed5cae91fb77f2fb7946d35e796db73e4dd7ab58512c4f626bf924c7939b1,485,1,0.15596403,0.34879065,-0.03783686
A0A650GDM1,841a57cb160079d17d8392acd1550a81fcdc3e4e5e4c3691e819e1cb6ffd4590,325,6,-0.19238527,0.40729472,0.11176551
A0A663DQ90,e0594c40164f4a1b51eefd2dbc35843bb192ecd094512fa22e40edbe4017eb09,349,3,0.10627964,-0.12057413,0.06681847
A0A663DQA8,b2f2c5e81d032b1339ec9f839e62ff06aa23a50bc92c1b06118121538ad93b82,344,3,0.07695787,-0.05228521,0.054268923
A0A663E271,9e8e7f1be1e1feafc2a0432d4490135944ab0ec7557314c2f9b495faeb80c758,574,3,0.007061628,-0.12647466,0.061068993
A0A663E5P2,033f2bbb036472c23d66a99aa96683936bff0d1bb8e69b328225f558a03ba2fd,568,0,-0.08702501,-0.10655641,0.037045006
A0A663EDD4,36bdd46d05a4595a8d3875a8c80d6d13e8be544e30caafdf26edc88d01751ed7,530,3,0.066790536,-0.14755942,0.06870674
A0A663EHL4,a9efbde9418a95d742819691800c5a04c6ae9958271703dac252cd56fd111ea3,373,7,-0.03078839,-0.13863218,0.17625551
A0A663F1S7,d4d3459c4cba7c0b72aa2a39a271000f9913009e32f48912675796024e56fc44,541,3,0.12556033,-0.0764644,0.09193442
A0A663MDT2,abb5891058d324b97e8bf182a2bd90a6acb77dd904f2b2be8e0ec2cf866df072,373,7,-0.03525423,-0.12219263,0.18083167
A0A663MGX1,9714d40767940d1cfdf54c8222c083088dbc6ad9e51c6e3e7ae0116ef809ab28,338,1,0.2885011,-0.08713233,-0.058338948
A0A668TSC4,8cd21ac688e693ab6416ad78bb779ca56f43d51011f476238b55cb16b2f369ed,533,3,0.12458732,-0.078979425,0.09640318
A0A668U0N3,a8b4197927838883e4c64820dfaffb2cbfe41587c0f3357854f77665e2ce64ac,354,0,-0.18532458,-0.32617462,0.106471956
A0A668VFD0,aee41f4bcf4ff0a5574e2136f8bb85f5f1d9fa8212d19bb5f4726a53b49c585f,354,3,0.017757852,-0.25278655,0.05544735
A0A669BAQ6,ff1ec69f35abc80d9121be07111d7ce15741525b5564552c982a5d85af0ad998,379,3,0.123156145,-0.08731179,0.08502808
A0A669F069,bbb07ef6f7b6bae6cde8885784b9533d539e52228e67144fa69ec1e8bbcea392,355,0,-0.18111917,-0.32781386,0.10182657
A0A669P1R7,96c797d3266c02c4ab856ddfa3a33afded228620d87354d9b6f94e48328543dc,567,0,-0.08034966,-0.10327558,0.03167961
A0A669PJS1,59d418aea0c84cc28d12af4bf4c238797497839aa2024e7764c7d3ad7ed40d8d,422,7,0.012025333,-0.11417445,0.17101055
A0A669PMS5,420b0e7283cc64810bb950d679a87737a02d3546bbe57d68eb1cecae58c93ac9,416,0,-0.019653585,-0.12157225,0.14305486
A0A669PVC8,dc4bfc2ae4a5e74c564ee14e400fd611d345a721b1eb1ad0388777ffb30e07fb,442,7,0.11505086,0.16290197,0.23888682
A0A669PVJ6,df101fb9cbf7a822f9d586b769aae29c6798ab9727366fe181df187d79cd9f59,381,1,0.31673554,0.03389475,0.007267046
A0A669Q5A5,ace80e02faa6d7e4429bbc302564cc3fe4b5b4c64e15410948e760ec1f843c86,540,3,0.112464584,-0.0836015,0.0840409
A0A669Q5U0,9f1e80360a84468a41af37bfd018c64ff179318ec638f6b504837880b4f619b0,563,3,-0.02668578,-0.12644434,0.09014636
A0A669QHT4,6e934fae812f5c102c5442332a7168eac242f7a8a30b1c6de095e4ff4024d80b,437,7,0.13723913,0.008400143,0.2605516
A0A669QRH1,63a6e0b64b80f6b5dd6d491566736d543aafb3797b6d27a01fa44dfae76c9205,371,7,0.00421492,-0.081539646,0.32314396
A0A669QS17,205fe3d2377b60073d810863efbc0b25ba65924567ba10789ce23d05d5901944,344,3,0.089847535,-0.062401377,0.044792444
A0A669QWQ0,0e18d2f63a5fa5781bbf4a80636458e3fc98040313668b40212d6d753d8ac3ef,382,1,0.31680036,-0.05151397,-0.06695901
A0A669QYP9,e497205c87af3c43a304ee3c7e634d966b8e07e5eaf75503259876e465500fc6,357,3,0.09744896,-0.112778634,0.12524457
A0A670HT31,dedc0b2323458b0b2f136b5e564b276cd4214372125e9f02d146c49b1d9b77f8,353,1,0.30609834,-0.0196867,-0.07805568
A0A670HYW3,a94cda859f7999cbba078334833238fd38ec60d3d4605f7d576f9d5711d91daa,541,3,0.14099868,-0.0645627,0.06854186
A0A670I841,ec5875dce9cb21d514d58489c07a68db9f7542f07d4ca84ad950141529710ca5,566,0,-0.07488395,-0.11959207,0.014268427
A0A670IEX4,ef567eedd4107f3a77d2980c353364edf78aaa16fa372b4454235342f012a990,384,3,0.16405419,-0.027980842,0.07160291
A0A670IMF1,e228cefebcf4e2f4acd34e5c91a208c2052bb3610cc9d32a919adf0b0609633c,372,0,-0.08260402,-0.14759631,0.0581324
A0A670IU41,a97f26a33602c773d536ad5a75e141ec6649a4e0e09e07e05d83f91ffa356520,391,1,0.30930632,-0.0008723165,-0.021592699
A0A670IX49,88775eacabd7af3c96ae446fcce6aa676a50effec5edc17c923ffbc40ec83be6,331,1,0.4032198,0.05077748,-0.090716116
A0A670JM61,a86b6259edaeed82d037c4cbcb1a97e0abbbe5ddcc1d5a73c2a963866b4ed21f,394,4,-0.039854,-0.07829681,-0.14172794
A0A670JT52,f18505c05c60a9287b94123c32bc398986da4dbcd4e33a8393e0486d8791b21f,359,3,0.043287452,-0.05455002,0.07390097
A0A670KCF4,9e7347acf2b574074f81f7bff094ec2625c16faa32c1ee308d6df45f1cc040d9,341,0,-0.24979924,-0.21721354,0.23234564
A0A670XUH4,2c21424ed0dcd5975976501e9ef1328aed43b4a124a4de75d86d94a426fb6a29,382,1,0.32269815,-0.06279013,-0.06350146
A0A670Y347,c9f8ad7343b34ba11673dcad5c1ab659b3429cd5d2b3aed452ad9a0153a6b768,391,1,0.3280004,-0.005954469,-0.034979396
A0A670YS08,876f9318167b84d1557c075e1104921821f0835496936c464a7f091f2293ac67,334,3,-0.037554942,-0.06987098,0.08568088
A0A670YXX0,c70ba57302db0ff482c316e734bf3ffdd7737e265694077a13a680298690e00c,446,7,-0.036891304,-0.099652864,0.16410425
A0A670Z2W0,ce043da868de645d596b3a45c0715f7a607a88929d0bbe217f3e803a4c545cf3,340,0,-0.18058516,-0.26475754,0.16751736
A0A670Z877,b6cb1566c484a2cbdd5e191e200a532a77a6924b9f160f4966ee110994c9a028,565,0,-0.074278526,-0.13921458,0.026048675
A0A671DPF9,c8cf419202aba2aa4f938231d114e610059605ab9d2e7634128df978b567937c,344,3,0.16993171,-0.13025533,-0.00814281
A0A671DWK8,fe3714c7e0509cc846c94fa45631fc5321b087558868bfb80506d816b5f565ae,321,7,-0.094047606,0.014058087,0.26764274
A0A671DZH6,84a47810b3f41bcea5c52e0f774332d87ba204d5cc221b0f9141e068f3c3ba8f,472,7,0.058614086,-0.08695676,0.176735
A0A671E4Z2,d22b9e01a7274d0091cab2d006b5f2e800dcdc0a8edc330b19d1487a3689d778,350,0,-0.21324533,-0.16711167,0.1037381
A0A671E5U8,0c22b49c2a41e680083ebfdbca5f9299d27d78dc4f72da123e750390270485c2,559,3,-0.025923776,-0.080599986,0.04799567
A0A671E799,234288fc6ab2db6846a275ca88f2cf53c21e5220c8bfc56b59f20e10c889c2d2,398,7,-0.06746126,-0.11527951,0.27702633
A0A671EFE3,4dccfc916d6aa45896b8603b941966328641353bf35f7dfbf9a5a0ae4bcf2e77,553,1,0.28316036,0.13791014,-0.120906085
A0A671EG32,857be67ab2d33a60142091fd84889f4038e0ffdf3aaaa423341a47bd6d9828f1,446,3,0.2164805,0.022424404,0.08082849
A0A671EQ81,cb7e0f65ac8120dfe02abc0b434663b0adf48bad0d0fbb4ee7c3ba56d9ece8e4,329,7,-0.11245468,-0.015160716,0.23410825
A0A671ETB4,3b1a023847e55f35a695075a7f845876df76216390e1b24a864f8b4394b239d1,542,3,0.1277184,-0.059349254,0.10155734
A0A671F4M1,2fd371138d4a58b9dc2660f026ade0b5a581c30017148da5fa15c75e81fb4035,353,7,0.18858881,0.117821105,0.13200742
A0A671FC03,1cc9dca28b0fdde9619ddf3c6f0b6f51d16b38bfe846361ef8b2fc8d3bf13265,579,3,0.054883435,0.011024004,0.11833409
A0A671FHH0,1a7207e3e74f5d7658c531fc16139ff700314684313add9d300227fc8e24b39e,348,1,0.429747,0.10010744,-0.066404074
A0A671G410,68a52c462e688a5ee3eb640795a9298511b49e8706df064615365224bbd5ef27,447,7,-0.090322815,0.013563054,0.2561867
A0A671KJS9,af1d1f75220477283ed3c5e69b289b40256a223dc67cc9f81a5e30b175b512d7,352,3,0.1422566,-0.09434054,0.06479579
A0A671KK74,e58276eea229ef0ed1632b216d243ab4daf1204a8f12d915c7c14f2ba49d312e,335,3,0.046002306,-0.109550044,0.08796844
A0A671KLH7,acb392aee1fcf3a02c7a218d1cfc5a97a7a4283ffa6f794310ac3ce4ea8ea8bb,600,3,0.05169985,-0.1495055,-0.01473179
A0A671LFX6,a0dbb093834373e75f3bc49478ced89203e22ab50a6b723f854c0ef12d5494aa,381,1,0.2954511,-0.047189713,-0.04611772
A0A671LHZ0,bbc126e75a6560dd901f7ff6fafe0b16cac283a4e311eb020f0bb8cb66cc0b28,317,3,0.10771066,-0.10570912,0.05836303
A0A671LPF2,099cbc8b020658071e6411a163ecfa67acd633e6172a959a90a3fd21ff5b3f33,427,3,0.24048498,-0.039781515,0.0573845
A0A671LYV5,9561a2b508ff52cb29f5c81604a98ce74c9697b70bf9868b809154ec0351996e,358,3,0.07398326,-0.13527484,0.057364173
A0A671MPU7,18ec5478601b9f6265f0f5107bcd4d8b48172356181d23882e5d115ca366e496,600,3,0.05072556,-0.15067303,-0.0034619118
A0A671MWP0,f0ffcb4d2dab7f9d62705fe563fd1185d0e4a0ac809b6781f3006810e621c3ce,410,3,0.09669033,-0.060492247,0.09791637
A0A671NT95,873c0fa63404edccb13a028eb3e94235e47204d28839c5d73248f5846484b9b0,330,7,-0.04511821,-0.028835753,0.094043106
A0A671NVG9,fcd4a7a7f75488f2fb21456bb1099475b18ecb70b9ea4aba4867601ac1f66f69,540,3,0.13622446,-0.053345233,0.13563436
A0A671NWG5,df4831fb6d711d064ca07d5853b4c3071c0447aa00ecf8279c67805b8b2a075a,541,3,0.17250983,-0.06473825,0.111493096
A0A671P595,f4fae4b5ab2ed135970f60dee82066ff970a8d59afcda1934a200ab41f1be260,319,0,-0.09388979,-0.11389062,0.06962074
A0A671PB11,5d43e6bec7f05bb864bf1b8c531efef9452e0231ee2daa543ce14040221d80f1,335,3,0.044956136,-0.11173879,0.085028574
A0A671Q4P0,1c8e1b3401d6666d9e7a08ccdc4e3540d202d39a43e7f492d400cfc43bd51818,412,3,0.19198108,-0.051992852,0.14880568
A0A671QAB5,7291a8c0f8554d32b6d094603f7f32cadcc464a8aef6804e0f92f256eb9e1d5a,554,3,0.032275267,-0.097801864,-0.005578217
A0A671QK20,80df7350a3d3b109223f7ce852ce0ad908de22cc96e616a44688b96314d45ec4,412,3,0.18632159,-0.045120016,0.18295956
A0A671RIH0,9efa13b2cce23ede30c58ba84f5b68a26046bf9856d5ef818be5c356e4fdb9af,369,3,-0.0046711424,-0.24637844,0.07393914
A0A671RIH5,07dc67350cc3351dbbd761c848995920b27f7711a50fad1c090706c0411cd816,379,3,0.05792494,-0.15772504,0.108110696
A0A671RMH9,c7c85b35a47c6cb36ecb0bdd7a6f93dab05769778b2a8a074f87de0258d6096c,381,1,0.29905656,0.0015785247,-0.012707877
A0A671SBD1,0e779781bb8bab3a5635e4db96797538f260e4e9a3d4d07129f879979596f66d,590,3,0.057962894,-0.09924411,0.029753957
A0A671SKC5,7c5e5ab43e8353fb4d142b89102a5ff419f680c0343558ae4cf9baf2c4bb6da9,441,3,0.110141255,-0.15020294,0.064686485
A0A671SPJ4,6c68d02530ebebb247572a7cac1c84c1244340429b4e4b5b3386ab6c8dbb22b2,359,3,0.1526581,-0.0386475,0.11613489
A0A672KSN4,9d5b55321e5c2facb2460ff4a9e56e9159cab9ea62b2179658f64a9e2c3b6271,351,0,-0.15614848,-0.2876208,0.11878155
A0A672KZE7,384f30678fe6a58e74a96646a5e9bf9caeac67e0309a96e9d40a8d6460841782,452,3,-0.0071686534,-0.09952001,0.096061684
A0A672LLA7,85cc99d7b7b393317f7dbe91d4f279e2091edcb1ca10d9711efbff48bc725a6f,524,3,0.13544601,-0.080120005,0.13653155
A0A672M3K1,92a47b4846538018c85e38c203a67dba029c1e3c1bf4b9bab3aa15534ecee5de,412,3,0.17314655,-0.041809816,0.1846796
A0A672MGA2,5476094d18a4d750105bd11015f1f77e404e5a52c7e9ab5314536f65d9c4af4b,317,3,0.09890722,-0.10174702,0.066271715
A0A672MLI2,625b0277d42473cdfab7276bdf17a12536ef610e7fee09b14bf9cf0e2150bde5,379,3,0.058857694,-0.15497178,0.10882151
A0A672N267,ae86c60fd718e5388aa48ef478f434bfe408afe43e621a1bf339ed1f5bcfc0ca,359,3,0.16474663,-0.03408149,0.101934314
A0A672N936,ea2070e834783395403b00f15772a49cab45b2c5eebeba84039afe84bfbdb8e8,359,3,0.14988892,-0.0397408,0.120079674
A0A672NFD8,85e384a36c7da6c83fe2ece53e8f0660d94fb7ca3694272099107a3e411f885b,335,3,0.04285912,-0.1155876,0.07883578
A0A672NIQ5,94a814d4ccad3e089e33d88044f4597f1cb605382cc48662163378518c63a339,320,3,0.11271568,-0.108133994,0.038143553
A0A672NYC2,cc6c9738c4285f356d2a0b32eaa89403bd033853d58eeae3ce1e7a6cca26e621,540,3,0.13409342,-0.053588778,0.13512555
A0A672PDQ0,96f1d58496538ace5610b704ceb44b22c13b40788733d1e34e5e3c16cd0df0ff,377,3,0.065601066,-0.16473253,0.099119045
A0A672PR41,73ff45c19148adc75dbea67d12b4c4418a2bb095000ea8c72c74e85ea379fd74,350,3,0.15175614,-0.09037968,0.05348623
A0A672R9I9,b0795cde192af902c45d022ab7b2dc07dce5f17f1f4bbb8d40630d2b02acc8da,314,0,-0.08037052,-0.124863856,0.05729065
A0A672SC80,216f726069df0b16a6a960297e4230505a8fce4adcc2c018e59a2f87587444cf,331,0,-0.24370036,-0.1504243,0.054362904
A0A672TX36,0c228440834e3db04b18e0f6db9d48d6d89852289f642e8e59ebccf9f4ae79bb,382,1,0.31115484,-0.058370437,-0.06916819
A0A672TZ09,46410c696555560acd96a23883dfa27dc2783fe44eb2c67d925f48c388e7e095,568,0,-0.08611391,-0.10231891,0.042969506
A0A672U0G0,dbf8bc9285139bee7e9bede0b37fa5c4653148130eba95b031a5860db0149887,392,1,0.3084765,0.010252549,-0.010293004
A0A672U0J9,986e79bb227a822426c33666ff4615aced09cfec060b712125c45563a6e1c9b6,446,7,-0.133996,-0.0015585576,0.26417783
A0A672U6Q0,8d5faf3190ea33e76bc2037394d58a7f7941e56aec64ac91d81ab6ea7db8a4bb,344,3,0.07207326,-0.041444656,0.05878063
A0A672UAH6,941bf80265de04b607d965348a083ee1171a532d29e3ed1f5d9964025d018959,351,3,0.12848921,-0.118182875,0.07476556
A0A672UUV1,3d0554ae7cc167d8caf4b996abee20ce0c4ef41e2fbc5c97a77549d178a508cc,321,7,-0.19337349,0.17599948,0.33875924
A0A672UWC6,bae8ea8810fc4677e26e5af8ddbb10e17af10ecbe08e88265bba849cde3871d7,359,3,0.0601505,-0.05461209,0.08443615
A0A672UWI5,1c39ce65c3cf151c722739b92181b030428126eeecddce0270029b4da18b3216,313,7,-0.07896263,-0.008491958,0.24292378
A0A672V9J0,d08f08a76dd52a2b5c891957c868c03f2ef6bc66a9c7d3b62bbe29112cc53429,570,3,-0.005653811,-0.1345104,0.06968203
A0A672VAT8,8e69c25f03cbc43b7efb4ef1ed7be01a2c987b658b10d88ece7a4aeb178c43bf,332,0,-0.26795062,-0.1821251,0.01591878
A0A672VBH5,c7f0ef4eb5632b5fbf09cc8e13abf30ce53ee5fffe4b0726f026f2d8dc7f0f5e,363,7,-0.19208972,-0.017197415,0.24036266
A0A673FL76,6571ab62b7cf6be019eb03ccfd084c2ad46a6f99fb0d9774fb9637297328c473,580,7,0.037436184,-0.042737834,0.18768303
A0A673GIG0,b1cecf056a8e32d1267d9d791f3ccba4c3ee287d59757f764e7059462f4c1527,353,3,0.13792168,-0.083863705,0.084050335
A0A673H2S0,2563072d139cc34562011f4e1cabfc08a29778e3c969439a4dcc5677c91b9200,358,3,0.08018226,-0.06565405,0.04576291
A0A673I1U3,9493c557d115bc878c32a82767b99cc0748da1e68c5a75f3601156f39fdf5adf,351,0,-0.15519747,-0.27544945,0.120724
A0A673J3J6,e4e0a41d122a483e4450f3d2be58a8fb84cd7f201de822638cc0c645fb3d42a3,329,7,-0.04058282,-0.009285763,0.088920854
A0A673J6N9,78efac55c6a2f7747a78b49e21f30bdea9070214d1e436b6b8e41a03fb463cf6,358,3,0.07876083,-0.06964123,0.05012175
A0A673JDT4,3a637ca4206ae064e503e5134b474e248e81589b8ec5b838581b75a08e9ccbbc,353,0,-0.16385327,-0.2728592,0.13318224
A0A673JUZ9,7b998a267d122687103504cb9bb9f61655c01b1153b7cfded7022ca7a4c73d9d,540,3,0.114297464,-0.050690714,0.14963526
A0A673KR08,5e3038d56df5e4aa8573dc0de474eb2695e82acdd5f264de2eb491863329edb2,358,3,0.08011195,-0.12699188,0.06358535
A0A673L6A5,635411f79e784bac9e8f0e226d8f1965ae2bc1c321ed4ffc38eacab39f8facac,317,3,0.10364457,-0.115596466,0.041137364
A0A673MB85,06040b362bed0e9b85d05672999213d6cdc5b51be523f717a0e1dbef8e77f436,554,3,0.066926636,-0.09903805,0.0028153616
A0A673MEC7,36fcdd697bce2048cc7887687d2dde07b492973a1dbf797c4e9ba2c7b8e39fe7,331,0,-0.23883824,-0.15330677,0.05389355
A0A673ND61,418ed1cf5084c9bae78e9a1c78d800974a5a938d69f157c050b0c4af3f4a3efb,452,3,-0.013818164,-0.10079609,0.0940919
A0A673NEC1,8a7bd7e01d31bad5446c228c522a67e3623ff9d3908e2057bae49b733f8615a1,381,1,0.29487634,-0.044273928,-0.048637517
A0A673NKN6,948d009e7d79afa1cdfd6f37df59a7c63df580ce1f6dd5b08456474b3c4858e6,590,3,0.05604888,-0.093955524,0.027694132
A0A673WAA6,0736b377c8fc099eb5995a20c78dd55ccdde536d1996df4fb69bfb8cc4e2b242,561,3,0.1759063,-0.030720174,0.13063948
A0A673WCX0,42cc911d90b88af82d472c4814e6ee1da67ba14fb66676bb9a90ba2ba0f55b2c,382,1,0.29084098,-0.05011481,-0.049514946
A0A673WU61,ee2a835bf8f1bc961907332ac5a5dc61affda19d3a13997164b15e45ce8e29a7,355,3,0.13109042,-0.0779503,0.118890814
A0A673XWG3,e93777805e6400c7ad4ccfaeb9bd305c50f3a4fa625bbab7ba3fc48764e15695,371,3,0.033052523,-0.22543676,0.06252254
A0A673Y0Y0,5c50dcc62c6d7d6d77f11b6263980a86c985ca6d82b2c34609a65e2b252c4c59,340,3,0.035120018,-0.097588584,0.03567606
A0A673YBE4,d175386736a9f26d7bbadebeadcdde72ac991ecd12fa0594b88f737fb61e6646,376,3,0.05493956,-0.15330526,0.08195357
A0A673YIC7,54a389933aa13dcc7fb059f42bc574f24c403bcc45b0c41c49f4272c668ae06e,360,0,-0.08931241,-0.2946924,0.06381345
A0A673Z8B2,776443e4dc70e03c88b2602639b321fc880acec8037316018d48d06468e1a236,393,4,-0.005347618,-0.054681957,-0.14235608
A0A673ZNE6,6eba0b3cb17d5b3a2b199583a4616a32d2f86ebdbe92e4bc8844e457fb7cc8a2,341,0,-0.21752398,-0.16704729,0.09010821
A0A674B1J6,d9fd96353cd18a951361e8a9a61387740d67028fdb16e6a7fe92e2aa894c3f8c,352,0,-0.128056,-0.291426,0.07440643
A0A674BSB7,76c443cac9a5d7b4c485e6173cf61be438856ac23c99d8b65332b705c3d65ac9,333,0,-0.22039737,-0.12486087,0.11179328
A0A674BXI7,ec30e4d2040bf9ef8b2a270af6326b4219d799098279455983553b9cf7a2520d,554,1,0.30717832,0.03686016,-0.18000774
A0A674BYK2,ee92977d686b2ab61677b5553314d0585ea09156a684b317a48d6f979114ebd1,371,0,-0.03207746,-0.13199186,0.05879676
A0A674CPT3,261c31fa69f46f00261c1733a69ae174bd8e8cf45de9ce1b8b1ed25639af0972,438,7,-0.037924662,-0.09603999,0.1617775
A0A674CWE2,dd4b09911bd446d108caf3a3a695f67bfe5b9e0092a4588ac0cae0184ade7fec,399,3,0.1569087,-0.07898814,0.11804564
A0A674D288,cac9f25947d2ba1109db09dfb51498933d3649545fcf0c13a3d024d4a90442dc,376,3,0.05668058,-0.15889826,0.07323777
A0A674GCV7,4a570c38e04e649d874f3341e601f4ad266b62faf31dd622b8913b35990df894,354,7,-0.27651113,-0.1494576,0.29093865
A0A674GF47,64c547f3434f761f11a8cf32fe427ed77d6db686dfd2e1794f8d87b71974693a,386,1,0.3682285,0.0007330396,-0.018665543
A0A674H417,eea78b8647676e602e1b8873a25f99975a76be85758f2ec7c54c645344714741,567,0,-0.08247781,-0.10526673,0.03578875
A0A674HLU4,414a3a795e31932289b79e610807f136102b416c86e6610a9ef77ee20e68de46,329,0,-0.24200973,-0.19782163,0.008731273
A0A674MB33,df6fa409a9fb9cbbd4d8525d968bb04f5e7d235a1c5a836692fb50bc4835e1d8,513,7,0.08312363,-0.03273145,0.2082433
A0A674NJA3,3ae9d9799ae237d8f290fb439f865bdb6169cd7c9b35455e0bbb80df1f242090,341,1,0.38786864,0.14749597,0.029098308
A0A6A4TGU0,9ae8a98de539051b3c095fe1ab29fc7a1aa34796cbb36287148fd8da34f21236,382,1,0.31798336,-0.055116884,-0.06314398
A0A6A4TJP9,7607cee181a354c66325d63ba39cd7654aca42fec414f73cabfdf7dbfa01c977,519,3,0.11145449,-0.08089385,0.15227929
A0A6A5H9K5,f1712c32e673c9638031083c81e2b82bf262c5a5b6357333462a2af4fb72817b,356,3,0.18935432,-0.032851264,-0.06768472
A0A6A5HSS4,81068b0c59ca897d03d188d66ad71d2f2d8bf2f1b0a78e34e81446953a1ff42e,321,1,0.34910807,-0.022792641,-0.07873953
A0A6B0R792,78fb6e0ecf622ba48142695c09e2a91cef313dec6d8d117b56a86147bbcc39d2,327,7,-0.0044031874,-0.032261424,0.22943768
A0A6B8VTX5,61eb041fdc9d5599694bc69649fbe037b0644b1413e494456337f7a3ad57c8bf,254,6,-0.22163965,0.3054863,0.022870773
A0A6C0P9M7,d6c7d163626476d3b81dc2833a03e207cb4b9e90ee4f94202daad350a9f13d87,249,2,-0.2172699,0.08931357,-0.043006334
A0A6C7E566,d53ab79a065284bc0950016739d3068b695a8755703f05561f9de8cabc9440ed,301,6,-0.040862724,0.29022634,-0.02448262
A0A6C7HZE7,431ca8fdc9dd8f65225d4cd9cec78fdd61143a935e4c4a32ff459e410d2d49c7,314,2,-0.10350358,-0.05023754,-0.23236135
A0A6D2VSP6,86a4d6680be3e0425c253246f9e388adc9cb118b04ab3fc5c5adbc884de17b82,335,7,-0.1346705,0.09761549,0.27067304
A0A6D2VWV1,f11009b97d6523b7a0202f9c10e593092c8555031292378392d57694b4003dc7,344,3,0.12363874,-0.12605812,0.0640065
A0A6D2WIF2,193d63d908b719e91f0a6b4180d4cd1352a251179ebc14502e67ec092ca6bc1c,398,7,-0.0843868,-0.08337021,0.3041744
A0A6D2WPM4,5dd075053010568d060dfb84033d286784fa3f88bf620ee732cc2e64349b79fb,532,3,0.034205947,-0.11257852,0.123940356
A0A6D2WQH3,907a4dff16f815b51b8be9646084d58ac14fc8e23b76baceafe5089a7f89bfc2,576,0,-0.079251565,-0.10436969,0.061573327
A0A6D2X9I9,edc6b22e4bb213d463c43e94ad0434bf8e4f87bcf827584e3bd2241ee146811d,558,3,-0.026427004,-0.08659133,0.05113149
A0A6D2XU92,17c34bae16c103c94c765bc4c4cc3298a56c06f35198c03700f64c2e4ec44f0b,553,1,0.2821864,0.13691512,-0.12038554
A0A6D2Y6V6,caa6226940d1c88943bf03059b266d1d7b58d054d53f89d38cc0c59898b282a8,330,1,0.3978826,0.059904832,-0.091533326
A0A6E8V9U2,4c2f148b7b097f87632027b5c9da95df92854bab97cd1a40d636b5a57c480d7f,425,1,0.28282967,0.0076315296,0.054701827
A0A6E8VC91,5cc4d40d7ab1d57b965226fd0dc8caaf55238f1dca16ee35e311a8c5262e354c,329,3,0.14220311,-0.0469608,-0.0073394454
A0A6E8W1U2,b0a4d3631c708dcf8c775285e2a21b82d5363735992a281b63a2809f801023cd,376,3,0.17945276,-0.052820712,-0.0010551835
A0A6F8XTV0,c926ff9397606c595f6c45cec423b16e01a18f2bdd7c540e988df58dc7cc93f3,342,6,-0.16294608,0.33146632,0.08416814
A0A6F8YZQ1,ee848d002de6346be251442f435b4ba700b9ad4bc796ba5226e7437424185eb4,342,6,-0.17068051,0.3413949,0.09110079
A0A6G0IFL2,f9dd588d1df699e712db3ee9c63078c5a18b846cbc069c36790d6fe9bdd26b07,568,3,-0.03987111,-0.08211918,0.0653233
A0A6G0IQG1,7e1b8ac8156d2f53459f5fb49340b0f3f39d66cfb9590974667659e5875ff283,380,1,0.30601615,0.000120811266,-0.018068753
A0A6G0IVH5,03561fe575443c99f22a598ff0dcafd77d86d1daa3a15aa77d656011986febdb,335,3,-0.02140095,-0.07975211,0.060844924
A0A6G0J6E3,ce260ed2cf8a10b32c28aae33894a14001bd5b7496e804e70b50dce78a49a166,329,3,0.19064699,-0.091577716,-0.029460717
A0A6G5RGD2,3238b7b9a46a14adfe8a483a74a88043abed13c979d890ffb68247a7d4950ce4,323,6,-0.32378042,0.23583527,0.06178232
A0A6G8KXT8,ea72c2979e77b6bcbdda0421db0c5d2ac5f2ac8bbde17f1c96b15b8d4aad48b8,251,6,-0.31736016,0.2381998,-0.019140834
A0A6G8Q2X0,d41978452b6a13faef7a07570a76db847ca80d718b7b0e0434f1d2ea79b37723,360,1,0.31908634,0.43234745,0.11454229
A0A6G8Q6N0,ac32ec6f07c01388c3de8d5e47067500c7aaeef57a893618cdf89779d6333eeb,328,4,-0.013159121,0.17073195,-0.032261245
A0A6G9H0X2,8d547da8adb075ac715b3b16272d4a8470c82fc44b793237476020ea6390d560,328,6,-0.3425535,0.3058578,0.12892365
A0A6G9Y876,2a8e3012c3110b9ee0e90bdae8b45b10c63ac18626b217577ea5ba3b01840e21,269,1,0.21020342,0.37120557,-0.062106475
A0A6G9YR56,0ed2979b86a584b9729afff6987f11834b6b2a6050352ce3e356d31c9a5df47a,345,6,-0.12454089,0.3612043,0.07850607
A0A6H0SBN8,ae846c488301d9559b043dafbfabd9846200fd1a6761030397667a1bc79bdd38,310,6,-0.19003697,0.27500308,0.018810876
A0A6H1TYM5,da36481cf5b6f51049f1298deb8ddb3fbfca67599db244ae1a89f901f032a662,472,2,-0.18549348,0.08486527,-0.066703774
A0A6H2C387,5365fc77816541c28ed06f3e7835a7dab5b81eef115ed45539ecf2dacdb191f0,470,2,-0.1423835,0.020915011,-0.13531551
A0A6H2ENA8,572e681cc9faf748c282b0413e2b65f110213960b8813d378bab337d1b887677,261,6,-0.14057098,0.2427029,-0.057920557
A0A6I6DH73,f693528729aea06f66f526bd16da065c592899b673dd0c18013013f2f793166b,225,2,-0.16061217,-0.11429956,-0.28504178
A0A6I6N626,9b8699ae08c50a221a9de631cb4a7bd9fba0c99b503f0cccb6bc1bd75b3852ec,314,6,-0.32770994,0.25345725,0.06297175
A0A6I8NRR3,eaa20b5f4fad33a4278267f45212c17e893510eef0536a1ebd78dc24e3e8a41b,331,1,0.39599591,0.09343464,-0.05596054
A0A6I8P3H2,2ee2cb948340560cb414edf18db729d41c92198e1962db148c81b7dd255e44cb,369,7,-0.16046762,-0.21092835,0.2398032
A0A6I8PGX7,5d64e0c6fad7bb3948ce9d279d7c690da17daed4b22f4e5f799ba282943c5ca0,382,1,0.31648493,-0.042285156,-0.054874733
A0A6I8UDW2,e80f78abca0352ba2fd17fb98f0b948c8fabc205b5ed8bbe1e6e6e3c2df8f16a,470,3,0.2309606,-0.027097918,0.050091553
A0A6I8UNY0,9d461563e715a1c90d71cc6411275f2e301633f43efac42a8e4c52b89c78d28e,321,3,0.14010525,-0.069724336,-0.0042941077
A0A6I8UVC9,545832e8ac273bcf36320dcee69eb14e8b65fe0fb89ac0016fe62d5c75b1ef2f,455,3,0.067403235,-0.1563604,-0.0050005643
A0A6I8VE32,acb7b973cd090a6ab99795d5dc39b0f63104c7779e3e1bc8df91b6e3e081e76c,491,3,0.018831508,-0.06287006,0.12718186
A0A6I9HED0,26a2c3324feb23d757a0165ca90b7b169699c0ffc03c7595d92a973f98d364d2,232,0,-0.19717826,-0.11590523,0.07021055
A0A6I9HHX7,da4cb27b5f77096e618cf784ca0dcb723cc7b5b2704684fec139c36f894cdca3,553,1,0.3149164,0.024773939,-0.18175372
A0A6I9HJV2,000fec449098d9ac4714b5f484b89536be2933c55d451b247f59904c35cdf673,371,7,-0.026713908,-0.15259126,0.17947866
A0A6I9HNR3,189c90f03cfdcc92c68cb4e6420894e0d02f394298412733f4fb0aae39f64280,267,0,-0.36290747,-0.30357426,0.1219682
A0A6I9HS46,1b3041687612e82feb74d5001113d9c04d16f1fa05210fe878ae1e7ced6ed7e0,334,3,-0.022407629,-0.07043366,0.08271019
A0A6I9IL25,bcac2703dc119916619b06b5528388fdfe588d0b18a804b56b880a625910cb08,335,7,-0.16059226,0.12538879,0.2867415
A0A6I9IQ23,8faff593d066d006793854d37a0b99155c1d26c1022c62f49dc8beac2494f2af,323,7,-0.15420078,0.015131404,0.25151077
A0A6I9NFF2,09dce6fa498a9e4a49592b0d22e95e8fac708a15fa945d75ee3aa2793e339b5c,438,1,0.5378666,0.16979297,-0.0065960665
A0A6I9NH65,c4068cb9ffe1b7192e70f9fcf879cab448a3b35da8b84fe5ba1e6730cfa38048,516,3,0.17860846,-0.032602854,0.17379391
A0A6I9NHZ6,40bb75f813e6ff8c98e5663858ea4537487beece2c3bf0df51f3d6b56cfeb97a,393,3,-0.011397168,-0.08413757,0.10515016
A0A6I9NSK8,2b626838dcfe055f7fb50dd4068241a4d76971a21cf2766f4325cccde930537c,540,3,0.10797708,-0.061299674,0.1481028
A0A6I9P3P6,aae1b93f4a7f40e75a4ccd5d8654a4ca91901d47134bde923cd54696a0de0785,335,3,0.061321463,-0.11622945,0.01684161
A0A6I9PKB0,f4e445dcf6f4a59d89bdcc80a4794315fd5552865a16b3304ec1b8d1cb9a8526,231,3,0.09373528,-0.07705344,0.026676515
A0A6I9PQJ1,872af071700a9141ccf749ea24b96f7b1f5de3190d415995965f478fce306b97,328,3,0.18844983,-0.08410562,-0.03410917
A0A6I9PSJ1,2110859423fdeada967340474b82a013a2f55c577dea0be472930d92e8d79b32,242,1,0.3570069,0.048619803,0.09605909
A0A6I9PV76,2e961e508a08ecebffc198d0801ded656a197988377c4deda02c694530dae71f,443,3,-0.011184384,-0.121257275,0.11954424
A0A6I9PYQ2,af22584940cd21604a91092257f588aec76545d52af37423f280268dafe13530,429,3,0.23432548,-0.010135661,0.15197621
A0A6I9RJ18,f13bb526ad83a46ffa1d8d15b5e698f658e60d06045d47b5c4c6db65e62eef9e,519,1,0.46935818,0.16167565,-0.14259747
A0A6I9RUX1,e9390ebdff7af2da25f07e8614abaa3f9cdf75a1e928d17de6be4818df83dfad,519,1,0.47209165,0.15940715,-0.12992209
A0A6I9S6X7,b1ed2dfbc8456296224a8983f279596f21aa5c405b94d61c1cd4301e69bac034,337,0,-0.16980486,-0.12619531,0.08249265
A0A6I9TUY5,bcbf8fadd6235e209a66a9d5404147d1d54ce784b464b38c314a998dbeadcaf2,442,3,0.023746504,-0.108071655,0.010546047
A0A6I9U897,0214902ae4c29f6616ae2d087b488605cf24ef2ce42ad986656169587081ab53,519,1,0.44681463,0.17684673,-0.13382496
A0A6I9W755,1f796d4b913e964e21fc3557ae9d61c8fa786d434a5909859512e1935c5af32c,488,3,0.09815076,-0.1807314,-0.017490527
A0A6I9W9Q0,214e1db4bca543a0c40d9ad2d7fecb233afc47e2a08d771785d5452c5e3ccb2d,389,3,0.11853393,-0.119090736,0.03257617
A0A6I9WDM0,04e89c3c6cf4ec5b861dace0927fe9bf90f102499b053d27fb307e718f95a8c3,573,0,-0.08944189,-0.12068968,0.064678
A0A6I9X0Q9,1acacfc2bfd21d88f0320ce49176373dedec712169fef72066de1674e8cafd0b,382,1,0.31506652,-0.06465424,-0.07069803
A0A6I9XBU9,b1f216c0bd2d41c30563b1761c36b6cd8bf7ed446f6cbbac52a09b1e6dd19e0d,349,3,0.1010062,-0.042989273,-0.00803278
A0A6I9XCA0,791e069a898037374c534dff8d2c836000213044624519b8f9a623e4febfac62,552,3,-0.0025766476,-0.07943281,0.055091593
A0A6I9Y6A7,2a2a6d40ed127b9104d0e1a7cc5258466ba40ec943d826e7b0d88645524df965,348,3,0.08587901,-0.06825093,0.1318876
A0A6I9Y7R4,2e61238406fa18ab16c66884e8b1e7123a1c8a77cdb001cea60f9dbeaebc82f3,368,7,0.0596497,0.078273274,0.24526411
A0A6I9Y847,c868405f4834ffc41497900f1cf34ed09e4b7893c89ccdba940393d34d88cb76,354,3,0.06427442,-0.11474404,0.09828291
A0A6I9Y970,a9ae3e5864bd24f080b10baed90b89c30c750f9def292e2f0032964fc3a64b7a,460,7,0.21992046,0.1586757,0.20468298
A0A6I9YD54,e769091e71b0c9d37b9c26a0752dc47b82b2a1295e15aff84ba202312623d5b1,353,3,0.18404458,-0.10067522,0.018442072
A0A6I9YD59,01ca6ea38fc86aaa4ca72468487e70428936ac024f0c803ecece98417835b1b6,344,3,0.111111686,-0.04924256,0.031665806
A0A6I9YJR7,17fcf6304dbdacc75f6db1db8cc5b19da2eea8afcf1ec9bc8c9c1198bd58cafc,495,1,0.33878514,-0.020827325,0.11423709
A0A6I9YJZ9,edf687c4ef0ee387c6b4c2512bf19fee549824f91c01db240270dcad25aecae7,570,3,0.021660216,-0.1385283,0.017113358
A0A6I9YL80,5612457685168d5d92e44e910ba8ce5bf52a4ce01ec1533796862a477006e1ed,540,3,0.12736467,-0.08302113,0.09109631
A0A6I9YP06,4329a7ae90c7f0fa8556da0351d2f8159aef8e26ca4ca50ef86d327943a277bb,565,0,-0.061647665,-0.14730853,0.021022137
A0A6I9YSI8,efec8a5555476c39666b6f8c075c3cb50235541649d6f0e94ec44fd476b02829,442,7,-0.053245574,-0.11256094,0.1562785
A0A6I9Z3H2,1a62230e5ccc7342d9a7ee8107bcaf9a439ef64a7cc681854043d828bacaf909,340,0,-0.1673839,-0.2540922,0.16074581
A0A6I9Z930,abf9bb83de7298415cc7841fb590b794a077b174e385560a52c8cfdcbe191c7f,334,0,-0.068688214,-0.19568919,0.024400882
A0A6I9ZEX8,3e89e2ff0c0c1e868a53f05e14214ea2411d96bf2fe87bfd29f8dae8810ba5aa,453,1,0.37739512,0.20362577,0.1454551
A0A6I9ZQM9,08abda0b82c8df437426c668aee13f994efccc34f25b6153df469c8ffd516fca,578,7,0.020107718,0.01523846,0.13721065
A0A6I9ZV03,341bc407065e461276d950d69ec2573c28d706f040a919293ab8d1c57ad311f7,582,3,0.1561793,-0.08007332,-0.017408108
A0A6J0A033,42e251c7be6f9ffe32e3745df598f5b743ea3a9b9560bfda5dbc06e7794c264d,459,7,0.030506535,-0.034902718,0.23896176
A0A6J0B6I0,9f90972291cfb6c95f71567041e72aea01f878577ae8651b371df59c0a7f6ab1,385,3,0.13313164,-0.11402044,0.0115396315
A0A6J0B9C7,43ab1e4d2133d5838f28866430e93fcf622427d1853367285082233e051c4e45,356,3,0.1480559,-0.09306707,-0.06935812
A0A6J0BBT0,363d417284842316e7d3b7fa655f478dbcd327b76287fe33f27482df4498223f,464,3,0.027767207,-0.16381393,0.022021495
A0A6J0BBT3,ee791d7c4fea6fd4b59f462950175c0518fe8c5215c925e98ae91192b6b12652,322,3,0.14259686,-0.15796128,-0.054533683
A0A6J0BGF1,c24e3f4ef768885bbdec0505aac9d602076d7b413459ba06238c4944f3ce1896,342,3,0.26779655,-0.0887187,-0.055387475
A0A6J0BI91,8541c0aa3860353cd1f9e763876bda7b763b7232e12da0d90f496c9cdab668a7,523,3,0.14444378,-0.07820166,0.12633415
A0A6J0JDF8,8aad44e2d04065cc7be965bd3d8f882567b04cd204d6f408139237ce849b1624,518,1,0.4580283,0.17149101,-0.1393422
A0A6J0JR65,cc70563155464e48e9d0512272d8979b6a2fe3748bd91a686f94a88306f4164c,521,1,0.4575444,0.1765854,-0.1417832
A0A6J0NJK7,26fef3c4e503634584575a4314b1b21015ba59163c03fa30c577b7b91c1f27ab,445,3,0.028541837,-0.122514024,0.011489748
A0A6J0P9Q2,ddffc3b023fa41a4106d38d91a694902acaec2c62f3c5f4afb8c1c0b2e0ca707,430,1,0.46524546,0.099844486,-0.04714277
A0A6J0SV73,137f0d12d9dab207ad2fa317a17542c2ee3782a20f5ee67ef1f0378818f21642,371,7,-0.031175062,-0.13559537,0.16891928
A0A6J0T0E5,5387fcd9519d77cb42c6a0555271b78a84f6ce5040cd0df3a01b5513d4248a0d,343,3,0.08872254,-0.058000747,0.037130356
A0A6J0T5V9,065bbfa901e78a6ea6e6b131cd681c8992e6cb96678db9406277d30af1572f59,319,7,-0.11296818,0.014469184,0.2372393
A0A6J0T9M5,7fda8f8faf020af1cfdedda0caa86990baba500b5fce217570cb81a5489f27ae,581,3,0.02130696,-0.1655483,-0.0027409045
A0A6J0TBY3,13976b89a0d084450940ae7237169cee465eb94975ce18bad0caf4c39b834287,323,7,0.049294468,-0.04083723,0.15910155
A0A6J0UBF0,b9567be482cb619d79bad242a248ee3de7d835e1353c85c67bddbc3c822826b9,541,3,0.12704577,-0.086996436,0.074749075
A0A6J0UQ55,004d25a8a512b6bad0fa0331918869a5c30a67a03623dda693ccfcca18b80760,529,3,0.08331221,-0.13483585,0.08268092
A0A6J0VDG0,3ad1121ef2f0773879db29fbf94cc0fb274f56e9252907641c6b2ac6ef53aaf8,450,7,-0.057615966,-0.076294795,0.1598158
A0A6J0W768,609dcf633964b1bb5fddfd28ac9d2f13bd6294c5d0e6bde70431f5d726518195,393,7,-0.077273116,0.021665974,0.25964138
A0A6J0WPV8,e64b54f1a849dd09341764bfa20862144b64fd7dac605023eae3eaa189b125e2,582,3,0.16344348,-0.07377969,-0.015833035
A0A6J0X906,def8419412856744a409d8eae5d6f177064960b30150c753f150ed77eee789c9,557,3,-0.044732336,-0.06519975,0.06831667
A0A6J0XDP9,897445e0c74732d52160d106a20ea0895fde4dd56b094578c4d7bee9c079fabd,344,3,0.14802648,-0.08504422,0.05127309
A0A6J0XU45,aa8eab10878b5694e326f9f51fad955f8915131dda32435132bb1a67ce7b0993,326,7,-0.14219397,0.006676957,0.25278965
A0A6J0YMS0,68c4265e801a8d3b752e2df74604e3076ac5b892044ca39242581afad16d5d17,447,7,-0.06372989,0.016503515,0.22760722
A0A6J1C3C1,9bf3eb1ead19ecfc2e755903a8783900a23e5caac3e785594cfd578fc04a2afb,428,1,0.41223428,0.030803688,-0.07344361
A0A6J1CA10,97db399f062dfc1468896f8891f4e5c3504de137aa5301576a28ed736980c19e,330,0,-0.13031481,-0.2021455,-0.004615805
A0A6J1ER76,2219adf5b352a3fc3d22a92353bc1a4f98cdae56240ddc20bbc791503f747eb6,330,0,-0.116351426,-0.22031625,-0.020685645
A0A6J1FZ31,057c4b6bc07b1b774ebda4851ad6799c22cf25a0dcf301503796c4931df0f11a,335,0,-0.09903389,-0.13616098,0.012449151
A0A6J1HBY2,0334ea8dd235d2fa1c07403c49bfda1de3c9d0e69a8a6153dfe7927b07d8c25c,325,0,-0.1840338,-0.1466533,0.052087065
A0A6J1LWM3,0b8550264537c3182c70cf42c3b0228f9355c400969c74c07e7fec862a727f59,427,1,0.34407172,-0.0611463,-0.06325674
A0A6J1MAV3,185cee10b3a42aec31e6182d92767463ea9ce5ba39ecad00a52433ed767f930e,428,1,0.3604435,0.08053493,0.0015563581
A0A6J1NAP0,97b236236840810f03de07622fe7be35be315617830c04eb4959e2193a39e7ef,541,0,-0.13447544,-0.11382921,0.039733313
A0A6J1S3U4,3350a53a73ceb4bd69c942eced37042506bb97a577f9e8b80a7468a66966e8e5,327,3,0.18953004,-0.10796345,-0.015173399
A0A6J1SNX1,3dab5f5565cc7096cc3a44343c755afd02f6fdd0a65eaacb2a09e0ca79fa5775,381,3,0.13547887,-0.14955293,-0.02681595
A0A6J1T2X9,e7c7d2f8f1ddb3c6ba6cd7bbeb12cf6f9f2e67caf85bd8c9437c9c6c87ae3703,356,3,0.21769151,-0.14952241,-0.052165736
A0A6J1T395,78701a91a5f35a81a0056ede35cf638f2b060ee97a58f61e9110e9c80e41150d,479,3,0.06046158,-0.16985229,0.023002474
A0A6J1TPU8,1411ed5617ca475f1b20f24ec9522beea061636dee59a5e81ea0dcf36924a8b7,337,0,-0.28196976,-0.2051065,0.043842696
A0A6J1TYJ6,5f1a0c7ab301a1f2ed4cfa04bdf8296cd10d89e8c1ff75a332c5813ef92d63f6,371,3,-0.017064197,-0.13015725,0.1560843
A0A6J1U5J6,9277cecceb5158432d4815a26a8acf0b419b480f30baaf37b87e82e5c4b96e75,382,1,0.3228405,-0.06133232,-0.060390837
A0A6J1UDS7,cb5e0068a24f4c0a8917311d639afcc13e19e467769ff9e1b2d0f542a0119657,465,7,0.21460085,0.16026473,0.19684961
A0A6J1UGF7,47c33af444762f1ca200fa87ec8c42ea3c4a8ab5460365c69dd6810d92b65068,331,1,0.39659545,0.06371029,-0.07442329
A0A6J1UT55,02b380b7e7a8386a0f450f0f20cec29654aa5233deab93d315bc7537855d950c,541,3,0.12887408,-0.073416844,0.100608096
A0A6J1V325,65c2ffdfd28e0111b4d1890d34580124cf50f25bde087b57f7a72412db6a6850,351,3,0.17669442,-0.113422334,0.0518993
A0A6J1V4E3,a088c8f66862ef60c0ef12f16a2b17ac45260ff65c6b610de79b546c13be1bc1,552,3,0.0029513517,-0.08725366,0.057566166
A0A6J1VFI3,21cea510a2eee5377250f5686820c1320028f4e629986ffc0b5498fa32b143c3,393,3,0.23625845,-0.069666654,0.0943872
A0A6J1VIJ0,783fe2e349b27bae341543cd7484268b49840eb7a875c49ae095e45424d824e9,446,7,-0.046789434,-0.10115864,0.17301737
A0A6J1VWY0,19a5797726d3af5ec8efea4dadbd839c9bad3caaf75bcda8b1e766849245fc7b,325,7,-0.08125399,-0.08364025,0.10609117
A0A6J1WI43,572fc0f357f9e2477f33957bcc0d038cdd6be32b9611112843ba8828b09bbe32,400,4,0.02412435,0.09992766,-0.06928312
A0A6J1WWE1,3fb00bbf24326e15fbac48a6a2ab84856b0b106540bb635536966e58cb81e483,343,1,0.32932118,-0.10685829,-0.07583045
A0A6J1X6L9,19af63b12acade802fd57f000930742d121327de0376eb08323b2e25c86bf676,552,3,0.07628074,-0.11449355,-0.03349195
A0A6J1Y8X3,a8a115cd4bfbd9912170e351d5d7017c8cce43d939fe531cacb0276dd9c6637f,335,7,-0.16479987,0.123695396,0.2822206
A0A6J1YC76,f4d82e474e97b60a906cab67c397b9c490665fca81a851a05b20b7a6a0a613fe,388,1,0.31016296,0.0015609543,-0.022537302
A0A6J1YCM1,f69b7fddfe080897473b3a31f7bd68352565e375977709d7846e234b00a23886,571,0,-0.081483595,-0.09918432,0.057280786
A0A6J1YI31,c04dc8c9d2398c519c1a15806344d7b9755943ed65c8d3e58344fac09d0231e4,396,7,0.011835701,0.06501103,0.32992625
A0A6J1Z937,fd1674522f5313ca10598eb19b19ebe07acc4b1dc47acc0093c4848cac702c09,329,7,-0.13100651,-0.0062266025,0.24307726
A0A6J1ZZ22,6ed9873af5fa4553da7522cbe05b7fef4da6312cbdb091aca270a4f64f385ff2,557,3,-0.050765797,-0.054466143,0.0763403
A0A6J2AVZ9,f834fb5698366d77904c8b1ad23b590f6bd969ea2d42847cbd8a0393e71bcea0,381,7,0.14813077,0.04235742,0.26644623
A0A6J2BK32,04c98d5659fa6c99dcdfd97325f5487452d10dcf6d642d44b6cfb182a28304a5,382,1,0.3151677,-0.056784064,-0.06203445
A0A6J2BUH4,c908ab5d7ff8a82529c5f281253e9fbf7d107d6665c1692dafee11e4aa4fd041,369,7,0.05566995,0.028510448,0.13752626
A0A6J2C228,3aac6cdb1f94130960f950131db34967854efe8a6cdc436e026e32be99150563,350,0,-0.21910729,-0.17561086,0.07874621
A0A6J2CHI7,bda4e06e160ae09d8bd6908442a64f3b87bc53e6e8b2b2e56ba5e19598cda61d,330,1,0.39997706,0.06566571,-0.0832078
A0A6J2DYR3,cec0f52eb5898a919496fdde910e2301924c3c1e06830c357a9a678ba37c3d83,327,7,-0.013762169,-0.034553334,0.2377153
A0A6J2ECT0,28fdfb0ab4cab4e43647a324b40b660a240ff5d5dd47e568e133c49425c54131,396,7,0.009635088,0.073947415,0.33246908
A0A6J2EM54,034b5272633fbd966f7bc2d8d0a6531a6fb552bb6d5ed32175d3bfc61961a6e1,398,7,-0.043079913,0.035242047,0.3421043
A0A6J2EQV6,d23e5475c72e4b2958bf821b6d0b2fee0a8532bc1be3b09a163cfa9c0cddff04,409,3,0.24822558,-0.12696567,0.022930069
A0A6J2EUT9,4137a835d3623ab61fbd4c9dcd7ed4ba339b7a7731109ab1d61c5fe407b52f23,400,7,-0.055502135,-0.13218623,0.26681098
A0A6J2EV53,d8413e9397a5304873dd74b62a3fd3e57df19ed77daea5239319bb5ff9748af5,598,3,0.051357426,-0.12763165,0.018239627
A0A6J2F615,6c8bbbca59128485c5ccc2f08376d0ac53e126a3672fe2a09ebc2c29fee69433,554,1,0.2816511,0.14083368,-0.11821067
A0A6J2KVT0,ca1400b7e64079f46db1af7416c887f7ee86843aa266a4bca93ce98a037e7b57,579,7,0.03614913,0.036903758,0.1539086
A0A6J2L0H6,5aac40c6364f07e1799d177c7a672baf90c28b171c7f76f2662e0c517e9428af,347,3,0.1703734,-0.11367,0.007632236
A0A6J2L0U8,8bd068c567bfdc03a9b5ff092c1033636a5f1207262588e25e8691668bf6fda6,397,7,0.013080638,0.07251336,0.32953227
A0A6J2LCI4,cae270c59654e2c52fcdbe7510275015b70bf30531e2366ae3b8504dba8962c3,326,7,-0.10362763,-0.016149467,0.2531634
A0A6J2LDS6,e5bb5818644c436f19f8ced2e608548623d549c762299ba85f9dad154b008a5f,557,3,-0.057118647,-0.07183621,0.07887401
A0A6J2LRM8,0a70474ed888d86bd1b0b3bf73f648bf4905c16ec4a7a60ffbb89468a35c1c1a,455,3,0.1486401,-0.1036027,0.011168703
A0A6J2LSY1,3fd2c0f019ecae6359bf83ba5b0fc9531680a7ed2a9da1145f6244b4d6717139,369,7,-0.07594707,-0.0073160604,0.29589552
A0A6J2LVV0,dbaf9d40ecdc6e090156192f04235aace4bb9dd6811dde60ff20f7c3a73fa7a2,335,7,-0.14955841,0.11248812,0.2681929
A0A6J2M1N5,0315e63d8e73f8b17d0b9eb1ba8a084f67ce0379ceae2245f886f47a81285e4d,552,3,0.08009623,-0.10187676,-0.01642994
A0A6J2MW76,3418675e68814edd2c344cb309079cdb011bb4859b93960be9711c637bc12d2c,447,7,-0.064807735,0.015469943,0.24028474
A0A6J2N9U6,084890cefd099b4436d19166ee7ccf752242b5fde889bb5017bc63c967ffc635,353,7,0.1272011,0.18216625,0.18177576
A0A6J2PAP6,864a0223ce6a2abc9f8604266a2deec0e6e584ebf6d324e906bd0ce0e7ffb7b3,582,7,-0.045479525,0.036273003,0.17222103
A0A6J2PR10,98702778b60da90bab690643f73e680c80018092c0c6e3fbb7870ed9fcc5c91c,452,3,0.13425274,-0.118878596,0.095616214
A0A6J2Q149,bf95a81980b6b9e42033838ffa5db7bd44e6de67f174dd701fcb91b6ef5ae283,381,1,0.31367993,0.021607365,-0.01021734
A0A6J2QE75,eceb1e9c013ca1fbf786696fefd21b7c8cf5dacb030172766e7bb35c6fa5bf46,534,3,0.09699515,-0.042376395,0.13445269
A0A6J2R5E1,8b3bef9a4a94c7e759553aec1575bd727116c17c8cd91f427086a06b51779401,335,3,0.06770684,-0.10187309,0.013534983
A0A6J2RAJ5,90d64abc3c746b54a889fd52b9adbb0dc957946fddf44a4959ba6c6ad858bbe6,384,7,0.015693106,0.0009775097,0.21811056
A0A6J2RE62,eca2ff678e856695780fe6c8e2110584bd797faad422d2d0c84d0812e0f8309b,489,3,0.080786645,-0.09006552,0.15785415
A0A6J2RJ95,584f1345cd6d9f8d11ec56f64e40db69d2fe5d7c0b53ef801d6be3e1b5eb5f42,355,1,0.4513337,0.10401071,0.05540151
A0A6J2RS91,5a0c7bc54f9b7ded790884d85dc36031ed0a8d044edce73ad6c0c5d66063aad5,344,3,0.07610351,-0.2180816,0.0606991
A0A6J2RUF3,b65c497fc6f5745b841efc41a3548236a10f2fc489842ee7bf9d1eaa70be259a,328,3,0.18213269,-0.05169944,-0.016485924
A0A6J2RXJ3,68fb664c2e253b26dc10744bfb28e0df70c655ec9b1e6175aa37b62919eaeb28,350,0,-0.1104284,-0.121901445,0.06958927
A0A6J2S1B8,b57da1182c9b278d565498c16cb1bec491f85a3af9e57079b40cde43bef05537,587,3,0.008933396,-0.0998831,0.03053828
A0A6J2S5H1,188569505881ebaa3980469485148ca9ba706b3b1ba50b96cb8bd453355c609b,568,3,-0.039058235,-0.07820152,0.07198642
A0A6J2S5U2,7de2047d3c4373fab65e5f72faf1d3794761e532b6be0eb4a599f3e502c0d078,419,3,0.13163352,-0.050798707,0.13574775
A0A6J2STE9,d2ffefabe2a09976f2bc2036fc451a217cb5e09e59f26bb1e87c9d5e2076ae1f,451,3,0.26951244,-0.05854894,0.050729197
A0A6J2XBS8,1e91b0c50ba9cafa21dc5320fe78123cf9e286a98bce7b26271ed8183e97c45f,317,3,0.06947956,-0.18386686,-0.029005995
A0A6J2Y1Z2,2baef3952a510a3809aa949caade1fd6dfe3ca46ec14da437dee173c460df214,431,3,0.05631232,-0.20858733,-0.04160887
A0A6J2YCU2,fc70479e2194027155f59e30137ce04d8c8558927bd120f81d3d12b0c69bf0fa,334,3,0.21097164,-0.10065564,-0.11188403
A0A6J2YFA6,07ae0a6eb0d904f50ae605cf50cc41291f28ee3c6a41a81469aed3fe934e9756,577,3,0.007655265,-0.13995147,-0.0085654585
A0A6J3AKK3,9fde611ed690df74ea5112653bfb4ff283fb3fe053cff2876c9f0620083261cc,556,3,-0.053068183,-0.075913295,0.063173376
A0A6J3AQF4,0421494bc60f424b83c72362d8ec33beffbc61ef8848b824a1a3aa17248a97ff,344,3,0.146188,-0.14105162,0.03668118
A0A6J3AZR8,76acdca49b021563486590bb80f6ee706d546e71484935465b7b84cd7128e1c1,582,1,0.22245441,0.33314228,0.024147455
A0A6J3C7D0,69fee1cbb7155f3dc75f77526cdf77085cdc3fc6a254bbde95a20944310e015c,306,3,0.20997941,-0.16607772,-0.0960406
A0A6J3CMF8,edf646d41c3d372a01baed87e29ba710bea99c8c5c4a45e642f0293a9b9d7498,553,3,-0.041396502,-0.085452095,0.101977244
A0A6J3CPI3,3cb666387b9b74a8bfdc44c215a8d13fb9eab4d4c567b4026a133e6b40a29479,303,7,-0.21038164,0.013486362,0.2516621
A0A6J3DA18,fddabb15d6e69880857a3ffe7780d1a6294d6c88221944807306ab90c6436858,331,1,0.40696084,0.08788962,-0.06322146
A0A6J3DER6,dbc3c98b0f36f6e20f9fa6c4a5da2d4ab1dec6bdac39ba9afd7b03d72cbc52dc,373,7,-0.034630578,-0.13217574,0.17987783
A0A6J3DHP9,8005028b5cfc5ab704f3b41fac035940ed30f88736f652b0a73034358802f877,350,0,-0.14611071,-0.20504704,0.06452169
A0A6J3DM07,aa31e223544c92e40fae691c5e772a3e99bf162a5df847ff0262ffa8e478a85e,509,0,-0.075955704,-0.17710988,-0.011509574
A0A6J3DST9,90d2c3cf87299d6a6f5ada4fa3a7405d410d5963bf46703c47e6382fd9303f54,318,7,-0.06482882,0.012108959,0.25393263
A0A6J3E1I9,5c3147a8fccb736496d6d3145ac1cd205f95d21c32a119fdb0232f6263ca15af,373,1,0.2915648,0.025659518,0.028390154
A0A6J3EGG4,55f16e1f69d0dca727a848624ace972c78e7dc8ed570ec956a30a040042ef1e0,360,7,-0.25378552,-0.033826448,0.28036284
A0A6J3JU73,549daba9a22274c734bdc7ac34a7ad81a02bafe57a751378e9d4345ae997018b,588,3,0.2327522,-0.011924956,0.081778385
A0A6J3KLH1,d08f479cdfe657f5fe68afb85741904e37aa64c453621ad9a30372bb863eddf6,326,3,0.111703105,-0.25713646,-0.1157069
A0A6J3KP34,bc33095013e90e6f3bcd3d8eda808714aa48816c4193dd6b4c8341d1489d3019,382,3,0.10883862,-0.16882852,-0.023048297
A0A6M5UJL3,2182267ff3e69b12a769e5ae85b09f0dc68197f38a4390560578f953afb9740e,243,6,-0.31818864,0.2550452,-0.0005360747
A0A6N4UXP7,7abc157146ed8590ed1b14f8e1bf9aa26a1bde58b3109f33d5d6454df0382d02,315,6,-0.17268834,0.28559762,0.004302863
A0A6N4W9H6,be01cc0124268ddde7c0e4796584710225ae3d668dcb54fa823d205dada23451,311,6,-0.1757047,0.27596098,-6.370375e-05
A0A6P1NRS7,b43aaf2e77de7f5f0f8433b85de3b66d21a087e72996627d9c42f7cc0bed3744,571,1,0.1914714,0.3652962,-0.051526994
A0A6P1Q529,c48ecf9d7ae28e7120335e0a4cc2411f237c13f7ab845a913910698ad62e3e06,539,2,-0.13507636,0.08135041,-0.056938957
A0A6P1T0V5,89e9ec2801d972c4d0f8a80cdc739340bf689e41e80f2cf6375ce43cd6e5f276,482,1,0.18341243,0.42311397,-0.05468641
A0A6P1YDU7,da65529b0c0211c53a3e354f968026cbfe8c4e3b40c9b690764e749b91030492,214,2,-0.19175452,-0.12498077,-0.234726
A0A6P3DVP1,3a34bb0ffee401b9915ea8f71d275141dce992cad086ed277cc6c11022e1c4c9,480,3,0.07080085,-0.19399725,-0.006057748
A0A6P3EL23,89c582ab63a599fd2ae9e64521c00ec32cf3e86e7c3a4e85e249fb4cd99bf712,382,1,0.3116289,-0.055016078,-0.0567529
A0A6P3GMJ7,a08a563c6545719d6d8e466de955793ab3c4f44cc8a37a9d8645caddbece5a87,385,7,0.113578506,0.002908593,0.22066207
A0A6P3H8W7,cc6376d07137a11f2e224aff175ab7c1f08c9ace2594b5242b81dd4c51537173,527,0,-0.078990355,-0.14828812,0.028454779
A0A6P3HQB3,5a586d9f30b8318eeb185e1e815ebaef6f55d93da1cede23190f2b45b1ffea56,524,7,-0.028900115,-0.018843066,0.22603919
A0A6P3HRH3,98ff76eafe23d354a0a03cf045a5cb2eccf914d1331cf833eab881b7b62494da,436,1,0.32943872,0.1605632,0.16799988
A0A6P3HWJ7,95fc15f86679beb662a23a850656c2586d8dee067fd44b90d94d00c54b31b896,344,3,0.14502683,-0.081718415,0.063301556
A0A6P3HZN9,fef6afa66f4a72257f5f09802ac8c473c93efe025dbe9d54ceb83cc6ccd11c98,447,7,-0.016482303,0.023518428,0.23679505
A0A6P3I570,eea12d1d7adfb56e08cdd95aea47eef75b9fc3860fbdfe54e2e5ae03fe81223b,326,7,-0.12234949,0.024634937,0.2819375
A0A6P3I786,5ccf8f0b7fda6cbf82fd8f6daafce3ecded64df007b7edef75bdad96593ecb96,575,3,0.21564123,-0.07422078,0.047831032
A0A6P3I7B1,6354e8076b563138da54d455a076c97cf97c970a80c24d50704018b870420d05,419,3,0.27146423,-0.0879387,0.021167722
A0A6P3Q878,f7aeeffa3c5f7b09ea75b8de6f8b0b5b62b0fa4ceeaea011171bd02d915ea7f3,592,3,0.12699711,-0.11446224,0.04600436
A0A6P3QHQ2,6c3c28be650e67eccf9da9eaa1a0e207b42bc49cb6c90e7bff9b4ba06b525116,327,7,-0.01707161,-0.015007339,0.24356857
A0A6P3QQC7,99d13d3d63519a3bbc4c04e6d77264d5d9b07d45ffc7574e3bb29e8558f737e6,388,1,0.30482435,0.012413589,-0.014120856
A0A6P3R306,4df38da20d61d51b69e44e6c8c9343ef02983d85c18b447723b7128e807ad458,446,3,0.22095351,0.020054199,0.072381884
A0A6P3R973,c459645cbf866eb274c05c62f4760d3af106ddf8b1d0c241eff1385075baf36e,447,7,-0.077412106,0.031192407,0.2695658
A0A6P3RBM4,3401492ce6892505896796bc2e9158b1f7724a3308dc90c69eb8deb2402ec492,532,3,0.02944864,-0.12178963,0.13277274
A0A6P3RF58,9bd10e6957b6bc6452511f8132dbab661dfa4babf859091f7dcda30490e43518,347,7,-0.0017918084,0.0021473686,0.13773625
A0A6P3RS42,4df538605b251ba015431c3b8d8314ed90af2ac8a263d3c3e5cecc4ba911c93a,557,3,-0.032559894,-0.078421816,0.051219936
A0A6P3VE38,5900797b67e7a7f2d24f43cbce987b9d28fd4108a2bf562dfa220be5967ea530,556,0,-0.08937025,-0.108841866,0.05831298
A0A6P3VFJ2,d5130a8282deb81197ec49ca6903bb47daafc0ffd14b3fd82df9fe67a27812cc,320,0,-0.27008277,-0.1234322,0.06280308
A0A6P3VGB9,f33720885472993c9b12bf7de542d58b675b48d644f6a8c617c511aab12da4f5,523,3,0.21286163,0.04221882,0.1162928
A0A6P3VUN7,ba360bb24e783e8ab22abc31990b6c56abd43a5241df2b84278ce0f5251842eb,570,3,-0.034636155,-0.101678155,0.082223594
A0A6P3W147,60b3134e587c616d91c051e3b0306c73ba1b931ac598a1c95bc8851da4d9cf90,354,3,-0.009398613,-0.20943362,0.081379846
A0A6P3W293,182dbfb903682136d2b610fef7de81f04f075255da48b1291208d6114544af33,382,1,0.29464373,0.042062603,0.003261173
A0A6P3WAU0,55f5060ec4211870a047e20aafa11c4e763b33005a771de3794d894725bfd243,358,3,0.06409613,-0.023762437,0.06394695
A0A6P3WGA1,2c6d178e78a466da470e0f140f3f374a0cb9a73514a9d5f8953a6d0b7f69bd52,370,3,0.2032447,-0.14497979,-0.0045559197
A0A6P3X7Y1,343b94e4e0443cc36cd2dbddae6a0f541afabcb462c06d7ac11cd8d32f673a65,385,3,0.11446413,-0.098009646,0.040409293
A0A6P3X960,c03257379b52c7b7da41e3e67de0cf8b86a36ef80e0c888b9232b3f5e84a6575,483,3,0.09354728,-0.17159583,-0.009100313
A0A6P3XB44,4c5e6893d8571cc0b707eef18a992f47eb5ca6808d1a07880245cbd4cfc534ee,573,0,-0.089095,-0.113185115,0.062943526
A0A6P3XGH4,67fb049d6900720b5442b54c84f2dd26eeeeb1a89e23f9b267c7fb0586c69480,426,1,0.31258574,0.033455648,-0.017764587
A0A6P3YFI9,a86daef5c7423f57defdd37b7d236ff27edfcfc94b11651c73e4bd55fb8c25e8,333,0,-0.2976611,-0.16038556,0.03808001
A0A6P4CMX5,51865d4b411184cd45b5f93e989f7f03cc4ec700489c7f1884cca0808cf146f7,522,1,0.46399683,0.16669704,-0.14717849
A0A6P4YIX2,06a01e30f2dfee50a3d2dc5cd075a92c995496e1c936d44d48cda423d6977968,502,3,0.19415507,0.014564348,0.0764533
A0A6P5A506,95569e5826b806717e5c5f08ebb340bc424029f72d99025e10f7aeaf436f23cb,318,3,0.11679152,-0.09888308,-0.007560115
A0A6P5AHR6,65c71fa231aaeafa7b39d5f47545ad3d62f67d8ff6efcf65b1f43648432f88ec,441,3,0.24366474,0.008053793,0.111461386
A0A6P5BJS6,d8924c736fe0dd5e56b6263a281b0bc0d606aee5e37b4d57be67e2d056aec11f,352,7,0.13914111,0.22486086,0.31469545
A0A6P5BSG4,5f69a55907e5c524898e4c47806c2d72c6d58f5d1f6fb74f4f5cfd5585651ad9,582,3,0.1528737,-0.06661631,0.0062604863
A0A6P5E360,5e4dbcc65b41cab96aafa254a9b3d6de414dcb016d09d4764f2e0369f3d64584,598,3,0.053850204,-0.12382238,0.01679913
A0A6P5JAI5,19b65b19a1b820ba076810e37e61731d650d025580041d1225e72431d2db04b8,375,7,-0.041926153,-0.02624002,0.25872657
A0A6P5JWR1,e7615ad3dee2d186c58b5bd45c2fe361fc872f868c3962155a7c891923697a76,333,0,-0.24891384,-0.16611922,-0.020610431
A0A6P5K019,1012df13c3798afb81d5dfdfe793f1c125b6123d3db9037aac4fba0b93b3a242,400,1,0.37263092,0.049150422,0.028118057
A0A6P5K9K8,d3a3489419c372a43bc5d790119b43b60ff20aff517bfc5be6fa54c8561b7c55,340,3,0.17246461,-0.12504087,-0.008003738
A0A6P5KNB9,3ebae88b96cc7a1ff49cae1b051324e1f0a5f74ad69ee43da4ab40e9eab6fcfb,283,3,0.16577148,-0.16074236,-0.024081033
A0A6P5KPB7,01b27a36150477cee13775bec1f3b3f795475b86561792a0fb7b878c4b9b47ef,453,1,0.35112047,-0.069983065,0.03096373
A0A6P5KU47,5d2a1038d3c8f8a2cf48348625189cb982647709fa605d77c7ad625d89e36cde,454,0,0.023090776,-0.21123251,0.07115982
A0A6P5KXM8,38a04098ce728967870dc03ec8d7e88c28dc99b90b21a346620a5fc2f410b62f,382,1,0.32279074,-0.055842776,-0.064576045
A0A6P5L7U9,79c2b51e4065001a586b3c80c48e59987b9886478fb5753c9073ee530f5a818b,319,7,0.005171568,-0.056050394,0.18326019
A0A6P5LDY6,25fed305babaab9be8e0967da8fd55c8a980dc0dadaeacbdb9cc19c484cd0a02,572,0,-0.058204934,-0.12576096,0.025529662
A0A6P5LIS5,955ad114ac0c5b3058220864fd518cac3f89e856e1fcbd27d58f3a1fd369b408,332,1,0.4113692,0.07711956,-0.08809013
A0A6P5LPZ2,b140d90fc6a59ee07b85434de46e03403d8332bf6c7dd95562d1a766fbc25d59,442,3,0.2081526,0.016413886,0.1212603
A0A6P5NTI9,f3a3460281cc2c48788e8364da95b85dfd58b003c3d5cd4a4e56d097d22e800e,382,1,0.32290113,-0.03917752,-0.050325133
A0A6P5P039,5a40e620b7acab3b60a82d1fb2da6e229a31e0622d47a740a8de44ab6f384758,388,1,0.29653248,0.029298939,0.0056669647
A0A6P5P9E7,52c508bbf081977c87df44b5bdb77ec629d14ac2def89b6eeeceb9c9c1a60e1b,333,0,-0.28868508,-0.16943084,0.056766614
A0A6P5PFA4,0b5a09735c4dbdf241a0d4ab5f7f141bc9c186957b9c2e5cec433a23a1ab00df,406,3,0.21461695,-0.11942192,0.03556984
A0A6P5PFD3,56dc030ab241ecccba545f6bbb30c342a95045eb37c6b686e0b5577617c1f95e,576,7,0.03603096,0.03222138,0.14409217
A0A6P5PQT0,7a42528cec963775263760a3e2d70d75a18ea74e9944bf3476f244fd8873795a,399,7,0.021701125,-0.102715954,0.26550612
A0A6P5Q5X4,d3359b4dd44aeab1db441edffa7a221de942a402be9c77881fbb77afee7d04c7,347,7,-0.012933368,-0.00021374926,0.14119633
A0A6P5QI58,503258667d291c61bfee2333bcd7b0ad0c93676d64ede74fa302da4c2d667c01,578,3,0.15196097,-0.070680276,0.0019634305
A0A6P5QUY6,9320638ec99d5a4e3f0ba130cceb5a810cd9d30fcaae8b203df3249cd9ca3679,442,3,0.21952434,0.013041604,0.076090954
A0A6P5R425,2b335e59a2aeb72504134f40d0d138261ced658a339a634514f39eeafd6d2bf3,435,3,0.14161369,-0.03031674,0.13118614
A0A6P5R4M5,3731452277b989bc29b732a58042467a154a7752ce0dab342c8dac429a4f31ff,321,7,-0.055876542,0.013524253,0.22581477
A0A6P5RCG8,f800376dbdf09374ac3e3e90f85455b1378616314166b73025798d4dcb5d7908,344,3,0.1385469,-0.10662879,0.05962359
A0A6P5S193,1b78c1fdcda1532a7103be8be593063204a88239c61efec10e927125091df588,518,1,0.45941114,0.16830687,-0.13838807
A0A6P5YU59,5dfd9c43388165a377c1a3b5df88f3fb4c07dda0a23f680cea548275439cd744,444,3,0.012964949,-0.13948338,-0.0004308696
A0A6P6A2F0,3676e57de1e854b025d5b98497e75d5890e23941a49db5afda89e19edf5aedb3,431,1,0.42074707,0.034453146,-0.07963111
A0A6P6A958,4cfb72bd6c46c9f30b8666c5895a3a8791d282b8add37fd3237615e0b8c8973f,328,0,-0.10050671,-0.2304788,-0.017759675
A0A6P6C0L5,aa8cf7cbd9b9af6cd44af787daa2f917f9895842a249dbe3c3c1bf6078838e46,266,4,-0.04357618,-0.033212285,-0.12926945
A0A6P6CH72,7fc33e23c615c96484bf22cfe63978a8aaa2bc390cef0c9bb60965e3106fd384,420,1,0.42954576,-0.06329612,0.032336652
A0A6P6CNL1,11f6aa9ec6dfcb436a31ec5c325d1c73d56aaecc1b65d026d97290fa3b767d22,287,0,-0.17855278,-0.13260682,0.024751095
A0A6P6H2F2,197d6f5bf3343ba328b659acb09941d518c092ba57640f8b96805dede6798f97,400,7,-0.03854661,-0.123680964,0.26587683
A0A6P6H320,40df6bf520e4e35986c6f89b6c94eb5e42018191288d78a6652850b6b4876aa9,350,0,-0.20856336,-0.15081193,0.0992211
A0A6P6H614,df8f0ae14167f1d3567318caa4094c32f198e0b15ccc75e1c35ea8134a2c417b,223,1,0.5776709,0.29939896,0.13757077
A0A6P6H7D5,74c2b5c9475814834582775b74543eb3f34aced08b6f7207d0e17f2b9b13d43a,482,3,0.05227338,-0.0839851,0.009476744
A0A6P6I0D2,d76354c6d3bc748c4e8b96e0bdb3f3e6b7062f93759a32b42d771017effd217f,329,7,-0.12571491,-0.00802307,0.24171449
A0A6P6I5H6,2f9c08a179de618af3abb96b6900822fa5aa0a6270a73577c283599082d4806a,362,1,0.46123782,0.096648596,-0.073441945
A0A6P6J2T0,54ae10b6e871e2de6fc07bef9e8edb1e32f8cebeaf87f32752ae834b7f99955e,359,3,0.1623296,-0.03259933,0.10187809
A0A6P6J8E5,0f90329f5349b0cd80244db40292369642d0609bd0ece80031d86a19b37d6ca9,322,0,-0.28081042,-0.07637855,0.07373693
A0A6P6J8R3,a05e1302144b8c0ddfbaada5b47680e08233848be3653e0d1f935a517628058b,590,3,0.03400068,-0.09850093,0.055273347
A0A6P6JBL6,260dd3e4074425514f71f9d8f7bd53ddc2c8752ee6a5b89a813b1873f4b2898e,424,7,0.119219,0.006040354,0.17689118
A0A6P6JJW0,a66884f59d6b2b579402d8ac3cb6678fd0286c670ca4124cbe8c2afc8fe8de63,362,3,-0.032019977,-0.25540587,0.09124101
A0A6P6JPV9,39abc16b9ff6b81fb99af69f27de8a53a8ed130026547efed4603023d1934c78,295,3,0.09426304,-0.11385115,0.109993145
A0A6P6KFI7,b63dc17f00ae59cca1381945fb2e82b6f38cc6c4f3787d26b6d1785a2195c602,554,3,0.09842918,-0.07613058,-0.010357637
A0A6P6KKW7,219c4b5c5c2298c2c8352be06aa5f1b6b0647a546dc6377182467d0dfa8592ef,330,3,-0.024130227,-0.0063345665,0.08094757
A0A6P6KUB3,bf70945027a7ade9a4674ef6ff6644270d9a51e0da09a28b9c9f902ee775a7ba,335,3,0.100149356,-0.10418079,0.07000387
A0A6P6L7L3,75fcfcb3d8320078f9220a5723c797b7227b297e5aafc5258ab31e44b1c6258b,540,3,0.11127464,-0.047537155,0.15123905
A0A6P6LQI6,0faec454dbf6cd47b906af57d344014cfb14835f01ed4d4c1ccf289c8952e696,358,3,0.07783655,-0.062076587,0.04919925
A0A6P6LZG4,34b567f8122c9e16dd39035738f1be9115111ce988689d13a6daf7d0ba8c7406,596,3,-0.03198975,-0.11856404,0.050661635
A0A6P6M9H6,c6b59a75db096472e5486acf014f2e13056f1bebf506d508a6445e237a19437d,322,0,-0.11090548,-0.11103409,0.07448933
A0A6P6MAM2,733620c654a8ccfb87b0920e1727c79f10f723ea2bea377b89e63800f389609b,590,3,0.04456365,-0.08953869,0.047571957
A0A6P6MLK2,9acfa84942634d7da0989a2f153219c616341520d22a080cea933b4447cf87d5,381,1,0.3014373,0.0037580666,-0.013632956
A0A6P6MNR9,74c04339c1c3609e751554dfd19d3bb648217f7503418698a19c789722655f23,412,3,0.2007328,-0.050707072,0.15695024
A0A6P6N9P5,cda0ad256f22509abfc2b76f1b1c81a848750d2b8ca8aec9ac762fcc5fddcd04,252,3,0.113735855,-0.04022404,0.025394332
A0A6P6NAA1,d1e6f358029eb309e9614e35110cc26ff97abed8421f043a4367f8d0b3eaea04,486,0,-0.103897505,-0.120769724,0.01666694
A0A6P6NRM4,2a26f21b3db71d109be7897fd67936db37e6e24213cec9b020485d33a2912717,350,3,0.13013649,-0.11658508,0.06453169
A0A6P6NS46,6dc660f45d4ecc688e24a31f14defa86a0bb8b562f4c7b6b37325ead463cf3d2,452,3,0.014584282,-0.11294101,0.08591034
A0A6P6P3M7,049dff829ec9cb7ee8a51087c61b58a61d4ad687f64c80a4699a1fabe6d032eb,348,3,0.12429466,-0.09966014,0.096726984
A0A6P6P5V6,90b666632c2f43abef1dace0e5c0962f1116b36a4998bf249dc3f0f43ffe09b8,600,3,0.044719104,-0.1440344,-0.011030329
A0A6P6P8D1,4de2485009299b31406bb3806d2c8b708d63e412aadb974b261743252918a679,441,3,0.113246396,-0.15774958,0.07168768
A0A6P6PRN6,b1e1e47ebb75c914379b4a23c15c9a6b473aa2bf0502e8ce31d6a534161acc8e,332,3,-0.034543473,-0.030578766,0.086910345
A0A6P6Q7K0,72cc9d78642c9f0b9615bd47664361aae25d42f1a69f67c12239b07e2d0d44b4,393,4,-0.008970601,-0.039679404,-0.14192171
A0A6P6QCJ0,bd6b8a0f5fd518611735b772f117d7d910febd3a3d857e056f5b7ba44f2e8d60,343,3,0.10541378,-0.07817541,0.083910294
A0A6P6QLD4,0d036c9e9b56a51774792144a17ef8ccbd8abfe2c523fc39cf4b12e4d42782d0,319,0,-0.08593622,-0.12068192,0.056488674
A0A6P6QSS9,b01ab889401c2bdf65aad908c830f448538c941f9916beacea06e1778f2f037c,353,0,-0.14607196,-0.3112678,0.11503312
A0A6P6QU38,e5110c3dca400965b33ded71277ecc606c522aaafcfc60fb2a23172f6dfe7f3c,317,3,0.10366782,-0.08266295,0.05150647
A0A6P6QXL6,a76d0f6e4b748674bdefe947be5562408420888ee1b037e869c4a55f87743c22,452,3,0.0038632131,-0.11081254,0.09098366
A0A6P6R271,75ec3132c5e8ce73a96e0c575c4790055865e0417d7fae7983933ebd66e1ce48,358,3,0.08329595,-0.13623683,0.049331427
A0A6P6RD79,49ef1f9fb0c8859f455e1615bd8a2f6b3c37d6da2e9ddc4f82e01067d8d1b9ce,358,3,0.078993775,-0.06585524,0.047320846
A0A6P6RDZ4,45e1b8bfc49d73bcf6a52798949d610c0361a9deb98b1ae508a2e34fa34ef3d3,379,3,0.06486842,-0.1537385,0.099313095
A0A6P6RHB5,ba4df453100466b69736a2d3e75929d0a2bfd598afdb745c292735716a3c3639,526,3,0.1309437,-0.07716495,0.11316585
A0A6P6Y8N5,f81bb977dd04e1faf7ddfb9bfc786322b0fbe8701b0be5a5c6d70a35e72f8459,324,0,-0.08684462,-0.14356568,-0.13690154
A0A6P7F2C6,6f27cde3e2b1896d14359fd35dd207a2c4a0e0d4637da271783bc510d0da04d1,430,3,0.080316134,-0.2541366,-0.0712089
A0A6P7G2M7,422d17ee88151a44a64ddb4cfce81ba5a2400cf7e087fe3922318cd8c73ea246,371,3,0.13342772,-0.16352215,-0.06595452
A0A6P7KSH0,971cf64335d8ceede74d9025a582d24f297193e74c564a69b94e32d839b0e33a,390,3,0.17222531,-0.06419333,0.10191917
A0A6P7LB25,0efcc1099183802851e07eb25bf70cea582c119c1ca5d699ac30bed31a86b801,333,7,-0.050392978,-0.03907477,0.14707553
A0A6P7LEF4,dbaee2b415684a86aee2105fe7b183b775f16280060454656d8c29d4e459dbda,328,3,0.16650638,-0.048501525,0.0012947968
A0A6P7LLL9,411d7e5e221beaad0f1882d2143497630a3681ee4fe31af884af2f87342820af,568,3,-0.06084589,-0.079019055,0.09412393
A0A6P7LLM0,a5987e8fbe1fd60c35ce80c4cbf4e672078cac30dfd071ed0a4c1a22b7ae3d41,378,0,-0.075489774,-0.03476499,0.11343979
A0A6P7LXW1,7ab52af1f7fc009434b63b343e74de5b3bf6c145efc598ef7050983ac0e19b41,403,7,0.23899348,0.092146605,0.20853607
A0A6P7MBN2,d545baaad73403f48a7bff5ccf3b3df912b0489b21691d5341e5c95ddf02c84d,583,7,-0.028224519,-0.013134094,0.14515366
A0A6P7MF46,5f54599a14befc3b94fb60b4dbb67375159c5e396861008b5166fce516627cee,358,3,0.15429762,-0.15319134,0.025295537
A0A6P7MWZ0,287701cc615576de3424ffa6762863ab7706f39be6c4965ded02f7eed66d25e3,381,1,0.3099987,0.013813146,-0.010663636
A0A6P7NR96,2d0f9bc5b177b36d88be02c980e563889fbacc2454e6e38efd72b12cf3744514,318,3,0.053578094,-0.079198085,0.10160788
A0A6P7NRI7,76f4285c5038ab7d874023e3a3bc7feec47df69ae2e1fbc70bfabe310e972bc1,394,0,-0.042917147,-0.27464712,0.100960575
A0A6P7PBI6,7fc9e776f910141cf2df21839a22a3994095f777056b4797829d5445726f4eec,251,3,0.17102847,-0.07142753,0.035798106
A0A6P7PGL5,c25d1069e39ec40f598c95b8c208131bf21b119f71fbca6cc78d94c6b96bf9d6,335,3,0.050708856,-0.10772539,0.043758683
A0A6P7QJG2,153ca8be5023722de357e46023b5046d454cc7f0a12beeb8ad78b373f0e4f4b7,308,3,0.13714154,-0.10499768,-0.0070173186
A0A6P7RAQ2,03b761f07e29baa84bc5371f95b7ac0b19797a2f4932daf3ffe192579b5557dd,530,3,0.032811858,-0.10370947,0.1430306
A0A6P7RDZ1,e6e64117831ecfa7f26689bac3f8ed8f3fb4e3dccdc928b61175d50448e81502,395,7,0.02331971,0.07435463,0.31714907
A0A6P7RNP2,de9dc8875d164f1f8c473829529ced308eaf0f39d97939ea0b778f6eb263346b,501,1,0.5140696,0.102436304,0.058193073
A0A6P7RVZ7,f423f47733870b29e1a5727ff80ff304697826e4390d00d35f0b9564eb71da90,447,7,-0.049403165,-0.019110901,0.21401134
A0A6P7RZX5,7c46b0e2bb2d211fc77a7dc6ae3ba002c34a1b2c57f6c07af9f6b19798b132de,558,3,-0.028527016,-0.09535305,0.06547471
A0A6P7SPL2,b6eee012222c20374884e225525c060c5c6387670a20023a5d9641f0ac5947a6,333,0,-0.10987111,-0.1679944,-0.036004413
A0A6P7SX90,409b18912116332373b2b9fff916b2ae4f9899964b2e48244d07f0c4e18ae090,336,3,0.06550151,-0.22045097,-0.11109259
A0A6P7T300,aba6acd6da4fb2d24b05095f9b967ae5a47b87b3481581f073fc009c3e6721ab,446,3,0.09646529,-0.1356703,-0.01242431
A0A6P7THY5,5ab05126068418ac12e0ccf1186467f9093d4d48de126337e76997b54f945656,488,1,0.2913218,-0.038470455,-0.00764812
A0A6P7U211,c2255df0bdcdd68805b58cbec0c628b171bfd6bbc780a913798f0112ab7e9bc5,382,1,0.52160263,-0.02208836,-0.19590053
A0A6P7X362,26fe3e7d5ef16a9178c120f7129f0eb3cdec0ec590b7cee8e0152605c3ea3c46,337,7,0.1618896,0.055739205,0.2606342
A0A6P7XA58,ff48f14e6552bd81787342ab6b62faf9f0d94d5fc7a775b89ceb04e0e5f2212b,347,0,-0.029885959,-0.26211837,0.13299915
A0A6P7XEM0,3a7a1001472383386ab715956e81605c08cb82d9cfd8ef7d111488e3a516be39,500,1,0.39665982,0.075159214,-0.029178072
A0A6P7XH75,2fa440a819243684f1a205c96c4bd3fdc2d9626cd38e820b6c056e8e4f72bdc6,394,4,-0.036678426,-0.07864712,-0.15033467
A0A6P7XLE1,cde534a86372b6d1fae33a3864394effc2d36db556e0f610daae6b9cba6b6a25,443,7,-0.07019402,-0.08657662,0.17987444
A0A6P7XUH6,9ca268561ba798302d2f9687712faf2a61406a3fb7abfa587f0d85d1072a3de2,545,3,0.14778087,-0.051284783,0.09076942
A0A6P7XYC7,48a2f5984d1ced3ab9c2765940e24daa25864768639e68cf3f4d183e706ee2e1,507,3,0.22436158,0.0114619685,0.13336416
A0A6P7YDR8,88a880c4efcc6af6c695966808d98a0b23ab4764a888323ecf273b43dd1fdc63,342,3,0.0928349,-0.04896756,0.055244595
A0A6P7YE71,7e966aec0735f8f74953329adcb86bf2a95f965e2f63ffc7913455fa8c1ddb74,332,1,0.36953697,0.1075139,-0.020816732
A0A6P7YGA3,c250e8c1ed2a319ac94fc4fff39c8b0acd25643159b96d0a7b781c6439b9de1b,370,3,-0.022922799,-0.14636822,0.13395679
A0A6P7YL30,f92e85868b5190f0b1824b11dd1c986437f0261534bbb1d591a1c2b66e3d5ab6,584,3,0.0044009043,-0.106813334,0.052610993
A0A6P7YSS4,1ebf9de7e2b1e7d293dbc2e80d6c00009c27ad4b22445340497bc89c2bf077f9,565,3,0.022707934,-0.16411243,0.004182571
A0A6P7YV82,5e94f586d3a1abc974209a9d636f13c4d7ea988162214f712afd26e166ba3184,378,3,0.25304148,-0.1081145,0.031249432
A0A6P7Z2L7,f43f6cdf24ab360ef868f1be1d7cc321305888f0b11bf04300ab7cee7e97ed0c,381,1,0.33079317,-0.07334228,-0.08249465
A0A6P7ZWJ2,afdd956106f9631429d499bedd357ddc62ac69ae31d5679494c02353a64622b6,347,3,0.046182595,-0.07397844,0.049638107
A0A6P8B5S1,cdc13acb0dabe1efa0b641df5a6466c2df3bd52af87becad7f74ec2d9d913a3d,494,4,0.022490967,0.057064254,-0.055429257
A0A6P8ER14,0aab78e0c9543919af257712884daf511475dfed83549b021e3ed0db2b2cd982,331,3,0.17780438,-0.04481519,-0.016039433
A0A6P8FGB3,ca865d207c40f17bbf98a11530c750d7d09f0a28d42fc3e0d84a5aea7577bb55,358,7,0.090470634,-0.005070712,0.18716714
A0A6P8FU89,f303cfc078e3e5fe2e5801904b411e5f23520fdf487828b6e513685b2126f192,387,3,0.15835169,-0.05351368,0.11455727
A0A6P8FY95,3909aba524dc32516c22143f2290fa1707a31169964441570c91b8c777aafdba,598,3,-0.027402578,-0.11791037,0.03063163
A0A6P8GNE8,b10965106e7135d21e7de0692f9ebf213a2ef4df7fcf461844eb2f769b752a03,423,0,-0.07576839,-0.066094495,0.107607104
A0A6P8GXC9,d074561fde6540b9b9ac9cb611645a3cc9ec539f0cfb6149d409afb8c3ef5469,327,3,0.109497346,-0.081580214,0.09325789
A0A6P8H0C1,bd2f65a204dc19ca38c7f35f9a35cfa15f66996e48b0e120365079930734c07f,333,3,-0.012653176,-0.021138245,0.082825795
A0A6P8H2X0,ff435b99270a368ae05976227a7b6bc8cd0e08d3b5d10157ca02040da395a5c0,502,7,0.059989788,-0.035969906,0.19892193
A0A6P8HPL7,feb89d26d43de44bc8e87e3cdd90cc28aec56fc10566f028bd7a2db6a86f85d6,490,3,0.28813782,-0.097862445,-0.01656981
A0A6P8I8D1,c7db7cd0fec501948fab97c044ea8465b5abce13a3d3168373bee59f459485c9,337,3,0.21566403,-0.10014768,-0.08139863
A0A6P8I9D2,7f2a6f9f3ef745ed818b0ba1aa419f267e73e78fd63b678bc376c53be68565ec,495,1,0.3039671,-0.06187801,-0.027176159
A0A6P8IVL6,4554077a07adc836489619360745a4c56c05824cc506b3249970327c74883123,391,1,0.35950112,-0.008079068,-0.070551574
A0A6P8MZC3,1fb277407741b6a835cbe907ab106d66b685289c322d24117469842d6d84ebe7,588,3,0.23759818,-0.00908321,0.080669425
A0A6P8NF60,c407d1e9560c547fa37e936bc5070fa0d925ee2ee3ac0fd45c7de007b302c9fe,571,0,-0.08125309,-0.11790203,0.041639835
A0A6P8NGP4,5a432eaf91a068fe64c2bda03f82d216d92954babb6085025cf10d8f9114e443,347,3,0.08239071,-0.05570986,0.044477485
A0A6P8NH39,2e288d74680284d369b750d86e2add26ed766b4f24ffe96817612e27ddfc7e40,396,1,0.29509735,-0.0051024146,0.035612505
A0A6P8NP94,261c6765221f36ba5f4562a541f71330e030ec8b880a0d8ddb863fd76d7366c8,332,1,0.37424418,0.11643838,-0.031426936
A0A6P8NQE7,3e224160de3da9e8bd1d49eef0ff293b2aac61aa0ded32eed6955db4e382ef98,531,3,0.03129588,-0.124495886,0.0982589
A0A6P8NWY4,4b19a6addff1d3f117c4c5733678d5863d9f8a83602f388277f2f62272be1c65,324,3,0.08860225,-0.06385472,0.03832797
A0A6P8P1X0,160e861801a819242072b371d23d342c22338da774d8a76217eb7d0ec4bf01d0,301,7,-0.031418703,0.023877895,0.20523427
A0A6P8PC20,3d9686589b007a7e6a6ed755afdc1da7469abf04b79e4a4450c9d2e28395f445,442,7,-0.053200148,-0.10382866,0.1589471
A0A6P8PE54,db8afe06b4c3295eb1292fb0fa4fda3f44373184eb711b12941f0fc0a64d4148,451,4,0.20713438,-0.019214459,-0.13637564
A0A6P8PTP6,b56ca850cec1f376b6d1a9e23ffd72c4aaaa54bf7a9bf9b5828f197988cbe84f,393,1,0.3504212,-0.0857634,-0.10424595
A0A6P8Q4E6,ec9fc96d8db08c663117d3170efd679251b018cc60b8e179a84519731684f1ae,444,1,0.33830988,0.020833816,0.1237844
A0A6P8QAN1,e344283fe0b96084ab34d07ec250f46d64e0486535228b30a37ba2521b8f3efa,582,3,0.07592683,-0.03628297,0.065253384
A0A6P8QHS2,293510e0ef30a5dc07a57f4d6b8b4b01638e9bb773c68c27b97d06f8266dd2d3,600,3,0.010200208,-0.16867365,0.002538435
A0A6P8R2W5,52216d37d173337468e3631a3a740ab538c1d631b154e8fdcf82c535e104ae39,560,3,-0.037960105,-0.17119792,0.0047042887
A0A6P8RCY4,d85bda8816cc14543b2e7110985ebfd71ba942cc79cd7d8036e373b803f947d2,548,3,0.14359607,-0.06354038,0.0981617
A0A6P8RMA9,e6cf39dfc9627db113ee9f730c9e21cb57ba1a9c5c5fbbb0e714067175144aa4,348,1,0.30696413,-0.026996447,-0.109390765
A0A6P8RNM0,069edb1a37dac1a62367a05e872ae31c259e5e11ab9caf2594a09df15876ab7b,564,3,0.02484874,-0.1549877,0.0012760746
A0A6P8RVW9,bfaf18f5178a2b0a7b6f17ae2bd93e2c101a44bf94fb51d0c23ec9545a384a50,433,3,0.22157319,-0.06962397,-0.03305731
A0A6P8SKR8,1552e6cb6fec88f75b56440dc05ae76aec17a4784a2caa2a62df3f5e62969a72,390,1,0.33699748,-0.02916045,-0.060658276
A0A6P8SNI7,c27e433143768c26c66834191427ad0a39ab225d629ea437ed02a1af39cf2ba0,584,3,0.037566166,-0.103898086,0.045337632
A0A6P8STK3,10850d2de07998b934d310860555003e8b6ffad69c86ed0ee165cef4205df7c1,581,7,-0.048007913,0.022532742,0.19907495
A0A6P8SY97,1102235a5ee9b702d6de75a7aa8ca68e760b629b1311fa3a70565df634b20fdf,410,1,0.4009262,0.089358166,0.16213793
A0A6P8TB39,6686d6024454f738fa44f6b5e9568fcc77d2b6d94b0c367197f17207707d7125,518,3,0.10428125,-0.068963245,0.15710056
A0A6P8TCN5,c8710a16ed0219ffcdef65d406e7db6e671373423fa2af06d66ce3cf6364ea4d,381,0,-0.05414868,-0.09323856,0.07915854
A0A6P8TGU3,cfe3fe91fe4f6add2cda4fd9fff33eaa1f330ac323f509d790c853b5aae22117,404,3,0.20096931,-0.11303351,0.053607803
A0A6P8TPF7,682bd7fcc765a07ed4878be65f56fd0ce4d43c1197157afae9f2df359905b408,328,3,0.19053282,-0.07311558,-0.031831354
A0A6P8TU95,4689032694303f9636a6540abba33f23707089e2913274c02c643d52d1fc7a1a,348,3,0.072638996,-0.23433822,0.051626652
A0A6P8U7K8,9cb560b34560bc7340cf02992e12abc468ce16672f206357e5296d5c514ea35f,509,3,0.17892958,-0.041025966,0.16253349
A0A6P8U7M0,4fa86a46d029dfce3293701992bed759e1249de9c49d93740646766ece80c6f2,443,3,-0.014412029,-0.123916306,0.1225103
A0A6P8UJ63,37d940056bf5d8d25a9a44a8deddc688aca8c16b3a55f6933715d17460343e19,429,3,0.23370676,-0.012859757,0.14954105
A0A6P8V073,708c5aeb6c7d8d30f4417cf66d3a378629f2a64334dbc72a8f8a68d4db9c2489,304,7,-0.11410352,-0.044353157,0.16511405
A0A6P8V8U3,3a3ec0468fa716fdeecf02b9504b99d4a313a10d75159d7bcc26ad2b7e8aaab5,376,1,0.4598519,0.15728389,-0.015117354
A0A6P8VN80,2799b4afd5efd9f40ddc45b58aa58a2702c539273ce41ded94bcf84d2e0c6ebf,562,3,-0.03277486,-0.065523535,0.112626135
A0A6P8VYQ3,af912cf4b4ac5c140cceb62aa3a1a1aabc67e9b666d908047d0fa6f73fb36976,532,3,0.100789286,-0.055243652,0.13132969
A0A6P8WAU4,3bcd051c24672571e78a6c8e0e9a511db4da2fb15f7a90d702190f9dfb924ba3,319,3,0.057630993,-0.10515489,0.13325429
A0A6P8YE36,a745417513845e69f77e0fbbf44859cb3b189a698fe6c3cc915ba5d603867420,354,3,0.098084,-0.08905103,-0.008470756
A0A6P8YZS4,a088b43a71f1f3ef015e3065ce5c250c5f4b8329c949acdee685da22ef402804,301,7,0.0091887405,-0.01458631,0.1255304
A0A6P8ZGX6,b351be8cca4350c129ea0438281e1dfd9d9a995b5f7e226c1e4969225d6a719b,327,3,0.21849197,-0.06999919,-0.00809823
A0A6P9AAX6,51613042503b777f36bdfa2f85cce479b0c935f006d7367c8308b06d9039ac89,361,3,0.20617664,-0.12800415,-0.020930557
A0A6P9B913,3b455decdb5bc92b3bc7b50748b141cc36f56d3f37f11b803628ef290c5bc2c4,350,3,0.16837,-0.10514071,0.042965088
A0A6P9B948,453250c5e8396009a1d6a3f596b6797a1c88dbe5cef778f3a3ba14572162da20,343,3,0.07663813,-0.060153387,0.038373042
A0A6P9BEK8,7876fae1f5ef5c47cdbd9bb461775ee2ade19a3caebf72fdc02a8ab9a53019ac,340,0,-0.19271506,-0.26082823,0.1750599
A0A6P9BFX4,d7f0d099699a3a0269071a6a288b6e6908e0d85a0bd2d616729ad4309cc7d55f,391,1,0.33198777,-0.013695635,-0.038532767
A0A6P9BMA0,ebaa7a04c8edf0d7706be2086249a6eabcddde01014bff81c1f050851286ff8f,530,3,0.14820196,-0.12363392,0.012416054
A0A6P9BSX2,608ce139415a9c8cc9b11a6097a0d75af50dcf35a923b0c644b40e88a0cee2a6,371,3,-0.00055937713,-0.123169474,0.14885576
A0A6P9BUA2,7fe66ee3e75e6ec2efe39102dfd61f9613bcb8d3be6506cdc64183b51dcd1270,574,3,0.02003657,-0.13290209,0.012095049
A0A6P9C7W8,ab323a5fe8e4ebfe75dde669ab0ef00e628b006e530e24324881e21f3eb60fda,354,3,0.05579543,-0.122563735,0.114333495
A0A6P9CJP8,c3b9c5aa1a835528ed486e1106862b4d8ee5bb6a08c415a9f2fedec3da4317e8,540,3,0.12519106,-0.081274696,0.08971124
A0A6P9CRA3,adce5ab7b5d9a5ae2b25beac0630bc70d35a39f89ef4bd854e7f229a1d1b7e5d,382,1,0.311251,-0.061581098,-0.06563745
A0A6P9CUJ1,e1968b7e0bef39b7d8422b256f3cdca72598259f29baa4bafa7dc14d4d7b6948,344,7,0.01668444,0.026319789,0.23821169
A0A6P9D0Y6,14ef4dc2fc82bfce7c2b231a2be490eb6cf613ad76ebca67c2f748f3fa06446e,462,1,0.22706649,0.16107546,0.19118235
A0A6P9DDJ3,bb2014ee9d06383b6f5c30d243665b3e480aedb7ee46f409b60f86573e6267f1,331,1,0.40955567,0.05329428,-0.08666783
A0A6P9DGG0,d1d49f64065efa86c8309f66b5e2338460325922a41b1608b6e942859e0d2485,389,0,-0.030485626,-0.16338567,0.06409767
A0A6P9EQY1,c896de4f77e44945b9e0a5e1c2de64f38091761f75acd6a6ee53575a724bf4e8,519,1,0.45422342,0.16461821,-0.14823899
A0A7D4P3Y8,4183ad3b0fd40caf8834c5c655018550a49c520bd49437a4b73821f8be274ccf,580,1,0.20112117,0.1781801,-0.15437533
A0A7D6DXR1,c6f6d966b54d1ed9efdc4f81ca59e3a66f7641dc36212c9ced64d927688d69b7,324,6,-0.118756846,0.3053784,0.00912171
A0A7D6VEP7,4268b84047ef617eed04ddc4e6c08f9c9a49df0e5abe79933a7b84f3d5c72530,313,6,-0.11011665,0.299104,-0.001769042
A0A7D6VHC4,258d008cb87ad712f4795212cdb40e7fe0ca5368a176e394c633730f70e17c12,307,6,-0.23140186,0.2846647,0.033211432
A0A7D7L9M7,87d7d791cbebb7be8788c43172668fcbbc0f620d9376d1b25236c0dcc9063fae,434,4,0.019164318,0.10194358,-0.172923
A0A7D7QIK3,2c9fa5c5bee5bf5124bdd6f8bac59861878a00b8d5df1cb5aba2f41025030645,468,2,-0.18924981,0.011109895,-0.10924009
A0A7E5VMP5,35ca808ecd4d2a4466aa95507fccd1614fedea19a081d215a25a6625cb1d23be,305,3,0.10986668,-0.13042587,-0.03329459
A0A7E5VVZ0,a6e540728c91171281bddeda0baac4f31cf62b1c893c3a4c46159565ccca632c,566,0,-0.10267469,-0.06104837,0.091113925
A0A7E6CKK3,3d0bae879cd7ef9c553a4477a201cd78ccd84000a843cd7ac23b8af6974c1d15,532,3,0.03187436,-0.11532653,0.1368684
A0A7E6EKS5,81f415a6ed97004d55d837469727bce67391f0b867b881cbd10572d8d4e8350a,388,1,0.522008,0.057492238,-0.15093009
A0A7F5RGM5,098d5c84798e3d24d57d3613cb04fd49a8898946dbdd63aee5ce3f138de4a7ae,289,0,-0.14431636,-0.18019897,0.0031938942
A0A7F8K1Q2,f2dac07e539122185cb6aee3d0637ef2814d87a10156f022ded68cfc54a8d536,390,1,0.41160938,0.004779959,0.042442985
A0A7F8QCT1,c32306ec12285929cb01389af7016982910c1a8799e456b658c11755d509ea25,487,3,0.2067904,-0.051546544,0.1548896
A0A7F8QMT6,335deeaca1e2de40cbca72f42a55abed849ae1d1b4b583a0ca780b4f1069e514,437,3,0.010397888,-0.15250148,-0.005250945
A0A7F8R095,6664e099108b691a759799d54d18134a3cacb0685c37fea8bc7b3c50ebfc7661,387,7,-0.03962934,-0.0694345,0.24264638
A0A7F8REH6,b4f48c05499fe4afccde9f742bfaebfca1a9f68d8e84e867ff5486849ba19bb1,413,1,0.44290802,-0.014317417,-0.073284835
A0A7F8RSI2,7a579bf5ca1a94ed1cde0f2bac5e5e7e60a834b8e954d12c541e30e825fe649b,265,1,0.3571278,0.041963644,0.14840105
A0A7G1KJ68,8d7e51cc49922267c0220c3b4f988346aee245be409927b03ad40411368093de,319,6,-0.20359361,0.3053799,0.041143704
A0A7G7BKF5,d55ef041502758d518ea1e9e79b40b97c9cf8bbb5bbb69dee46c09b8e50eb516,316,6,-0.31631428,0.25722343,0.057383783
A0A7G7MK03,01f39ca176fc820dcb3fa4ba901f2eb5c4522780e6a635294dc878a456dc02a5,319,6,-0.28086656,0.35902476,0.109541245
A0A7G9R184,ef8a0bb5361b1ec04965d025e2998ff0ff3eb4aa1b873811d4bccd480b487e27,239,6,-0.36138567,0.4173841,0.09745832
A0A7H0F3M0,505ca56a7ce619c99935037f66a9e19dc89fa038ea214ce8f6653cdae7e8a64c,467,2,-0.09981499,0.028585,-0.15949744
A0A7H1B897,5d5bc8b177d5d9124e2dafc0714fb3e4bdd87453cecb70eabf9af18a647648a9,315,6,-0.35348713,0.2529785,0.08445775
A0A7H8XLB5,c689e0f11908ae24b523b32d2631e3ea5652c10e27cdc2804c6c23cbfb491678,337,6,-0.19138491,0.33461472,0.086641386
A0A7H9AWP9,5f2c6b2bd406ec870edf12dc8f3a1185189b32dfe074e53beb46aeec7187768a,385,1,0.22692968,-0.042876035,-0.0983153
A0A7I7JJQ2,eca5afbe7f1afbefff8ec8998b1fa3506772aa01aaa2bcd47f1b73feb40ad386,315,6,-0.14600499,0.30236894,0.012588795
A0A7I7KVJ2,42716bb6362161af7d28b3322e11a660a40a76315a1919e5ef94aa194d1bb41a,324,6,-0.16557355,0.32420588,0.03940699
A0A7I7L6U0,880aaadc24b3fb621c6dc1ad5e0b80bf1891fe6fad7b5d1ba36bc502093eacec,309,6,-0.00127249,0.29919097,-0.034248844
A0A7I7MAQ3,567e3a6b525ffe92360361477bb1b83fbb35b1f161d834a83909ded5c231eeae,319,6,-0.18828328,0.31253627,0.047988765
A0A7I7MKY0,1832481e4b0c3171643e493871136744820f075181d7ed8fd486c09648718e63,326,6,-0.10225763,0.34601647,0.015066285
A0A7I7P094,91407feae64f83d591d7a9ef0659e3bf15d8d631f7d8e484b651f1d6093c78af,332,6,-0.107595675,0.33376783,0.03710727
A0A7I7QFV2,03d41d3022c68c33e7da0942c565c0d4d1c6be15a38dc659696b64c38e389bbf,333,6,-0.081182994,0.33942768,0.031237375
A0A7I7S0A7,231e04cbe0956e0d07e5f72a7cee59a041609463814d12f536d9512ddb687715,346,6,-0.121237785,0.29250133,0.028603302
A0A7I7S5G3,786669eae6bc645518baf94a3933e969a35639c50367e604242742b37100ceb1,313,6,-0.1588396,0.28026733,-0.0018787921
A0A7I7SS82,302fe811e996495595e219783e22ed1100d09becf9f2935ca4fdcdd4c96ecce0,312,6,-0.17653188,0.2900566,0.009352598
A0A7I7T2A4,61a4c440ebeb92e5e1e59bd1d76c7e70c49a425acd51baed785b5d4cd74d84ed,312,6,-0.17320715,0.2927819,0.0077110417
A0A7I7XKX1,c6781f521f5e74586283e05713ae33ef1b4cd86b15081f80be816b0d1b518dce,316,6,-0.18391338,0.32051408,0.047768857
A0A7I8D9V2,8d0c455b16c9a55c17a14868b1cfd42e99a810a50fa735999ce403386c925dc6,214,2,-0.1949898,0.13710664,-0.10975261
A0A7J8BBL7,afc919478b2675a4f502f71e5f1c4f08b7cfb0489325af2abf63910f56be9db5,395,7,0.026467314,0.07337024,0.31432348
A0A7J8BD53,b598b1c439d77fff86c3c68801a62cc1005c43289e79b7188e1e90e52ea0830c,330,1,0.40120727,0.08768741,-0.063541755
A0A7J8DF33,4101d5fd9d071b42bcb20bfb424b64715d6216c58279d824abf9d897ed93c13d,388,1,0.30384725,0.020948745,-0.0070013767
A0A7J8GVS5,3e7bdfc9c72e82ce97ed219667dd2622814354619d08f6bc0b2a18c47684c39c,335,7,-0.15826471,0.11964501,0.28439164
A0A7J8GW21,e468d8b3ab9c0d384cb657435e60aa7f1153afc65aac241fc6c1b9c03b1f2b3f,347,7,-0.0033972166,0.0078554815,0.13394575
A0A7J8HLS6,3a8f48d1830572a24c0cd497b6f2ea27a929a9d87d2512c37e3feadead69aa04,344,3,0.16420808,-0.127656,-0.0010427318
A0A7J8IJ28,c4606c599690e445b608975fb3ce896e77950f179ada965d1d64966f233f9805,579,3,0.057822056,0.015635116,0.120271005
A0A7L4YL79,f959051b3d92ae5e4ded493a25f5d04b1443b74490f06e1dd680218123e785b2,325,6,-0.22365433,0.25200707,0.03823631
A0A7L4YQN4,f76fd272a9de42c1db841d35c4035b1870b8bc8b758f2f9332f5394895b883d1,280,6,-0.063384734,0.36373308,-0.020258818
A0A7M1SYB0,556b93b48b718e055440ac4788ca767720fcc1c38e4e95c623c8a5991df1c718,338,6,-0.05874662,0.3534593,0.09047596
A0A7M2TF30,5d2f1430e2d523fba5f0e1a32b9247fd0e6302c42e21e4e5d470fec537afdc5b,314,6,-0.33006582,0.262456,0.07920902
A0A7M4F116,a7fd2edd1f652ff08a2e1607269259656d838d591992b32ab268d890d4a49d30,347,7,-0.24733405,-0.18957521,0.25019652
A0A7M4F8Q8,3bc46aa1ee4466d0c8cc4f1ab3509a02a8d5c490498e5255b640e3c734b544c5,331,1,0.41477385,0.069753334,-0.08177367
A0A7M7GL08,545422d75f9eeee5cfb108b46f39f6b57b58d7dab35ab08daecab70d10c297fa,508,0,-0.19836181,-0.1509525,0.08271602
A0A7M7GLP9,8a7f88ba8fca80090456aa953542ffc14a44d34cad30c8a69fa1c8214273271f,572,0,-0.087539576,-0.113107696,0.061605994
A0A7M7HKD0,7afd2856ea808143fea5390994bb5be0be45b0de6107f3525450ae3c2e49ae7b,305,3,-0.006325724,-0.095885694,-0.021144573
A0A7M7K556,7556ec88411945addd97fcfcfafc94134edbcfb68ee6ddd9e9a1237ad8b3fad5,404,1,0.37315428,0.029112209,-0.08436789
A0A7M7KRM0,9b0e1ddf106ac7b7d1e8bfec57a2783f2a022ab0b961d6b42d9f395de763a45b,303,1,0.30360946,0.03889429,-0.032853864
A0A7M7M123,e613426d255ea3972dd57dc5a95e52c2a0f3e7d055a547f71cc1017396cc1b54,379,3,0.08996796,-0.17752641,-0.02316846
A0A7M7NKW7,5fdfd14784f8891123f89baaef7380842377ff0a993c22b9b5e902606d9bd87d,374,0,-0.027616113,-0.012383984,-0.0020043042
A0A7M7PSA9,95d1b23957682252a5a68356583894e98ed4abff13efc3cd7c7cbd917ed2d527,349,1,0.31665316,-0.04361874,-0.04009543
A0A7M7QKL0,f4d2e1429b247f8a65963d1e9ef59ba72bad6cf72bb5f5ea18a3d220450e9717,357,1,0.31673706,-0.12888251,-0.11699589
A0A7M7R6D5,9650795918fbf91b06885e50630f8b66021891aee7304e6b155cc0ececdf65fb,347,3,0.10988337,-0.15731709,-0.07138569
A0A7M7RHL4,c4e04719137615948e507fc702f47c60e97a40a601e93f2eff157615e1160af5,473,3,0.25955015,-0.06518732,-0.015451151
A0A7M7SSL6,855943653ff8d198aabf61e8e7eae7fb36adaf9612570589196779586fb14c01,457,3,0.09236905,-0.15381646,-0.033387646
A0A7N2QZ47,293f7cbfae3d16e0b7219c90269299050a0165d44c7a6ebd3805ae90a665bc2c,520,1,0.4644824,0.15747674,-0.14683539
A0A7N2R3K2,c9eaedd6d5f0fb4356f5230078beed1cee7c6ad6e2e6b1d5b9923898ba02912b,430,1,0.40115124,0.027230699,-0.06961551
A0A7N4NG63,173ba6807ac174b0cb750a6a5da0d7bcebd9e5b33ec9a1a1b3d4566c080205aa,355,1,0.2999748,0.032926105,-0.020177474
A0A7N4NI01,7f9c16904333d99bfb148bd5253e30c9732502723b85d29fe361cb88b0760b4c,384,7,-0.07012071,-0.20166326,0.21487896
A0A7N4NKK3,27f7a326e33b6cacc83616b5e85b0ebd2d5da0d608be8213a18c9e1ad1a7802c,447,7,-0.09477224,-0.053531524,0.21409507
A0A7N4NXC6,d561c972a5738e6a9ba0a3d56cef3fe7abe12fd46ccbcd835507b0c22fbee84d,333,0,-0.25237513,-0.17130338,0.0078021474
A0A7N4P0A9,ae0e00cf7be68922c4435f1511c513ebd112c241fbcc5f9f921cf6f848a281dd,382,1,0.32356843,-0.05912908,-0.061417002
A0A7N4P0R4,57ecc9ad791ef23f97e9d8a6b569b94f3018debbaac67829d629db49888fc3e4,343,3,0.1223113,-0.1464113,0.022569438
A0A7N4P216,5db442ba02811dc780393fb4701ee9608dd56ea0f412ea11df6f204b29bb133d,340,3,0.16540685,-0.13947761,0.013099579
A0A7N4PBA0,9d5e591fa88de7450511872aaf3227d8ef8f0fe0638a46facd5b6d162375d846,596,3,0.043207746,-0.13680848,0.03237072
A0A7N4PBK3,ad1218283e95a29d57e068071523f4909aeca87d52f3c80f30ccb72f0c291d88,340,7,-0.10780743,0.040571626,0.26183227
A0A7N4PDN1,7fd359cfee10d1aaf396c5126daa44eb349546261a7c374a2c456ccea79c6fdc,410,3,0.114037655,-0.12755315,0.060732033
A0A7N4V220,86635875fe5dfe89ba78cc7e770ff9e05c1a91abddd1c1a9eb3636587eebf65f,332,1,0.41242877,0.07821863,-0.08805671
A0A7N5JUF0,df42b450a01f6fd313eb6a567bf7ffa53ed70352874b0bf0fd4ca7e4627633e8,390,7,-0.1280847,-0.04693168,0.1804736
A0A7N5P7A9,fdb6c8e5bd48747b4f24f95b4e7048d3f2949a64248e4d1ae9dc3e51403ccaef,451,7,0.026201019,-0.1060918,0.2058018
A0A7R7W2G5,6caa9aba5ce202856ffb87aa41d309ee13f4d82abee6d4560f685a6742cba0f9,557,4,-0.036455173,0.06854393,0.009564361
A0A7T0KFQ1,d805b832f6acaac3a3c46c3ab6bd1342e3c7ac88e88bfd199ac78f3183f9bd91,248,6,-0.271551,0.31061578,0.025924914
A0A7T0LLE9,ae333a166fd87c853d01d6254b97cdfb32bcf787b9eed309f553747b426af539,264,6,-0.19345549,0.37095344,0.04059632
A0A7T1T892,dfd855e79fc1b0b2da399645822b04b3f39897ce9e9ac9b1bf12c9942cdf2713,319,6,-0.32890388,0.30370098,0.10454541
A0A7T5EJJ9,2cd67ce7b208377e63dd82b92d32445f03dca49d9a3ef497f981872a5243b759,419,4,-0.06693199,-0.005145482,-0.1995484
A0A7T6ZDC0,5cd823c571b871a2c78ded2ecdb3741a48e4b201812ba6ba6bb5ccd979e5fee7,420,4,-0.016875215,-0.025053144,-0.21009919
A0A7U3RZ14,6900457cf356f336eeaad993173d6e13280890fae827dd713f79d98f858dd10d,469,2,-0.15398483,0.018300612,-0.11423004
A0A7U3USN6,a3526fc0d46c4ae0c5221ffe0d89824ea166e68d0919af0da375e900b9517aff,321,6,-0.37958315,0.3241088,0.13685843
A0A803JMC1,7d3224d1f72c97f9b9edb6f5dc48a4d6f918cf36782fe98cd65b26ee0227f0e0,467,3,0.27138713,-0.04963459,0.08395708
A0A803KN25,367c04931e0a5858b04cd4b8d4b631d8482da58b3aebeb880a814383ba639dc0,332,0,-0.17485724,-0.20052016,0.018176924
A0A803NUA4,16b29fea4ce6df7fa48bf9a2a7b5f008424230e951f9ce3b9836c3b628493374,519,1,0.46352592,0.16899101,-0.15393063
A0A803TFQ0,3d2d1bf1b32571b80b370edadf78ca7067287b0127c205060288d7a1ab2326d1,326,7,-0.086479865,-0.08226743,0.10716716
A0A803V2D0,214eab217054c982ae5ff8afe310d95d7dbcb2719f7bdcdfc57fcc56a1ac51f5,509,0,-0.07329074,-0.17733796,-0.010734042
A0A803V662,ea63cfc382edb522b145a3a497094b9ed31bd651a9fde23ec0f8d76b1b71abbe,346,0,-0.17620155,-0.1956571,0.077242054
A0A803YSQ2,2b9ca04b05f9d08b66d1421e7f4cb6ea6c012b062345b3974c23b72795af8e58,320,1,0.38072464,-0.077085696,-0.07433547
A0A816IWX5,ff2019099b3d2b2741e90ba59c05bd57acc209e1bbf4689fa246abe91a43fdd6,517,1,0.45207578,0.17777903,-0.1410291
A0A816UZY3,7edc4161651236f4971860f097582d9e7b9b99bc0f85205c77caeb40c6081afa,520,1,0.44923875,0.1802528,-0.13575855
A0A822YRL8,51df55df2606e2a8ee1e3c60e8dafd8d38ee377385d0c448829f1caaa019f220,431,1,0.41659933,0.05111019,-0.044677436
A0A833TNI3,0a34ee890d98c61af790df4573fde4e1e24887be17f093ad8f00fffbcd35b0ee,444,3,0.019114912,-0.12650311,0.0064133364
A0A833XAA1,cb68b2883266976f1dd3a51c65025f791cd2e0751650a4ce05fd1d8efd265e01,430,1,0.4225864,0.02321439,-0.086251885
A0A834CRU0,81ce5dc249e4468a2fca95f389a355a4db7e62ccc0608c6f2dc8de2d2167bab8,334,0,-0.2229028,-0.22362791,0.03229707
A0A834DB37,1d42eee8ab0461c029839ebda97acaa92a31ef82d06bca720041e3200ee452fb,519,1,0.44348365,0.16326782,-0.14237858
A0A856MJB3,03efe359905d7a91f633704073fc2775b77bb6afa7c6dcb831f0c3aeeda96b8d,470,2,-0.1422699,0.030496396,-0.11553842
A0A871R762,16c9f4983cd5b90b080e3541ed882564f18b898c092ca0de4fdb330f96cf6e90,502,1,0.26734364,0.01124064,-0.18239287
A0A875S841,3f0f25f7bb7d5d831d486874cd47b5efd436cef0e54ae4d8e1f28c0ffb91f129,337,3,0.16049495,-0.06486045,-0.10607473
A0A8A0RLI0,915b5bbdc0371ed84ce5fc3b28a82a76c34c42d4ee9d96c0e3c4dcf3d810ce26,239,4,0.042861313,0.117299005,-0.19874544
A0A8A0RPD5,d7a4756b9dc31b77247dc5851420288f73502a144776bb62d888fafb11e4ec92,434,4,-0.015214243,-0.05103393,-0.18870032
A0A8A0RQN9,e3146285c56c74eb0ae95d5e32669ec70f593687bd805d2ad94487a3cd42de63,225,2,-0.08779487,-0.021000428,-0.22368094
A0A8A7KKX6,6cd59a54bce2dbae34914158d1c17b9d292824442d3e7e37c427f0947018b38d,221,2,-0.06204756,-0.036649596,-0.26037583
A0A8B6Y7H4,8c9a910f5b0b7d7eca9a799ebb5c9fc6a631dc0f4d5685a53b3cee3cefb8b6c4,320,7,-0.11128303,0.02989425,0.28316835
A0A8B6YN38,59e9f7cabf687bd549503d180393bc8f5844e05c8c45eb704ee6036d1dbea15a,446,3,0.21256293,0.016319908,0.08098224
A0A8B7BLH6,b5ad2668cadf8489f5b25c76fac3d192d345d8b5918a9ff72771b7543f8803b6,436,1,0.4195563,0.03746715,-0.053043935
A0A8B7C9G2,0def620bd18505f074f2159a2426f829228a8a6812a56b325c89089c1a472938,455,3,0.14959645,-0.09908623,0.0041401614
A0A8B7D505,611097215adade615a1201e7b322400e6af26383271e0cb831d1d4e5c51b4a64,564,1,0.34065458,-0.030679036,0.013113189
A0A8B7EQ40,09a77e439db9a157224b050a4c78fbd7982f2a5051e440175310e808bbce2a0e,384,7,0.2192728,0.138183,0.16711333
A0A8B7H4R1,365f64fe56bbc10c03f8a69fe5cd97b7f9e1daf3949972189e2f8a713ff17d71,369,7,-0.07654574,-0.008056579,0.30052617
A0A8B7HES1,074e2eb09312b763124303a8a87c3ac92cdc2e71aff896ec0cf4f8217d4f9fde,542,3,0.13898449,-0.082672685,0.07436401
A0A8B7I2K6,85fc12aaa4598bc1b4d8a472bc90270e4881fc1e5a90ccca0a1f206ce27f848c,552,3,0.06770225,-0.11933922,-0.018684808
A0A8B7IGJ4,6bf28f7489fdfd9f312c2644c407c7cf3bb963b68de7630f9d33cdab8f5dfa2e,530,3,0.061053716,-0.1471067,0.060907453
A0A8B7K8Q6,7e6b8dfce042092acbb30a81ba87b63f09b10d44338df7bc0f217a5db16b244a,443,1,0.31754154,-0.07957151,0.031201012
A0A8B7N102,213a93d5dd36ae0c2992b3bc1e6a97507cc992fd716c3078cc4f246f4ea325ac,204,3,0.09475475,-0.075890474,0.03039388
A0A8B7N1A0,f24a10bff68bf8c38f931c7e4756b456720a67c8d2ddc387b51c366ed4e45daf,323,1,0.54099965,0.25660962,-0.013114625
A0A8B7N9I5,de673cfcca1f2e9aa80a5c004b3c9735095e84e883cd7834a0572a2b0980a257,302,3,0.12832832,-0.0006614617,0.021100668
A0A8B7NB53,01b348bedf7bb71980859654f008cc4e113c8d81219b951a832c0fc29e629fa3,342,3,0.19323052,-0.020318197,-0.017750524
A0A8B7NMZ9,76283e15a99303080abd53b414afd305d8c22e1c796b824036b1f69090409443,387,1,0.48490512,0.1345264,-0.08430728
A0A8B7NUM1,cbe4c2eddbcf7a0bb700e792ea614f5c09d5d66d6449a347083897bcd388f017,332,1,0.25360322,0.044960286,0.013740818
A0A8B7NWX2,f32722bc8835c3309c7c52b0c7ca88eeff11420de6c6ff2282b724d07186ec21,427,1,0.5071732,0.1393788,-0.034370065
A0A8B7P9S5,f73a4ac1868faf079f27560f33369bbdaaaaf0d35ec5a3ed57837b6d796ec5b3,314,0,-0.13463838,-0.0063518723,0.05973048
A0A8B7PA57,ce666686a49aebdcf85e12a19b63cf254b96790514667e6174af4fdcc4340699,319,1,0.38089088,0.11730454,-0.06802234
A0A8B7PGC6,3a4b83ef56d87e9205efc9915a816b8df79c7487ca52eb1acca4beeb2240745b,314,3,0.16266997,-0.058635745,-0.0010696861
A0A8B7PII4,7da0f60fd8119d2df4525d0b30cd99bf8d9dd0eb2298c9a3067d931e9a36bd76,501,1,0.45758814,0.16652365,0.0069817216
A0A8B7PPW7,7a1b0da6c0d78b4fef089cb19c97a05562fdb7c44f313a80f46a02262ae97171,450,1,0.26521865,0.10184557,-0.14060265
A0A8B7PT28,fe4e586596fbeef130ba487d8d183e8c6be81a95850529cfba59fb33a429f5cc,353,7,0.17489523,0.090870745,0.1374807
A0A8B7Q7U4,8fae3a67feed477e076a4df97b98d3c991cd34ab83e4690c377a7d709b125596,347,7,-0.0011482665,0.0009218594,0.12922645
A0A8B7QFS5,b748ce4e9f0be7b160f01433cbf1f7d38ce67bc022725dc5c04f88fcfd2664b1,382,1,0.3190218,-0.04568282,-0.065845706
A0A8B7QJ82,ba002e2af8d1ce89ac97b5412738af2de4106246858616031b215c8f5d5f7cc1,396,7,0.012032198,0.08879821,0.33252648
A0A8B7RBF4,d341583deadbce165444b0b7fc30ca7dc52ab18bd7f3f660f4cc188c315256c0,558,3,-0.024648543,-0.07394536,0.052400984
A0A8B7RH09,3336ffc0e6290b5b0c4e86169416c983771f6e2c1bdbd80cd190c1e8d68f87eb,380,3,0.21516672,-0.14250535,0.054681614
A0A8B7RIG0,aedc968b568133a89961cd16b648a2ce84355cb489a0ae60db420201170dbd4b,335,7,-0.1450576,0.1147843,0.27994403
A0A8B7RTY6,088e4fc3b674224e0ccddff0e447314ff8933e6043d0098a90b46dd2bd34502b,413,3,0.2399262,-0.112951376,0.045192096
A0A8B7SC71,e86e90a6ed916e9e64742796b5aa31193a99ca7301cb1cd0ec9f0cf7c89513a5,594,1,0.3447599,0.15247779,-0.09993063
A0A8B7SWZ8,05339776744647ad3e6a9ec287826dc6d4c616b043ff3b0345f4bb42441a7779,446,3,0.21841425,0.01813452,0.07227624
A0A8B7T4P2,f16958868a37390e9460503e823986e50a7ba8ea9eef59d4c4c21200562e336d,333,7,-0.10512079,-0.011286673,0.2390165
A0A8B7T8Z8,4047284ba15936d61b9d3546900646b2ec4eefd7ecfb8ad037c6c6a27475ad8d,542,3,0.12663166,-0.067748,0.09757368
A0A8B7TGE4,864c58d061fbba76476a43abb130e88462e68d4f1cc1654f2b123331ab683231,552,3,0.08601112,-0.12418562,-0.03641048
A0A8B7TRD1,54fc1a02c3d22e152d64658faaf1b1c86010e4628325db97d9ae6b7f8ec01322,281,3,0.08795304,-0.10903722,0.019375725
A0A8B7UFG7,9292882d6f840684d7ebe15615aa6de638334199990d34e0fc5a3ff83a8b72c6,327,7,0.018688101,-0.037829902,0.24004902
A0A8B7UI75,f1ddfcb9a117ef31c18147746ecb69f81727ece2a78fa2a705a86db2847d257f,559,3,-0.037004344,-0.09811418,0.11091549
A0A8B7UV65,274c6dfc00013b1be4841aef0576fa6b7dc886f1008c5a58a4aa4edc006ade6d,355,0,-0.061872344,-0.19384584,0.09879206
A0A8B7UZW0,10364bb8d158353a18d7688b1ab9b572856b6f9946e3d10f3bda7cf45f86c217,582,3,0.15376031,-0.05389837,-0.008485478
A0A8B7VGK3,690c3c981b85561f11af6a515ff1fdf6474c1e591fc0ff0139a290bf81a77c5a,352,1,0.2770851,0.13605268,0.1401725
A0A8B7VLW5,7525fe6b98bbde5d09be145f472f52f24503e6d1f7a4164bec59b6af637203c6,344,3,0.13632657,-0.12672727,0.03239406
A0A8B7W1V2,99c9f0e095ec0db243d8e83eb8acdca18d12aa5c94ce8eed857a6703458cb12f,408,7,0.0010057008,0.08437802,0.26701036
A0A8B7W4N7,e43570c3b0106450c94edb3f2c2b5b0a416c9cbd8168944fec8b3f68aa199c6c,542,3,0.13744795,-0.09775106,0.071140565
A0A8B7WFV6,27d768a26443e1783908c98528f811577fb89cf02aca648b8d80166b109df874,407,3,-0.012206059,-0.12788464,-0.0102524655
A0A8B7XAB0,c35a7c0a23e536b359442bf1b516c46d299b2de6c39b52a0bf853423825c275d,326,3,0.17938185,-0.1108205,-0.040962018
A0A8B7YLL6,9634203cd76238d0e68335e60cf25dbe32888cbd11862b28db65429181742d91,564,0,-0.05866216,-0.1529499,0.01282146
A0A8B7YLZ5,57ccf228a2d0d0a8656daec6060df0173481bd3b48316d2056643c04b88f46e3,546,3,0.005445595,-0.1251935,0.009822629
A0A8B7YTA5,41c1c238454c57560b2a9e09c1ec97d11d9dd79fb6877551105b3f4cac7df7cf,352,3,0.1091125,-0.062810905,-0.019279102
A0A8B7YUS5,9dd3ceec22cc8f1cfce198b3912b59fb3a595d8e49a407d20a2c09e42b712192,343,0,-0.07425904,-0.066401154,-0.0016464781
A0A8B7Z4B5,31d0ef0065fda65c2a5f0580f05b0e8fa15359a77de962cb24644562c13e4058,495,3,0.0927539,-0.13890971,0.030739116
A0A8B8BKG9,35e2a69ba44fbc6f3ee65f831cb89fc48ed1ec66d16cca11e4748192fd0fe316,435,3,0.031145994,-0.15167987,0.021462902
A0A8B8BKJ9,59a72ea9c76843f4bc2e65c36147ed9b7edaa807aa5e6ece8da34b2c3dc4ab40,435,3,0.031719387,-0.15363625,0.019413203
A0A8B8BVS0,0d0b9bf2bca8d7788f3b617ceb0b94559f2600da2402e7e48071ba088ebfbbc9,243,3,0.17700815,-0.053543564,-0.03529197
A0A8B8D226,334de2071f29404abd3d14622d83f955a2ac8a233d8e7518774f4f8bcfcbd269,595,0,-0.07975003,-0.20536193,-0.008651704
A0A8B8DN16,e751fcff283e1801ce4a18ba7a1401972d013e3e327fad5ab6425d92311232aa,585,3,0.02573248,-0.16351512,-0.009963752
A0A8B8DSH1,3404ad313a8afe4679fcb6550132852679c57819126d0cf12beb96bb48420a74,381,4,0.13789402,-0.074144565,-0.15570627
A0A8B8DWE1,15ebfbaa99629be1f44b02bddc04aecbfd78abc20da0fcba627c85b748bbb607,341,3,0.12036801,-0.13414112,-0.069938704
A0A8B8EJX0,9a9aba733955480526ba3ca458d8d303573797326a919f1993c510ee5748b4f0,462,1,0.30105013,-0.07547773,-0.058664486
A0A8B8KHE3,61b6f8354a2fa6a779ce4bfd22e47244345666682a4393b120869c29188c8616,519,1,0.47262248,0.15947941,-0.14098208
A0A8B8L360,53c417c8aa09e4b38cdcee34773a8d4eeb4e7f853a8fda32a0f3413df2bffb66,337,0,-0.26580426,-0.1873167,0.06518031
A0A8B8LJW2,4bfd0208301b2d9bb2e8514d4ea12a807573649aa266884db96b53ded3eefaea,444,3,0.034913834,-0.13074905,0.0011529569
A0A8B8PXM4,eef93f3547878e7e48f0ec518faeb87e2833066884b85b61bd7e88920235a20e,445,3,0.02449645,-0.11635403,0.009371185
A0A8B8QWX9,df272456cedc130f85b97ca706c977267e1e6b5cfb56ec40fd8b7beb3f623b8b,333,0,-0.14733225,-0.19500588,0.008831795
A0A8B8RT53,1553fcce7cc6ffdecc9a29c9edbfc9a53712855245246b50c3a878e532e23c8e,385,7,0.17185426,0.053535994,0.26724866
A0A8B8S318,3a6123dd7abe0d127c7abb4929af56c57d888e38da9db2909e22e670431160d8,519,7,-0.018171225,-0.0388055,0.20699598
A0A8B8SVX8,009fb79fcce7c3c030ac0e17538325e43dca33d8a71c3ac6219323d65b38f3fc,367,3,0.12675428,-0.15074272,0.03746215
A0A8B8TDN6,38e0214deb2de98d9efbd2819d52bc644a5c82f9400eedb7088e3c35c38eb188,323,7,-0.15107425,0.01568333,0.25105053
A0A8B8TJY2,3a93f1c51ad8dae39a06e05bfa990363bb1c571e7686f43b7c1a0cda32856786,391,0,-0.13792853,-0.057418425,0.15359236
A0A8B8TZR5,64f7f6c3604419ecf254134b0982110fe549f0794d801e7e7143ec38b6588cc1,571,0,-0.08646379,-0.093169995,0.060590137
A0A8B8U5W3,a7406044b4207b4494b40d303bb008476fd966b05acbc5ac58b740cb8ed0bc57,369,7,-0.0719633,-0.0317116,0.29181445
A0A8B8UF25,f4acd7ff766f0428a4042d23baa0ebfd173fe153b20a248b445a8e95793f78b9,552,3,0.10504758,-0.11565371,-0.04959117
A0A8B8UTS3,023b89d86ebc26749fbf8ee67d6377c7c0bb003b0842d0bd81531e14c05f6c31,380,1,0.4530146,0.08992378,-0.1804199
A0A8B8VGM5,cfa951d525469b748fe95546c5b6bafaa9bf57c1b8db58c951b70c6fae93954f,572,0,-0.06765044,-0.09350635,0.058718614
A0A8B8VIB2,0d5cc710f185ffcef40c69645a7768f83f87e134b055aaed29b0f65ce3558e4f,542,3,0.14213212,-0.08011732,0.07026666
A0A8B8VNP6,3df6cc91a490a14639fbd3dcce12a17d116085137267fc7563fb29dc77c16a85,369,7,-0.07905125,-0.013124212,0.2989824
A0A8B8VYW3,191402b68d18c19d629232b0473d7ea6be464922fcc6b9f23924743e4279cba7,553,1,0.27844283,0.13667102,-0.12077313
A0A8B8WNX5,be680c3e016cd526077c7bfbefca8fe3dc01792b9eeb04b688ed6b52da6c2419,558,3,0.015075161,-0.070263,0.10729759
A0A8B8X9E3,174fd12c8f37bf8968f1997c116232a7153d1e5444768662981bea1d82b5d6c5,344,3,0.15156351,-0.100154884,0.0694092
A0A8B8YEC4,e63892c1b36aef2bcf67bef9f5d28838318fc1dc54134039f0c2859c4c300245,347,7,-0.014530139,0.029855382,0.14607581
A0A8B8YFQ0,3cf817f95717593fad407cccb26626fc9dfd5a04b3d28ece59e8b63980fa1820,386,1,0.24907364,0.15432382,0.1617799
A0A8B8YRB0,3227ab338935a479c5a4ef113b7320915173e996b02391ba4625d60286b247ec,582,3,0.16210832,-0.07025483,-0.011493259
A0A8B8Z4U4,a579ebc9d99d40a7ccc4db01f3dd75cd2dafb9a6e540a4b8b5c1e95f6b2cc3d9,325,7,-0.15322305,0.01999825,0.2627793
A0A8B9DVL7,0018d5ed76ab534cd0d4c228aa3fc6141f076e9aa69ef55ae845bdda5514caa2,300,7,-0.2186518,0.012397893,0.25360507
A0A8B9ECM2,60ec2612ec89b740743bdfe95c8a976ee0ae16f79f5952a92cf6bb1ea56c7be7,448,7,-0.14720632,0.041762546,0.281373
A0A8B9EVB2,ee9ceebf070e06d44a00faf7bb648c62f33aa40dc480eb4e343a74d713a4f8ef,373,7,-0.038306948,-0.13507456,0.17920431
A0A8B9GQT5,5f7bbf6ea38aa3dbe93ef78f93c57a1fe6bc3ef225d7ba50ce2ac2df9b9c86bf,600,3,-0.026773898,-0.11420428,0.03155998
A0A8B9HJL4,caaf4e6b8e33ab6b66323031d64a511310951e52b959f6ac25b591254f787c68,536,3,0.13387586,-0.05397369,0.17530413
A0A8B9IPB0,e43f329c57a8ab33bb41706881d273f82e690196fc0558aad80fa7f77a1063d6,541,3,0.1279774,-0.086236276,0.0715945
A0A8B9JCG6,073eaf7a845892383562590e4d5c8215594bd485613697e603211b0540f9170d,334,1,0.33664876,0.16261204,0.0045220633
A0A8B9JNW0,a62e95e5a800e1a0949596d44feb029fd85b0c2c3a597ec39336019247e0ae29,330,3,-0.024905616,-0.03218969,0.059168704
A0A8B9JTG0,4ec289cfd591f5dbb4255d74416a9be948dcbc4e8469c7924416bacb198d4804,317,3,0.08348482,-0.114313334,0.075091764
A0A8B9JVK4,c1c9ca1527290fb871ab4c8264c245b5c5b6836529dd7219f7ef4ec37de827e8,549,7,-0.0025174792,-0.06909884,0.20435014
A0A8B9KNB0,76cedeeebb35476422edac7f329339fc5df65e48090cbfb97bd05d0c6e872172,381,1,0.2766583,-0.028579524,-0.02195403
A0A8B9LB15,251fac08f143c3e7c80a7dca082e2013d7938d4b6396bac3dfa3a86e43c68fb3,330,3,0.17562857,-0.06572245,-0.013549054
A0A8B9LVG9,875f1bdbf937ce42509c0ec1cd64053b49e15b5a26e472306a86d83de4e7437a,541,3,0.11189043,-0.06013194,0.14913067
A0A8B9RGP5,b683092c1b5e6a704443a5089621401d1a8443e5dc0a838452210ccc3625fffc,565,0,-0.07225807,-0.08561971,0.11591699
A0A8B9RLM0,0f0f9ea6ac1c6345cc424e4d52164f3c760162e661baaf23237a88d11af7de6b,417,3,0.18519892,-0.010751863,0.18544297
A0A8B9TLH4,d13356c175e97481add279db55d83ad0770297bf7b93292535b3e19282ed0cfd,331,1,0.40689018,0.08773744,-0.06367968
A0A8C0DIT2,2c6b757c2e2234267e44e9b286868b4d1aa7de41277e89ac3a05815d4233b810,354,7,0.17510624,0.13040002,0.14792526
A0A8C0HF38,d2599ef28390033d032026121cd0f64cd66c9d2c88d249bccfa5dd2501accb59,530,3,0.04787247,-0.12552209,0.0952822
A0A8C0HXJ3,1806358d3f31942cbfa7592bb069a273441ea593feee15044a43913003d17f05,335,7,-0.15316574,0.11924875,0.28457266
A0A8C0INW1,17a18678cc8c83017d4abe75d66301bcb48f8a30eaa20cdd8ecd683210ceb4a3,367,7,-0.055998147,-0.11522644,0.19062138
A0A8C0JI77,6bb24936981c511a4dadd53717c4dd48c27b99b624b53a53b6c4bbd8c59a9b91,309,7,0.037549365,-0.073206365,0.17456628
A0A8C0JVC0,8e9a881659516216985c7277d098aab47bd4c257c57b3e89ab7eaa74600bb521,528,7,-0.011034077,-0.09501826,0.18076602
A0A8C0JWC8,2360d592d8bb624263b1de85fe231ee5213b1c7a83e4fa058122a68a10d1c595,557,3,-0.049715683,-0.07477407,0.0640946
A0A8C0KXX4,f3b22d41674972c6449ed1741be63e6a8e1770fbc19d00695ca59653df5fd86b,398,7,-0.044376776,0.032518458,0.34501326
A0A8C0LHM9,20a507e1f2719a805b02e45372a264447b091d4771139f97f78b05b47b3e9399,542,3,0.13155968,-0.09195423,0.07788844
A0A8C0LLJ4,f5b40cb6286af753036b205762d300186ed798c5cc924e24a477ea1e2170a7ca,552,3,0.06934535,-0.12258355,-0.025737306
A0A8C0MG32,26fa05e08ed4371271111cc71fc8744309f1a94980b2fef5c67312dee990a5ea,400,7,-0.08353021,-0.12374397,0.2836828
A0A8C0MNE1,ba46ff44e2629db60ae2e8c917278a5b625d092e065647637cb5570d5979e69c,370,3,0.17181268,-0.16511631,0.012094611
A0A8C0N2P6,4817014f5a7961d1d8398c4189129ff37be53c587bdb4544b15bbb658537f726,447,7,0.0033505955,-0.0941023,0.19117284
A0A8C0P9S4,1806f28a83a0ee025cbd1f52bfe665dc123e8f741a41248f359f99e4ec7e0099,388,1,0.3089858,0.0051169503,-0.019720249
A0A8C0SHL7,ef4e0e9fdc44a768088b8ca5ba4b8d29fa75c8cb3c644604f6b2b8ba2e84e8e9,397,7,0.01608679,0.068432614,0.32674158
A0A8C0UES7,03e86d10d7dd742d6724156c34a6d9a1f8b3ff201e05252fc9a5f72c210f926c,440,7,-0.12057197,0.02347447,0.28137627
A0A8C0UXI1,350854d061ce31a96666a13aac2420db6e826cc9b8d4a351829d6c937edd31e8,568,3,-0.013352026,-0.17789496,0.017922377
A0A8C0UZ98,18eb070a8325b3490cf336d10570d1a5bd689593b7fef5c436c28200139b747e,352,3,0.10599103,-0.13058224,0.05811153
A0A8C0V204,f70663f960dde52112fbe53e25a5c534a41dc976026ce1692e78eab5f50845b0,502,0,-0.09519702,-0.19559322,0.034137815
A0A8C0VBK2,7980d06e884b8e7406f7820a3e2cc209fd425274099c461051d2a6514a880ac5,406,1,0.3876433,0.062121894,0.043850403
A0A8C0YRK1,438c5e7ec0d15c5b82da623b534909bc70750f8d2a47958953119194be14598e,330,3,-0.04373952,-0.020656304,0.080625184
A0A8C1IEX6,60d920f74eaa478cb8de87ebd41ab39251707edc5d6883504b170ef27ea895f3,452,3,-0.00047669714,-0.10534363,0.10071271
A0A8C1MMB2,cca3a4365886ed107de1c30eaee0f2efd11022ebce8e39eccb9410b7fc380624,358,3,0.09115879,-0.1148141,0.050701573
A0A8C1MZY9,38f6c577cc3faa83cf83482ff6452bc99da41ce5b4ef722e1065f00a5f0b85ee,540,3,0.109879054,-0.05294946,0.1522929
A0A8C1RSM3,1cbd14e28346e276edff8e10a693ff2a78870f56673013780febda60f2eedc14,590,3,0.037861947,-0.093944594,0.04846798
A0A8C1VUK1,fe93232b87e4d6ff134fb15b6e4599b3c1596db6b997fadad7cd01a92e6922c1,365,3,-0.026565107,-0.24337593,0.07403866
A0A8C1WBP0,c023b7c2d889b10e953f0c0b53e14211dfaa5f782916b88210042d8c8ff8be0e,600,3,0.04649921,-0.1494976,-0.011918408
A0A8C1ZF28,0be9d30a90f6ada12d2042f30bbf7117e43b3d7c32eca8d8cc0598faa7d49a61,381,1,0.30179238,-0.046270672,-0.04649319
A0A8C2AW73,a2d77b17a8e764d3605afdb44909c397396c1174b0af8e088e4810ab4e5e1626,358,3,0.0863171,-0.12305247,0.044584908
A0A8C2FGH6,18b15e63042976c5ca6e5ef87af5ecdc4d03e6c419326b8d1f0321300bdb2aeb,317,0,-0.084150694,-0.11394695,0.05859986
A0A8C2LRC8,08c100be3f2a0170c8d279caa523cbd6ff2b95dcfe38d44c52b51160ebc32703,552,3,0.06398902,-0.11773652,-0.006275567
A0A8C2LRI3,defaab5f77bbf63eca42b4889fbaf7fc603d0b46f2cd430130924578295c7fd9,554,1,0.28837472,0.12829453,-0.11069544
A0A8C2TBP2,c82142fc1052276f4627e140bbbfeb60077a8687f96420315fa90eda8f8e13f5,373,3,-0.0022950906,-0.1495561,0.15565269
A0A8C2TLB8,a8770b2ed0ade9c0f7e6735adb90bf94e659765493a88026e9faef60840d1875,540,3,0.12587696,-0.08503798,0.075038984
A0A8C2U3K9,c1950f252f16a18044960de35e281448a3a7548950df100794600dbaa511cc2a,344,3,0.083255805,-0.057161503,0.049253628
A0A8C2U5V7,e719f7f2092eef3fee7a5a2912f621476e472b3726a7fe30d47341863f7bc322,416,0,0.0015529376,-0.13844937,0.11821432
A0A8C2UGY5,79f68e21fbd4bd9b2261f19474ba2c99dc3921835d01910f49d728388aa4d8b1,331,1,0.4269498,0.053606,-0.10138959
A0A8C2WDY5,c542514154429c49ab07a0b012319ce0f518b16bbb57481bfbb0cc70dd31829e,523,3,0.14321567,-0.065190576,0.13590296
A0A8C2WZF9,024d131ec2f7ee5fe405567e973d7db7e3b1b91091b897e5086eedc97144fec8,539,3,0.10926246,-0.053513274,0.14811608
A0A8C2XMV2,d089b7fe9fe2af58569a9df45d8d4e2896da9c00e50ba4232ad3d775ade8363d,382,1,0.31985086,0.04014653,0.0040279888
A0A8C2Y9H9,89f3c36aa26fb745732b2da3d2ee1bceddc53855963c66c92c7a5d24dbfd5de9,319,7,-0.06371766,-0.0026570614,0.24128489
A0A8C2ZGQ0,df8b0c979b31488e0a841de36f2195ead5284e4bbecb7c63f455287c92ff2d89,383,3,0.022934578,-0.106709264,0.13817605
A0A8C2ZID0,37f655a109764f1ce750cbfa2817c64091fe8d22cdc01a68f4c0b0c6c6d8fcf8,335,3,-0.018330313,-0.08447382,0.059989434
A0A8C3A3I7,3d80afc6ee4350c94e51cc22a026a99acba1fe0eabef7f2749722598a1e4dedf,320,3,0.056009587,-0.060151372,0.12906115
A0A8C3FA96,92b3306979bb1e40e439661254abdfb960b2c86a28f4facefb78ed39f94dedec,353,3,0.1410752,-0.122207746,0.059270456
A0A8C3FI88,77fcb70c1664fa67dbf36e3d9131ad8607cd62560606501b8d15e97154a3f1af,326,3,0.18257931,-0.10241859,-0.0525245
A0A8C3FU71,727b625a90e4ef7c48e6edc5d2c4f2a6da0841c07a6069b226aea0189393e85a,416,3,0.04536608,-0.15900074,0.08338046
A0A8C3G4F2,f54436225c1b532de37835aaa0dfb3758013075893bb77a3871ab5213f3f6260,349,1,0.39865455,0.1588096,0.006950345
A0A8C3G591,474bdb39827f2576e3542f65395d0246112129ad8e2b8247c116d809ceb9e394,367,0,-0.09009789,-0.23358187,0.15556538
A0A8C3H6E9,cc7fdac9aa1b8a26d3fcb7cac55036168a4f55d0f79b69ddf195b452bcb4ab07,358,7,0.002129976,-0.061964672,0.18599539
A0A8C3I842,cdb3bba578cc9dadd8148956892acc434460654aed8d37c844350b657c275abd,382,1,0.31774762,-0.06279126,-0.06840639
A0A8C3IMB7,fe743628bf580cc58877b2b368628d31351f6da752f78d7e9925a48b8139e43a,357,1,0.29299164,-0.019531216,-0.007278736
A0A8C3PF73,e6255d27f3e3cd0da569aaa8a307fc73059aa8538a09247f3bf04cfe71e65547,331,1,0.41578338,0.067518644,-0.081961
A0A8C4J5Z8,201894d9115caf131275ee2889a4cb3f5299074cfcb955bca0904923d2b1d6f7,354,3,0.116758,-0.11529406,0.087433614
A0A8C4JKB4,a2a05449cdd7ee6be445cac4e6e2626a86c47a72806d97332b6069d3dbaef50d,361,0,-0.12199347,-0.17665112,0.07460155
A0A8C4KGF6,fad5b35a03f0239f32559ec6a68d98b8b9690ccdad87b932ba27c1df58de3f7b,565,0,-0.08410758,-0.10687333,0.03952361
A0A8C4LYT5,278d0feaeae49dc11cca7a9d41a2d544a8b9b4add1ee20e842b69e3177585c69,447,7,-0.05541088,-0.00063342013,0.22532575
A0A8C4ZKT7,3b27780065b71b96f77bbae2e83b9f787e0c4f8ce097e10c9ba4b03f826649a6,326,3,0.12940282,-0.054411326,0.030738344
A0A8C5AHR6,98a92b200353273950af55a264bda4a58cac316c0e4f907f7d36450459a009ff,378,3,0.24233866,-0.061723363,-0.0003964364
A0A8C5FKJ6,1a5a46b92296f8589f519a5347c2a2ecc874233d77e48962d71dad14e78c8098,326,7,-0.019198814,-0.00088633166,0.14324756
A0A8C5UT32,8f36b4146f33d9de7f88c8881eef993b209d54e515e8a03c7231d60ddf290053,382,1,0.31290576,-0.049331103,-0.05985344
A0A8C5XKP1,67d430255c2a4cd20168880b2a3aa2c2fa23fc977640c858036a32c82c398b2b,532,7,0.01210569,-0.07760542,0.18282247
A0A8C5XKY6,376ba4bcf219d695d317e151e9cfd683ea836b19b5fb4983c899b878133cde10,323,7,-0.15102114,-0.0073087034,0.23374322
A0A8C5XVX2,8ac088b277eecabcb601068d5c41d0bd35e12c15385b632cfc783a06be818bea,341,1,0.4256489,0.059105996,-0.10036939
A0A8C6A7B9,ea23bac907a561b1f9e44aed750ffe0090d3ec1cdf15c17005bc4c5a17e51a62,447,7,-0.06628836,-0.008179733,0.21102689
A0A8C6EM86,c597c440e1476bc425ae009f5f13651872a7bfece3497e88f6bf9470ca6fb003,374,3,0.17155123,-0.16052371,0.00834932
A0A8C6EN89,424ee29cdacaf7feaf781020706ad6cb8f9d36e88e42c596a5629a231ae6f0d3,447,3,0.21556431,0.011082531,0.067998305
A0A8C6ES43,f42b64eef2cc05a26ae4a0c052d7e4dc6123e27c5e88ada49a4b7aedc6c7672b,343,3,0.13061458,-0.13485928,0.03445571
A0A8C6PI67,ac2209d01177f8a081719ac70ef60a3271081900ca5fdc895c701e3acf3ac116,352,3,0.17084801,-0.16374579,0.04944281
A0A8C6QHQ6,a6273a1ac3362ef36e8ccaccbd15d56c3a656258670e09407533298a5e3189fd,308,3,0.096916035,-0.053337876,0.05649626
A0A8C6QJI7,ad2736da1510ace0d080e4836a4dcb6f52afedc0708c0ce5c10ebe0f6343e9e2,558,3,-0.0136407195,-0.10499569,0.05133526
A0A8C6QR24,9a16bd8878ced7f9ea6f3827cc5add56d51e19acd292a18fd49a0eabd59936ca,382,1,0.31087035,-0.03731751,-0.046420876
A0A8C6QWD9,608a3e1222cf2a1cfc34d90d0d379e8ae33d7a571f126ff18cd9335ccda41d6b,335,7,-0.14904037,0.1099574,0.26881015
A0A8C6RCS1,959a285fd61116019dbcd131ebce0a740a9cde420c22ff7e370aa3e51df4c3db,552,3,0.06275017,-0.12911586,-0.030759366
A0A8C6REW9,8ad87092b3defbec61b090fdf3095f7b4a59b21d2ccb8516287d5a20ef8f0678,321,7,-0.07923089,-0.0036596109,0.24500974
A0A8C6RIC4,041c0ed11b73e956e289efdb49fd90904a919d4f41d136ac3b19d4a1eee1a1b4,327,7,0.016830118,-0.049092665,0.1954661
A0A8C6RKZ6,d7f0adb458ef307323ccd855cdf8f8754b6597b8810a6509233ef74ccfbc5a79,324,7,-0.013069421,-0.025501316,0.16478543
A0A8C6RU82,00adbde0451a2240cbc1b767dec1dddfab26473a7b81d89378e1e7bada6f3e2d,447,7,-0.042823344,-0.009692844,0.17510375
A0A8C6VVU1,b23c21450413a89bccee83492698edd75d6a155302235768988a3f2effed96d6,348,3,0.1827857,-0.16663423,-0.024254836
A0A8C6W630,3ed1e0dee600a19aa335a7c10cb15a34ed7f3427bd05259bb7f6ffc5481f06e6,530,3,0.010496682,-0.09899586,0.15067306
A0A8C7A7L0,88e27ef7f59371d34b3ffced541bd951304146f8cea647d5e4c375b44367a63d,446,3,0.20490107,0.010643912,0.08309316
A0A8C7BLB0,55b1a2a271b6f11ab991cf7f2857bad336b7996a2bd3920a42749a0cf5dcc80e,398,7,-0.03126096,0.029109137,0.3320015
A0A8C7CBA6,56bd5900c6d8e535d4ba110b9c6c1de10958464ad9342dbd4697c62eb702517b,394,4,-0.010753835,-0.06491403,-0.14378916
A0A8C7DJS4,ffbd7fd0cb1372d564b5ee17805dcbccda0f9da79bdc4ea0288f360f7a185f35,566,3,-0.011738066,-0.10107235,0.0223517
A0A8C7EQ21,823d57728a50e48e2224f4c0ee2aeb31e920643d5fcad77ac8d47587d674bcd3,344,3,0.13447534,-0.12725483,0.04679857
A0A8C7F271,dbaa0ba1d911a95dbc359fcd818e5a5a12acd84c3875c3eb7070207743bf7544,539,3,0.15640408,-0.033283215,0.12666248
A0A8C7GG60,b6cf23829943e1967d2897ae78e63186baffda3515e1dee3a5094baf8c83af6f,392,3,0.16189812,-0.07010122,0.106608175
A0A8C7GKB5,bc2573652b36e1651e619783ec75e541e8d73fb006d6a3f0c38c7aa03fb4cce0,436,7,-0.027533157,-0.099718,0.14448181
A0A8C7GP31,9a9e0cf6601d7bb66cc9be09ac78743f85e6c7b7b28b2ef55a9ce789ad05f632,334,0,-0.21727405,-0.122378655,0.113986775
A0A8C7H3R8,f2333d922f3f49cbcfd9451ed83d974c4a67935f2ee559cafb0d8886367499ed,347,3,0.18687896,-0.06982835,0.037198707
A0A8C7H5N7,17118d00972624b3600325cbc424da5659d911277b5790972ce1a5a0be03b502,539,3,0.13893831,-0.0467698,0.13585408
A0A8C7HRB7,14a0b23da89db94a1976d247d1c96593f8fb4aa2b72ef7f63e3941e6df71ac10,376,3,0.058743067,-0.15570293,0.08319934
A0A8C7IZJ1,ef4c233f96db7f359b5c067414b61492f7e8e23135fb02013d99e1426e536cd1,522,3,0.13530199,-0.06494252,0.14007176
A0A8C7JNF6,3ccf7b7898a495820cb3399a3cf94014a849947f0e77f198717b56c85d327935,376,3,0.056648552,-0.15901177,0.07823587
A0A8C7KN07,23bfb86a475efc3430a8bb75739f42d8999286960ac8f010d17403191c458c90,355,3,0.13099366,-0.08723469,0.11095758
A0A8C7L296,d2108b58e3b1343dfc86b5111daa3544aa987b08d437e442dc780e295e374ec1,560,0,-0.058598164,-0.11394868,0.02439851
A0A8C7LXJ2,6dc4afdb182d4cce43e592ee2c36da4707c26c915357146748090c2f161edbd8,350,0,-0.1877881,-0.1793936,0.08970329
A0A8C7LYJ8,66b5d7c73efd73dcd84aabf97c107b3d4b1c21bf1053e3843134625c80029b9a,334,0,-0.21575949,-0.12541889,0.1123751
A0A8C7LZ97,3e3ff8f9ad7e2a28b5961877a1887cb993e6bb49de7f41268f7af3910e8e0e95,334,0,-0.22601913,-0.1265696,0.10550716
A0A8C7MXS3,1b0479761dededf66121a1a9d6526b11f705356085509e0ab28e84b1939e8eed,439,3,-0.02120118,-0.09108709,0.1323293
A0A8C7QH27,a9f0336f70115a06bef71cf6d8a383e20efe75465aca11e63aa36137e9414d5e,553,3,0.00807406,-0.10708131,0.022019532
A0A8C7QIG3,2f30113c7d0202627363b3e38314bb741cad13291accd04f9430733c4694e3d0,386,3,0.047569007,-0.2111927,0.063487165
A0A8C7QTV8,73630a838482e7d527e9695af36ced5ec225dd3b3c3be37c38e3d86239fc71fd,542,3,0.10141039,-0.039809607,0.1445786
A0A8C7R4B5,4f139447fabfcd9e55c63e45135a5fa031cb4e9fcd69e9156594ca4e62c0cdb3,438,7,-0.024486667,-0.09603392,0.1418462
A0A8C7R5R2,7a741a905f9d5f77c98119e1e2dfeffe034973ae53f22b42113d44494962c4e3,389,3,0.016068462,-0.23896088,0.08926048
A0A8C7SC21,4705493fcd08a5c4a0d0d0abe8d7d7e815a68c0f0f05963fe1457f17f7ed3d8b,392,3,0.15666609,-0.06687025,0.11432694
A0A8C7SRS5,d17f557dfe5f9eae7e2aa63915400d14b49c6d128841795de101aa38fbc086c5,372,0,-0.07974761,-0.17455995,0.08054447
A0A8C7SY28,d8a20dd48c6456a8719591ddfeae6d44a497e355c5b468f0f7498c4939f22236,445,3,0.2677196,0.027141444,0.181481
A0A8C7U2K3,d6cbf60bb2df5ce0a9e142de27266a32df7c93546866a5c804b600f6a04cec64,566,3,-0.017822495,-0.09927943,0.03267276
A0A8C8FIU8,43cad5cd553aab98aba5bd3314c4ccaee9d21a8eb37b6d6eb9d1214f6cbe94c9,351,0,-0.10789078,-0.28385726,0.06829229
A0A8C8G4F8,93f32b00ef2ec4c883e91c85e1e042cebd35635f452ebb607b1402f10ef1566d,392,3,0.15316506,-0.07010953,0.11263202
A0A8C8K0L8,30db1cc761049bb80b133b6c4f3468a9137aea4582ee28053e963282d9efef04,334,0,-0.20360498,-0.115041345,0.106826365
A0A8C9BFP6,9c5ff242bd9a5c05832d08d7bbae1402889a2f88660275c2bce1691c8b70e5a8,370,1,0.4689715,0.093555376,-0.073598385
A0A8C9BIX7,c927255fbc4e540f2217ee7cae87ca24724090f956e706d125816e32c19a4057,382,1,0.30923542,-0.040723108,-0.047630694
A0A8C9BX89,649317ce8bd52c1769b6c5e4b1e0fd139488f80910103d83559ee6fb4d723210,396,7,0.0111589935,0.06532353,0.3220494
A0A8C9C635,54692d28811bb35b788f4e22ba8e99d7b07cdb9ee6f9dbf514a0fe0dbaf8080d,579,7,0.043415334,0.028521458,0.14201275
A0A8C9CMZ0,cd4ffcca4981e9c10141fdc145da5f4edb845386f1e62dc8f74afcf836f90822,335,7,-0.15618348,0.123769745,0.28659943
A0A8C9CRR7,cc3239d88ddf9193744422ed5717bb7e466a5e2f85af8b7309f1e6fb3933ba3e,325,7,-0.15768531,0.006180155,0.25892943
A0A8C9CUG1,acf891cf4adc04fd5a9095d333ae9393e509351f6fd4b3e3daad9fe1301d31a7,401,3,0.2108755,-0.11969747,0.044247124
A0A8C9DA05,000b0091136e8e9484c4843e6ae7f3ba3a62cec496d85111eb9244bb170354b4,400,7,-0.041474596,-0.11209451,0.2724815
A0A8C9E4J3,39aa8f55ffb878e9fcfef2051a34eaab5e97dd67175d78006c267baae663ff3a,446,3,0.21614037,0.028914724,0.07242553
A0A8C9EBX9,2e8608eaf3eeb0ca8f8360d7791fe9a735602ddac0844e5d68f809ca6d1b3edb,388,1,0.30699626,0.003154139,-0.022476383
A0A8C9GZI4,31c3c5a605c493322a0d3dd4708d8e92c5bb5bf54a7f6b804357c486402591fe,398,7,-0.08948543,-0.085734725,0.30262437
A0A8C9H1F7,c224b2922e08b89895ced2000541f5f2840631ebbce967d62280ca0b36804b0e,323,7,-0.14399296,-0.015864545,0.23507103
A0A8C9H1W6,be3485ecee63742b4264b664b500e77dd91c0876688bcf1df953ce655b018308,388,1,0.31316623,-0.0032709385,-0.025814302
A0A8C9HM96,98909dbf618a2f3c28ea9693860fc1abe696617cd1db54819701ee5e3de0ee84,353,3,0.18577541,0.093980625,0.1045852
A0A8C9HSZ5,79924a3fc6a793843ed53d424826ec8ff19dbb20110b6169d21ccc80d2ad95dc,581,3,0.050012887,0.014148065,0.12545954
A0A8C9I028,1a7bd46fd5c57234e8b229ef4f19b4f823850f420cc780157429918fb34649d5,382,1,0.31441966,-0.04567127,-0.056324914
A0A8C9IFH1,6e10f057f7345892194d9c5e24b344d4725da9bfa1605767b959a289b6b2f4ba,558,3,-0.033314865,-0.09122817,0.059833135
A0A8C9J4X5,c9c178f29662b5322ddf3b91142a86dba56b31b17ca04e063d38449071a93c61,446,7,-0.039687116,-0.0573645,0.24903852
A0A8C9K9P3,b8a8309fbdaaade9d5b30992ec88a9e4986bd9ae59e287a28981f5532087fed6,326,7,-0.14340109,0.14942273,0.3000824
A0A8C9LQ47,88b5cafd9edde6395cea25a1a513266e7719cfff40c52f59824b2cfa8f00f43d,344,3,0.1356953,-0.12641422,0.035946008
A0A8C9LYW1,98691c672245335dee51120275d05672f4678d54694e66fd440f37f9f40ed9a7,372,7,-0.08980007,-0.0056565087,0.29821268
A0A8C9MDX5,ce3cfb08afeb8c45a1f2d5a6e861ba922eeaa911ddcf949303ceba285e1423dc,427,7,-0.121061586,0.04697138,0.30471584
A0A8C9MHD0,2560ffc660a70261580ae27d7f0ed1c0d99b57580401882399a24c2ec6743db4,543,3,0.12827155,-0.06943099,0.083904386
A0A8C9N6P8,dd88878e95ff7819972092ba0fb38925ebb076d9a6a953557d68b61e27e66124,352,3,0.09178716,-0.13835809,0.07043097
A0A8C9NDS1,a75ada1330127c783ec9634019845f02a7a26fd895f63079d9eb28c41f15cef3,331,1,0.41751152,0.079184785,-0.076416194
A0A8C9R811,f5032fcb7f48507fff04d2b86a66c771fd5436206fce9d8348407b5f4e0d770b,344,3,0.079329744,-0.07320709,0.15157217
A0A8C9R9I6,1e1f2e6b056f42fadbc5cfb6ec25bde890163afedf132ce9341d59b545097e51,552,1,0.31394306,0.02981872,-0.19170532
A0A8C9R9T6,35b3916c93a5a40dac0166bc742f4f6740ffd4e4ebcb66bc45ebc11d4d9a2f2c,383,1,0.29087904,-0.034728386,-0.03415227
A0A8C9SC30,72bbb50757fcb7ed1034f21de4abdad55498759d4ddcf8b6d73bf880b63a3250,373,3,0.024050053,-0.16738081,0.11032627
A0A8C9TFU4,059d27f2e963917feb0e9af57bf41800957b99a1e6436a49131b771422805291,357,0,-0.18419929,-0.23109257,0.20961061
A0A8C9U7D5,9a1e441b9b9257edb79254b5e3535eb4338a49bd38bcff12d724c701a3a328f6,304,7,-0.18252319,0.009885191,0.2260648
A0A8C9U8M6,4236ceba9bf2d5da31e5a2c91d79f9ca7cabc8ec8da6e0f1d3a49423af2718ad,560,0,-0.0800904,-0.115101755,0.04588483
A0A8C9UFN9,5fd10f01d4b894e5e33d620ac9306db6dc09d8f77626c40f0d0ac23f7bf0d3f7,530,3,0.0752323,-0.14489515,0.05752099
A0A8C9V7W5,f72a382ffe10098e4a31b6251a30b68f95ad2e7b1ebf4a1453417877f4d57b4a,596,3,0.007581807,-0.06644042,0.058788873
A0A8C9VA62,e65661a4d0bd113455f7dd04da9f6ddd1c560a7ed6cb1c9171187eabaed22b47,334,3,-0.010278947,-0.03826572,0.08036745
A0A8C9WRA7,75186ede23c5b593a8390f044efeb1b392e44a61fab911a0a354bc7ee2204928,382,3,0.17037657,-0.08842901,0.06326929
A0A8C9XIJ8,d1f365f8cf1a11082ec31ff7a257f7b5d4bd283d036a0e48fb0fe39bf6948896,322,3,0.0849829,-0.052063517,0.085239924
A0A8D0A8A0,b7e257140003034fab91f37bb2b702e6ffe241f87b9c6e6ba9ad94210dd89d9e,382,1,0.30325127,-0.041720107,-0.052188557
A0A8D0AGD6,7ff8ea77098c872ec1ee0c06f377d42fa24c8fb9c086659cb2fba9d6692ea1a9,304,7,-0.1699016,-0.0073029245,0.19919184
A0A8D0AGQ8,f47ce5648a65456bc3b8b4e39e284066f86d04c0a0fa2d5851735b49671a3f07,346,3,0.08827284,-0.094517134,0.13214134
A0A8D0AJ39,b927a8ab6a6a4e7473e5438e860526155b82742ad2d05a566da733ea30ac1ceb,358,1,0.42994946,0.12575473,-0.010716807
A0A8D0D1V3,19f27a892da3ae348d075ad3364d5a5bc8cc1ca4e8053d002429745fc5295af1,583,7,-0.020226223,0.014619954,0.1482432
A0A8D0NVV5,88a0f0fd55a426684ebcfa2290d6033733ce8fcda6777342ea2027e479d899f0,396,7,0.013176857,0.05892848,0.32432285
A0A8D0VDC5,f2c0bc6d8970b82174158b5d1f544c717add74c9fea29476ccdf14d8aad344c0,330,1,0.38738966,0.091534674,-0.06312913
A0A8D1D3K4,0d0acc0d88c4f858f15fd99820363b437ba91055a78e3ef04ac44beea1f5ea3e,322,7,-0.10740626,0.04184143,0.2940136
A0A8D1KT09,ed24833c150fd0521115f606102e0ac0c014b96752a1c9a4bdca648c5999b8a0,359,7,0.15429394,0.13137336,0.18176511
A0A8D1MS48,7833480bfe08f4acec309e3385879b59271a3825cf015d69559f2928d045645e,347,7,-0.016663231,0.0099132415,0.14586562
A0A8D1T147,d762440bc8d27bcf3d26707d9f5b4847cceb66a186b2a55a97880627b4d59e31,472,7,0.02104567,0.066474184,0.32015508
A0A8D1YAT7,bd812fc9b2b5b1ae62244e7352333a13069b8c6e6864f038a15bd30fc2006b88,401,7,-0.04095267,-0.111778766,0.28149426
A0A8D1YBK7,1f6493160444e56accee8c76b70b548c2f0ad4ae2db7a5852d0d9fcf40ea05a4,323,7,-0.122058764,-0.016808055,0.2318813
A0A8D2EA54,a037c4aed0d6b1c270666882a78ceaf4ca2c16d97fed329190df964434c94677,581,7,0.036327112,0.021439215,0.13226308
A0A8D2EH73,31e4971ca264a9f5bf72b6b63125e3cd60fad72d339a176d0620eebf35ca5683,344,3,0.117550224,-0.11342553,0.0634368
A0A8D2EL63,3132d699c8e6dba54e8ffc821cf7390b1478e81eae478525f23b39a690e7fb7a,353,3,0.19814068,0.089707606,0.096581206
A0A8D2ENV1,51ed5890e27389f562766ffcedcc13ea63bda98573c45c77ff99902e5df4baa5,350,0,-0.20809327,-0.16540992,0.078531794
A0A8D2EQ38,2b8ffd5e0e31b05056ed4bcbe4c9534e1bec58d718f6756783962017b5756dd6,393,7,0.0071949637,0.061774027,0.3262743
A0A8D2FGZ4,0ead3e6acc50e00a2940ae40342e4c41cfe416f38f8c850f5ffacb4b9c65cb09,327,7,-0.003979379,-0.03898516,0.2249346
A0A8D2FZD9,2c7d3bd02bca87c2478ed640a3ceaba7cdc32cb8da16a558741ae97a7ab6ae57,532,3,0.0350678,-0.11525992,0.12578055
A0A8D2G545,642a29d56f6a9b880b94ba46c3889c315df3f72a041cc217bdfdc991cc1a8893,393,7,-0.09385165,0.025226397,0.27034375
A0A8D2IJY5,22b82b366daadd40599d0fe10d0e5d0b2aee83408e90858d37857972c26b7de9,326,3,0.177051,-0.10983266,-0.050359078
A0A8D2INV7,1cbf6a8fd929406e32ab4b610cb48fca51cc12f7d99cea42e2859afda459bf9f,572,3,0.010803135,-0.14359872,0.017167168
A0A8D2IPN6,6a16a87186f9d61e44d09fa023d425954202ea4d46bc9dc674db87543a2e4d29,410,3,0.15880592,-0.048002787,0.17036662
A0A8D2IRA7,e859d61a72f08a7202e448f36687c781fb2de3d33d142d6c6d48e4cb23587a99,342,3,0.079285234,-0.06134669,0.040506676
A0A8D2J8R2,04d053e1e95bf0eccbcae68996f16c54b2a4d4b9ab10b80b7ba08e48788e2921,340,0,-0.20155254,-0.26295835,0.17205141
A0A8D2JHL1,a6b857d7f4c7758dbea5e659b32198b4bfee455fe295dcabfd488006e21f44c3,541,3,0.13721846,-0.083033964,0.067397505
A0A8D2JZD2,73f226e4874c2454fe716ae7c4695dd06a2560648c4b09fb680e1a7f2f9ea587,542,3,0.12994832,-0.093821384,0.079119384
A0A8D2K535,9fd14f11fe7a0fe6b785fa6a5e4dea9fd29a94b61b13477e2ec77fb0f2c2437c,558,3,-0.032019977,-0.088694625,0.06328274
A0A8D2KA68,5c14492b7f2a8d7e4842554cf04ebce48205b134ed8cfa14ce2f17fc30d00269,400,7,-0.032723576,0.023274962,0.32749185
A0A8D2LBX1,84662eb10f4ebde195e3815344b8ca62a9cc7817a136f188f5a59aa688c55dcd,449,7,-0.031409636,-0.06404146,0.16335842
A0A8D2LLJ1,d193611e26adb1aa7cbfc3ac5421e5f8619a6604ffcd350dfa5e406b91acdeec,334,3,-0.029780818,-0.07982584,0.07198685
A0A8D2LUZ7,f03568c5ed4febeb537a4af84551416dd44accc3d28dd0281592bdf8e5e048fd,565,0,-0.07551308,-0.121912956,0.024497833
A0A8D2LWJ4,47a0c809bc76ca78178aa5c1d5dd4ae1f85dfcad358983f8af475be0dba4f04b,552,3,0.0068852105,-0.100157835,0.021692423
A0A8D2MAX2,e33a459652a2cea049b61d1da66038acd7738f7dcec1ca35f364dc22fc60c926,530,3,0.07665216,-0.15462035,0.05294148
A0A8D2MD53,ca82a8247b7fb6a9cbfd1c3221d874e78d2d761f120ac33159c37e24cdff34b1,306,7,-0.21450742,0.0076487595,0.26841685
A0A8D2MGN0,e0475d00fdeaf21531513f854cc2bfceb515bd98238b87990414bafaa149b9f4,331,1,0.4115918,0.082690746,-0.072529934
A0A8D2MJW8,9b49b20f4c4ad01c4cb903be613c7ab74394cca22dd76add6e3bdda56fa33786,373,7,-0.027833585,-0.14343864,0.17135538
A0A8D2MUL0,33c491abad773fc551f2c1f6f621c62cddc6e3644ec78a58344df915c5ec8a33,509,0,-0.078630574,-0.169518,-0.004617262
A0A8D2ZEX5,5d824dd575e6ffeaee56932a54455ded2f1855de3a22a00f2ecef4ea73f35bf0,328,3,0.16532362,-0.04696194,0.01863101
A0A8D2ZLY1,70c79ab2170b9490d44b2c794a94522dd91520e20c71be18f689196d795f5c3f,359,3,0.072196595,-0.050332382,0.05239746
A0A8D3A484,845a8ed1f4dc49d32528f562620aa0981dacdede243b44e4dc82c92d21154771,595,7,0.04937501,-0.038041227,0.22236013
A0A8D3AAG3,b58b64b85b32f73a57da70ad44decca03960547c4e16902063d7f7451a1350dd,411,7,0.13808623,0.15944962,0.21433474
A0A8D3AH38,294c10ba1635abcfbc57ccda761d496a5caa1f27bf99ab5595f0c6272aca430c,583,7,-0.044694737,0.04973242,0.18089448
A0A8D3B5B7,adf405f0b79df78e966573324c917499cdd6fa5e7564387f9af4ca25799cb78b,336,7,-0.07337022,-0.025590109,0.14872149
A0A8E4RD82,96a1f44b73dbd4774e64c179c18ff8322d7e5702ce1e63d70df26973792cb916,310,6,-0.17035048,0.27445376,-0.007766499
A0A8F6TVP4,9b8215cfef2ed09fbae4eaaca968e967cc740b519e4dc14388e9e535e107b170,479,1,0.19469546,0.33730146,-0.10244758
A0A8H6ESK9,beb2656900b068521fb22a32baed63f35f8f9529e7316616de3ebc7f17b29d9c,338,3,0.16381286,-0.050845977,-0.09545939
A0A8I4A325,ab37ebcdf1f8774c7fcb4cec708943b894a71d18dc78e88a9cb22f8e209453df,369,7,-0.08285063,-0.011326834,0.2940422
A0A8I5R2F7,26695202c35e0e20c3bd8173bfa6bcba7b172c8db284399196472676a16f89ee,586,0,-0.16796236,-0.24895795,0.051819965
A0A8I6R768,20e629960d9c6cbef8df384aa06dd90e979b0d5914e0fea5c5d8f00107d956ab,337,3,0.12671493,-0.0803655,-0.043152627
A0A8I6RFC4,ebb2ffb12959e1c4e65bbb0d5aa9e5ce8195fdd20c9dfb7de4494ec165d5a946,314,3,0.11689078,-0.16009541,-0.045859233
A0A8I6RI86,cf064b5781e7b1af65a4e6ef7ada531feff100bb3da1718c9e9286fbf21b4c48,448,3,0.013923717,-0.14923929,0.033845026
A0A8I6RRV3,9e862ebbc289e1bdf6a163491f0906aeca216e1bc753b3f6cf300145fc9405cb,549,0,-0.10394556,-0.1561946,0.03679031
A0A8I6SK28,edba5a1c19d07844a77b11b12f9ba1364e9f847634e05828510f4722dbeec7da,325,1,0.2595304,-0.08295429,-0.022127964
A0A8I6XHL9,7a950a54c15783ddc1f4d7c1783a6c9d4d0477f3f429cef1f6a8fde9da157680,517,1,0.44798788,0.17479068,-0.12455762
A0A8I6XK45,440734b97e46d6b72d2bacf1cfe357a5d107740a1796482f759e652cdc8a81b8,339,0,-0.14583676,-0.04630665,0.07075732
A0A8I7BCV6,43a5f9ce64640396c286fcf834c5e77e5bf0067752b32173b7d8a8a1e162cc22,441,3,0.041685138,-0.11214548,-0.003667624
A0A8J0QUC3,bfdbd5d5614300301ee08f7a351bdeb7a6979147954017f728caa8dc3f40bb8e,371,3,0.2764591,-0.12494132,-0.058863066
A0A8J0TCB9,8b14f34430a3b61c63680dbac25df7478a77af7fa4b2b99a5cb915452d49ddcd,334,3,-0.004311553,-0.10233006,0.076944746
A0A8J0U447,af7d1bbf043cd9de8ef8bfa2cf1c55c9df44866a19579a5db6c36787082842a0,586,3,0.024920557,-0.03920044,0.08914229
A0A8J1J5X0,56a155ecc1b78b415198538508c27ec882195a9546ca2368f5a1b96140dd864d,325,3,0.24616767,-0.10972508,-0.070025094
A0A8J1KN09,ac2131622ead9f63b8342d834258cafccf4568bbebbcbc71f2d3ade90df78007,560,0,-0.055267673,-0.1392677,0.017436555
A0A8J1MI46,186b0b582b2cc5392ae0f9dfc1350ab0b7d57f50049d0bba5d261ba7f13d2b0d,402,1,0.42655554,0.07123262,-0.05337012
A0A8J8XJF8,4ee779710575f3b07199a6a4a2e32bca4fc85ba0b64b349dfc3ddbaa41564529,532,3,0.042843577,-0.114610255,0.1219452
A0A8J8XZC1,a90bfaf29504634b675361a6fa3904588146ece8ecf0ed410cffc601c91a74d4,382,1,0.31331763,-0.047699027,-0.05593824
A0A8K9WNI9,18d65dc2326292a05edf6fecb487561e86271246ff3fb43d235a78f776278b4b,329,3,0.18301259,-0.046031334,0.015953764
A0A8K9WYW9,995f85ec0eaaeb0b48517dc53adce7f49f6b3379b0a3285d9d78123a42778bca,553,3,0.011178713,-0.10735156,0.0035645314
A0A8K9XZ19,c0b5ee5bf1df3d063fea3a3853edea01edd1b044e33f2380b8de7f6afbc289a0,524,3,0.15148878,-0.067197114,0.14136468
A0A8M1FE18,36dae7712ebc7f454ce1598989bca00d4ea2f455a293004aecd30b91e6996a1e,582,3,0.124689996,-0.09192522,0.03773363
A0A8M1FHC6,1c95e9bdea870c82cde3342abedad89b7d4a9dede0038668d943f0c69efe7b60,571,0,-0.08272797,-0.093356125,0.0633256
A0A8M1G573,af8c8f046d448eda2767cbe5a527118bf9026879d5ec2553e769786c93fe1ce9,447,7,0.008090066,-0.10375829,0.1971204
A0A8M1GI06,18a529ee049ca7d1581ec2e9978786ea6ade9606a4681f7c227e90c0ab0208b5,388,1,0.30752033,0.01236503,-0.01625626
A0A8M1GWJ5,776cb1484158feaee85f8a6549c94a43714c7794ead67b0cd00d18ca215b061e,329,7,-0.12318466,0.008548055,0.24390295
A0A8M1M467,3239b3f0b4952671ccde7693ae8fb076630acca9032ceeab6afcbb5cca4c8bc0,554,1,0.2821136,0.14565429,-0.11347271
A0A8M1MYU2,532dd7a6355a4bd0b2d83afd81805eb3b08a77f691347a7e4f9d41763a87fc64,540,0,-0.05461938,-0.08870525,0.09095655
A0A8M1NHC5,8f845414e978c5b1d47a857a7655bc11897701f91a2514e46c16bfb017bad4e7,540,3,0.12769884,-0.045405418,0.14501563
A0A8M3AMT1,f9288d486cd96f3343dc9b8198e706627259109bd1fef6d909e163b2ec0eb9c2,416,3,0.23733276,-0.013375661,0.16551547
A0A8M3B925,c87ae2a34b3290feeb4255aad46abd463d60f0cab15d5a3df3efe6bfba2a8ccc,331,3,0.18813592,-0.06533855,-0.02998398
A0A8M9PM39,ded3ce55ec2ce8586cc3951d2c7069944e30ebff74f6addd01abb84bd510baa6,358,3,0.07868968,-0.06878206,0.040329404
A0A8N5EX40,8930d9c0b6e3ce3e321eb8d03debd22c87521fa4dda4424e3faee24ad89e5316,543,3,0.12070547,-0.063998975,0.09945198
A0A8P0TRE4,8ccf29a38ce2f15dde2da40eb9e379653a53f35dd09e7b25c925f60af8a833f8,447,7,-0.061137356,0.015008925,0.23357552
A0A8R1W080,4c21b11e24a4203de54186bd608bd0376250309c3d8eb13bab5b05605e154f9c,336,3,0.076573074,-0.17663461,-0.10256926
A0A8R1W4H9,5827a04e0aded7faf9a358c66fe5cf96345f99a60b494dd974a2b75732c15f77,569,3,0.17863324,-0.092692874,0.01843476
A0A8R1WLE2,3bf739ce4daaea583bfaa59f9ef8d3d12296dd3a05408e5ecca470aeafcdf03c,309,3,0.20935562,-0.05027832,-0.042666167
A0A8R2A4V1,b36867b17ca2d61c44106e27bc94c5f852be8f4b790f24c231925347507710f4,478,1,0.45023373,0.06863959,-0.02829322
A0A8R2A6M1,e925d96f0622a3cb6efe6401ba09c394343dd90608f8bc370b1b22d093de0017,511,1,0.277004,0.08911623,-0.13659634
A0A8R2A9I3,1de6e9c25d14ed92900840783f6ca239872e9918f685a975e45438f03b5ca7e5,426,3,0.09870076,-0.22966897,-0.08663864
A0A8R2AJJ5,70fb13e9ced3bf46c0618f883d7c6eb7308bdc49592f4bb4969fd687f43435b5,286,3,0.15278718,-0.14393218,-0.08208872
A0A8R2NL55,6915dc382b6c111e2a3103bce452bd36a4e537a8e676e4457a1c7851612d5181,516,3,0.23239756,-0.051255457,-0.007464107
A0A8T0K099,39a4cd358d9b489ea99fd61c7f2ef3a78e36dfbe97d04ee5e2aeed1129b14a4b,521,1,0.4767703,0.16482808,-0.15117945
A0A8T2LVG6,c984abb14b0b37d645b9cb1cb7ec7e834c6b64f4425b8d1dde8a95e490228752,600,3,0.040159997,-0.12675896,0.011297526
A0A8T2MDI1,b7374dfe7d851966eaabf075fd431124b64f10a7b4a48463301303b68bc3d233,330,3,0.16836816,-0.082996815,-0.03226549
A0A8U0NFT1,7242ebec407a4b3bb20a598fa4568361c6451a72e831da9d6896effaee2292c6,447,7,-0.09870331,0.06003569,0.2932124
A0A8U0P6C0,9ef68f80bcce9e1747e098e9cf19026dd77fe3c5b5e02f5239ce80126493b3c5,553,3,0.017100416,-0.11295214,-0.0015897469
A0A8U0P799,03efd08de0b57c8fae10873323047ee1405e7e3a50721276176222b1a7cb99a6,376,3,0.058820486,-0.1549196,0.075066194
A0A8U0P8R5,377e908afccc0635ad52ff41ca969fc49e439ba6cb05aef30473b799c1335c73,346,1,0.39068356,0.20730661,-0.011671868
A0A8U0PN26,be645269b4a96fd2004716efc678ea67ac3c7601fedc87be27cef2190a8723dd,420,0,-0.12571809,-0.14084767,0.052201927
A0A8U0PNW0,2aed97b3961425ac1c73801cc15c1e47b0b3f410b3c813007f622ce8eae16f27,550,7,-0.028861992,-0.071021885,0.20445344
A0A8U0PSL7,61bc1d3788c23fbd74a47c6ac8f400163a00c878182918cf97deb99f010dc8e3,359,0,-0.14246036,-0.1767405,0.058000486
A0A8U0PXG8,aeb49c72be45bc6cfa3aa9dbc37ccd6a29532f30bad85fe827dc62288c9ba550,463,3,0.041567057,-0.066475466,0.107701935
A0A8U0PYZ8,af15db4739ebb0bfcb6ba480bb13a5086d49fc658a5759bdbccf76fddc30c268,436,3,0.25103188,-0.13819492,-0.01844917
A0A8U0Q226,d381d8c32239253e6bac0c39928d8f66cf3dd7a32f2c398c77d0507f5f4a74f1,519,7,0.05332339,-0.043065555,0.2223573
A0A8U0Q7E8,996fd6e20d8b1725e7562864cb24e279af71c3ff80d0e9a52f5d2dc2dfa29dc3,334,0,-0.232323,-0.14325327,0.11656529
A0A8U0QKG6,dc6337fcac2a74ff777bd486bb37b56145e9c57e61ed0f7c685f030208ddade7,568,7,-0.0027875556,-0.06936925,0.20221494
A0A8U0R3I2,200084244d5f0f91d2334bd040059da65561bc817a1b3967cfc9573b8c1b6fd0,596,3,0.021374566,-0.04085684,0.1030721
A0A8U0R7T2,9ab5fb1b0c469037967368b478086362aee63da42e6e10ade1cb16c9ce6f1532,342,7,-0.12590764,0.1349159,0.2976509
A0A8U0TCS9,6d9705b59673dc582c39c6859aeb59ceab21056b9ef638f61d89bffdf468a372,578,3,0.15343957,-0.098420486,-0.0047294595
A0A8U0THD6,0e5396943a28c02e4004e7d0c0e1a10fe429be8faab55886f8815a43ae95717e,300,0,-0.1260105,-0.0825969,0.14036173
A0A8U0TJK8,75a80df4dd0153159bbf122e3cecd1342b08568d679793827f3593d8075ae363,335,3,-0.008065171,-0.08174061,0.05400005
A0A8U0TNL5,fdf618724b409c6bd5521a0526935b0ea897b08de6a350f525187ed4b12610bf,522,3,0.13714549,-0.07100418,0.1409526
A0A8U0U3C5,87fc094bc4f72ebe188b5bc6484058d0a3f4a91156ac07efe1bd8cad8c7e84f6,336,7,-0.07574635,0.004627538,0.15947725
A0A8U0U7B4,9342d096d144a0011e750b050f35674b2c37b7bbe72b41cfe7095425d2cbe26d,382,1,0.3247642,0.023089223,-0.016871471
A0A8U0UEB0,c034534b91c9d4ed7ad37ecbda60e64824f2ba2e27a95230726c2f89e9a9a24c,444,7,-0.014872202,-0.09340831,0.13800968
A0A8U0UEE7,01d395fb795a0003f19af285faba52c85825e20cfe675ef4dc3734710a1c0ec5,360,0,-0.09185573,-0.2857809,0.08093918
A0A8U1ENW7,61d6c906b5dce3a7b3da201434775e0a2e5e30e433887f5ed73ba485b37156fc,338,3,0.022751156,-0.106307924,0.04764116
A0A8U1ESV9,d88095119472e6f3ccb45ced2113a69fb33bcb205a2fd4022655b29b0175460c,380,3,-0.024585534,-0.24503796,0.09551974
A0A8U1EZU0,4e23eaef8ffff59c47800239bc4d87fea76e3956a66803c167091dcb3903ba1b,443,3,0.25595638,0.033582367,0.19602467
A0A8U1F1G9,697cbd8a5f6868ed06afffd7c9efca71038421e7105d55c9e7d6bc94417b189f,352,0,-0.12482206,-0.28363112,0.079734296
A0A8U1H133,c4496664cc61650548f54eecef972da6ac2771a5d74539f3e906439860a69d6c,347,3,0.19395834,-0.06418054,0.045028687
A0A8U1H1Q5,9cb8cdb9b8c3daa87f24f9f12293209e229628b04dac34bdcaa83ad1e7cf30f0,542,3,0.108551726,-0.04631581,0.13534932
A0A8V0Z6S1,c0fdceb8042b19637f00546d908d994be042768ae32a0e32a92f5fd390f5ac2c,563,3,-0.025417762,-0.12687963,0.09213041
A0A8V1A4L8,9e81d324fc7237ae96fd1edbcfea29b9663c797b21feb38282d88514e8563611,442,7,0.12311738,0.02105446,0.2830989
A0A8V1A7G2,e7beb345a08bd4448d5a7edc59a5828f5e91af0e4620e368e9a5cb90dcff167c,583,3,0.05306508,-0.14162342,-0.0018491609
A0A8W8ILV0,08b33533aea277bceee3465c89b37bafdc30cc08da677a0f488eef36b67c5af8,459,3,0.2820423,-0.07621999,-0.03964088
A0A913WPA4,e742a96e08f7e013d0361f83ef22a2f0e84585a5db18db040d696859a987ba93,377,1,0.32956755,-0.036548063,-0.07764128
A0A913WRU6,e8447120f61dd3b7b257e6a4df8527dfa2abd8ddb25b7e8c9743fb932633247a,458,3,0.2636895,-0.14557482,0.007975893
A0A913XCN0,ad6542435b011e3334666d04819ebf7e7abae23c927f0f4397a575b1d5d98135,435,3,0.19736706,-0.031369172,-0.028478555
A0A913Y2Z4,08b00be531f36095a53a71222e084bd87ab2e5da3583a171979f049a9ff7baf9,332,3,0.18775369,-0.16713572,-0.064392865
A0A922LGH9,64fcbc5265aa7cba0524bc8e0c679023ec68a96ac766c599a82e712444b662a5,499,1,0.5060919,0.0061029615,-0.11024695
A0A974BZ68,1bf7cdef6c5b39a02536444abc730db62a9b9f6db120c93001d7ed5904e9c400,325,3,0.16526102,-0.10054827,-0.038574427
A0A974CJY1,05919b92b16958ed18df105555531d1b1075fb505abd0f99706112248ba638b9,383,1,0.32318002,-0.035139997,-0.051974125
A0A974CR07,3a49f119dff9d5ce213d2a07cfd90817ecd9effb47fb241e95d63ee6f7fea005,560,0,-0.06132221,-0.14942253,0.01605451
A0A974CXL0,d4e1121beb6cc14ecaa3cb1b87a58291df342d7eed1de60efb4f04f61452ad0e,333,3,0.00024264229,-0.010791548,0.11489991
A0A974D3Y6,a3729895278385567aa5ac53b09ceacc13cf36cfc414a162a5b9e10c03da6787,316,7,-0.028897615,-0.03087096,0.13224596
A0A974DIV1,648887d4b8e0e733eec89726ed400009852f79a25c2450c2e9a79b1cb809ed6f,342,3,0.060060944,-0.038326096,0.071281284
A0A974DT63,ba0def4fd79ea440e595964a91bd3b21e9c38f1fcbbcbaa7370b4ec4827e3796,359,3,0.011936408,-0.23946308,0.060841534
A0A974E024,92817602888d5d53a7dc299bbb649d73763e7ceba6ee8f9af97312e44b0f035e,529,3,0.04363169,-0.13751948,0.09181973
A0A974HG74,33ccc24b2db3cefb2f39b35e55fea2f34b3bef0fc8a1e21ce7a80edaba7cd3a6,335,1,0.33332923,-0.04845196,-0.059049726
A0A974I1A5,fb6306590fe739b54b8cb25560c0ca9bac53b15f8f0aecd772091ac6b3efc4a5,529,3,0.046368908,-0.13264559,0.08975719
A0A975K0Z9,2d5cb001c5712e182e094d78ffda77b8bbc3a7e16766dedc6ec71ac30bc18330,304,6,-0.0074063484,0.30769208,-0.042817477
A0A975T762,9c38b4535d088c52cb480dfc6e3971a3398a434bd5acb599738a028a6965d9cf,469,2,-0.1588618,0.015705744,-0.12721923
A0A975TCI1,af564429f587bb5d8daa8a2390b7e4a2849593a9ec274b52fefb57bdd7619264,318,2,-0.09145031,-0.09749673,-0.22005731
A0A977KT91,5ffebd5d7076f52012ce66d14161f03e64332fc74d7b0bf4fa820f211451dd59,481,2,-0.10261401,0.068765216,-0.10175892
A0A979FNX9,57c2e0bf7c5565990edfe7a3713d2cfc1bbbaaa59695f008c92e991f06121e66,311,1,0.35230455,0.07841107,-0.044384982
A0A979FP34,5441231409a7dad0816685eede39dfbb75951da0c6dc86ecdcd7612d44ca6da1,383,1,0.6340416,0.2236506,-0.04125417
A0A979FPN5,60d50bcd225c516ca657da60b6962572a645957c358c97409b677694ab64dcb5,523,1,0.5378616,0.1982538,-0.055617787
A0A979FTV9,1c1fed85ae161952d7c62a654d0c83b9216a233cc9027c1ef40ebbdec2137ae3,380,1,0.37306526,0.16736324,0.0036637138
A0A9B0BYJ9,1f4ea16d5997067411ba06df1319693d72bc4d368d9e73d13c4df004ff763817,346,3,0.094790414,-0.092653506,-0.028535426
A0A9B0F664,2e417359063a85cc426bd3e2325203bed7e7cdd0c486bfc1a877982eb492d01e,587,3,0.2408,-0.008646325,0.080011986
A0A9B0F8M2,767f8a0dd75c3da0a279534f8a4282a0a32d8287d3be7073f3c0f26cb92247ba,480,3,0.0854175,-0.190134,-0.006335582
A0A9B2JPJ8,e2aa8710afba5f39b73202f5fe961f5e2a48c8a1287acb9f6d3565f0a8c58d7e,326,3,0.11421369,-0.2607772,-0.11710803
A0A9C6DXJ3,af6a524422eb8fc1158e0b57252eaff5494628e031fefda7c1e0fbf1412791b4,250,1,0.4103573,-0.010335975,-0.061214175
A0A9C6E4G4,32c5686ec62501c8b4c0ce61c8713c687dfb8a096f566a2bdb48c34aa0682853,579,1,0.45452634,-0.07807933,-0.04149423
A0A9C6U842,8fcb9cd9c7acf85070298c01c6d35ed648cd254fae2a2f899b7bc5c5d51f960b,524,7,0.026963526,-0.030319326,0.21948832
A0A9D2Y803,a26f28232f5a9bcbb22df094d206dc9015b15bdd9ec2c96923071edccaa82297,351,3,0.14055207,-0.104122706,0.10971958
A0A9E7C239,c4ea4aa947f04a90efa6fe8267fd541746e9335d4c6f994db2d345848476f05b,239,6,-0.2057011,0.49021676,0.06477384
A0A9E8Z9Z1,4928b2d26c817dd726f48d2aee07f7fa2977ef853cab44df8c4656dd89bcc418,326,2,-0.18339849,0.029888839,-0.11407013
A0A9E9C8M7,435c9eecf7156aaffc283175a1125579f830a256272a6c4116e6ab1215bb7c80,506,2,-0.14569578,0.10309931,-0.066041745
A0A9F2NHA9,690a221c039c2e2f9c155f671e6a0bf6fa6cbeac2c05af1c94c87a996bd45d03,504,0,-0.17493518,-0.15123248,0.042255666
A0A9F2NIJ0,d503f63cbc434833192134c8216f8dab40146cbc8cac88775f832fd4f5f8ac19,340,0,-0.17786375,-0.24998511,0.16896948
A0A9F2NQV9,ceafc3e4dd0c4c0ed15f145b0df109717c29e794e4c122b949dfba25b6857cfb,347,3,0.0065953108,-0.05431127,0.08052529
A0A9F2PLP7,7fd0e99469460821b4206d427ee17dded2a0bd0f40def3156537d232fb87d02e,420,0,-0.13810237,-0.1710612,0.03750935
A0A9F2PN76,e90530ef5d7570675f34f327c250f069e950434a9f1dfed269174ba201be5735,318,3,0.21442753,-0.13007621,-0.07728684
A0A9F2Q9V8,8d535b5c07cd3da6b4e547254325309430da3c99eaf97bb8d1a8a4c03f7f110a,371,3,-0.009892676,-0.13281307,0.15114349
A0A9F2QYZ3,ec75d3f292965799717a45e56480504bc13a421c6a9407db5118b695dd1f596a,274,3,0.005196368,-0.195472,0.018764816
A0A9F2R4T4,517a2aae65e3e6dbdfa6d39170c61b1fefad330d95c7cefc10cb533e813dfbdf,408,3,0.01432743,-0.15177153,-0.030544741
A0A9F2W7D0,3c00e33b3086f2e2a74f3e1ce33f5e4d14373a95d79631d25556c092e5cce6d6,354,3,0.046538547,-0.12575893,0.110914275
A0A9F5IF47,6e3896374ad605f8d171dfa003f3116a233c17ce57326fb18550c9a77a027d64,563,3,0.18129303,-0.056892183,0.06462048
A0A9F5IH13,73c8f075a7e11d2a55c15ea5c0775dac363df87317578dad6e6876d2105eb0dd,530,3,0.132977,-0.12244102,0.027145233
A0A9F5IUE3,11b33ae3183ae18f3bf6e9525ec10cd8ce740ed5881e31c57465b91effa9f4d4,590,3,-0.02378844,-0.13937996,0.0058875596
A0A9F5J7Q9,620e199615eb963fff678e9484090b86d082437eedd66895a3dc1614915431de,343,3,0.074008435,-0.064241186,0.04138477
A0A9F5JBE3,7a1419b4ad240e9d03fe3817b2b325a85802606dfefc33f4c2b431e9fb5cfe58,417,7,0.19930045,0.11941597,0.20469049
A0A9F5N3W8,a15f3458849da088a5a45e0091fea48c391c50ca691be8fa06acc5a926f9597f,344,1,0.29484507,-0.06477569,-0.052533705
A0A9F7RQM5,094a45f9b926f3ec7ff51478963bcece6b435f6390ed73e59a48856f28ca8189,585,3,0.01403072,-0.06895427,0.07947706
A0A9J7EJM5,1b96606b690d919c47101a5c92f494a00fcb1c8a4ec9862985a9712123f2fa9e,521,3,0.20012745,-0.093799405,0.0046709273
A0A9J7ELC4,d268b888531ee0ca9a82e940bdffc1a926d395b4a43f516b96888f55b0d8de1e,350,1,0.3180469,-0.09603245,-0.060218602
A0A9J7FY65,e6442fbfe7731fdab60eefe1f44059b6086609da55834eb69869f5b813d09366,598,3,0.060901314,-0.13597158,0.005414912
A0A9J7GWL9,86afe458bd28699d557ed8dd6384295e61ca198630cd84b9ad82e5486c97fcb9,303,3,0.13087831,-0.075248905,0.020639008
A0A9J7IU64,fad0eea8f401583224c1653ed62dc165d7cd513df31be85d5322192142b3cc7e,420,1,0.45262384,-0.0127829015,-0.10916176
A0A9J7KS87,fe3732d49226086c93607ec7f3e18376505490694ab14679b2a5b2b24d91b56c,327,4,0.18781205,-0.022888534,-0.13544463
A0A9J7L0C4,fb344d50fc325a4e38a2740f6db5f455faac236603cc9ee86de4c86456312e68,465,3,0.24429847,-0.05468332,-0.011936018
A0A9J7L438,7f6f79e5e6002fd4d9b882403c47de6789fde1a85cdac7c4807e63bcd3b71dba,599,3,0.073421456,-0.091749,0.016513148
A0A9J7L8Q2,e890444c4289e9ea3ff71efea04c8461b5ac0aba0e0489d5544546600657975f,270,1,0.41514182,0.13411833,0.047991805
A0A9J7LCR2,ed82d29608aca7762dea9c6ff4fdc9500e00f765844b6f194c30833cd820eae6,397,1,0.3467954,-0.024992744,-0.041945722
A0A9J7LT43,31c1077693eae8207043e056432261cfd8212d004006214783a13406288308f5,437,3,0.23046781,-0.042330522,0.07170377
A0A9J7MEC1,89399ad540779119a99af6aa4b3aff4c80afdfcce0f761be64b7e526e9679adf,403,1,0.4400166,0.08756345,-0.04408415
A0A9J7MJ50,7866905af881bf5657dc46f4e4ca8b6008e3598816a51aaf2a4542db5394d540,526,3,0.17436016,-0.07186834,-0.009134958
A0A9J7MKC5,dfab1b86b06777717ecb4c7b6e79abd9b7e43a1a4cef564d1c3819f23c2e6229,448,3,0.009427688,-0.13237236,0.059502706
A0A9J7ML74,5e1575cecb344f79c9cefeafac4e08a8ad557902f987f59539a4e0f21314769b,321,3,0.14228748,-0.113020174,-0.022066772
A0A9K3Y768,1fbbbe633d44394e890f2ef544c56c54fedc2dc023eb9fafc62792c84896180c,598,3,0.061377276,-0.13321434,0.004937728
A0A9L0J087,30dac2a1f95161561e25a4488e3b4e9f9c5a357f5d3089a84c7c25b31e19f31f,401,7,-0.1137564,-0.07762548,0.19812012
A0A9L0J3T8,b52c74500d9bcb25c3fe250d68c2f559cd6fcec5522740fbfda95873a95de46b,390,7,-0.034656122,0.011880502,0.31761876
A0A9L0J9Z5,49d5872b29ba40e301662745cf1534a5c1ab69300a8fad83ea9afa0ac9c73e9f,582,3,0.1609394,-0.08867515,-0.015274387
A0A9L0JYE6,1fdc2e9bc0b1ff816bb5e7bc5936e087614af9c5ccd9d8a1db91cc9d263a3301,595,1,0.3441281,0.15643065,-0.11004123
A0A9L0K4K8,f78068f9a255e343ae1b01d0b1cc07f95359d8fb8c6ea6fe7210334180c50dd3,382,1,0.31853354,-0.062563404,-0.06257905
A0A9L0RFR9,015b80467f4ec56a56d6e32920bfa2133283bf3fd892ed1c597783575f31597e,321,7,-0.15024331,0.05038871,0.3184861
A0A9L0RM67,875effa21f3ec31ea802b38b16de72465d6e9b142b004454b6acaad7fd98d2eb,353,1,0.21497239,0.13553189,0.09784481
A0A9L0RNZ7,152b845d00eacad59c085aecdd2034159d9762f1bd71c6abe7d50cf99a5635da,542,3,0.13593143,-0.0854208,0.07350985
A0A9L0RVZ5,d0139ceeaaf5d239c23e8068bbc70259f86130008de16bee9a52fa2dd83937b1,441,7,0.12292076,0.09630584,0.1893422
A0A9L0TDF7,101d4bf7cc7c330e92d74b80dc3bd662e36928f5dbfdca3e557c7e33668810da,582,3,0.16220197,-0.087398835,-0.016884102
A0A9L0THB2,82a3acf3c7ad9437a5646ab4cd713921cda9fdc22563a9a636d7d29af13def61,598,3,0.050344363,-0.12934011,0.023904126
A0A9P0ACI0,6e77e0c8d49bdb82c2476232b1fd6cf8d20080918130305f4b9fd443c598dbe8,498,3,0.14735806,-0.14817475,0.039564677
A0A9P0C9F3,3fe11622b4369f84b8ef2b65ca51c9b29efbca82453618b6b09f71000af89ea3,578,3,-0.028810753,-0.15625602,0.036342714
A0A9P0F307,1a09cae810db8d00a2054e08530a01bd1a16368eee6ecc047c4316807fa01b74,345,3,0.08278322,-0.0656409,-0.0063682836
A0A9P0F9S3,af8d6653c014bcc5a7a2a4314000b271ad9d4955fb3287e372dd8542d5f0ce4d,598,3,-0.021844495,-0.18044248,-0.008911427
A0A9P8DFE8,30bef2a75041828dd51de089493bef1dfa531d28138423a85dab27fada0844f5,525,4,0.1475122,0.076140195,-0.068232685
A0A9P8DL75,18abd263fc9f462f2e5083b723d479a8a94aa95b44299f7125b80b19d80c3073,486,1,0.51930606,0.22417131,-0.13274357
A0A9Q8QNK7,424616319b0ab3a4d15aa24a4900d07beee911a259924abf534db457a908e2d7,555,1,0.5146819,0.18037777,-0.14676097
A0A9Q9V0V3,9c87720496a01b9a327de6964e5d0fbae74a117e05c242a4b5f7753bf1d7c1e9,331,0,-0.231576,-0.15027408,0.042339373
A0A9Q9VLK0,f37826adfc9de42d5202b6a85b1c51b416d0878213b30dda6b1cc1bb57e5520b,596,3,-0.022753363,-0.11043639,0.03741635
A0A9Q9VQI6,baa713ffc0bb302b6881a5fdbfb57ad0f18333e7719b0435f974fe94e6987eda,412,3,0.18672006,-0.052500505,0.17144468
A0A9Q9VVB7,819c5cf27b351f876f9cb20d74502763ddc032a7c6bacddc28d4a97efab435f2,585,3,0.14172894,-0.20425388,-0.029596034
A0A9Q9W8D8,2210c7f8e61f27be9641db931a10cceda2fb3f792a6a83bb575a6fa6cc68e6ba,595,3,0.09475844,-0.17102066,-0.013233237
A0A9Q9WYV0,59f3b5b7600c887f284aac8361aef27bc0d2941a9c27767898aa00a913d335dd,572,3,0.07820909,-0.16480441,0.0021276276
A0A9Q9X1E9,30315ade39c8384878fafd8715f1d6485a55390b2aea449ea701b67e764408b3,565,0,-0.055085316,-0.10604034,0.046656948
A0A9Q9XIN3,e039d80ba6bf1676ca7e357df9ff201872346a86300885e1cc08d39fc5c91180,554,3,0.03209674,-0.09217062,0.0032738924
A0A9Q9XKH2,a684f39bb836e9ef34d0e77b9030d59c626c7bf709df742d3b9f7a417134720c,596,3,-0.029575443,-0.12878785,0.030910142
A0A9Q9Y5Z0,4b64b52afe5507ee376bb88f3adfeea9deee20cfb8ffe707329f291cf653acc4,600,3,0.05365517,-0.14569919,-0.00907728
A0A9Q9YR35,dde89227a52f66f9cc0fab51996d78ecf886dfae710292839ae561d620451bc2,565,3,-0.028506355,-0.11738064,0.03201044
A0A9Q9YWV1,c18394413e9745466c9fe7d180b374ae60df0123a2579ae6b787a1a5f61be2a3,449,0,-0.051661145,-0.16662803,0.08696907
A0A9Q9ZKV6,787463ea7a39348e6b2b1ff80f4186201162ded8cea02f884ec72aa5f118cae4,337,1,0.3896274,0.10572904,-0.048888087
A0A9R0AHD6,dbb94db65f2645d4d490e15bde790f5b09f99270d94b34724f60df152d6370af,557,3,-0.03960804,-0.13583381,0.12941502
A0A9R0B2D3,b2d3618429dd66142510ed1c6ed58097b8717aca61a2cf7a1f75399145be06f3,571,0,-0.20970915,-0.21346994,0.065430686
A0A9R0B308,27016ef1e462a20827e97b1f79297686f56b13e58592d5600ff22f62540521dc,331,3,0.18090834,-0.06339691,-0.026992146
A0A9R0BG21,d7a6079bf8d70de4798adf0ce620468c62e79073c19015a0f8908a52ce506da0,551,3,0.15997745,-0.04634905,-0.012105587
A0A9R0BG59,333871adb6725ad24fc02f94ff980a677ac316a9ca3297568e6fab9dc6733190,582,3,0.15469006,-0.054902278,-0.010771138
A0A9R0HQE4,ac126da6ff190afff0e0620fde5c3dbbcbcddc914e8851684465e2965639119f,543,1,0.4951365,0.1465782,-0.1482858
A0A9R0ITB2,7060cb3f23d146d13880eb685d8740bcd77f2923e73b7864613b4640dca2e504,444,3,0.008854174,-0.115416974,0.016677974
A0A9R0JHS3,8cf134a7c187164ac7d0f3600ba27ce6879d75e1e82dab88d4cfc538b0ef36f3,433,1,0.42477757,0.017901644,-0.07682739
A0A9R0NVD7,f9f1c0b0c377b9ae8e989693b8985176c3c7c841de17e6f5dd5a1cc430499d97,334,6,-0.19646315,0.28817478,0.07213796
A0A9R1T807,2dea5f01a6d62c5d47c51169f160f2de497f05756036ac5673e694ea5f4dc414,370,3,0.14206953,-0.13660598,-0.061167277
A0A9R1TD31,4246f51e611154881baf96835cd99a8073ce66dc72382e1f1e11220f55fdbe21,344,3,0.123087496,-0.09224249,-0.04625272
A0A9U8E588,9fbd71ef90190112601e42bd76622bf86f2fe451f04aafa87defa2105f94bc33,594,0,-0.055880457,-0.231761,-0.034323532
A0A9V1DYF0,db85747798de253caa6f1f74935eac6d1eeb946d39d94ee468b551762af20da4,335,7,-0.16750029,0.12675212,0.2849797
A0A9V1EMI9,7bd40c6eac21e7391077e59be72607e3c261e7a7cca09fb6b3577b315d12913c,398,7,-0.028158875,0.01889187,0.32493907
A0A9V1FFN5,ce8b4ad3521b48b059077c58ab49fec5753ed3df849d53fc81c39a4fd3f9bf6e,582,3,0.1584636,-0.07876512,-0.014689838
A0A9V1FIU6,7da6cb14c4103106ea90daad2a159caa63f599b6df44b835999ca5b2e159a2ca,552,3,0.07495304,-0.11718858,-0.036943667
A0A9V1FQ36,d6ca2dcf287efb04d54bf56eacdce78d89440b44e9c0f5c0feaee29003ccd2b9,557,3,-0.0459679,-0.063921586,0.074622184
A0A9V1FUL6,0bb37f426ed29b593548f87c2e155b839bc0851550af60a4134fd98e4858aafb,370,3,0.14519182,-0.16806936,0.028217021
A0A9V1G1F0,4829954c932ff49ff376b174f4aaa406d2e87375476e19e587a0dafdf4debf4b,330,1,0.40295556,0.0723538,-0.07728782
A0A9V1G2J2,6a8f306210d732a45fd52ca9b0c561d8a745e54953c97d94f371ee3d03cbe6c5,388,1,0.3101129,-0.00054000644,-0.023368549
A0A9V1GM50,7371ea86db8cb47b4daead3bd16cb61cbfd4ef4851edac36eec36e56894e3b75,381,7,0.14012228,0.042463116,0.26960894
A0A9W2UFI6,b0ecceb23c29e6274be0c540141b9c1243c16c7e6019ad7c98d92d80ceefead2,446,3,0.20793055,0.02001881,0.07772734
A0A9W2WQX8,1603286e9455c541c0b019e8fd6290644db58201ab32c9fe0e96c50e1839fcb6,247,1,0.42405176,0.09257568,-0.16225354
A0A9W2ZTB4,17efe284a932f4efb8b08e0b0df6e2c7f84aa707b35857e3d1aa7734780f417c,338,3,0.09136965,-0.15161537,-0.052522805
A0A9W3EDN2,90cd9b1e4c2c7c41310419e1b22d9015a6170554132a61ad071bcefa436bf3c1,327,7,-0.0040613664,-0.023632582,0.229146
A0A9W3EEB2,60bbb44bcf7c58f306711feb8baab7db9e848edbb604ce6374711e5f0d8c3b0d,382,1,0.311839,-0.04692954,-0.054968998
A0A9W3EGV4,08ce4e56c1215e73b2112d5dd8cd0a53db9fe3a00759ff7784fe4a15213d1a5e,516,3,0.06984679,-0.12919317,-0.057446927
A0A9W3EZJ0,bf4e79d727768ba0621a430787567073b437807bcfcbd00fa848bca271f4c726,559,3,-0.0051279846,-0.059018902,0.0833384
A0A9W3F6C2,88ca3c542891d7b2ebdacba038909ca50253a73c2bec41ff874d98461df8986b,400,7,-0.055811368,-0.115537785,0.2842282
A0A9W3H1W7,3987e47a42c37b0122a319f21281cb285d2c5a84fe593348672c8a8ee1c25341,472,7,0.025192482,0.004507404,0.23567323
A0A9W3H4G8,9057cdbdd77df3763c90ddba895e1a31f95a78c28a94bb459c74c10e8f566750,598,3,0.052019242,-0.12924597,0.020228026
A0A9W3K3P0,63d6ca08e76c67c9091e069a2f0bbc8fbafe3027fb457cf1cbf9e90291283e9a,389,6,-0.06586092,0.336622,-0.049317148
A0A9W3P9S3,06033f423b9f41c742ea3912b27d16b122d60189b9e23498eb69303f362be90b,391,6,-0.031715415,0.39450568,-0.016710628
A0A9W3PJW5,daa3172985b3534112cbca5343fb04e636152fc179da9f601a2f90e7ad67abaa,357,1,0.31229666,0.042070586,-0.26683253
A0A9X7ZGB3,0f68cd8dced97ac1bbb8a78ea9ab4f11fb038d1320309bcb630494954a6ed2c1,312,6,-0.1577329,0.2912383,0.00065467163
A0A9Y2NFQ7,907f28329032f73a75716973ba5349b0817da4ecfba8b0b48e8e61b7bc59895f,340,6,-0.1683588,0.29035813,0.06469963
A0AA35G6U5,4b4fe08a7521b0d7132328e06f268410b9ee22648bd0d0a0826435a8d55ea89f,213,6,-0.27620277,0.23430538,0.0023063265
A0AA48QYI6,12504640dc92f8f227aac5ff393f9b4c945e16991dd6b753491e3826e2d53d05,433,4,0.106259696,0.19009084,-0.06435488
A0AA48RHU2,b5cb95930334952f1b8b4ebf5816bd1944258d5a8d956d329929ad2d5ad2b37f,230,2,-0.23136742,0.2032603,-0.07813196
A0AA87B143,9cbb4167727dd027de00b077b3c57532e2d849b5367940e9d75fcbaafe735d8d,337,4,0.18060578,-0.056516316,-0.26350042
A0AA91PW50,39364a2ed5498ab4895c730657234ce0f78bdf7459ef4f9a636126722954071c,376,1,0.39873996,0.04523909,-0.14131
A0AA91T0G5,db6f2943ec91235dd5b6cf30855051ee016f020502df139c59c5393cb65dd730,339,4,0.15530469,-0.044593226,-0.10409714
A0AA96M398,818a6500aa4d8002ccf708adf59484d4af9ce5c188829aee768b98ab855e393f,314,2,-0.14819962,-0.010727212,-0.19877541
A0AA97BL40,3d356c15de695ca79bc0990123a6cd2f79b1d0efc16d22a371e7b328cb3e72f4,487,2,-0.13680647,0.14139532,-0.061463434
A0AA97IZL7,3189e299ed76249cb43f78d840b846522864add8bf948bfce3d07846f87eb8de,478,0,-0.11804894,-0.21229595,-0.017801896
A0AA97J2P3,385a13944340374e109e6aaeebc5d7669d894281ecdcbafca6c2973ddfe35f8c,357,3,0.16907041,-0.06429354,0.10254198
A0AA97J2X4,f3fca2fa42681704c471fc026439e9d62fd641e1770e76db5b81035480db3628,342,3,0.0603779,-0.072661884,0.059363883
A0AA97J4H1,082c78399b1a9230706650180f59c1f3443dee01af05441eceee278724f8c5b7,565,0,-0.072733134,-0.12422932,0.030581327
A0AA97JEJ3,1ab1346483c526603983fd925944d0c8b97ab6a51aed7326c358db75cd73ba3f,391,1,0.31684974,0.003299285,-0.027610978
A0AA97JFY2,be994c581f2c009ad6b6e6834a0e4b87bc5a5c5c6b39c88688ee271ee03b866f,371,7,-0.026943427,-0.123682424,0.18117553
A0AA97JN81,d9d61f6bd331bbab33c644b43f390b6aff062fb27b3fa0236057a95af25c2a6c,349,1,0.32834026,-0.026918815,-0.059854448
A0AA97JV77,86d3a3b876a2dcbfe70c90a256e75cd1e1907764102e6102c999056f11232286,353,3,0.14216702,-0.047028903,0.09156115
A0AA97K1F9,8667c6bd4896cfed24343bb0a8c7fa0b075855bd6cb405d5dd2769bd2866d3d9,524,3,0.070847094,-0.049631827,0.15133698
A0AA97K317,c87603840e1285ea6b8744de29943262b165c70a2bf2105a64a45c72fd0affdb,326,3,-0.06271405,-0.084465824,0.07987658
A0AA97K797,a7962215f4a4258fdc18ad61cc88078182e50bfce84b86538399daa801224ce4,560,1,0.40886822,0.017928183,0.13869643
A0AA97KCY5,4a0f38fee67f551266804cf3364c81cfe4c4a9e92f52a0281ebf003abb4d9831,359,3,0.045614358,-0.057745185,0.084123075
A0AA97KE34,b0a9503b491007d15e965d2e2de8240780103012ac7f6e42264b53c959386446,334,1,0.4121921,0.04499655,0.019403331
A0AA97KEV0,33d4b1a9bec929a7708507812649b7b63c13e0e8d7e41869d1ebccabea679963,360,3,0.17131326,-0.13669993,0.004335506
A0AA97KS64,02f20f43e83a523be1a107ea5278c34dff9d752c33deb1b0651a3ee676e98b6f,430,3,0.106804445,-0.12511669,0.078811936
A0AA97KZ63,508971450360b61c24d8530f420df9447c4c19e64b9ae6ac2f20f20f84fde637,314,7,-0.1721702,0.038021475,0.24442503
A0AA97KZV1,4564eeebbd18f02a79867c8d2c486a630150be8045c37f947a8d74740f31b5c7,331,1,0.41741914,0.050265044,-0.09858412
A0AA97L522,bf3765dbf82c2b70d3eeaa2ca30e51cdcc289d7e81592d8f834d8eee5f5e3a1e,337,0,-0.24208935,-0.16190325,0.0433976
A0AA97L615,5c166dd6f2d2ddcf8f51ac57605234496417289666cdf1e2fb8a237c0cf19a0a,394,4,-0.049251214,-0.07339681,-0.13687888
A0AAC9N0F4,d6eed0a63d85460e8ebe30d7ab9cfcd6d1b56c116952d447a82f3ada54a77104,305,1,0.35785863,0.33104697,-0.10995662
A0AAD0JT56,3ead7b955eb673e6c122e39e6dc2909ae7f662bc495fb7e9645d0cf7a345c38a,319,6,-0.17600584,0.37729838,0.07984487
A0AAD0NWE5,8303b7a38d6fb734affeef3291340940af3e5bd0bd5cf0071b90060cc0500bdd,342,6,-0.070123345,0.23344009,-0.017719638
A0AAD1HQA0,5871e6484e19ab51f8230deb75d6b649675e307ee4a75e0d58f12367a3dd3649,311,6,-0.17477709,0.27247748,-0.0009044131
A0AAD1M0E1,0e2ac411a964ae3a452d00b8c881759ce00e9db025b82045afc892cfc0621702,321,6,-0.13732427,0.33570042,0.031478237
A0AAD7LL96,df086e186ba39f43a0d4a8e7e90cca2d9ea77c994dee0f403f2b7a026440cdc2,401,1,0.47132438,0.04327122,-0.07676745
A0AAD7PW31,fef16a92f4fd90223db270b1aa3052cc229e3ced034847e0e373117bf2a59441,519,1,0.4626826,0.16086508,-0.1486644
A0AAD7Q2P8,02298beeafbdddcadb49b5c4e92a2df7bbc847b61f10ac271d686fa15ca2a7df,497,1,0.50749457,0.17317365,-0.14632335
A0AAE6NJ83,d4876881f9b1085e6989c30a4cf8d71ddebce564c191fbf301c98bfdf5cff374,320,6,-0.36937612,0.26664367,0.10895598
A0AAE9A1S9,cbc0cce717a8649826d0efc53ff4a485b823bf8ef8611e8ee91e74e455806b2d,495,1,0.3908969,-0.0054179393,-0.053168908
A0AAE9A2H4,52e5348d79af9425b41e72934e5a96e25bd442f701d683741632dfcb9a87c439,441,1,0.23432992,0.03434204,-0.19137147
A0AAJ3H7P7,c53cdaabc96fb7ba4b154c2a0bfeff1c6c308b377d1e08ee17b7461df9f0abdb,303,6,-0.22064596,0.23119088,-0.058914624
A0AAJ6L0Z5,2dfb98467a6710af3318790d58e80249dc01b165fd84b6cecc83333c7b13c9a4,327,6,-0.2255638,0.31891605,0.08681555
A0AAJ6SXL8,cfb3c8c717715588255f39cb432746089c71040bcc2dbf597f483c5a9e4a634f,439,3,0.10904662,-0.122929335,0.018131968
A0AAJ6T2N1,c804e4d5c76301a29c18079228a9c4a960ef70eb3fb59cc15dc7f06c8b2e4fe9,337,0,-0.19372454,-0.17401318,0.031230066
A0AAJ6T994,fea1d98f964bf48ffb9a8edada8d1c3d887a36433e146ec822f1e8ab75111692,517,1,0.4509778,0.17262742,-0.1409534
A0AAJ6TFF5,03c28ba89870834dbc75572fad8a42b0c3d655963d3ee96324af6cf0111ae8ee,440,1,0.42199746,0.028920269,-0.064992435
A0AAJ6TR78,29ad1b62fa2f41532fef452f46ff07e3333af1dd372fd74bed61f54ad692510b,518,1,0.46667406,0.18003862,-0.14039938
A0AAJ6U6Z6,ee5f5bcc29f79fa05c7a030c60d039208607c9b267b4862f69222e64925da422,336,0,-0.14438494,-0.19730367,0.030626599
A0AAJ6VLL3,3ae564ddf1c3d885006b497406b33c9ab5b9b477c4fa21c48eea0f968db65433,553,3,0.21238272,0.0018880693,0.11535986
A0AAJ6W0K0,abc1298671566353d4198b78125cf6ea4f88e0a09c029e928ff4762531d72be6,593,3,-0.009720013,-0.12353144,-0.007952189
A0AAJ6YX58,67ceb973b2606f57883059cc0fd37af99526d70188128a3ea548626fed963f70,598,3,0.025885476,-0.18517976,-0.045764357
A0AAJ6ZX41,9c891e64cdefe567e4f365a17bfc57f9deac52101b6aa71efe22443f4ac2f7c4,554,0,-0.08310676,-0.11101806,0.023385579
A0AAJ7BU00,6b984c169ccd55a1b76c4bc9a1866d94d01105da6c9c844d77757f127f971510,571,0,-0.07394164,-0.13157076,0.058923163
A0AAJ7CAP1,327d089969034c4d0859a56e590f44331e95e86d45476258794164c7b778b084,398,4,-0.030192511,-0.016924985,-0.094201066
A0AAJ7DZN7,db5acbe0049ccf5b5f479c4e500635a0590d990d158f5e6e454b1ca7d40fdcb5,571,3,-0.022336658,-0.17637804,-0.024091324
A0AAJ7EDB5,e5d1eda1ca07defe67fe526feeef5d84d5c99a8a47a6bc40c7094a931e8198ca,286,3,0.12618394,-0.1593654,-0.08946195
A0AAJ7EGA9,ed6b92a839cadc43086ffe7063dac397ea2ab7a7a074d33ca641e486f338fd08,441,3,0.12331143,-0.08754782,-0.006053986
A0AAJ7HSC6,79bf87730569e0ebd9d13c0bd61e98ab84a9ef57d4a7b919cbaee10c469a46fa,558,3,-0.03436507,-0.0894492,0.061431427
A0AAJ7IWP7,4af0a573ca743d4db5468e6571f00cf1d8ddef04d649c422d53f71981ed1bf64,398,4,-0.039269425,-0.027596895,-0.08280519
A0AAJ7IX76,ebf41c666abb447952062af9e945bc9ae71e70f9a927f77dfa844a1fd5e3e2f1,384,3,0.091957025,-0.13266182,0.0012997423
A0AAJ7LA70,081c77e87e9d3d45d845ff7219dce1e6a1be9ff55413f401cd272f709639842e,593,7,-0.0030867313,-0.048889313,0.2398441
A0AAJ7LF39,000f4dc7befc6ee5d73e3b1eff8fc7042f4fc2908fbf6485b33663d64b09a62c,568,3,-0.032390695,-0.10023326,0.07998019
A0AAJ7LHJ1,185a3571f986ba116b8e9d52ea6bc427b449b91acf3410c695dcc3b0ee88f86e,432,3,0.24650611,0.0025622312,0.18123241
A0AAJ7PDH2,23b3700641c2486aa29e80406333610165a949deb7318e280b21331da0932f5a,382,0,-0.076583,-0.05651864,0.12657645
A0AAJ7PWH3,d3fb81d1aa3fdaaf31c706cb3691628a48861e15b069f99114cfeb1ef73510b2,336,7,-0.080328815,-0.036039393,0.13118768
A0AAJ7RL61,298e099fec92e9e9fddedec9c2a4d9d4127ed906653db62c29956f34301f60b3,338,3,0.26200956,-0.10712352,-0.052037314
A0AAJ7SGQ0,f0eb9793cbce4a6ecfca85a6b2dcec7434eaad6ded674e3a3b59db313025d74c,397,3,0.09088743,0.0074847275,0.04295803
A0AAJ7SMJ3,497bc8e88b100d24c441252b3c539e4e7e4b06e152883f801ed83b84600dd1b5,578,1,0.36433232,0.31066746,0.17002837
A0AAJ7TGM9,55ec9b4b8271070cde9d6e4465731859c04667f58e6cdc70b6ddd075bfe91143,378,1,0.2880482,0.04446068,0.0071807215
A0AAJ7TNF4,f7702f77fda005689c02ee22c41b013be7a9dca73da8c8393cda4456230d128b,557,0,-0.059513237,-0.1269634,0.010110541
A0AAJ7TP84,eb3e3b63ba6d7afd2d2e776a067347120abb8c3e51a72e8e2b509867e50ec3c9,341,7,-0.08452642,0.18766686,0.19837216
A0AAJ7TQM9,5339934231a6f4638c09e2d66248df71e8021a8f63fe68e62bbda7d354f68df9,449,7,0.20283292,0.30975038,0.26025915
A0AAJ7TR62,17c58e527a2c30a812dc55ee6c080b818af9f1ea6247b87892bce87658dc5366,400,3,0.23549606,-0.029979775,0.012401513
A0AAJ7TSY3,c344c7c3472ac0104fab233800ff7a50cc3aff4bd82c3c88da93db9d1c68280f,377,7,0.14163834,0.009810266,0.24125414
A0AAJ7U973,4804175e9ccae92d4851e7bacac8e21980275f95e84a4be09eeec030f9340d25,328,1,0.22966515,0.029842705,0.03588508
A0AAJ7V9E7,6be4b3dba701bac4b0526daf541c2e2beb02915bbdf6f45b1381275309090224,394,3,0.012425303,-0.0913416,0.009017692
A0AAJ7VEU7,071f9d71855bcdcea9dc626ec4dd132286bad62c617d41c0491b58586e6ed071,304,7,-0.14850017,-0.0038120484,0.18678021
A0AAJ7WKK8,a0b516fa2c24c8ef5da9fb2ac73a8d1646cb9b93d866fe6fe1fa113cd20df901,466,1,0.27474183,0.19334947,0.09882978
A0AAJ7X4K2,16a44ddb2f3ee699313f28faa91e05cdc5327497637159b49c675af3aa05ba19,585,7,-0.006270252,0.09468865,0.18189882
A0AAJ7XK77,b3615708d1c1712264832ef949eb9e1da609849795c224a395798ad3e2cb2f18,358,7,0.170317,0.17285843,0.21002978
A0AAJ8JXX2,e1d18908f230f56b4a423b9e212af1fd13705074a8f3bbde950b4c5f80120be7,389,1,0.2152184,0.07394346,-0.10312014
A0AAN0IDY9,5371bbed6fef0a87e19252d575a09eb075e5eef19065a9a719d3515322a0dc06,359,1,0.26510787,-0.07199419,-0.08435488
A0AAN0IEI1,680fb573db24efc9bd21d4da98862386916918185e6a81f61434186e73fef606,335,1,0.32937583,-0.014354288,-0.042837482
A0AAN0J4F0,96459f848cfd3d9aaad14ae3ff05843485e93074608e2bb8ae81e74aeb7e766b,402,3,0.11302215,-0.13902172,-0.05187873
A0AAN0VGV4,da273f3fbfd8c33a241f69e2ba786665099c224d619dd6b5d7afaf44d3b78497,395,2,0.0004543655,0.30116838,-0.07393111
A0AAQ0ASQ7,9548f30b94979d4ce0b2d1e4ff8bf8454b90f9bce99453ad9f8ab3ad343b92a5,303,2,-0.23197459,0.21108244,-0.06844532
A0AAQ4NVT6,c46b5cdae37b97bb1a71dab28dbdff42988b515e7f53968683a19844e7a23e43,304,7,-0.1454718,-0.035866585,0.19562036
A0AAQ4R0V7,b71a26de06f37eb3d5a1292a44ce15cff2f27199f902017ad429c6aa37d6ec4b,338,0,-0.25668564,-0.1408182,0.10240154
A0AAQ5Y9T6,1b35be1fee0e1c59560133188991510c267176587571a0326c9e65353257a590,587,7,0.031641774,-0.05399591,0.21029218
A0AAQ5ZSV4,9c77754e43a71d2338fd352dbb543a7fe33ac70d90e584fa3a2e8a3f9827b6dc,398,3,0.17233352,-0.08461836,0.06940811
A0AAQ6A2M2,c86953ff88c55eabc78d897e4527b3f77383d7b2367c89e1a5c65a4dcb60d1da,356,3,0.049950995,-0.19539134,0.07988763
A0AAR5P158,895f7924dfac61fd416274b8f5865ae968dc3bae12d5094d918ef5cfb1a43ba1,490,3,0.12790175,-0.16350846,0.051154047
A0AAU0UR59,a1f4d0dc645a2f3aca229300491ce3f3ea4175dd248898ebe09cb123b513597f,229,2,-0.15346041,0.11789576,-0.17463723
A0AAU7ASG8,d6ff0b1877cce52f88b659f04bc1bf9f2268c77df23116705af98f863dd38dcc,229,6,-0.26149312,0.34390092,-0.025909852
A0AAU7UY27,95460217a60c763bdd229f20106b9d4bcba9b6efb59cd7cd3664ad3447d9a35a,305,6,-0.22684559,0.29168037,0.04214924
A0AAU8GVF3,4fb2c8b856a7043d10c69125e5ff50c466b6319090484af904b35d934c9bcba4,505,1,0.31034458,0.058387466,-0.24877249
A0AAU8H209,2f3eeb4e2f73af5840ca2d095ade50cd905d6e3046f8cf2b9d3fbd0966531431,505,1,0.31072745,0.05849953,-0.25711727
A0AAU8IVU6,7c4c9d4de66ac30d3a61442d490a3af8d9fe0fa2575f3cf0ae9248fe0dbe236a,315,6,-0.36170033,0.24469824,0.08349838
A0AAU8K064,6961d26a823c13d4093a461edb52c6f5a099603186b8a32f02bf5cee9f44c93b,346,6,-0.22830042,0.3565156,0.11425494
A0AAU8PA58,ff3fddfa7232f0c73e418992675c557b77d3f90061c21fb099bd7ab0af743411,226,2,-0.309556,0.15653282,-0.06284154
A0AAU9Z9T1,005e5b440273fbac533c881c3b0d74e5352672565877895184ed07389352797b,395,7,0.017149758,0.062090997,0.31025603
A0AAU9ZG69,bd4c185491a5d27d9185ecf5422b71e88e3da9e085400767159e6c27d24ba4a0,321,7,-0.063031964,-0.0047129444,0.21746522
A0AAU9ZJ53,3396f2151b392d6450f6b037e35390ae3f495c2db7b30383ebd87f58961bced0,308,3,0.15474552,-0.06914008,0.013918229
A0AAU9ZJU2,f7d7561ca223ebd7505e272c70313f7791121d1a5ad4b1028f7d108c15c160d3,344,3,0.14904293,-0.11596365,0.04434888
A0AAU9ZLS4,786e0958c0d41605d5c0b23b34e99a448aa298cf230cfa341570b5062b5d399c,335,7,-0.13155703,0.08659458,0.2568836
A0AAW3UVF9,8576a4e0ca36bf777c41df36926baa5272be3dc889d413a05698c8e3e3a2402b,425,6,-0.0012785654,0.39118207,-0.012626454
A0AAX1J5P8,de9537b9b5f3a63328797701956fc8afe1461875953991c4dcc216150b4a26a7,318,6,-0.1494433,0.3085395,0.023652153
A0AAX1JJM3,13fe120459733555cb2f87d3e2bb1e2f2ab22415a23f6b240118a828d8222627,297,6,-0.19301626,0.34687287,-0.008749509
A0AAX4H510,d68c6a454bbf33e68d8a17208135fe8a68b2c946f6556fff4cc23242416b6de2,340,4,0.1406301,0.016269187,-0.06819759
A0AAX4H5R2,eaabb18d465cd1f160d7b69c4785cbae39e4e4d33878d4a01180e6028d2db755,461,4,0.17374294,0.022108294,-0.14581673
A0AAX4HGL3,d96eeac9c0bd8e91c573e96862dd25454661216137ee35c57e9e6b348fd430b5,318,1,0.2803631,0.00043265466,-0.15997478
A0AAX4I7R1,3bbc2ad07fab49a86fc53ff86e630b5b01ebe59485cc9bbe0a9c0042a252b123,542,4,0.07450285,0.06520145,-0.03851888
A0AAX4KQK2,89c3a75788ad850502298da699996c25970ba0a56486dddff48d12855442ba96,436,4,0.13820566,0.09885659,-0.11618016
A0AAX6NWC9,1c1e3eca15f9a7f23b8f7f3fe811de820cd9782fbf6652c162af64ca30c72096,397,7,-0.056972966,-0.102931,0.29177448
A0AAX6NXS3,7a91497daaddb78d66adb0c26317bc59074d3e449ca822952bbc575c89d8717e,552,3,0.028066333,-0.10058568,0.028534671
A0AAX6P424,50badfa0767bc90b9e35d1d5504b33a8e06cf9b64e22715f96766e7ac8dc648c,553,1,0.29269794,0.13944474,-0.11522006
A0AAX6PXU0,468073a5381fac3e205524299516a72201c2a81b40788361127098899b1e5888,406,3,0.1505548,0.03389169,0.16089123
A0AAX6Q3G1,00320172bfaba8e747b5586fa3229b04862a5dbfee1578547040e3fce861fabf,325,7,-0.14467788,0.01994428,0.2596526
A0AAX6QE98,71b13eafef3bb5397074412cd64a92af09d5b89a5b8c9b0998934600acd89cf2,542,3,0.11937854,-0.059560154,0.12575857
A0AAX6QWB1,6ac99de4d5816a0ca34bc30b8ac08d253c2b460fd9b29996da4ce185c7186742,394,3,0.22091012,-0.11344803,0.04690981
A0AAX6RU63,e51a55d4aa4532de136da6af14688644151e23b40921a7abf9785fd09036cf30,579,7,0.042575195,0.025933398,0.14413223
A0AAX6T1I8,20f904fdcace4cde9199d86bbab41a0ec8183a0f6b916f4d21506e4bbfc3c35e,484,1,0.34386396,0.22828093,0.226538
A0AAY5K0B0,9a6ded3f0560f571c577913a759a1277226022db61b67e359b3919a585cb8046,382,1,0.28537893,-0.038765695,-0.043094873
A0AAY5KDP2,6be87bc741fbe7cd3279a483a26b42022799bc05a7bcaa9ea5fa4cb43b29af4a,397,3,0.16527985,-0.08853699,0.1148161
A0AAZ1X2Z8,da4043ee7a44e6867c43bb4c5fbe7f25b38dda161ec4182fdfc8663f76b4483a,434,3,-0.011957583,-0.14775784,0.11964881
A0AAZ1XZ10,61be6c5b099f384d00f8120850ec2ba8a228b92a1dbae1c7ba32cc4dd622b25a,593,7,0.017506555,-0.051910672,0.21828336
A0AAZ3PCI1,d992333a4c10969a87bcc7dc16332875e44e52f96a5f486df908d3d7d05ca679,360,0,-0.086759135,-0.28511614,0.07235239
A0AAZ3R5C4,4bd70806ce2ce9364efb876323c691e7066d3ef0b96a8b52b07ff7c62d7bc09a,522,3,0.13599749,-0.06853115,0.14067551
A0AAZ3SAL8,9e003302f2ac77e0da32e74b73ff3758ddfea18da7d2e40277252091ce0eac94,384,3,0.0022400666,-0.25251457,0.089835115
A0AB32UQ26,def175aadc75206dff52b2c01bf9142958d98f063f66edf0d5dc90aeaad7efc7,519,1,0.4630133,0.15038227,-0.13839696
A0AB32VIH4,c52e002a33625de9c9f9c3aa5526ffe99eeefec25bd2c7129f2db2b72ce3cedb,444,3,0.027498748,-0.13050234,0.003756088
A0AB33CX71,f8ea37fbfe467f4d33b75a1856928d8a092dbe9b2ff4287183dd246ea65a194f,492,1,0.18408911,0.22199972,-0.13505597
A0AB33KFY0,1e506bbe895425044ba5ad694650ac2159697f0d4f05e054640556cf150fdea8,325,6,-0.31524497,0.28423974,0.10334902
A0AB72VBH8,35a8c1d6ddfeed342a9878e41257cf40bc3854c1da6d27bbc0741a58792c1a2f,238,6,-0.19956036,0.22615479,-0.04542323
A0AB72XPR2,c58e4ae9099c9eaecc30cd9d5c2c951f4ec71bb51e6f3016141ee4e57eb41cb7,301,6,-0.15343785,0.32638857,-0.03027188
A0AB72XR21,7da9b302d66b17a0fe1684f106f09d32177ec445cddf21edcfbd98631d101e84,304,6,-0.021470541,0.31592122,-0.03989653
A0ABD0BFY3,0a5c46c410d4504dc3738f9e5758469ebf00ecd54b3447f4a6d6b63aee96a2eb,244,6,-0.27382088,0.25469846,-0.0031740575
A0ABD7E331,3252314b78b4b55dcc251f534c77d05392938529675f07e34815723aa6c87b4a,303,6,-0.26832446,0.27071404,-0.015906533
A0ABD7TMU4,b88d6f8771d1f465c22b2487d529703a65cb5d2d25285e4d18d757d72441d055,303,2,-0.23624359,0.22645414,-0.057341006
A0JMK2,59aefc819b5e2bc3d58bea2415ef426d0e17916337d7eb81ba519384e3f28885,524,3,0.13494495,-0.059030842,0.1260199
A0LSJ8,e2957620c4c1cf5d0006f834676ba173cdd9084da46d6e7853761d1707e180da,471,1,0.13701345,0.3604444,-0.055972032
A0R2E6,c0f133a83575bc5a161acff8a0a247507adf21cfde684d448aa2b77c551db288,303,6,-0.20217776,0.25952998,-0.0007957159
A1DEM9,8c4739014b056b6ac989fd841384c47db2405f9fc9b9292f534e9931041e5819,535,4,0.010950497,0.07587342,0.008767975
A1YGR5,d018fd4f740c24b7ea5567174ca45fb6e12432d2c4987a74fce498ee21fe98a7,376,3,0.22134653,-0.15373734,0.016349033
A2AN90,fde9165aac2e0cb02ca4073951c09e7115952e2b8ec1dfd33fe49f537b4c733e,394,4,-0.04293545,-0.075014375,-0.13938601
A2AUQ7,6364c0d191611ad04f857d99f15901b286e3c035cc895f07853c102fe29fb8cc,319,3,0.25364608,-0.14282693,-0.012162512
A2C5C4,7de97a691b7874ffe32a8fb9ea7d09af982ec3cd2eded070507d2df6cc2501da,438,4,0.16646135,0.14331365,-0.22098541
A2C5R0,2d1c0d4e637d993e35a4f8adb93603b6ec6deb5a830a5f06890da2bfae48b103,443,4,0.062566146,0.27236184,-0.11334405
A4IG33,39131db07f484a854cf3d60d0d047ba024a6ddf14924402ab466f5f4dc8ce74a,299,3,0.15625279,0.02498354,0.07084793
A4IGU2,f3184d3c85d83824a060c028644899377257553a415b4cb2bc24103d63514c01,347,3,0.025762072,-0.08349211,0.089275055
A4WQR2,26e48a932243d0fe8b901e3404257c1ecb2a1d0858d5d8210c18f92147b10be4,362,6,-0.12853163,0.37628463,0.0029528316
A4X942,7b4e32de915ff7a226610daa5429a61948b6fd56b8520e8cb47ac9e6c56ceb82,334,6,-0.12689337,0.2813603,0.0403935
A4XLZ3,55e58f46c3fa0f29d499523c5893b7c47e7463bf5f886c0c4e3acb53f5316b61,222,4,-0.062987104,-0.09646579,-0.23700325
A4Y0B7,6b15d77806454b1343e9026e91b70b8fc487fd82b90f0002bffc6d4d1769d437,303,6,-0.24765244,0.26719654,-0.028628571
A5DZH1,7625d39363d08b4cc960fc480cc53a00f00080dcb99a7425787475f4565becfb,527,1,0.4024974,-0.07434739,-0.16071379
A5U7T9,617eea1c27a2b0f7dff1ab9fc086305ec8cd766e70e2cf008291df6d93c5e26a,301,6,-0.15789294,0.32474038,-0.030491145
A6HVK3,f87185be85a7f1c389eb02bbf6e7ddf2068bc6f42a81e511313bc9001398badf,541,4,0.1780558,0.0032890353,-0.11492469
A6M166,c4cac90c28108de8f4cd948ec951d84b01f670a0f98425f6a0418fffdd761146,417,4,-0.026050609,-0.12359637,-0.27061343
A6QLX6,e9c247afbeaf058e0bea77e64b6d0d80a5e4e168124445536cbe08916db7c1ae,579,7,0.04340543,0.026505176,0.13037807
A6TRL3,a2fb6fb3c7cb7a707a25d0ae3dc33063c96891dd8e7a9e7cbd65e6e1d84df4ae,208,2,-0.13676132,-0.035065025,-0.2240544
A6W4B9,669932bb98d24638bcb366722f76bb47a7d2a56b919afc84ec12725d3f7cacfa,315,6,-0.25372255,0.34368095,0.09837878
A6ZQJ2,79d40a6eb516c2f5320dbae4d3a69387c26eee322abf45b785fffc7addabed68,380,1,0.42050216,0.05584851,-0.1865259
A7E701,0812e1a524e58092a9e02d3db8d8e7bb3e90267e1417ab904b6977d235ea6b4b,251,3,0.11716401,-0.06277425,-0.02809426
A7RRM3,dc467fb1e67360f453426b8972ddd736889bfcbffebdff24946388d48b671f9c,507,1,0.30428305,-0.0633281,-0.03628321
A7S5W4,5182adf2be4a0529c14dd9ce9ffcd3e61bb8b17a87e675c47b4a85ae9a4a1ea2,347,1,0.49289617,0.16630058,-0.104578085
A7SRP6,9246ed5330c1dad241dc233eaf1f7f4ae42de67b3bcb015da757bc10ff7e88d4,264,0,-0.16379996,-0.101158835,-0.030763874
A8E607,3dc72d8164d435c97b72ee389b8728f1ac635338e52010799a448f2e372ff912,362,0,-0.058295082,-0.16042472,0.03794112
A8X675,d8321b4469385aee4c96c9905e25ebc22b032296ee904d0e73456f6c7d06641a,316,1,0.37866664,0.0007894124,-0.032296706
A8X676,a882d1ad7b56f09dcf6fd03a40cf8adc11ab2c6f8aca2adbd944d6ccde70c18d,254,3,0.0854727,-0.093480065,-0.06323392
A8Y1P7,96754c37c7f6da2c26a7846782070efdf6f6ebcc5f686c8643867e47739ed74c,384,3,0.23666778,-0.010715248,0.010484764
A9BDA3,06de74e7eb76b7993759054cf1dcaee436eb415e5e83098a250da75a009066a3,437,4,0.15822287,0.13356107,-0.21070625
A9UWB6,c087a93a878e30e21f081e1d5a6b02d78625251cafdf9eaacc8cf36038feace9,225,2,-0.15547116,0.06915971,0.032026105
B0BM74,fa73af64c2b8028af02ad86c6d512512c034f5fd7b8229892b62cdb9af73e48b,322,3,0.098737866,-0.092963405,0.07564987
B0DS40,e6079eca263d8cd614f868db7e81f6433f27f03cd02bd487bf4bea1ea9f8de57,232,4,0.121869504,-0.020118443,-0.07613283
B0THP1,66b7f0e5c6c630b3b40b3945f21a384737b32fb19ee26a1d2f51748b94f02ed9,238,2,-0.12360029,0.14118314,-0.06340945
B0V0U4,c0de43d462d710fd0792260a681a560d1e48d1096d598f21b25447251c520d97,559,0,-0.0762447,-0.123687334,0.028292583
B0WA17,982dbb3623be7f1ff869ba6a981447a0b9ecd9a042b3f83e0a1a938747813f9c,430,1,0.5285597,-0.001101014,-0.0020417485
B0WAL8,cbc846421ec248f12d3269f308e959e2c1d247e1e7f3a3dd623619d47b1be699,465,3,0.0658582,-0.18255539,0.0008209682
B0WLK6,ad9273d1fd3012a112b5a2c572cf10e57ea907d390a639aa7a478c9cb9b538da,600,3,0.000578294,-0.15050963,0.027734231
B0WPV1,2bb3563ba9f64e191715549df2ddd850f9751ae75e77ff948d3fa18ddeeed847,378,1,0.3534149,-0.007841711,-0.039469533
B0X6J8,54ac48e173d84248084ad3d94bc671b84ce0d07a700dcf2b3acf7d2b1c2b04d2,304,3,0.05725826,-0.11939417,-0.032249752
B1LY68,dac2834ba6c01f9ba592fcd72b8cabfb6c401bcfc5032cd1fd8b993de2e2e215,382,6,-0.13969831,0.3680947,0.004999894
B1VL30,23f6ba92e7912a5322f799155bc55766a5aa99eafdf3ccfb72586acc5a785675,316,6,-0.3373432,0.2871631,0.10123808
B1WAU6,d15dc687ede5c5854a7c492192ae283880dd21743ae793fbf49b6e3268fb94ba,552,1,0.31508523,0.04818967,-0.1673385
B1Z6Y2,6e731e4d0fd8f1d5ef3944f716648c54b8e3be26b1a06e25623cfb401aeafcb5,390,6,-0.104964636,0.32892162,-0.025425257
B2B6D9,3070462ac278463756cfc9a649e77869d01cfdb770e08f15840ed2ac8a7613f0,535,4,0.079822615,0.0645786,-0.052546848
B2IE80,40592c4100a4f61b35c8f9c55ca7c427a3af2b75ac79d6beb5a93f6195c4c468,424,1,0.23948747,0.32220295,-0.10710664
B2IGX9,61e42ccd777655c200665cdfb7c99cc6bd83a38032028e2b9e33d96c963ae676,368,4,-0.024222689,0.24231252,-0.08484465
B2TL29,c8982ecdf1e06043d86faaed5cb66622dc984b4e1fc9107f5008140f06962d72,416,4,-0.0071963463,-0.12215801,-0.2763233
B2WM02,ba3d76652163f5ffd377a7fea991d2bf4224eabb8dbc9d997d5ebad832720213,559,4,0.095231645,0.059046507,-0.044074036
B3MBH6,6bf00e00a13f49c1e797e87ce5b1818b01890f5af0aa885c7f21a7919df51ea2,433,4,0.01299789,0.037207346,-0.050685715
B3MIV3,9673b7b697522c36f626c146f7443d89721a3f0049bc2871b10d6584c4baee7a,456,3,0.1416783,-0.13364175,-0.0007255565
B3MSL0,aa2b200a1d0c0a59541dad8461043e3b445099beb4189f8acffb537b03b5765f,308,3,0.057383765,-0.054272987,-0.00080682256
B3MUX2,01ddf1250219b2da77a5bc18317e1edef7b4f1e8302aea7a7f0500a4d734876d,403,1,0.3487914,0.030734263,-0.0024760878
B3N8G2,138c926755838c52d3e9bb835477afcf6d2cbe59179c48601eeb3bfea8f4c0e4,421,1,0.33409408,0.058677282,0.025645234
B3NGT0,25864da7a170ac72f1e225c3cc23db22bf13abcfc2f34ab85a8e8ef4e0669eee,481,1,0.3279238,-0.030768178,0.03754186
B3RCA8,f78f82a794f8a889ef3acb21a7220c0cd48be89a0f075f9cdc609e8ab5aa3e27,408,6,-0.007883579,0.418321,-0.007967944
B3S8T7,827fbe27a4a093519c9175c1fccb249b25092ce05270629c7dcc3a539c9d8e9a,370,3,0.21295398,-0.07758893,-0.0758839
B3VA59,e6c1ecfe4bc8cca641813d8ebcd340ece4def60777be199a9f95ecad8716f20e,321,4,0.19696991,-0.08385237,-0.32504487
B4G131,07f5d6c2280c743c2878f9c8d783c76035a66c7ffc62bb6d52cc8e9558e50908,442,3,0.038474467,-0.11454221,0.0016149607
B4HEB4,c0af6b21bd16884957562d2f8df3f431a85ad42f71e90e428f3afc41e6540134,477,1,0.31655,-0.022119714,0.044753727
B4HW83,c4ecde4fc8dfa295026da97f3344b934dffafbc4b0b622c6fc9b897d6227d710,417,1,0.34777716,0.06165341,0.0153066935
B4J469,4da3e79e75b2f3d23fe0695c9fae5a700a57fbb93052385ec134a6e812435c85,467,3,0.15062612,-0.1544773,-0.027250428
B4JCE7,4aacee6c698090c4a5713c7c4c79f2cf8a04dabe8d5bd62639ab9262071a6cf9,435,1,0.3778216,0.12064989,0.026741745
B4K0Z5,edef8a486f0b33cfb32927bf47f12df6c94f8548a51e05b456a847564e0b6060,310,3,0.07869997,-0.11596018,-0.02015394
B4LSN6,9650b8bf25fb417de121a03b218521fccab16ac145ab1ed1a714720a84b3c6e7,433,3,0.2738654,-0.08300761,-0.03942196
B4MQ68,11fbd6405c78f19fe09691fa8240f7e07d795bf2784631aa63d9a5477158111f,466,3,0.12563978,-0.14749026,-0.015612561
B4MTL9,f5ecc5494d49e11c4e0ea3e3d322de0003c61d9cd9c1ee4abafc6cca6681480a,428,1,0.3707815,0.06675111,0.0052152136
B4N5D0,f236d9e19bdb94c97a07507ec0b26eecc81644e542a4ef7632869ff324e068ef,289,3,0.085851334,-0.14014338,-0.017516276
B4NPA6,1a9d9d2b9b53e89e6908e4df9d26cd62ecff20fd210a89ab111143814082896b,308,3,0.066874325,-0.05662758,-0.00018560521
B4PUZ9,30597012bbbd204da394d53f23afceb4c3ff86f62ee17de22539e75eca5d08c1,322,3,0.10390349,-0.080654584,0.014816455
B4QF20,f4de9c0dc366d38e7bd69023a0fa74d28bd96c13072606824914a93dfc5085a5,458,3,0.12179564,-0.123399176,0.017351529
B5RBS5,7f0f4993bb26e209ecf0d3807464c534cada1b6bfa756b035b354bac03937c07,314,2,-0.11045465,-0.042577855,-0.22423677
B5X2V8,f55d1d168d3ce712e77bcd8e72d72c47fe7f54dac3c931a206bd07ea3b9b829a,438,7,-0.026705228,-0.09127974,0.14692542
B5YNX7,2fc532171d2db687a46747e8461f9d7c8602526adcaa1128849d2a9e45798a10,584,1,0.19897829,0.019973747,-0.15081593
B7JWP1,4e86da4097cbad79b83348387092289f6d18a09d4394aaf640e45b09b88efd08,475,2,-0.105268694,0.019348131,-0.14186884
B7JZJ4,2a83b79520a0a7f2efdac2a0140b485bf2dc12ae9b6ff81718e8081119445918,327,2,-0.14502391,-0.05856677,-0.17573279
B7LVI5,03040bb62862a6ac00959e387d3faf90a097d92a68aefc3bb9d1f1665910167b,338,4,0.15644957,0.009939744,-0.23003596
B7QD86,37d2134e9c9e7004b44654658fc7a7ab296a47047564fefa643337e7fc0d9217,423,3,0.16610192,0.017091006,0.029470406
B7ZT60,7b066e963110987eafd3388fd9293205a61c6a4c12fc80ad8c1789b1bbe8ae9e,384,1,0.31211588,-0.018741025,-0.046400346
B8A4T7,e3e1b1e8fad5ffebaa8cc06c2c3ce654dac8ffeff475d49c1c13dea6ee5637d3,409,3,0.08396349,-0.07157846,0.07179127
B8BZ76,acf228208668fc339114c89787faa2c6cf9a96817273ecbd191de005102eaa4b,322,4,0.123290025,-0.024455277,-0.11107479
B8D2J2,a1be793cdb121b3af2f3580ae6a781a089ec04ce43fd0fb531e3e9a0169e8861,221,2,-0.060103096,-0.009587643,-0.24047124
B8HT25,db799068eb5471de8673e7b5d817cfae98a3f1deeb5f83acc79906d343b685f6,473,2,-0.18744746,0.061717845,-0.08110853
B9IAT6,ed6c91e9955ea83111b4033605e5521fa0a21bf4986770d21ca22d892d312245,439,1,0.4127978,0.031257257,-0.058566555
B9RFM7,505ca496af3da026b8d59559366d1b2bb956db2c6f300e3cc04dac378037cb89,338,0,-0.18698332,-0.22874047,0.018178942
B9WCI7,9e704fb97113b0b5de6974c02fc1b9727cc18addc957b6bc7dd889e7ec5ce350,540,1,0.4072165,-0.10247458,-0.17028639
C0HAP2,42014abd5ad130b177a90b76cf5a05ff0389014f4ffe67b84e431c3891ec8c39,348,1,0.40115124,0.2022256,-0.020527916
C0HFR2,c42c53de03848c5c182ac5d8600febe41471210ba38fa518e27a2e3abe0a63cd,289,1,0.42776674,0.105465144,-0.014601542
C0MF69,6074fc4e16f493bd7041542b7572c70449bc526672328f4c520f70b5ff1f7e23,417,4,0.13259725,0.06619524,-0.2018183
C0SPL2,6a80b5fe044021322b2d6b7bd0d80d403786ae79072471588a511f511d989e7a,382,3,0.06534626,-0.16797437,0.08234032
C1AZK5,58f729c09939bc9318ee1845c1e123b82feba617494797231adbb24f43fba923,319,6,-0.16546945,0.30897117,0.030462518
C1GJP2,bce3a6a7ff9a9035d3004d672d508953a8f3f52743adcf241083b4199aa3f6fe,513,4,0.19717404,0.05106573,-0.06575794
C1H0E7,b288628df6fc5e74287c9705073b7e5f453429f4ad802a005254160fe0e20f1e,597,1,0.316478,0.07173734,-0.06868997
C4R4B3,eb17d1cc498a0ee24646832d8509cede9d01bf53119c03f12454e782604431d2,509,1,0.24566752,0.043778367,-0.13197005
C4R941,817f811b3aca809b4a6ce7cd3e09832b45954c62e912c20dc647b0c0801eb4b4,409,1,0.4490643,0.0620066,-0.11662136
C5AU92,908467263f8cfda3ba3ad83aae913febdbc6004ec2057caa32f5ebc2326f4754,394,6,-0.07972401,0.32932085,-0.031016413
C5BWI1,94597fe18e2a0aea8489fc2196399ed6b8277c5652981c23c36647f8504c82be,337,6,-0.015287527,0.40046084,0.11808406
C5DXY7,e0d4d92ff0dc0597feba95d499de99ba6afe60296e75b99ebb2584e6c6da828e,348,3,0.18177865,-0.031751767,-0.08998737
C5M2F3,3e0ad9253b0771942e48d81e717153fa44b65745f6e4fa7ab6a1b6f5b1432e85,553,1,0.30176595,-0.08631553,-0.22589394
C5M500,68673603c0ea15b4b0987494d7fc8b30a34b34529af076a36549953274795485,451,1,0.3218615,-0.093541205,-0.16185057
C5XFH7,d6677d99084ad48de803244bedee0f133f54ef05fb31ebbc2e69e2ea30d3243b,517,1,0.45095772,0.15797864,-0.13198751
C6WGE8,a2eea43869af5b78c02d4c00d14c4db817a31e1460459a6776a7016c91ee82fa,297,1,0.32115233,0.5269742,0.04364019
C6WS28,a96f5c5acc2955c2faa361fec14353479f14297c660c0bee1f3413575c8736df,408,1,0.20949054,0.47875172,0.036956426
C7CBH1,a454231446331c97851ac4e5b290b1ec63beaafe6f2294987718bf9d174fefb4,394,6,-0.080169305,0.32537094,-0.036851928
C7Q3I8,6c7893d33e1e341fe4a471e84756484dba55ce0118903c09c70b44309760bac0,241,1,0.11203412,0.3318152,-0.08720448
C7QJ54,218f97d6b97c86f065381c96c3991bfd2704b515904e2a15b16731aaff68f651,233,6,-0.18334389,0.35950315,0.011165033
C7QZ26,ec7bc2c59ee16f709874aee91a608f04748270314d909b104312547b1549e1cc,273,6,-0.18895179,0.22732331,0.0022024028
C9SRW9,3cea4d314fd7c4e06e316ecfc8b8fbc550c60366b23faa550f214980dee0b9fc,540,1,0.22902237,0.13623518,-0.032742165
D0LD21,877ffbd4a1c4342e1785b53cfb53689907e6887cc58ece641433516ca6dba9c8,359,6,-0.04605348,0.26803717,-0.00092677074
D1BIU3,86afbdd42ef705fd93d5ff594cdaf5fc2a4c32c04b556bfd681c1ec202090318,285,6,-0.18798745,0.39141473,0.08771067
D1C0P2,12abfc12ce0e118e01ecfff321db98c86d40725eb084a905193e5683b3983154,277,6,-0.22380093,0.32014593,0.06329766
D2A164,6be383d9fe8c3d9ed3951ca299ca1ff23baa17ce31f9f50d4dc60d6c7746214a,591,3,-0.025060473,-0.13078989,0.003873273
D2AXL0,a0aba0765104b3ed18c6ff85ea5a9bbfd43a0b07600896af271a00b3e7508b66,226,6,-0.34412533,0.28372613,0.005194729
D2S522,d9d6a938755cc9414c12051fa72f7635827b2ce23e9a490d0ee20b84710acfdf,320,6,-0.27062148,0.38067204,0.12779559
D2S523,e2c81bc68f106f21bd9dfafad20dcd45cd5b0eeb8e5c2d80665b7564b3760f24,324,6,-0.22732611,0.4075651,0.121512085
D2TIX6,b898913f516d3f518980bee8843332153664224180fc9f1861c760832efa0fa0,340,4,0.090153135,-0.03724324,-0.24313836
D2TIX7,26ff18fa37ff398b9237ecd096316706f0b322ea8da17e8aad4d17e5549811a9,338,4,0.15908882,-0.0022718783,-0.2310456
D2VLC2,917582a9a33c15a39a9a7e737898b2328fbbb795cd05eae4ab66483310e7b597,278,3,0.18064353,-0.10735456,-0.070436314
D3FUT2,ed1cc7fee6ef4e6a07a38520113bcd4641eb27e8e4166f2ac48a45288ee53a0a,231,2,-0.06276963,0.044209193,-0.24028435
D3H1R0,c0d1ef5f80de18c6c8cbf071b797f85224140363e024e729a7b8c99264847a6e,337,4,0.17155579,-0.057264876,-0.26264855
D3H279,57796e8627a17dabc56ac399d468f5396882e9c564a9c9dabf68c01a92ed5938,335,4,0.14351696,-0.083871655,-0.27659637
D3UBG7,d18045f777d884f1389a474e96297d9a890a4876a4370a987804677949bad7c9,360,1,0.29299527,0.011288397,0.027211457
D4A2A5,d0b882eb4e853fb74abd8ae5fb11bed2b0c970599c9af8e94c5372e2683f4441,369,7,-0.0523924,-0.029887665,0.26456317
D4GYH3,c63186374a498b3dea8e41071c5be2b881169fe9934051d53e17b5f3c2c64c5c,313,4,0.010820221,0.07387304,-0.16082409
D5UVY9,d140e2e23860f627e8cb494611a0f07ff81a4598dd67fbee015531679050bf19,302,6,-0.18996057,0.32269824,0.038998906
D5WPI8,22c22eae687dd7b7900fa8dae65fc6ca23975d618c557e45a897240518177e18,206,2,-0.22598992,0.17910881,-0.078037456
D6AZI5,b98fae9ac71cf73bb10a4ce99459d0197a76c260a92ea692947d1be5e6b9c75f,339,6,-0.27676547,0.2755092,0.105537035
D6X0P7,665cf928a34aedb625507f6a09cbe4cc7c1042deb4961712d28dbeea00c7a672,308,3,0.044297893,-0.20086342,-0.04752535
D6YBL5,ca8cd8ce289558015bb375b8ce70b4e0327a1a4046b41d6e81f91f24c6f22feb,330,6,-0.22973892,0.2693372,0.049651723
D7B8Z0,9b37a8566f5ea2bec7a997118494dd488bca27e6c2a5e5e2f9e6c2e0aefa80d0,282,6,-0.17614703,0.37709102,0.06918968
D7C308,bec68e62c551fb0f3b053ae7a7985cde95ba1af6b376b62dd68199530414d86e,347,6,-0.24973036,0.30823976,0.11857204
D7EJQ1,95cfff99e29a8b6850e38c5248c47a1be949a7f6db574be41979ef908ba3e5ca,493,3,0.10533333,-0.15276536,0.05339427
D8QPT8,bfeb011e7cc2c674c5890df843e507e6548cdc059f1638555e7f9d2ab4b3e9ce,465,1,0.45607856,0.19607061,-0.14653754
D9RYH3,63d7bf87ec7923edecaa15b74bb948fb0bb8ae36e14375baeb08f67499c63415,222,2,-0.20340702,0.073929794,-0.13879025
D9RZD2,3f707efbc424e58a9c60a13a8594fc22b39fe3481f39f76c698273ff87976e12,272,4,0.06125626,0.0727479,-0.11243674
D9S3M3,af5d385989a500252c212d5aa92abd9de4deb207c81c0808a501e8f74f1042bd,214,2,-0.16362219,-0.026557412,-0.1985021
E0VA90,3fc19a1402d38bba7b74ddcd28df8968fde0b1785fee2e8325b636690aa634ce,349,3,0.13455711,-0.15834124,-0.031067545
E0VQ93,1e8816a4a851f14a71bc4cfc455899794bda8e533f6613cafb0542850daafd7e,352,0,-0.063312225,-0.21722852,-0.008543589
E0VR40,4360b0564b9ec6775b367531084a74458a435d2433bb9919684d62e8e127d105,281,3,0.04020907,-0.18102527,-0.06285387
E1C034,730d33d877d6b9b8da36e623f0455184689e6078a957b5cc284d166bbb313708,363,1,0.27026758,0.030752359,0.03162628
E1ZQZ1,fa47761ec3fea8a785ace50d10b384951bdafe34723a41330d3bb8a99b5dc0b0,229,1,0.15425368,0.17445055,0.091641955
E2BH40,aac1a6b38ae41ebf8add41f952e5df754bd38d44badfc28c3382346fca2839a0,350,3,0.12296434,-0.059045356,-0.02260044
E2BNK8,7a0718e780d521bfee93056b7f64fe752fa44517f081a1937f14971bf21ca49c,325,3,0.086400814,-0.20185542,-0.070708245
E3LNC2,1d27209176a077230d607b9659ddc41cdb7b17cf1b09e6fe6ef8eca795489b17,321,1,0.3460806,-0.022825783,-0.07619512
E3LRF2,32eced31a8bfc39700d0f0e31f7860f2d3c5b43ae7e8425c3b0c4002d0e0d8fc,470,4,0.21417515,0.051571906,-0.15438725
E3NSX7,5d0fd2e6d1c80c56be2ac884d89897644b1d9a62968cb92d4eb05f0728c7839c,258,3,0.11592098,-0.1041535,-0.06630717
E3NXM8,43e60c104f7686d9bda481ff22d27c71727d25e7a9f22304ad4c4a35c2ce78b2,292,1,0.40724835,0.21683618,-0.06643549
E3RZK6,d43b54e727de5b58ac77bf9d81a330421b37d9b113c56c4187851013c1906a14,507,4,0.1698902,0.063396245,-0.054976013
E3TDQ3,8cdcb6569385491ecef6a8c281a94e06a5f35f2531f0261d0cfaa27c57f0bd30,323,0,-0.23695971,-0.105559915,0.0965193
E3TDS8,a115992e0f8c2f394613ba5ce2da552d8dda6a8b032a938f9b8118ccea3f4eb7,317,3,0.06892053,-0.10226215,0.06104154
E4NFB0,4609ee1023408bad1c3aa83b4301462b844a70eac023ea89f7d000119e48778b,320,6,-0.34229025,0.3650222,0.14864218
E5S4J6,bf41f43e4ceb4a7359e6085a7b5cef41675a557986ef5d9a274b9d8a36ddc765,367,3,0.09636162,-0.012210519,-0.0055826567
E6RE76,1192d9e9923dcdc95d7ad11638ba74dd3ffc48bcf135570c61bcad8825943962,450,4,0.13138977,0.05929548,-0.12425802
E6S5Z0,163efe229c7fbd0f5c7a0970e99759f7467d805dd7c51fad527824f1f03ffff7,250,6,-0.27404135,0.40811002,0.044855155
E6SKQ9,05a9350b22c8af04f3db31186ca9ba3aa5c123c05cb8d4c7f4dfd408643bcf29,259,6,-0.057677586,0.5300463,0.08790979
E6TMY3,1594b14e6424c75ec38eafb13a3d67c508b7b1a5c74e2c7a7df36a761ee31a80,319,6,-0.1506641,0.2854381,0.007538122
E7CQW6,e2b93a0a6da6777d0d377ff2e3916bb20fed929ebd1796c74cb0fc9526bc651a,463,1,0.1732545,0.12383459,-0.13058977
E7FCM6,561dce324debb9a589532dae497302ff8deec7653d8a005a91dff847032aba20,390,3,0.19923456,-0.08768917,0.01112478
E8N5T3,a2ec2fe4b6fe5439ef8ba405a55137c7566eca4b79595d6f09a46fdd7baed1f4,321,2,-0.13512012,0.004953075,-0.1256709
E8R0Y0,77e964196065dca4c293687765cc4f167b989470b8873b18300e39208c78e7fc,418,4,0.09024132,0.31516665,-0.05525348
E9FX39,5b72b3640f56fd7cc9110959154baa3fc6c13d82d43f7ba165b22f66766be5d0,362,3,0.24024177,-0.047166094,0.011840102
E9G1R8,7af76319154905b611f1677607a22e855be3c5e8834a4713b14f6249d922b250,284,3,0.096774,-0.06820866,0.032162525
E9HHG8,a152df0475ccd766c107b3cb123858a09dfa1d6f0bdaf6e0776b32f9254f477e,463,1,0.4901731,0.07464525,-0.048297986
F1MUJ7,2ae2cd85e2399a07edefd49fc2a68a5c530fe41af0111d62cbbff0f813f1cd07,388,1,0.30515084,0.016613925,-0.012933054
F1R7M5,abf9a0c409c116cf2ba01948860d052a160ee1fbe1ddaee61739c30c280f4328,590,3,0.019687513,-0.09134831,0.075569086
F2U7B4,d9e751dcc1cb348a649e14b6052cc4f59812d37d9239689125d1cd2c0019ab7c,390,1,0.2616528,0.1299672,-0.038851917
F2UKB7,f95e952477364af6d9bb51909044d2a87971b4bd75e1d51cf5ebe07b0d465a8d,541,1,0.31227285,0.13914584,0.022231774
F2UQ14,d90bfcc1f87ff596593908ed6a6b68b7db72482389078b6ed42e2ec6691156bc,433,1,0.28176665,0.30309534,-0.09096366
F4LU80,f0f07ac3ac22275df8d49c244ce5eff6b8376b2f13ffc3004b63c98150faf98e,212,2,-0.12460457,-0.10690214,-0.26734966
F4PZL1,17549c458ca6bc29fd1804260d15ba942c732d7aa947e1bff177025cea7be954,490,1,0.676817,0.086818516,-0.20831572
F4W8P6,d419d0c3231bcabbb71521ef555493d03a5614a5524be9e083b81de90850ff68,384,3,0.12474577,-0.11846479,0.025362076
F4X376,86d392ec6aa355cd91ebb6d1094613f6d7e517500206ef610410c291232ad4ed,326,3,0.08681,-0.21647088,-0.08757504
F5YVD0,96205b02dc26240d9ea7a84414633994a18e749ab1b44c672eaa794e858a2e33,315,6,-0.14584029,0.3065837,0.015780767
F6BFI6,3c849833adb308635a288bdaa5d07dc60087c33645e23f5f867f2e5ab417888b,209,2,-0.13593079,-0.13835262,-0.2602445
F6PHP6,5c3c422296d351fdb9d7abc23a45f92cf2b0ba08db2c9281032e0afe1dc02331,532,7,0.0016823855,-0.08948359,0.17511329
F6QV89,3d3ffd01d31e1706b327feb48faf9b1563ec7d28ffa7e95e83cee9d6d54340f5,336,7,-0.18961407,0.17464502,0.33120874
F6SNS1,b61f1055dcb1ec738d4c519b62b5492179d29ffd8574f0e2812290397f1d2c67,459,3,0.22883452,0.015508109,0.090380386
F6TER0,8168fa23588a7271a8c353bb106614140ada16575a6a53159227a479220363df,319,7,0.037259977,-0.0829076,0.14026895
F6TV00,e0541f54a0385e432758c5f74b4bc60309728fb135d97e7bfdcddbbc80cbebc0,443,3,0.20526713,0.09268933,0.13819088
F6WFM7,0fd932e1966c881df82badf9b93ddecf4c09e69be5eff128f5148b466e86a26c,374,3,0.024226444,-0.15743572,0.11409126
F6ZDP9,a6e7605b557a5ef777a63f536e8c84f6b1e1c0012c931c457bc075dab1982247,552,3,-0.043699,-0.073839925,0.112320654
F7AN95,af702602676b74a004d7a2c7253224551570d5a252340d07145a410a2e83bf7a,600,3,0.02461645,-0.17953323,-0.0042388467
F7B788,10ec1439971d64695d01d80c3084bf045be66a1bc07a9f389ef7146131a90dd4,339,3,0.16522889,-0.1413444,0.00046119926
F7B8Z3,ab1cdd8ac5407470af9ef1d4af42bd57906e10153fd724b26261d08d270335a0,344,3,0.16441144,-0.109837994,0.030019315
F7C2S9,9f5d2568dede29ea5c126c54389737113d76589243eef6348da140a063349a8d,384,7,-0.08372435,-0.18397868,0.2320139
F7DS43,78188cfb687082db862d170995f1a9b1a1f8b3ab051972042d7ec6dea05d7de7,350,3,0.11556166,-0.0801954,0.099241994
F7DWS0,3ad6c14d845d61d247ecd7d2b054edd2a8495c0168a0a9f0833c9908d419c06f,332,1,0.40957123,0.08405073,-0.08315132
F7EZN6,2fb564a06a5dab35ba25edcb4d60fa25de730d0458f81e07b2a7c2f3f351c6a1,347,3,0.026744353,-0.055570796,0.07773089
F7F293,3ea8f1592dda3b3a8eb88c4f062f66d1d5439fa045fd173d11640f0c92db463c,552,3,0.06737505,-0.109860934,-0.012299427
F7FDK7,bd734d23d0ef0ae40b141a000e3e59685bb99a681ed84fccd67c06d4793aca10,530,3,0.0331604,-0.09388829,0.13602176
F7FHV5,1a734ae02688dff7698e24463e93e9d7c1916dd58d4c7b63273a450eb2ddd0eb,598,3,0.058921304,-0.12859148,0.012094404
F7G1W8,abcec120bb8a3655bd534b7cea85b17842924dd24cb9d054dd93724856f2c13b,330,1,0.39791593,0.06189303,-0.08736341
F7G261,2f559c2eb2e5025df3e1079e9b462b0f80a4178954a0401381a28cbdf2dc6081,338,7,-0.08969658,0.027348965,0.250862
F7G2L0,f12fce425836630c1d3d8503db23aee7b0d00e59eb5bf3947525649651874f47,352,1,0.20772879,0.10447261,0.11863503
F7HF93,02362c4740e1f7de745aa074b303d2a5e80edb4267a66170801df6de73eb8dc4,558,3,-0.025694028,-0.09294615,0.06678464
F7HPG1,56dc596dbabed6e088777a38ebc09bb4954859b6fa38818859e96eb25ba563c2,344,3,0.11677344,-0.11581614,0.07163437
F7I3E4,441aad8acffb4ade9d990ce4ca892dc17622c3e8dbc3a0d889badcf33f274fb1,445,7,-0.076264575,-0.0017949739,0.22367315
F7IBB7,75cf36737d00cebc7453c4b8fe171d1abda32566a1915ab016a528ea41151ed1,335,7,-0.15101248,0.10333054,0.27990845
F7INL9,500a08e3ee3e3bc647c3fa1fbb33d1349ca2fe4600d4e8f6864e672ab0714608,532,3,0.039148483,-0.11897052,0.117727384
F8AZE8,3c8d3f66dfa4f589eea4c7a38bb760a809cec4341469a0d5e9cc6835ff789201,333,6,-0.11391756,0.3334751,0.059768114
F8MAN6,ed05a83176fa95b5b3ed355d5f5736c62426b639c77f1c5c791ba985a2ced120,546,4,0.059633892,0.066180274,-0.036747918
F8NDF8,dd0ab76bb19041aba251699cd4a46f458f550c51013c5b81abe8e9c72821d492,431,4,-0.02767203,0.09804267,-0.06965984
F8W289,69c784de2f0ca360cd3daffb2ae764e9904d3a4086aaf1655fcdbef5d9ed340a,330,3,-0.018636227,-0.061529193,0.05835436
F9Y6S4,dd731fa231a8f3f8f73c97496960d77e7ad19f6d42cb6410c42b4480dfcac485,365,4,0.064468905,0.27125293,-0.13111319
F9ZT07,72f2fdc270acbec014363da4852a0ac8651d293eea7b89c8c11d2c0f3ae9be4a,534,4,-0.017956298,0.15499935,-0.07370419
G0RR40,acca44e972b1f7f2454decc4c22a25df673504d2b5cf949625c012eed88cc17f,558,1,0.25907958,0.060819272,0.07404404
G0SHA2,9bd28f4c28452b6ddae0784879b42ecb32e02eaec8b9a66006523911e4b9b11f,506,4,-0.024604112,0.042268027,-0.036720257
G0VAG6,3e8317ae771d17b7e0a91c74f6c8ba2166ffa0f49d2aaad3061dcedbedd17ee1,535,1,0.43961823,-0.027377738,-0.14890617
G0VBJ1,e7fe84c46022cc538cbb89dc502d6e588fb27d09bad9a84990f2cbb63c41e884,374,1,0.295729,-0.045632515,-0.13088627
G0W8T3,5612b361ce2cd9f9c5c4b044d12fe26c65d8779bc2097fbf87409f92fb367362,385,1,0.27636486,-0.08908684,-0.14968358
G0WBJ3,b97fd711312b59b51dd559671ed29396c5304ce905cbeb0d31b6d5040a535e99,382,1,0.2760067,-0.12525015,-0.20414822
G1K9H8,00f82f4e08eaf0d0ba6886a88ca0c3ab508b317e9a0131c1833055656cbaf034,565,0,-0.06460212,-0.12233598,0.026646363
G1KBJ7,bc424d23eb36efb1a4cc106825b3b232b3e57eb2643ee1deb3213cd491970c89,438,1,0.54228324,0.14269552,-0.032995887
G1KFJ0,abe359db15df1e902fab53c29a173c6e7827400b4efa91d8cfbe733e5f7ebb06,324,3,0.045034725,-0.04038304,0.12783027
G1KPW5,2f9cedab5ec5540d4375386f6b0c333bb0e2e2c035d5c24686e4ed21480b6b96,373,7,-0.015532444,-0.115320005,0.1686736
G1KRN0,4c2e595f2eb7318318f7d12bb27cf5d7567aa57ab467b07e081d6720ff1301bf,391,1,0.3271641,-0.004585593,-0.03920515
G1KTQ7,572ac3575b957d870690558e88a021aff48e03f75ff1b010d7627917a9d8e4bc,394,4,-0.05179076,-0.08222462,-0.13881733
G1KVJ3,4a795638d884cb1acb8da348ed42a891436dfeeda7b393573165359c6ed50a5e,412,0,-0.018830806,-0.20436834,0.05894205
G1L2L7,116b59072dcb20104c00aed2c1fc0e65b4de2f0b55eb040925500d475db59123,398,7,-0.034299184,0.030088397,0.33672348
G1LTS5,f02e44ee2de2ff977db247ae6de7d594739e6bfaa5305fcad211c956ffa2c0b4,321,7,-0.14226428,0.044678286,0.31069976
G1M7H6,ee4acadbbd1c96f3243e987cc3566ac3db65d8ac3b6e29c39f2d178c3f5f83cd,557,3,-0.058376152,-0.07334083,0.09062772
G1NT64,6ae67ef7c827443cdb3ab937ac8963afcc8976c107d421bca813662b3c5dff24,311,7,-0.15187487,0.1358774,0.29116744
G1P0N1,2dde8f95ecf48912f9d9bad014fc10c5a6d7175dea17e120773664c2ed5dd037,382,1,0.29757726,-0.01725907,-0.036968395
G1PHV3,726928f9eab9fdccc3197ac1ef83c0501bb8e5bb94597e13acf5b7b5946f4a90,327,7,0.012569262,-0.030041063,0.2087783
G1PK57,076244f87632cee7728820d5f1f1c6d3a4cc739bd465a549fef25d4b68add776,366,3,0.14983399,-0.18243286,0.01099255
G1Q5H5,6ed58343e0b8e68c044380d0dc2a90969221f05c3263388e514c348322078386,447,7,-0.056589924,0.004246207,0.22912511
G1QJQ0,aafedb1a10f965ac352c70795d1618179179c62462013c97cc41384cc1ccf528,323,7,-0.14999744,-0.010753945,0.24067
G1QLF5,00c7c556de639b7b18f335f809293866bf2eba5ae5b5cc8657640277cf8d6b84,558,3,-0.030875081,-0.090175554,0.059832025
G1QQ23,bf71535b76263da3dfca2dfaaff0b1dc5e09d30c9974b4b4e22ebafc358d162a,445,7,-0.097081855,0.012744153,0.24425833
G1R3S5,2c6a0c65ca359ac81aa4bae7f3283caa6203749fef0a0cc7f8c4e7a1933f2452,382,1,0.31282768,-0.04720723,-0.05590105
G1RML5,eab44c7e30855d927495659952c708f086b3080a50482274c614b047c76a6cc8,330,1,0.39431846,0.062294565,-0.08974653
G1RQW9,d76af6d926ebb72cdd88c6e7c606d41649fc645ce288f5635b7362a0e9e16ed1,213,0,-0.1567875,-0.12432374,0.07040643
G1SUW5,9fb92eea25b0b572500a7f79355fca2a6144a9fd95963885bd3c06d46d3c5ee1,340,3,0.14097232,-0.12272074,0.058607027
G1T9H4,1a09a8e01d27b97829ac1136d9a7240b08e622e9c13799c4c490768bdf3875cf,447,3,0.21008576,0.02368874,0.09575258
G1TD37,6c73b180f1960ceb878bd3827daa42e14a17755fb5ee081d43914c26b8ea4e6f,323,7,-0.14139134,-0.013386684,0.23531102
G2HEK5,7766a1ae2f12d6dfda6e368d26fdb93052c4c9e99e9d0bb07992aba6a2e381ca,447,3,0.2183059,0.018093955,0.080079876
G2MWM9,008cfff98a70f3540381019063bf97fec501628aed22456415789a347cbe23f7,206,2,-0.22698227,-0.15144826,-0.24066764
G2XI31,84e0b468a2269d59e95d1b3489237fd68172d1bdb9bf5d4c66646a0fe228834b,599,1,0.5125644,0.16456011,-0.15969828
G3AK41,37e95100370541e2dc86f8d672e3ccb93e8ab6317960539ca81b3e5045efd0ed,430,1,0.2684883,-0.058382496,-0.1117146
G3HXT0,a1685c999f6d1c58943844f81cb5fa0f8958dbd6488e2d9100560ba288dffc22,348,3,0.21797776,0.025313884,0.04324892
G3IH20,2484e86cb156cb13b99bbfc8b3c6e95563cf6d69627b972ceed4c7f126bd4642,442,3,0.21880521,0.016201628,0.08145541
G3NSZ1,a2d6cfc209633535947e29811a5aeb1ecad77f81f664798b005d82072b1e9208,528,7,0.101073384,-0.006167054,0.16661999
G3P6Y0,2b998e0fbe89a50211f8a4b6e27065be2b456d263a71a5eaed2cf9fed2495c51,422,3,0.20873864,0.0134194065,0.19760163
G3P9H4,4718ca7f874865f51753a4bf16fe5179259944bc19165731693246aef0038e2b,380,0,-0.08868606,-0.026548445,0.116671644
G3PL55,85d920ae280eccbc438c04b5c1a8234d5d41efe3348497ca3aa40caeaa31d5f2,351,1,0.39866498,0.18769218,0.027544145
G3QP47,6b9146ae2e4d33703b2468799480171d46a7f9dbb6fc3104a7294bf07dc187e2,330,1,0.39561388,0.058022104,-0.08997669
G3QVC9,2b87c8d2a69252ffbabf94811e917147f342fbddc4e7fa464ea8609e5cfa4014,559,0,-0.21204384,-0.23655282,0.055825595
G3R1Q4,a41de989e978ff06ec48e2abc07751a0346510e9547896061ccd88f75aaa4ff1,353,3,0.18892467,0.09772224,0.10126115
G3R2D6,41e60c0bf0289a8069c7ef9416a9492663f9b7927a2f903e4aa53d144cbf4dc7,445,7,-0.08220327,0.023527836,0.23387358
G3R771,d1082462ed1d73808138640514019fb9fcd4daa4af1948abd2a1260d102ef679,344,3,0.12700668,-0.12551643,0.0721426
G3SSC5,f84cd850d293037a102d9e8047048ad9a30f3b2e220758157b394881cca3100a,448,3,0.2249975,-0.0029706196,0.080252685
G3SU01,b6103f5c66dd53bf90f1c4cf644c9afd7df02fe99d1c3302e195b6cf64b51379,572,0,-0.087257296,-0.10118752,0.08546468
G3T6U6,ad26425c118bfba9d7b42885c2e8bfba6a2505540c929defe532999e27100060,321,7,-0.11898834,0.06060442,0.2964296
G3TBE9,2150dbef690d1ca1a730cde6f43630f1759fbb1d5ab4afa35bf5655635d77a5d,396,7,0.014858229,0.07638674,0.31833133
G3TKS6,fde122d8519f1e12f7863847ba6aa614af691df84214aaf4678b5ea9a1a97537,382,1,0.31211045,-0.03944726,-0.05343915
G3TNE5,f1d07eb479e8880c1610aa24096edccaa5744fd097e8c5f108c696bc462c63e7,353,1,0.19660296,0.14499165,0.124667816
G3TXV8,e9e7552decc593f219aa9513d4883e4951fd84be58e4ab1e917daf86d5fbee03,447,7,-0.05632633,0.007925946,0.20856665
G3U2C9,e56c5903dd2ac1cf86a4f27105258e0889184636e0716a4899c779d91cc358e0,327,7,-0.009990574,-0.0072393594,0.24667776
G3UKS6,f2e9cac036947631dd9ea5ae54beea6de08abf5158889fcd263235417d881c72,555,3,-0.03753632,-0.08816932,0.07680221
G3VUH6,b25a52ad982612d3063163b542385a6e357d379d8644770bebd2f401e7aa312f,449,3,0.2333545,0.02955396,0.09646145
G3W791,0dcc983b58ffe20384663bd53af387c5b8f1f8e791f2db212161c0e66cca2af7,453,0,0.027893832,-0.20649715,0.06794544
G4MS28,0fb782b625e0fa06fe50c71e0bc2079fd51464fe6a465e836b6b0bb89dcdea19,494,4,-0.001573988,0.05635985,-0.04236881
G4SVB3,0f8a787fa48206b0ed00186aeb976f183939320d8fa30df82cd8da022d769925,477,4,0.0049643433,0.07014198,-0.107065365
G4VAB4,bc9ac2fe1b08173ad1cf38702d253f9d837ef5171b393492b95fe526698b5dd3,498,1,0.5006907,0.025044546,-0.09549408
G5AQE9,2468be4a023f27b2dfb5eb63c4668f17e5f46196ab72d5de2518a99187283dbe,369,7,-0.08628668,-0.006892943,0.306861
G5AY74,b5166f1223046e4e679b8a0a57ba5f8178902f3c254a04645e22a07391d7feff,447,7,-0.06618304,-0.018229142,0.20535359
G5BWI2,b750d9d18af1a676d95e570aee8105b4aac6b89e9bf0c64ccfd1402e956ba148,396,7,0.019241586,0.068984926,0.33253688
G5EBG7,fe018a100c8973d59b41d803659efa53ccd438d0eeccabfa259cfc23f10eef04,467,1,0.38735694,-0.015982814,-0.08123541
G5EC84,fbc490f4929808f0ab66753cd4dc4ebac9ef8c266803d37e6150d579854bed09,443,4,0.2194475,-0.005275755,-0.19594042
G5EFK6,559b5105d736223b43318934d8a69ce21b1686bb064b50de38b9f2994014b0b9,437,3,0.19720027,-0.12269605,-0.07053543
G7VVG4,ccd11e177a993d0169342b33f54640b5926f97526a33259838a8d7a554f7b633,256,6,-0.083951846,0.18369013,-0.022664439
G8ZNQ9,9833ada3911edabffd4812b89fec6bc0530b9ed4491bac0a32ade166a029d942,365,3,0.20566496,-0.08446028,-0.13890252
H0V1B1,22fe94f4b2934b0a6fd33872849dc149996f53b7d71a341cbb171adc7164f9d8,567,0,-0.087297946,-0.09599685,0.06796106
H0V2W6,e5d38a84638a587e730bcd730c327f5bd79c332e103747cb64a39d0c4d970827,556,3,-0.026450567,-0.097082235,0.05774634
H0V6R9,44c71f26bb728985704fd16f51a54a4502d81d2bd7925ecd553ce78670192c7d,553,1,0.28502336,0.14434133,-0.11308527
H0VLE2,b4d317248bf5a824cc31857e3bbc0780191c2b38fb039412502e1bed419627ae,579,7,0.027275242,0.024012335,0.14090373
H0WI24,795541069a1479f51261f7f710c3ea47b797ed0b885b8ca60c26e0a5091e29da,369,7,-0.051906247,-0.023650356,0.28411856
H0WPR4,919da1d6d4472a2ab285b8efb69247006bdfbf5d52e9d029a0cb23bf365cefa9,398,7,-0.055819687,-0.11641159,0.26997882
H0WV29,b2a83d85c32209cad391fe6b5d10ec3cf4decd487f5a9944bf1ed0953bb31af2,345,3,0.14706421,-0.14497904,0.03206605
H0WXM9,c8d8d8fc3d194b725f28a1826b5893bfde2ccdcb121976aa6e627ef398a2ead0,353,3,0.20785181,0.06601029,0.079923525
H0X1U8,a16de1eff129ccb1b5d00801f23e4eb13f4614e63adb7567776adab8ea5db99c,396,7,0.018108979,0.06784913,0.32446247
H0X914,ee5a2df55e95ad623cb6fb0d0c86c41ce7c1321736f73666663fedc30ff6d5d0,323,7,-0.14860007,-0.00448937,0.24852087
H0XKT9,d6a7634eb8df89e9cc0af1b9dd9b036ca7f978d82f889415ef4bc19c488df1c7,447,7,-0.05729775,-0.013435424,0.21005543
H0Z5X6,3ff845657bd1906979d9d922de52b52d84d241742968b39e1bf4eeb0a767a006,433,3,0.11625984,-0.06791681,0.12775715
H0ZKG5,edbcb7f9b0a6a0d20cc9dd81bd287250f2fa6a39ebe5c656cbe56c1225faa892,417,0,-0.017796328,-0.15741901,0.123803765
H0ZR46,204ae42b2640ce261775a4a52b2777efd24212414d9636391d0d84ce0d940a76,306,7,-0.22160944,0.011009968,0.27192506
H2LQN7,24b1f1ccde01d3afcfeef94034727e4f7dc3dad8d3d6a6ef6a10e5435a6d9f27,347,3,0.11978294,-0.09463932,0.06326193
H2LXU9,8c165e27f220ce46105a06467f02c936f15d37a25475d2068b57e910d8099b33,486,1,0.37428153,0.05194541,0.1594703
H2LY18,d6c47c7f276aaaea3a5f644b8c49272784f49c16e44a21fc410d3c97ee396408,569,7,-0.060844276,-0.07528538,0.13112189
H2M277,ec092eff03113af50a3e4b588ec6e34665ee1f7f5f2ebbd2cc4dcd699e5f444e,335,0,-0.22899762,-0.13080136,0.10196601
H2M5L3,baea3af8addedb9f829426316a96f23a09c31d46589b530c1da4fac57b2ef6d3,556,0,-0.087876804,-0.13525009,0.022999123
H2MMR5,db40475bf9a2cb3a8d62ec1c563a01987bf22cd91919dce2636a6fea0237aef6,441,3,0.008144071,-0.11607115,0.12534383
H2MMV4,2aa2df44ffe5c5f46a621757b48a7710d82470fad4f304ff7085f93fbe863827,361,1,0.42354697,0.11773309,-0.01956025
H2MQL7,e2192d8f8ce9dd5bbb50ba72d9ee4edbc4f0897c6b324ec10325144738d83959,381,3,0.17543225,-0.09556444,0.026202848
H2PCE9,d508017ec30c2a62ec5e744a69ab785f61ff8f3b410e92fef928e112f97917dd,393,7,-0.07662233,0.011279908,0.26569554
H2PHN0,240c048ed8104496872c7df6beb9e17f44db3b5155605c21fe56e377bbd93966,445,7,-0.09606061,0.011265596,0.24199064
H2R2Q5,40f0c8169db95782026882e57c73c382f6d5fe1678b29521d9a7f6405772e716,344,3,0.12114117,-0.13210572,0.058894336
H2SH95,ea378de1e592307b10f3862935664eddee82e547f90ef3b603605c9b1d4f0f56,398,7,0.11512534,0.009718199,0.1413725
H2SK19,000ce7ec45b2df0b78ef6f6be28dffbd00bfb3dd757934952d016b3c8f09a8f8,443,7,-0.017618125,-0.10095132,0.15372954
H2UHC0,322662b8316656601e4d1c3379dcc0cf642613e73ec3fbcf4005047a4e4c928b,383,7,-0.012756968,-0.05890969,0.112505525
H2XKC9,326dbdf95f0cd5492879ec7d9a653bb6eac96a6e5823d538d1415542e5a6af5d,340,0,-0.062324453,-0.07731341,-0.009818664
H2ZTZ3,91c92ce3e6e6bd76038606d6990cbb5b1fa09b0cccd1416c8e72da654c2db0dc,345,1,0.2437037,0.06584159,0.055406243
H2ZWD7,0792d3a5a3c769256fa517ab6b670fbc5a7f8915bfd991a94af5dfea4a6214df,561,0,-0.08858955,-0.13963242,0.03338421
H3AH27,7f8633273a7e386ca985ee3b11d87ec5ddbcdd02df2c7062f30bf1c554a04d8c,376,3,0.052791923,-0.15386793,0.104745165
H3ALB0,44ea7c570d8838636be41cee97d35155b468364b47b2cf5585e8a414deeccbe5,329,0,-0.07570751,-0.11429905,0.049866144
H8WGX3,59fd53b701f27cda264c73b92a71397317bdd6f548f12febb87c88031b2aac9a,284,0,-0.22218908,-0.0141420225,-0.015449725
H8X2X4,ff6845250f393fcbe5893ef568ebc6deeaa82d9f52822e844de0704277183458,521,1,0.4151527,-0.06385221,-0.15696664
H8X6W3,095d38b73f57d0b10d406980a0608565450f9b1a455cec21dc3b54030aa73359,560,1,0.30973637,-0.0040073446,-0.17689241
H9GPT8,11ff5106921c1db672c9788d32085306a665282a8e8bf477f121fd5d42ee8692,338,1,0.28959212,-0.07797263,-0.043461684
I0HCA1,1498460a648ea0493e9d6237668cf5b334f7d17598656cbbb0b4338bab81f395,332,6,-0.1801791,0.32616052,0.06321657
I1BJ58,098b78fc982dd33476c09fbef326d6940626dc6f8e525318dfb5f72b5838640a,530,3,0.193738,-0.09439437,-0.083506
I1IDI1,d2b5df08961cb4595c04d8ff4b2f6883281a42257cd898988c84dede66cc6820,444,1,0.3555869,0.1935238,0.03576249
I1P573,507e5a23f1caf4194de0218eea4f10ae03917ef6c1700d67d17ce8e23d0322a1,442,1,0.3715529,0.16659136,0.023731707
I1P5W7,689a36304bdb1587818a8025ee5c682fb8a21c76b59bde00ac076893e5bdc3b9,442,3,0.028800974,-0.13367449,-0.004638698
I1QDE2,81df92aeecc0fcd507521e7d1926d10422f616d31431725017ae7855edd15988,328,0,-0.12570687,-0.04405748,0.05967854
I2H8C4,8f39dc103ccb85868c1e64a33707884452a94cca23de15338f6e0ac7e7a4784c,420,1,0.40459025,-0.049618695,-0.14469078
I3IV52,368d0786d2430f5c7f77e1c1eadecd63b60aba9e00f82df3010a672f61547a82,568,3,-0.051165644,-0.0792012,0.103564695
I3IWF4,d339050b1573a1f7f7ac6abb3cf9d875af6d308639ab971990ede069cfa1d488,382,0,-0.030494992,-0.102111876,0.093436085
I3J991,0809bf3ac1f94c62ced89414e578d2e6ddb036d74d32083c7ec748d7f457787b,320,3,0.06354126,-0.09101825,0.09813219
I3JCS2,64d5623e205780c60c789e952fe8b3756fe4e11b460f35f43ee8e86fc46050f3,359,3,0.06986409,-0.06088271,0.049345016
I3JL38,f74261b8a2b25d7e3c72dd2f2f17cb9364e56cdbbbaf9fc9fb56a928e5eb2ed8,593,7,0.019696046,-0.0503349,0.21649362
I3JUJ3,c355cdea953a105f0988da72a536ecc7ef0b94e51fa2d8d796c7bb54d8d8d1bd,354,1,0.42642826,0.1279464,-0.019546947
I3KAU0,7ca5d7e2d5483fa918abb65e00eea8bda0d1d966fda45d2c00e35f5d199f9657,359,3,0.12051592,-0.15781248,0.010775714
I3M632,dc7139da5d26f355dfea52f16ca510087353c1e9d59c01b2c104509ddf5fab29,380,3,0.18744536,-0.15974347,0.009815602
I3MFC5,3c937c097dae96362359d9b29364652e1efad0258dce96fd3e16ff94bf3cc984,347,7,-0.010678997,0.00034700183,0.13812895
I3MVX4,c63086ec7f926349460038d0d9fe1206f01fce4ffa5eae937d00f42031ab353b,330,1,0.4087403,0.056950826,-0.09062344
I3MX39,d7a7245adf445d629bb7f2e61e5d7561a619a70a9bdec0c5851cb78e8d5ff170,343,3,0.13187464,-0.13098136,0.033557028
I3MY44,d3ab6824bcd9d5cafc478287b12ab0cb13279d6c62c963ece0c8bd5b3ef284cc,532,7,0.013628009,-0.1004244,0.16226512
I3N332,60aead329e32f9e024528235138fd79fefce58839497eb17861b0415ee6d4f4d,447,7,-0.06689607,-0.015009242,0.21227346
I3N345,f8708adf06da6375f7d357f25e80edf40b8ab6129b81c012ff1d6a5b13a7d9a8,557,3,-0.030272009,-0.098260134,0.05661823
I3NFK4,0bbb532453db1843a09a3e6e571e12377655a76be2f5030799cd5a205308a2e3,585,7,0.06501222,0.032218546,0.13336335
I3VWD2,d4f086242d9e011338c0a32fcef99128b5e0568290c879b2fad5c59161e9f775,210,2,-0.12699814,-0.12412331,-0.2579036
I4BNK3,d00e44706d5347baaee5f6f620024b2187ee9dcedc3963e594148acec2b2f2cc,452,6,-0.015508164,0.2501222,-0.045435213
I4ER39,3434933205cc7ee480ca212b514606da554d3a11ae2c8dcd9faafea7dfca6464,341,6,-0.1637385,0.36134285,0.07108746
J1S7T7,f4f5924f4d6d559bf8a535f931b72b5510fc17e12bd6972b1749dc49c97ddb10,320,6,-0.35834196,0.26441005,0.092186816
J3K8I2,92f8df8b749149aeffb7c81b5e0bd8caba28b224e2dbde579d9368d6d0e7aaf8,585,4,0.15786403,0.077501945,-0.04513944
J3LI15,29560b52bdc679a9f54a6249acb5de7d812e48a65b31f2ca161d45d5e9f68c4d,437,1,0.3786986,0.1592666,0.019299384
J3LIS4,f70643b9def4850210b5e86c4bc336cecaec66efdd99f90b56f9c9152678595e,442,3,0.034586173,-0.12597431,-0.008333448
J6EL92,169af4632f251ac54dfdfda1138b3d715e046e72eb25b9c80db0f9778e0472c7,560,3,0.028948937,0.023285817,0.03301799
J6ERD2,5a4e02cfc10c5e258a32677db35ad20d83184648e3ca55809c3e0b23c4fdd0dc,427,1,0.2827389,0.16349994,-0.07220306
J7RET0,3c19724c1b889c3f50379d6c143a4672f7e87894cfa530aab75048b4aa11cbba,378,1,0.38570982,-0.091487974,-0.16956165
J9W453,e2a122187f051b17e45ee6d3fa5751f8e01bd6628e9062a7407db51bc652f98b,450,4,0.121468656,0.0614152,-0.116292946
J9W8E2,dae4633c215663502bbc3e399a0befeb76c6938fe45fa03b8a77cc811aaafda4,332,6,-0.111056246,0.34580156,0.034278173
K0J0Q5,316c63851728aa72026cd728df2d7a03ecf5d635a6b8cac3f6fdca7ab2f9f953,424,4,-0.006667031,-0.02873183,-0.22183771
K1R9A7,d9e5828cd57e0f255e36916ecd51cb83c422095f3c6c0091a9b9c9fe05f1f7f0,539,1,0.30851725,-0.022727124,-0.016461987
K3VS87,9f7c602e2446e6aa597bacaeb3564d9028222738f7e100f2ba7a645b5de17315,528,4,0.15370744,0.051152404,-0.08164176
K4FUC6,b14b6cc1c9d9be3333312e92270e7b128528feda83bfe5a26bac738743870681,318,3,0.21530849,-0.0488809,-0.047834158
K4R7D6,90a54e02324d8b2fa12bc28cb2ab941234bfa710e8439ccffd94e824df792933,314,6,-0.3270947,0.22876777,0.055877313
K5VZ15,3418f2674041e52c3dc695a58cf71e312b99ec4e0d2256bdc9f2bafcb15bcddd,598,3,-0.014406596,-0.027483724,-0.025777653
K5WPF7,bdda74237b3ec8e0a7ad84d51d86a4ddf323adc3310378450f0fab9431ec5b85,398,4,0.014340854,0.09481312,-0.060764227
K7CHI8,ebc9b2159f2be3391022e6adb9bf0cf9302b7dafddbb1b126ff5e1db2607299c,469,7,0.04624548,-0.08733435,0.18502481
K7EZX3,b5164f6ad6f72fed15505662b79a334c687706ab094291b800492013acd25765,357,1,0.28973955,-0.028745333,-0.009357718
K7FU75,416d285399e99f4798a9983125c7ea48e540b35027020a309c051837cb35fe31,566,3,0.012744394,-0.12608524,0.04502107
K7GGW8,c0737318f5033a1b6f5a0b499cc7c762a78584e04f71a36c1043293f3e34c8be,326,0,-0.09614421,-0.10040197,0.08623832
K7GJ42,be9f652a9c9e7841e0a02d6fd79c1870f38e90e437552e16ab6f50201c2f9a19,481,0,-0.21811824,-0.16889693,0.019532444
K8ELQ6,f4896696a78ac4c31ddc8c48106e5f0653c8d556dd453b9afeb87e14594436eb,529,1,0.4803617,0.25912294,-0.10137836
K9GB51,cebff7bbf2e8613b495b16a21fb90e07e44e1792cade93faaeb3baea4d964866,538,4,0.05308844,0.07446145,-0.02123217
K9GBD6,d0e294abd9cb38b61f42fffce89dd6676d476ef623d96c52c84e65c1da61d693,600,1,0.28956926,0.0595562,-0.09555444
K9IJC4,64d1acb4b425ab5526f5a371a4d96c777c4c223113f48de4ae555afe6f20e02a,399,7,-0.041269362,-0.10305585,0.2678245
K9J1Q1,3cc07af3c944f4728f1f2d77b901763f3078931d35298c72cdb88c110451023d,542,3,0.14358142,-0.09165068,0.062190965
K9PA16,a07a529174d720980fdc35bf995223bf4744eb6b9ae663609d81946e13fd4c25,469,6,0.05520533,0.36321124,-0.0034043905
K9UPN8,e25f42546517d518c3be5b0c857fb21eea2c2a476497bf2c3249160117b49062,456,2,-0.09093976,0.09670379,-0.13357073
K9WLH4,aa8f4540a74163e92ec52ff684771ee96dd37e181d34fafbad5b35825f7694c5,476,2,-0.17504029,0.02767133,-0.09028156
K9WVK8,17f026856ea65475f3f7df324a8dff5c4638f0e457ec1b07245817305890ba11,424,4,0.021941323,0.11543486,-0.19424143
K9YVX1,80bbf9b7bc19a4adf88572c5e8fbf368c97ce17c4290e2a8724c4976b228f121,472,2,-0.09498206,0.036686096,-0.14462468
K9YZ87,b761890599798ce20030fbe9c945599b778f60db926f311d49028cbdd7d4b7f3,474,4,-0.05055251,-0.05058578,-0.19552289
K9ZI84,934ca5b7b05f0edf39818e2eaa0094f86a520fb04cae9758efa91eb9e02a96b1,470,2,-0.1478586,0.004591584,-0.13831867
L0K6L7,b4387f4958cd0db18d73a4df9579a8e2048966e5aba5c8185d15966103f38f65,212,2,-0.2001933,-0.09266721,-0.20460653
L0K8X0,baab43b2b0b71e0c547d5e13412a38ef50535ef88d44b07f7ce73c0e65429dbe,221,4,-0.065075055,-0.030410834,-0.22564052
L1ICX3,72d213e3229581c67c35fd6610844874fdfc3bfe577317b647bc88e0252a40dd,387,1,0.4709769,0.16705285,-0.17789902
L5KE22,9f788d2c1fee5b7c254c72e32eaa28d8804a0175ced17a588bf7dd0e9f6424f8,557,3,-0.032865755,-0.08073057,0.05086993
L5KYB4,245fcc1c55afb29d73de47a025b3f726dc9e161e2ec049f1a49274c8b365b456,395,7,0.025922792,0.078657135,0.3171895
L5L3Q8,d851e3f07a87f9ac011153b432166adb04b419e6df42a64eed8966dbbfd997da,344,3,0.17028067,-0.12181321,0.00038590885
L5LPC9,cd4ba63bcfcb68005142aec6b2990f4710b1e47329b93c852ab74e3f41fd78c1,447,7,-0.051671952,0.006964554,0.23409197
L5LQ06,1646ee23e28dedf99f9300f8deeb23814e4593904b6e36cda037fa0866b028ec,326,3,0.17650686,-0.1034848,-0.03162044
L5M0C0,bf5ebfd47d50e56db942225d40323b75d8a06bd74126472c6f78cb12b9c376fb,369,7,-0.0666543,-0.017554736,0.28084448
L5MD98,6bf8c040c9fb0cb09215d2d2725b8d1838655c9f9902638b87c719c5011454c7,344,3,0.14440054,-0.091913335,0.030436628
L5MDR9,7df469d44e6605e1c9a9da3f7eac109f6d76da899c67ae1ff68f9b1fbdce5ddb,392,3,0.15951654,-0.15072404,0.026234169
L7VEK5,b8769e84108e97c33bf04434c0a7011c64e5f6481402ac258798a79c46a96a09,309,6,-0.0035569225,0.30182526,-0.033272285
L8GUI3,0a9421e1a2680c330e9fa0081924e81bd14a4e542297879575c9c400084b03d9,566,1,0.40100485,0.19441779,0.03255145
L8HXB9,6ff4eb8a9f031ebaa83268d881aab1e03f9309ae23cd5b8b577f4128de1db51d,499,3,0.023572613,-0.08212434,0.0061215777
L8HYQ7,d606390ecd08f5ddcde67287741803407de9e578a5df33ac225c8e96669385f2,557,3,-0.035345905,-0.06769093,0.055777133
L8I2A1,17e20c2211e171ad174d668dbf3e07fd713c1e119f14a2434bfc7cd88a450732,552,1,0.32014337,0.041459333,-0.14995363
L8IUA7,8eac890732273d6d912e81a5c5b4dddaa26a91430421af4ce843baf310dc594c,552,1,0.315092,0.026247336,-0.17310992
L8YDV8,ff915768a187f7846d4e02fbf0006c764cc43ecee03f9e2cef1018e083a9ce5e,396,7,0.0029321865,0.06104779,0.33216006
L9JJ79,b67f5ffe7e24fc3a5b1f7b3dccd253860f6846f0c0f3b61b62dd2529f42384f9,553,1,0.28325054,0.13358879,-0.12225731
M1BGQ8,d57475aa6c5798a3af789d259eb89924bbd79b1f426bf28d01be9143d09382d6,420,1,0.39699736,0.011367473,-0.07827314
M1E490,c0b19ddd818862c3547b3f964b79720631180ab7734cf95fcd2c045d6e6ee67a,448,1,0.23547643,0.06645013,-0.22663106
M1UKM4,de69edd1092f7a031cb916b256132d3dfd846ce50344e50e7cb9bf3ccbfce182,241,6,-0.25089338,0.17274778,-0.059177823
M2SDN8,f0a82aafb935f73b9e6f3cbb5168e82e800f98cfa8c49dc929ca59dd4cf75381,551,1,0.30509228,0.08619916,0.059829958
M2SYD9,18bd4753d1a40f5e0fe4e9ad92628850acc8f2037050ebc067e1956aa374e6af,577,4,0.13372867,0.0547618,-0.044229146
M2Y5J8,5f5dc0092724ba70f3c310fd92c91a1b76ff442f3fad5cce8de7e47950f43afc,372,1,0.58972496,0.0887992,-0.17268586
M3AAJ7,7b2deda27ce602eb16dddf1201de87384c486293f228396741e2f588d9b6ea49,524,1,0.49379012,0.16686594,-0.18200402
M3XKN3,80c639f55c362b5751cd9aec8f69363781019709be7d802e4e7245d43d37b0c7,342,1,0.29930007,0.007422191,-0.027902983
M3XMF4,987f740adcba8e96ccf4715d50c57e34d9adf35219c74b78e5fa85ca0158fe49,344,3,0.14317983,-0.124925315,0.03589115
M3XQ07,3028cc3b5c26ed55720c0d67ab213a4f8863b52c492473b7bd051193a7f72a53,447,7,0.008090616,-0.10245739,0.18800136
M3XYN6,2bd86d0da70d39e53fefc0de0de6a9723c4d3863731a5674a4777b51268044d6,387,7,-0.062256172,-0.13905816,0.25472626
M3Y721,9adfe712f5b91e731b125d7c6db7be22f70966eac9068e1bfcadef5b4d093101,592,1,0.33217183,0.16662557,-0.092619404
M3Y7L1,4cc6adcbb0d3de026ee5342d8402fc945d56829df63176c4d9f681a63a0ffe03,557,3,-0.054274604,-0.08044527,0.07695088
M3YKX6,a75226a62d5b7d6cd4ed2d59e9d4ef7c50d250d5460e8e102566a33a0480807d,330,1,0.39671943,0.06979391,-0.08040268
M3YLZ4,f1b86f378ea8a87f7a99b887e3bf03959af3cf1fd81ef4fdaa1b2ceb3802f06d,504,0,-0.20228812,-0.13745108,0.08273686
M3YMV1,d68b18c6506d2350e4300eb7661587f91a3af0130abfb8a766e53a5f384b1f0d,321,7,-0.13283005,0.038546387,0.30690438
M3YQ80,ed14a3676f297f61142c9916aef6a280bd391d789d473c8d089b4710f7b45a1f,369,7,-0.08749716,-0.012960431,0.30960417
M3YS48,9955b8f7075ab595cd9915402cdaf58c1a626ecbb64080f9c6195026195a39e6,396,7,0.0014586798,0.07343086,0.3217778
M3YXM1,69fc206149558f936103cdebe9e75d1d14c13b9f1497da89e3ce47079f2a8561,598,3,0.048779305,-0.12365095,0.021194091
M4AFU5,cd5c1deae59417f76feaa9a34759ff64a12c77ab3a45c747ad84ad5724c91ad4,440,7,-0.047017045,-0.06232364,0.1801717
M4AHK3,47c5552ea1cf3a3c1e9a3909ae1084ea32e9c7190011a62f0952b254405c6adb,332,3,0.009604522,-0.11914632,0.08677561
M4AKZ4,20c446004777361baa396496651acc494feac3299c7321b0dda2cb8522e3a7f4,559,0,-0.0852205,-0.11543055,0.029724853
M5VJ20,9be287a889c5978ef2a1a1394dfb0fde478e92df5219de67d51c9ea11a1cd156,421,3,0.025732515,-0.12345945,0.014336165
M7SH37,f5fd5e047dfec93d6ef63d414062496d776c2b56d7db0ce8144e1c8cd7716c1d,566,1,0.4511697,0.13987893,-0.15228508
M7SXT1,ba7293878423c2a2abc35ff26d4965affbfcd43991bd77756b159651d09a4d10,529,4,0.043361723,0.08043018,-0.030323777
N0CZK9,aa3253f5a0da4dddc7df55ac90f70c78dfdbb68a8d77ac639e5e1ff7a7b442bb,316,6,-0.3381938,0.27880463,0.098956674
N6UJQ0,5451791dfd62fc9e1201aef2ed043f2f61057cb8124cd8d8b74bf3a9e837848f,591,3,0.00084865885,-0.14199546,-0.014695243
O01346,d8bf6c09914f1b77db6ad1306a39dae94682ebca7d5a5649ffa7c8cd22f57aa2,457,4,0.14699449,-0.01713408,-0.13149454
O08730,2e54ae61e313930e17b1f444cbcfca0fbb6c79e93857e0746b03f4a3008f1de9,333,0,-0.2858077,-0.16188456,0.06066968
O08832,7e1eab273c16d059f59f63c75478fbe7dca9a980b174c2311288df54d8f338a4,578,3,0.14705573,-0.06566221,0.003854747
O08912,5ade36d2010add6af64d6c9a962d7aa37fdeec9c74db59e04f8b43bfa43c583b,559,0,-0.22019114,-0.22783507,0.06674102
O09008,526c1a1040130a6f93473891c7b94d4f94a4fd226b022e27630cfc104508135c,321,7,-0.05831098,0.015556887,0.22855975
O15488,b2f633c84936d39edeee0c08493bec40c0224e390f2fac16543669f23eff35ea,501,7,0.091940194,-0.075542256,0.17810348
O18037,cd9c0c9bc8aea74adb00f04f2165dc35a06ef7b51283524f738c1536f4c3fa21,466,1,0.24897584,0.03917504,-0.15587296
O19071,812a451006a254a3b1b1bad30a5bbcad7fcefadadb0ce4b76748a9dc904de499,446,3,0.21467417,0.017462624,0.0574817
O22893,cc50e73fe8e1129f3ed6bcb7f04005c38c817ac72ace59f05ba0e3cbc42073be,344,0,-0.1488599,-0.1860353,0.031925533
O35776,8b30da76ad33105c3dbf6b157c5e32955cc0c16e8193459ba273a995e8cdf2d9,552,1,0.31166542,0.026322706,-0.1727455
O43286,e1f07b5a6541b5686adba581be56ed4f9bcb6d23603d631e99236645868e7c61,388,1,0.31202525,0.00051759207,-0.021852141
O51519,c45dc7be6c97a82da288fd1ad1c7e95e23b5ada8e9300afcb7a2262d51e9078e,358,1,0.35486406,-0.0012123657,-0.3215028
O54904,feffd1029abec0962411f6ba89be9d3967214c60d44a42b09478b00c584b2b57,326,3,0.1788294,-0.10789384,-0.039076295
O58689,2bb230e46b108e8a7f4091922f9e3722569f55143d437a971cd7a4620907ee68,394,4,0.07475081,-0.05976931,-0.10588592
O60512,c1c730c1203977115cde7873f5d6a6d167c17ddc9925941ad07427bbba8cf23a,393,7,0.010383442,0.06283204,0.33253855
O60513,fef82ceb7f4a9a4a4be7a4cdf2bb3410fd8b54ca4efda900ff71b921e0df9db9,344,3,0.12750652,-0.12616174,0.059178475
O62113,07f2044c4293f43417b9f693a7abfca8a191037462cd84d416a14fd485f7ea8d,301,3,0.20191336,-0.019841764,-0.05300562
O88419,8b8f032b18d6830422ad39079a8293bca403ea5f856de1f4f47134d7da2832cc,382,1,0.316544,-0.04076397,-0.044098556
O97422,1037a08710a7a04414c60ecd131970063db07183f1d983fa5c4eec209c56d921,306,3,0.066533506,-0.024821287,0.016517172
P08037,1a21449bd4b2bf9e7f80ff7a10584319a345682074fc6573ad5281f566edd037,402,7,-0.0494284,-0.12298048,0.27183238
P13280,ed842d6a89fe387148afc6bd009f5bf48829afde6f2ccc45f305335db9628b8c,333,0,-0.28846997,-0.14570725,0.03837277
P14769,a1d4223a15f222fd9b9cc40092d166ad0b031e87828dfead2a06638feee1027c,368,3,0.16616388,-0.1567969,-0.00077662425
P15291,c7c2fb99e9df4c26858d1b3fd74b68b4962c1d6c0913ba7cdccaf8d0c10166ca,398,7,-0.076863594,-0.08850578,0.30049047
P15535,4515d19acbb9029f7f718963e9758a87602d997ac3f0f45ff44fb552d725b146,399,7,-0.020066641,-0.10400491,0.26287693
P16442,2b053c159620e06e7606d228d8e8adb03840b9e852f2f1592c771b810a1c0e86,354,7,-0.10672403,-0.061528258,0.236528
P19817,14171610cabb06eea188196fb907a6b35fc4c4480102f7f776c3a7e38041eccf,336,4,0.13469245,-0.05904121,-0.24529064
P26403,25f25a536fec7d1aad7a36837d0108ff92b74f9ffaeecf03873c163ea98f129b,314,2,-0.10988977,-0.04129327,-0.22352752
P27808,328b023afe02865bcf22b8c70f5c0fc4704af05e6516d0bd2707055de183f8b9,447,7,-0.04905175,-0.024403773,0.21271281
P47011,5a83ec96df4a0c1dffb49782fede29364946219522d064f70c03a82b3f5f3bee,380,1,0.42235348,0.0602788,-0.18797463
P50127,8394c35c5b49cefb4dd49facffeccdaee530e6094bf9ebc62ef7640e26fe6325,371,3,0.15396233,-0.15260865,0.030248448
P58158,e61075ad1bb8b37f81fef451eb8426cccb5112d097bd7e62695875dac7085dc8,335,7,-0.13098827,0.087125875,0.2562605
P74165,9c7a5b0d2bc932854bc08b4d4e9b3be4dccbd7b3776ba49174257d97dd121f9a,479,2,-0.10907106,0.122765705,-0.07277246
P9WMY3,ceb0c4b825834e0b5aa3534802edad79d994e34c26c8621b74feebe26f42b7e0,307,6,-0.17351733,0.32462755,-0.028207172
Q03084,68a33621018e03ecf3d90cf640c5bfcd33ecbaf3260b274ff1547bb75ec0b6bb,275,4,-0.042248625,-0.07937406,-0.31875545
Q08B33,6289de11c405668b63f4bea8f027950e12bbf05fef5cfd865228f6518321e76c,600,3,0.081307374,-0.112824336,0.010818596
Q08CC3,761dc813ef891c2ffdd45a25a6647d945d10e24c7b8fe17c85f5856772533c95,590,3,0.01868599,-0.08994683,0.07547304
Q08CG2,2c05455b05102d4f9aeedf13afc28e33ebf834951a0c5aa2858fdcadf4e74739,261,7,-0.07123476,-0.03467987,0.21190542
Q08EC9,8cede62e4ba15f5f57e1a4df865da62b2b9147ad5d8d92d016ef9c4326408873,550,3,0.06537063,-0.11578388,-0.018330498
Q09199,02add00041e181f75a44ae387ed350fe7d36bbd39159d2b0f3eff2760bf0dc0b,510,3,0.17207089,-0.07683169,0.062208638
Q09200,134efe916e542b7c924bef463b2d8a87d98397d29aed60977589377bb33385b4,533,7,0.027171493,0.024780832,0.24426478
Q09323,9c3dd3854ada24e416df6761c1cd60d5e1825fc3ebace6c3ff596dcaac6cb899,490,1,0.51035225,0.08181746,-0.04554481
Q09325,33782ea737062651f7fee795562d7bad7c8a9439b901ea0c9f018cf6c765140a,447,7,-0.046850927,-0.02394118,0.21034211
Q0BPF2,5c57cd566a4b5ba246361ad521724890dc1f3c28316cbd95ef171039db9268cd,395,2,0.0019364445,0.29869127,-0.08158023
Q0S3Z0,9eea9708eaf6426d5b5a3a8ff57a830a11eb7278f98bb7e0d914300ccff5b034,319,6,-0.16337232,0.3074603,0.030078413
Q0V9M3,050e34055062ce3cb67e3252bea7a5feefb06ff6129cf901e3d94654c79df5c0,555,3,0.0035062335,-0.07404263,0.06636019
Q10469,7c05536ed099a032effbcaa1ffed2ce7ed0735a3c6771532f1ace4101b6381bb,447,3,0.22934052,0.017027624,0.06843055
Q10472,2571e06948e2233e9bf31ddec6a3167a54386e8c7ab9d6a00daea78b0bc2edbd,559,0,-0.21434888,-0.24280848,0.05358077
Q10473,2d02cfb01692a541223ef3f80db741aa4d7bf963a54ad5aefcda1dc6685aa38c,559,0,-0.2160018,-0.23747937,0.057971124
Q11068,afb642846c1a213b4c1190be3cc3c89c81b6e7384b5b9db1038d3724528420f9,449,3,0.22512057,-0.10062666,-0.07232551
Q110Z2,508551dc03b8e413df85ef39f80632dd46f576e4809a534ed99402fd5da527be,502,4,-0.022813927,-0.02117775,-0.17435098
Q13K27,c7612eb9e187ff4eb859a82b534d24fc632d4fa2f6a6570ea745addff9cb4bd2,401,6,0.010050907,0.33269718,-0.08020855
Q13YD4,6731e8a0a871ca48721f312c48e4118bde5eb908fc86b77a1f40068fc0c4d07e,386,6,-0.074576885,0.27409407,-0.07887281
Q13YD9,86dfa60023632f4b70e9e7a857046fec14b04bd75400bf4b4732151a9b3ba969,424,6,-0.0035362758,0.39752987,-0.014496073
Q15JF5,0847e8311c182ba9fd0c32c73f2097fc673fb99205ab5004921f240bacf7b474,453,1,0.23167744,0.35096395,-0.026598502
Q170H3,e43dd38a7fec38b42ee9af8e01616332506bc5b25fb2683c3ef6444ee9e047a5,313,3,0.09138601,-0.12485066,-0.045475125
Q1ATN7,66a4cf07ac9dd11ccdddc84820141313d9a3fed0313c7ea0347c622b855eb059,335,6,-0.026208188,0.23198529,-0.0024435648
Q1JJC4,f285083feff4c1bd0a809dffc1b0f48bb5ed1fe7dba3fe9ea96519148079d5e3,445,4,0.21914306,0.034394547,-0.24332587
Q1LHU7,ed688436d5849d50561957154e4ef75c5090da7d918ff89a32d37bdb5c462c37,380,6,0.004711952,0.38271648,-0.03725839
Q1LZD7,ed1f84da9e8ba526c721ae5b639e82d994f2af575a5f556bb1604e55b804081d,320,7,-0.078356504,0.017150396,0.265555
Q1Q081,4e0b49803ab043ba69fab58479efad5cc6ebfedf9d489a635bc848504e1c65b7,377,4,0.18414116,0.040487222,-0.26550612
Q1RMT0,e1b9d46a4bfb8c13357231c9d548559a8797ce15e031fef6d3dc2a274ce8dfaa,330,1,0.39371222,0.062159915,-0.072992794
Q21054,ef9bfbbfa29efc04a5df549f60fe3f4cd22f8995cd2ed8ef3397e015292a698f,459,4,0.22266649,0.015415008,-0.16851172
Q24157,f34aef24b48c0c407f080ae5d2fbc6453927cd59aaf2c32f75e6587e0940e47a,325,1,0.19603693,0.063560605,0.023070367
Q28CC6,19bbd06cb004ccb9e53af7b8204528177c8779bc6da74441ce490b1ef4e0997d,562,3,0.0182564,-0.1509806,0.022719663
Q28CK7,3d8096fd40d747c671e2c5875bc80b9807068e3e3f0ae8fc5d239c1c29f0534d,383,1,0.31005973,-0.03680685,-0.052617546
Q28GV5,705b354bec3fe743dec5dcb7d3c5ccb5167d512dd9c63b29892fbc9549c40498,389,1,0.3172714,-0.014643397,-0.046756662
Q29121,e597f5665e45b9adf6d2642a228601a00feef0e46e91d4de992a060b321a8f85,559,0,-0.2138595,-0.23697723,0.057908077
Q29NA9,aa810453f507cda746c8c803ff926ac8f8f713589833ba79aefb271369fbffa7,439,1,0.33949065,0.13873409,0.052525885
Q29RN2,691c58d359b19e9641f8b20248bb496bcd408e279638ecaff16656dc222d4240,333,0,-0.3008466,-0.15279196,0.05403536
Q2HPN2,4bdfd1879f616ef41da97aa7e483d1d8e7d7afb204d0185a990012004caf47fb,317,3,0.05441587,-0.06777935,0.1264338
Q2HPN7,b24136df2d0a3eec9c215f17b38882a0324946c731fe1f9932f2649f0d60b56e,319,7,-0.07878712,0.0012591634,0.25709295
Q2SAS4,2d9124dd072b63372ee721774197774c4d5e6f8385706a7b2f75e6d3548fc058,414,4,-0.0347347,0.08745047,-0.19098932
Q2TAG3,1845ca6a728ebb92ac0e12be8a9d1b4dc5b99dcc0fe1a288e27f90f897fc7a06,444,7,-0.023333646,-0.06424081,0.17068048
Q317Y3,4fe7d85c19d6693a907cbb64f132db538c498b7ab23722c789cdcdf9cf6845de,433,4,0.18164057,0.059361733,-0.25153056
Q32LF7,87b2a345e2e90ccfb4768d65e4f199428338256978085fe4cf06dcb0c98df51e,341,3,0.14466092,-0.09889691,0.04451302
Q3AAP0,169a5828bf7b925e6f804a95671b00de139d3d143a4f5ab837d8303140e6d6e8,225,2,-0.18681335,0.03592781,-0.16410808
Q3AB90,97447b9451e261fe2fb73266edc50fe0bfb01168ce68e6322e83c6930a8cd8bf,216,2,-0.10995238,0.011587863,-0.18154164
Q3J4H9,ebdda22b000af12d6412bf1cb9a443146839228856cd1a342b0d22c4c6b3e90e,363,6,-0.17367542,0.39023998,0.03570124
Q3SZB0,9a097321c53a63d3aae767568c51969b21a409cf1480da08362961fb5da89349,335,7,-0.15264031,0.10952367,0.27645755
Q3U129,da910cc8ec2ac37b11bb19376330f91618f468fe18ce7982723e9cccaaa9802c,357,0,-0.27842262,-0.072690785,0.052131776
Q3UUP6,739bcf60cacbc6208f88ebc4ef994587a66fd910e16bbe77dcc502097e2ef7ee,358,1,0.14783266,0.25516483,-0.029100668
Q3V1N9,9a73654e57dad2a180a6d9b938ac31809f30d4507816fa0c6959d50212eeb539,370,7,0.153816,0.11271033,0.18986402
Q3YL68,481c4c36c5f6b251472256c61f143efac3545e400e6abaedb77796d07c28ed15,381,1,0.3056862,0.012798175,-0.011341605
Q46ID1,40209c66149acbe9d7fd5c3128fe43599b2abdf6dfe11efaf4ec7ca549982e4e,438,4,0.16805714,0.13725688,-0.22549139
Q47KD5,9e8db3cb83622b626e6d222e6007dbf29089c74032ee081ceaafa962f106e7f4,267,6,-0.16636527,0.40892395,0.046778724
Q47P52,c57a778fac93c71fd361a1cfa8bc539de625aa381ed5c409938c5233162743e6,321,6,-0.2233201,0.2668367,0.044055972
Q47P54,be67210e90b3ceee489b17f3d3a7458b00418e6a110e584b20a138408e30a4db,326,6,-0.15604745,0.2389125,-0.01147407
Q4AE62,717240b327558fe530c7817cfd76c67c4278263b0109f85cbbae38fae4a3c767,458,0,-0.13060836,-0.18321931,0.06662193
Q4BYE7,b42294127eba7f38c50c5ac1e3440fbd9e8c0bf0a0a4804e006a1d31da175b4e,250,1,0.2039793,0.11847017,-0.23830068
Q4FZU7,c9a12c099c9f7eb6babdb60f016446810d042406d0095c45d42d386a985b5117,327,7,-0.0030256372,-0.024354609,0.22581962
Q4KXC9,3499739ce0593a4dcd8d1185fccb04b3f1a5967371ebbd3dc1d0544b673685f3,254,4,0.05913709,-0.10052964,-0.3646196
Q4RCM1,f58a05755c03c6c2c4f65f83698398834d19b27ab40ddff8e50527890da7be60,426,0,-0.108445354,-0.14116433,0.04260013
Q4RF55,e30ec12a80659eab4e5687da3e4d4dfee775b426be3105deacdcf2763041cc77,287,3,0.03146116,-0.088197835,0.049838573
Q4RGW9,e2b003235ce30e69880628d31d94f623636a325fe849a3d887251ccb99739587,329,3,0.16677989,-0.094811425,-0.014736789
Q4RHM7,847e94f9c87120c4c6c8b2241296ad927506403ec4a165ec50fdcf4bcc039956,416,1,0.46301985,0.099858254,0.07468833
Q4RK21,ac4c0387f58a305dfb4f2742143cd3283705211aa72862c8f11912aa7d6b5729,381,3,0.23393942,-0.06102993,0.068319656
Q4RL69,31370118a89a2193b21e1284524b47a84e4a52b7ebfe3007a29cb76f875c44d3,382,1,0.30927208,-0.053960416,-0.06517784
Q4RPU0,60bcff9cbe5745fa424985b72b4221a6eb3c4762d98b2ce15445da40d74af9e7,496,7,0.09597108,0.036102094,0.2105036
Q4RY91,579034b6abd5fa180e52079115d92a92685c2adeb40db237d66e9f1207eab3c4,236,7,-0.1683703,0.005595488,0.22628297
Q4S200,a25ea9544745d929a430648f34a8d92ab559c7ce25de37187748c18692ee4e69,595,7,-0.02052456,0.0003300051,0.17624296
Q4S514,17f288d2a9cf9f08c2adcc6e216a7cc11a332460e9facb060ff4727a945b54ef,337,0,-0.19276348,-0.102191575,0.110302456
Q4SFL2,6bca0396ed442338781486e712d58c7c6bf60c7a450ba0e4a4c3b34ed610161b,341,3,0.079164505,-0.06382423,0.14897867
Q4SPZ0,f863caa437929e7dd0f6fd20be5a33eee1d9a77a308994c591ef772aa4819182,352,3,0.06272394,-0.10157848,-0.018515088
Q4SY57,3106b8d807e9c392c2c7c5c9b50d1a2a8cd5fd3b1d341285490f1fff777206c0,430,0,-0.12648274,-0.25857022,0.018449197
Q4T4I6,6e52b892f9fb38d16fce5d1b12053a2a09886580234ce76102f82c5b18645a5d,557,3,0.053599577,-0.17798564,0.049858153
Q4T5R7,05f807c0a9383bd630e5a22f5dc1efd882de95c1dca9a9584f440a03085c8435,360,7,0.08022334,-0.02639982,0.18560202
Q4V907,1d8e5e95a3146617165745be397e8e73b63e8e2b6e6e0f25f0041d84665570a4,568,1,0.30671385,-0.035757754,0.008704332
Q4V9J0,abae641212f3e19654a722a4ee50179244d606b7fb404c05bf8de061a558ceb0,338,0,-0.31072673,-0.06748523,0.057964135
Q4VYB1,ea56009ca64744c1a6fb5b04e104b2c2e97aaf934656e039689c5d88f513c386,340,3,0.086026676,-0.12757866,-0.06026673
Q53590,c43fc8aeca94380e0b4329724067dd575dbb842de1d64edf78031fd760d5a83d,375,4,0.103868015,0.089119844,-0.2261464
Q54IX1,251ecbf3ae7fcb84c6bfc738a9c45a249701a15b0f620cfef9aee094436318ff,498,1,0.32681683,-0.22740336,-0.2801122
Q599J7,85e9d9b73a007f68542edf8fab8104ad07d27cc63c86fc1f580ee4c61302ede6,330,3,0.007779324,-0.025632076,0.08789237
Q599J8,ed8e047d33fe7fe699da559cb9ea4703e0de9050e750288a137876cb2b2166e8,331,3,0.012660338,-0.020389196,0.10469207
Q599K1,e5ab093773e20dac347ce3deedd399840b084d6d1da550b57581b29a3b5f3298,326,7,-0.15005279,0.016933791,0.26084644
Q599K2,d5a96b3f458fc644491a08fb208163770a30f53ac32c4fc59b4cf92ea61aa846,333,7,-0.004533792,0.033300843,0.20638107
Q599K3,81c0dbd6fde0611cc6400861c9082560ec53a5054f548ac1d3888857e0431b35,339,3,0.10471822,0.0064281006,0.07067731
Q59DT4,3e0c1bf5d4df95aa72bd60fa2e0c764f29ea5406ddb44ab78306ec92abe9af09,488,3,0.10070877,-0.09500029,0.052632317
Q5AMQ4,547f9ed7530c28b448befea5768600b679831cb2d004e1bd59de08a12af967e6,544,1,0.2944032,-0.02863777,-0.17905577
Q5BL68,c7833e572a003cf0ac365cf3d49806087a0a79ff6ad8ebbff0f74a8706b15c1b,452,0,-0.23829317,-0.25464314,0.0545784
Q5CAS0,e6decabb9cb7576523fcc447b7997c0615a5a82e348470581b138a5723de2d9b,356,3,0.18758456,-0.030993087,-0.05947931
Q5CAZ6,14c11e788a513c12b01cb4b6bf487c6d696fd37e863962e9e38404a4e3473776,329,7,-0.14896901,0.0068442086,0.2563545
Q5CAZ7,d75aaa2fc9cae29e31021b75982ad854e7b4184f21ea71322cebbec100e563ed,304,7,-0.17065819,-0.011306882,0.21688052
Q5CB01,f0d50d2b4102aa7c9fa1ee37e9fcdb0a4c748002e1ba1b4ad6a237e8ccc580f7,335,3,-0.005304208,-0.08757197,0.053817168
Q5CB03,ab5096758d331e8463892988c18c684cfb7e692302167c07ca0eb6321486df98,335,7,-0.058505546,-0.018619359,0.15463862
Q5CB04,37e2e5fb85d99ae09863c2eaae3cb779a69f7a1dbd2e7cdc6a4d06e56ebc38f5,332,3,0.034810804,0.007753848,0.13837352
Q5FTA3,88ec5d4a61d0e54f390662fdb990731da31586bc687b0bbbc78c2cb24b13681e,403,4,0.045050476,0.31398842,-0.08248489
Q5JBG6,354f6192a890f50f5fbda8c21f68d5010b1827a8eacadcc216bdc73d46f96603,234,1,0.22837256,-0.09988882,-0.25650248
Q5REG9,8b2a4740cc2dcd1aefee541f705c15e5d48bfb6305e621246bfe0ad83f03270f,552,3,0.06417562,-0.107986204,-0.007313969
Q5SP46,d95604183b847a34df4788f40f1bc17c386f19478443ee4862a5f2d2c1972056,405,3,0.17489527,-0.030517086,0.090840414
Q5U551,0e8067f9dc0bc3ad02dcbb746302fd429bafd8917f9b135c9fe62ff838aaaf76,323,3,0.10069544,-0.09643108,0.041692656
Q5ZJQ0,a11c70bc7769fe97c7db21885efec3d3cb142f76cad7f6b21760daeccdc3f92d,332,0,-0.21627548,-0.19599383,-0.009187912
Q60GL7,b2fdb6ced922d816f9075fbf8773721b6c659aae5ba0307f7381153c29506424,458,3,0.13046099,-0.124121524,0.012741032
Q64676,4b7fb65895926f82b31e445f66e62ad2dfc31831fb36701d17a641af58232fa3,541,4,0.1858037,0.007940149,-0.11365118
Q67BJ4,8ca7222c59cc2cede89d0164b7fac627f3844486ae9e1332511dd3d323153a36,359,1,0.2328898,0.06267593,0.065273635
Q67FW5,52f8d0d6179e55f8c406520e4af3f0ff465c2d876070fa17ff9b2ea1eeab3f45,346,0,-0.3928524,-0.034615695,0.100738
Q67P98,901b5afe6a4fd91dcc7cdfe277e19e4eeb7c13ea4d418cc32e01a747cd23c369,243,2,-0.052365728,0.21746427,-0.052136958
Q6CF73,6a23757df887bac4687dae2b78043fab8273c622c784c0f7354920037c962c9c,555,1,0.31407115,0.10129779,-0.11100617
Q6DAU5,98dd4e27ae96bc70e412c7d58f0e981c7bcac0e9b8abc88a189f4f8a01d1d509,338,4,0.16290988,-0.06955,-0.2609463
Q6DBR2,370a55e0588c332d0a33ede1cbe98872a0f1136481550888b7c7799c7c9c708e,316,0,-0.07830474,-0.11115547,0.066148534
Q6DDG6,2c0d0ae3ba612edbfd747df176d5740de2263ac9ed8bda7612b50843e75f11af,336,3,0.09461587,-0.18860377,0.05830033
Q6DE98,4f0c7381c191afba981bb7ef2725958ae12c707688683bf8bb61ef8eee9829b4,330,0,-0.22642307,-0.18360017,0.058853034
Q6FS82,aca4d35b217688d7089383bdb91f0abce115feff596586b70d319eabcbdc01aa,549,1,0.56022817,0.052602172,-0.18792886
Q6GLP1,09c506abf43146ee7f8e5ed3fa817a0bd122c4bdd10feabdcacc14a49f2a8859,347,3,0.116213344,-0.07533866,0.06515652
Q6IS24,f327f90fad8b02d786a39070e92d4f68e47686afec37ab72d9892a865b6486fa,598,3,0.059758212,-0.12897651,0.013043315
Q6P328,b5aa8db97bdf6e03edf1b7785178e12deb1f577b3fdfd56aa3275d89cd9fe13b,332,0,-0.2497704,-0.18189281,0.06550623
Q6P768,e99acb18b074d01c822d7b3f9aae971aa0f92b3b10bc62f4e6a03b299c9413b5,395,7,0.012695798,0.080250755,0.32139114
Q6P776,1549731eddb6030f4100745b10a2b08de8cf3bfe18cb22606ad70d060d7d99aa,321,7,-0.06211891,0.0071090846,0.2316949
Q6PB93,d62ee5f05c150c4fb4def435c6bdffe53f4fde42b301c14c0ca4f87713cfacdb,570,0,-0.095088094,-0.08860957,0.070966676
Q6PE41,06b402826f891d7ce07d11206355a9e07f146aa3f53380a825151378d8661235,452,3,-0.017598422,-0.1197498,0.12016638
Q6SVU1,fd091ca66d6137e6d5868e4cd833655249c4342592e808dc1728b9c37034c789,369,3,0.12823889,-0.13756089,0.036695898
Q6VAA6,07c69ca8406c61e507dfbbc6de621ad2a0c5aeb0ce4844fedb215ac0d997c94b,460,4,0.029978279,-0.08396047,-0.21325313
Q73WU1,ebf52796b41db85edb2f9d836ac0e76b9a7de8ca8e1a61ee3b74afd4c04c21ad,329,6,-0.13750127,0.34276545,0.04762858
Q745N3,d0cc68534e1af75b3a37bc177d37c512eefa59d931c1ae6c519ef4a34c192f56,304,6,-0.01960131,0.33796415,-0.02599356
Q75BR4,11ba4bba6337c1048ff996b480b5d7340b8a8e998673074559d3068f5badbe3d,539,1,0.32535052,0.21158345,-0.08591706
Q7QCT9,5fc9fe53c003fdfddab38fd5e19cae60cdc190b9a99cd1ca44744b0d37d1de8e,329,3,0.13548486,-0.043917842,-0.0034109342
Q7QJY0,41dfa1ee2056f0cdb8f77c91b775d37446975c14c1489a2694b0e0c69b5f04b5,382,0,-0.28730562,-0.19313975,0.101924494
Q7V996,72e25c30a42acf86ee61e82ed264974c44d2b72a31085b6029c53a2d44219133,443,4,0.056279752,0.26779014,-0.112302884
Q7YXB3,827973607b2ab11cb1d75f0de760ef2f43937e22bb6fe43486808ad36119733c,298,1,0.3013898,0.008210632,-0.037424434
Q802Y5,1b9fbbe351189433455aaeaa41ceaee8e8a2f317c3c350e8e408cae987836dfa,381,1,0.30260772,-0.044343114,-0.05145002
Q803Q1,7da4efcb58990f511e6a513c48132a44d9a9db8ce9fb212056ded57ce0f80a82,329,0,-0.22344159,-0.15570165,0.056720078
Q80WN7,7661b796e79a5e98a9269fac5ac10677cc2a13714651b7948d7baf9913af790d,344,3,0.13508105,-0.118324965,0.059509806
Q80WN9,34367c58a6c078e91ad45f8368bd13a0c22b038ee68d44e981167799c636de74,369,7,-0.04750288,-0.026359025,0.25031468
Q82GG2,87c606ba39883052dd015f7333b9efcfdf56f1bd19194c2603b16177cac1d65d,314,6,-0.32962924,0.22385721,0.057399437
Q8C089,982dac4c978b84938fb22c9fa6f253eeff8cb2dd0e0a98f280f91576d5f3ea7a,274,1,0.3383218,0.034655236,-0.093331784
Q8CFC4,45a551bb8da67774b208de623134e51f1f0b1971c39ffbbe2b56fb99da117e68,334,7,-0.16953123,-0.122927815,0.21873459
Q8CH92,2f80f377679fc7f1afbfd6216bbfca147a80f06160bb49354a5f2d20d9dcb701,554,1,0.28803197,0.13556597,-0.116009496
Q8DHU1,1060db9d9cafaa257592677a61d3b1a589ac33d395791b8b0dbf5f9d484eb9c3,454,2,-0.081893735,0.12682141,-0.08569592
Q8FQF0,8cbd23bda247dc0e58d916b105ba31d8a38ab4a3d9a65fc27d054a4e90a300b3,246,6,-0.24883123,0.29339343,0.00047143735
Q8HYB2,7b4f1a2331494fc141c7186b438203040e347e1cb0d4325597e7e6c518f4ab9f,375,3,0.14719532,-0.17344311,0.019032862
Q8I136,5d677edc27844016e88cf4997002440e6cecb59c9cc90d2d3d029764205a87ea,589,3,0.115273334,-0.106968164,-0.035737682
Q8IUC8,fa8db49591ea4d30072c6604b4edbaf02040bf3cd29e1a0b648c1ed12bf7c5df,556,0,-0.24735352,-0.257643,0.05534516
Q8IXK2,137989c4f2a67a666ceecdfd80f72da79b14de866744a623bc161be973f385d0,581,3,0.048249893,0.017248139,0.12144689
Q8L707,b8059199ad8708608bbd86ac32c9cb14f8f2d6673d2c71126a6e79620c7d8995,525,0,-0.021346088,-0.17198496,0.0793985
Q8L9U9,ef18941e8d17f2f0c0b496b79a441e5e65996b90e0ed388c2a9d9b6d50a58fd8,462,4,-0.020456627,-0.06084257,-0.1762085
Q8MYY6,fbc9e0953ac0e2ca5138a433299f49eed89524c33f028bef5c42776e8855b369,558,1,0.33157745,0.11997321,-0.06325356
Q8N4A0,2bd59ca7cb9536902fa3134e058f8d73d5592cea3fdb2194dcd26d181e095617,578,3,0.15953836,-0.07547985,-0.025919732
Q8N6G5,9566a7e49510b778389615ffa3c00551151aaa16168c95a38857acfa049b4245,542,3,0.13284893,-0.08705244,0.080775365
Q8NRE0,a01a45f8290823c1d3d8dfd4dc0b7d1ec2c31e51340c9b5bac1a0c00d11521c0,243,6,-0.21883367,0.21005361,-0.052325353
Q8R087,4df8731313a896d79f3d41610285ecd5f3d5e0d6c1935d3e5f6e6ce909a94265,327,7,-0.001424498,-0.03574822,0.21463273
Q8RHZ4,bf7b91e8b94c2b1da9eaa3aad863f8efe1d82f628cd5bd633fe885fadc8cb269,380,1,0.28901827,-0.03510248,-0.27907175
Q8SPR2,839552069b9be00070e65bbce5904aefd5b773b550ad9f65b1349df8973fb2b7,375,3,0.16308837,-0.16527617,0.02219528
Q8SQ20,ba271bb6a022954aeb5895b3d344a72090d3eedbfe413b10c5da8ec3f56a2560,376,3,0.16669261,-0.16492619,0.026760494
Q8U380,324f02b4b1b4043494c4fcdf4c1ae9dcfffc234842a526640624e7381b081d08,394,4,0.06783837,-0.06517367,-0.11183933
Q8VI38,85170595d851a04c9543fd671903136adacccc64ea8fe4caf571cdc52013d83b,347,3,0.121110454,-0.02176649,0.13039853
Q8VXD3,6eeb57c0ac357a531be581f0d9de8a298ad648f820fc2c5b4f153ed63ec14e48,446,3,0.04999271,-0.11684313,-0.0016317558
Q8Z2G2,d49f9dcc41e72ffa0195a90c169b2f834d7565095cf24cbd09b033531e295760,336,4,0.12723336,-0.052960407,-0.23954985
Q90W56,7eb225b176ea092fdbb3e71e63a00f5bc24ff72b025ac60c6ec8e574e1a92fed,448,7,-0.024987673,-0.053937778,0.18309012
Q92073,9e204678a3f085575f3e02dbdfc9e8ff2382e168198cd85254dbdda35b2aaf1f,373,3,-0.010660798,-0.14654358,0.159534
Q92074,3f209ac27f5e1d46f4b08ccaa5d069f75945010039fe9a0324c6e0086b98216b,362,7,-0.23280586,-0.13330327,0.3045251
Q921V5,60941d7f97bbbb1b752f7116343a028a5de0334c9930c17a2e08eb2aa004172d,442,3,0.2213135,0.010543674,0.071636856
Q95158,62b6724783bc1c258462f110929abc3b770baeeacb737e8cecacfc003e388e84,347,7,0.09298762,-0.009389529,0.16112682
Q98TB5,8bd85af3563f80776582fbc195ed4ca6ded87ce4ccddfb980db0e42e0aa997e4,541,4,0.19714196,0.012890388,-0.12798885
Q9A0Z6,2ec5d5e3099307f0331a54e42331db975793481c9e275c4d269f123987852d4c,329,1,0.3602718,0.0014680431,-0.2833284
Q9AV15,0319dec4acbc4679c50aa1f827cf3cf3af1d800e11166ca3d3f3fa0ba5d83ddd,492,1,0.35927522,0.16376115,-0.016732618
Q9DBU1,a66e3395a19303b0115ceb11d49f58732f577fc30e393e4c2179af76140778aa,406,3,0.20942308,-0.11551115,0.036891412
Q9FT88,873619d6bfbe3349466b9e4ce2d891b68b9a76f4dd2ccba118bac20b2e7f7f5f,430,1,0.4155267,0.0909034,-0.038991574
Q9FXB2,873007e99097e7f881fe607d5abbda229eceda0e15787f12c44533117ef489b0,335,0,-0.19002949,-0.2422175,-0.002064056
Q9JI67,5531c96ee4be5dfa0a71d512b3b96cdcdd71a2fd796cd1b492719c8d8fcaec3b,308,3,0.13418427,-0.10367033,-0.0026597746
Q9JJ04,c85ae8cebea47b85bdf8fc1ccd91eab00329516ef7e686bb1f582bed50c34589,344,3,0.1356017,-0.1044833,0.060682736
Q9JJ61,4ece0d12acaa16642dc02b079b25719df4eb815c709e4ea1555de739d5d8165c,558,3,-0.030334802,-0.10171757,0.06836874
Q9N289,575d606fc9db796e9be41d1cd4d1959690dd05d6185bfe31f08d3ff38f5049bd,218,3,0.061260425,0.084534645,0.038678292
Q9N291,a641f34b2c73b6be5055294b01cb83db2cf48ca31fd25c86e40096ec08e66d4f,353,3,0.19549052,0.08696239,0.09910066
Q9NPZ5,9a18d012b270bf56e2378c1bbb7027464a54fcf71a11b0bcab441ca7728ff304,323,7,-0.15367663,-0.014251391,0.23907915
Q9R062,22e90414d41b3b4c2eaf126cadf1a13ab8710bc87d6d37efa6a014e5b75c1c18,333,0,-0.28848198,-0.16527423,0.04953074
Q9R0E0,2038c2a2fdea658de5a2b415e0780eda0f59ba84a9e553230835d4b66a319949,394,4,-0.04785917,-0.077021606,-0.13629918
Q9UBQ6,4d6523f1c5b93ef98588f31293e2b6e67051c17fe6f03f1624eab8b8bc0e4dde,330,1,0.39380693,0.062445402,-0.08793201
Q9UBV7,4619a27e5217c5601b7b9ec9df77ac8b1ea7d911f21e3cef6966a9729c3603e1,327,7,-0.008990919,-0.016239671,0.22950405
Q9VAQ8,a178a1816ede3498d915e161fc3de2674ddf9542ca6018cb2cfe44263439b84d,323,1,0.252767,0.04818003,-0.03373837
Q9VBZ9,98fc6fe3cd9ea489d2192133142a210bc28423dcffc1ca004b2908d73e0cfb55,322,3,0.10221243,-0.06743907,0.013763082
Q9WU47,6e261fe741ff9a96b126479cc9f3e8d60b9cc97014e7988ebc41464e76ecd5b4,335,7,-0.13189632,0.08906698,0.2573105
Q9WVK5,54ee52ee5fb6685cc3ce9b5754b5c333bae915a76ae2c737a65abfee99842286,382,1,0.32227853,-0.03706116,-0.048494596
Q9XGM8,b399fa8b35aefbdb8bd077a4a2b79cc635ce1262d844c9daaf17fd043cc3054d,444,3,0.033418544,-0.123714335,-0.0028453106
Q9YDM5,ec9ecc12d835116211eddc1f645bca7a7fa37fe74890e9a0236b2c6b05625674,388,1,0.18153012,0.11947329,-0.06150074
Q9Z137,e3e694ba79d77e9c82f0e72eec0579779752fa367b424c554e48a0eb37b95973,324,7,-0.037930667,-0.01244598,0.18490334
Q9Z2Y2,cdc748045cea2e1d0bc1cc4c7d8068b5e910cbf015744ec3f0a159ef65c45f13,369,7,-0.058210373,-0.019517843,0.26872343
Q9ZB73,43ac3b7b74d13e83f018b6b89008e659114158c4fe96773e251bf8e9f9bdec76,341,1,0.44428056,0.007878792,-0.3115784
Q9ZIT6,b5fd2ebb70d42b5ede90e73faa51e3ef57f80321c017e29c92ecab5a92b06476,339,4,0.17718528,-0.05943441,-0.26130036
R0L7C2,d6cf927eaeabb6566d5f5e2de4da9d2ff3acfe862f5b5a2fbb3f9615e4dfff92,530,3,0.057122312,-0.13875332,0.08190949
R1C6J7,dbdc5ca6f681b3a9da6ef35cd72c3c9253f563504efb372f9f834dc4e2d8131f,574,1,0.42653826,0.4389448,0.0190148
R1DT17,4f6f04a7059b4832d3c12621df33fc12f994a5641cb389927b39dc32cddfcdec,540,1,0.6386966,0.373142,0.023675565
R1GDV8,93298a083540cb19ae6efa8a10eac80af7aa6400d624fad995ee8d36ff5dcd76,293,4,0.107019104,0.04229662,-0.025491137
R4KK95,38f65085de569dd8da1b877b31763bab80ff916c0ae1581198980f6ab60837fa,225,2,-0.2869916,0.12875906,-0.110109344
R4M787,1594274e2539ba84ee60a6ef5e78b69f2e1e5cc713f7918c88badcf2ca339bc4,264,6,-0.1137038,0.29989266,-0.0005787716
R4STY1,ac5975393d9bcf1b6acd72eb77f36a6e0645f9f0a69383f0691b86dc35606e56,300,6,-0.25877026,0.29087135,0.055699836
R7QI64,ad34f908fb3e5b30c8df2a0b29c7e0009808e31dc2238769309d35b6a1189451,438,1,0.40152705,0.14076793,-0.03885108
R7QJE4,ba145abad1734393ffac2d03240d616941f1945ebe1e8fb05db414b457f14392,498,1,0.40755615,0.24264425,0.011326548
R9AI64,6e534efc9458053f4bb729eff2613d803fd8c6eba2b72d2de8e657ff293a7a3e,427,4,0.11498508,0.12994206,-0.10445183
S0EV84,384ea56d4bb63c1c6bc828b8daa2f975e870a8d32233f1314e681e3a788f1118,235,2,-0.16639751,0.28762427,-0.030312411
S3D896,0695c4261d6884ec48c92da16527593fb48f68a2188baab612387b339faa95ed,565,4,0.038013566,0.010353056,-0.0405415
S4S1G1,54fc1eb7d2036a8a56f072ba85fcf3d8bec6308af2ae71298badbad3fdbbdbf0,441,3,0.24700098,-0.006972577,0.015370697
S5S833,fb7d0a696540490de6065b2ddfb8f7fc973c0e46b4c088ccd94a25512177c524,600,3,0.04905966,-0.17207904,-0.036428507
S5STR0,370cd9266cc0520f8e832168141810fd8e9dfb9650bdd6ef1881e7eba87c2964,253,6,-0.26940635,0.36621404,0.061480522
S5UWX6,c10a356f32dab3b6c5d259e8b61cd7c33e6942a48227c73838e55ee73c70c3eb,323,6,-0.32654297,0.2794753,0.09023221
S7MND2,3c2d2ef3178bb458eb71795116300c3bd69acf12cb7f349ff9977948bd443673,542,3,0.14069214,-0.076568335,0.07407746
S7NAP7,5503a97b203d192423538c25e8c4cd7b78932af091f08e147f8c26495a802935,344,3,0.14419538,-0.09074841,0.03304895
S7NGH1,73f56e0aafe1a4b2ffc2a8920231579db0a0f912cbae84148218c26c34c29d1c,397,7,0.0460844,0.07078765,0.30616492
S7NRY9,b0b7d2543a698a1f44c7e06bce2601f9704263619b82e3f37f1b9e2160c7e116,341,0,-0.067518264,-0.16530709,0.06119879
S7P9Z4,e5d2c231d45bfab3dc26bd33900a9b62a7a7ae234f70fca4a221ef9759a55b6d,447,7,-0.050404083,0.003472612,0.22435369
S7PCM0,0dc3c355dee644511bf11c7f754c9bba037c8e7e634bb40e72301c0bdca1a9fe,369,7,-0.079504885,-0.012136347,0.29998186
S9XDZ2,024f61d12b61038e6cc033c37556cd86452a2a57a900e21a5cd972d97e4c8537,447,7,-0.07083738,0.02104801,0.24135153
T1G7J6,c4154701f68d5a3457e4b7508cd77b3820ce1a3dc8b1f3053dacdb86caaabfab,331,3,0.09021863,-0.12845263,-0.0066694794
T1K1D4,719e8356c40cc36bdc4fac23f30743e0dfdd257bc6e3d2bd7723c6e58f429615,441,1,0.2628492,-0.07601499,-0.087247655
T1KY59,5f558803ffef8787b1ffd60a49139d324be2306b4187170932263fbf391a4978,320,3,0.14971398,-0.12331116,-0.06922183
T1PBR6,a0b10577cddaebdca65fd0ba9206982b886f1fde60cb6c00b0785db167fdfc28,308,3,0.047597922,-0.07759169,-0.011771092
T2MHG9,2a9a3c2c27819aa60e71e26eb6b736808f9a95c03d1e7f0186664d4941b280d4,409,1,0.35653597,-0.07332869,-0.10102293
U3BX46,76e02d2add5bfef07a2bffa26577379bf4694c4a17a984376c270421226f41a7,556,0,-0.24550647,-0.25808913,0.054466657
U3ECV8,e14aed85f0f5db004e0dbbfff7f1b8f9bf5894ed7d12b6af5e3bb00377207da0,321,7,-0.11870037,0.03875569,0.2932739
U3EK11,0aad05d1f7aa002c519649c115766a444e5257d6ef6dcddd4734a8f0a661460b,571,0,-0.08174049,-0.107371055,0.061117083
U3JRX3,c61fde352cac421672f1e472534808f58a82b643d819c9ab61ad17a583cb3024,373,3,-0.014841121,-0.15306874,0.15688169
U3JTU7,a4d9812e7b6ed2bccf5af4d24bc7fa0f6335a2d6adda91cadc884ad8b7bc3e58,382,1,0.31078318,-0.049820364,-0.065683275
U3JVN4,9d776c954c5179e9ce1c11c064afd36180ef40d91be8d3317ab5923e7d7f55f5,530,3,0.07808227,-0.15192267,0.056218725
U3KPV4,4dfd88a99bdac8a2b1b25bf4c1e50f03a6f87aca43ef4d286066dce67da4abf9,340,7,0.09007088,0.19421099,0.28043926
U5D5L3,115944139035ac14d094480527654157c920593debd97ab5e801a35ff64b51d2,435,1,0.43799844,0.01014387,-0.078763664
U5N885,fb2ef885ecb2377ec5b6e11a0df3cec75bb3d1992e04e1d811345872447d6c6c,446,4,0.123631105,0.1465968,-0.1609038
U5VXY8,532d0b4d2115b0bed835f9f9b89f4ebb2dde07d2c72b19f22c622adac87539cd,331,6,-0.18119456,0.30952382,0.06392547
U5WLK2,e5cc85ed8ef9e89d6564dc3d7448288e627c6934222ad622e6809318b09ecd47,329,6,-0.119899824,0.31853428,0.015812222
V3ZP29,538a461c952b956ff7651c256bbd7d5bdc8c350af0f2cb42e7ae2c8c427f3089,363,3,0.14740728,-0.12940268,-0.056528803
V3ZY22,9b2d1ca73eb4998299261706549d2758f4159ee941489f65283f2ed2bf64cbbc,413,4,0.22604086,0.025641927,-0.19973373
V4ARJ6,3794c5482d10716d04ea15fbe5fcffac5fb79afdf7c7451149b2fdcaa0449074,320,1,0.3543906,0.07981114,-0.15807986
V4B6U8,f99c8a4fc7f0434d1345f837e5d4997d219ce19b4086fb9752c67913f88fb330,378,1,0.32739156,-0.07796794,-0.10804157
V4B895,e7cf091e99d1684c54b7e143e2053260605962340ebeec4ea00f1f702857a099,333,3,0.033117644,-0.20215508,-0.0740696
V4K469,1498e47d955f49b75dd5ef95b1674606689280710e7dee1a60351cfb9e9a5bba,333,0,-0.08810967,-0.14573342,0.0025528504
V4MCX9,780665ea15840a0d6dbec3bd363240b8cd73ff5626fd8cbe745a6094b4b68d6c,520,1,0.45104435,0.17643516,-0.13916893
V4MDY0,fc91ece60a315e47dff3b01d1e7d034514dc14defcfd6c009cec581e01a2a4ff,290,0,-0.16149572,-0.21410489,-0.02608271
V4MK91,5c12d9b3f74e665b404dffcdffdee8c186d1ca39faec2479b951a00ca63209bc,444,3,0.015682386,-0.1126937,0.009925478
V4UFH6,4d037bb9b12a6c038d337011806c79c7cabb6263db599a4b0b0ba7e586e91582,437,1,0.4394176,0.05800128,-0.058933843
V5ILI3,8fa10997f5c4edfaff2ee600a8404caa9e86e3e8380a17119eae26e30a89c242,576,3,0.13574122,-0.012572377,0.0691142
V5XGL6,6c0f2cc2d294fe03acf59b460130f10a004caf9ae0fda2ed8f55032d0f58b72c,322,6,-0.13802516,0.24994417,-0.006660297
V9I983,cf6d871a1847aa413aae0ea78b7ca74cfc25181b4c0ad5880514b6b112cce389,584,3,0.25030407,-0.025593169,0.07408313
V9KLC2,fa1d32f2cf8d85967aac6119c9266349e13a9bcd68ca0700441435ec2202cb5e,445,1,0.26400566,0.032789,0.048311897
V9L0F8,e40b6ea9641919ff3b90362278f05fae6a8f7ab6a9a405c7748c7c1e20bf3c10,330,3,-0.045891173,-0.053446714,0.03876607
W0TC16,91c35d8c6ae3bd9e11c3b0ad97c0347e0f0f15773d679d46469b56a1be1fd144,357,3,0.15956526,-0.021707322,-0.063116394
W1QKM6,b7765b950b303fc895a18588d26bd24d8a23c30f6619dda0beb322a0ca91e84c,465,1,0.44038725,0.07262349,-0.092493415
W2SFL2,0b4121c2bbb9d92648d25ebf13b58db5ed255ef263e9d79e373ea93e7978faf6,297,0,-0.16787188,0.02933171,0.040133096
W2T0C0,c870142dc388f3375ec5b7262c2a4b2003cdc3b63e8877592278ae733eae7253,278,1,0.34232986,0.009573166,-0.07703374
W2T4C8,fa64bd1c6b6e9e031e236d9340db70353693d08801f10910497d994a37272c21,534,3,0.10284326,-0.0559576,-0.0072718407
W3X429,e7c7e11c2c7941e14d52a292555ccdb5ea04af6440673df17197857158491b52,521,4,0.048038743,0.03150074,-0.06715636
W4KMJ8,9e716e99658262eaa84ed21e72f10db34575e6e80b708f6a18760802e1e1b30e,460,4,-0.02834979,0.14260375,-0.021227779
W5LVD2,ac66bba87a031ad31000f140a187bdabb81b763f76e937f0cd7f5db77c4fe4a9,361,3,0.0014122248,-0.25403187,0.080996916
W5M5B7,7c92b807af6ed49b313d282c5319968b3c4881e8c1236c02ed5a40d47e35b25e,334,3,-0.008700663,-0.09444411,0.046397604
W5TPX3,ff275fdab6a23ee3dd9987561f3244af8fca50ef658db99cda6d54c776ffce53,307,6,-0.22943288,0.2942265,0.033092372
W5UAQ7,529ccfa5198f704671e3bbba09d29f5c2256207084e5198a097d057b62b7319f,561,1,0.3348577,0.026430165,-0.19532268
W5UB25,cd4b432439b29df10865cb167ab2cc69e69397986df89cef36794af879bc3d91,354,0,-0.15646611,-0.28563228,0.13194881
W5UI97,6f08fd239a198ee27e323e6acd515b88d149d62548439af28ab93b95f0fa1c00,535,3,0.14912343,-0.068992116,0.16617718
W5UIH8,e8b8c2a803c2116dfc3b9c8f6df4aeb84ab6959a030c393926a6e5e46c4b923d,381,1,0.30476943,-0.024400482,-0.04691008
W5ULJ6,aa1f1a4120a5b840ef7aecc9b34db36aaa4c9673e599b88a4bf22a9be7567ec6,540,3,0.11665112,-0.073838525,0.13367577
W5W0L1,a34a389dad88c2680c8e782d07151a29314ab415b690598645611b38cd751401,328,6,-0.22408962,0.40620327,0.13083512
W6R8D9,700c74b6c6672d8b7431f1cb0ea1dc2675202d034e92b69cf4de0dc12249d982,303,2,-0.24889645,0.2154355,-0.07922681
W6RTY3,a1ac0730d9823b66484a792c77dc83d07ddfbbf19477c94903fa6836881c5bfe,384,4,-0.0045975144,0.2559951,-0.10503845
W6U3L4,127d928516b7fdf7d1e64f1c7b5be3666283c7f7c397200c52c12f58bb40ca50,266,1,0.23694226,-0.007142846,-0.08263622
W6U4W6,cc7daa78b33a20026285ac3097968abd0df64eb0e3070692eada0afa37605e29,371,1,0.4754567,0.049246695,-0.08637861
W6U6X7,4b30a2a957d7a7388f7ed6292ec69a0d26b350652ee83438b505260b09dcc8cd,266,1,0.21861866,0.033137843,-0.053837296
W6UQ25,48d0553218351807c7092b09c5c5d3e1fcbfaec3d68121e1e123e0e6caead9b2,291,1,0.28498864,0.011033638,-0.023849078
W6UQ66,437e0358e5dd91485285e10c611352fa1a7bad38709b2b3dcaca0460aca5750f,271,1,0.27531254,-0.011078388,-0.07037568
W6XS35,94d390c9d00c349dffadff8caeb46bc92f75d2b12e5e5867cbe728309f66c79f,598,1,0.33239385,0.08166218,0.053518765
W6XVR8,9c84c1abafe1e6fc8a9d586a5eb5c4ab4080ee291ee1c0ff1912b542a6b65169,563,1,0.46927315,0.16646193,-0.17268802
W6YUU9,f0ca71248b0b35752af7b0af9e45d5273ca24e54e9fc5db882ebb86d99361f4a,598,1,0.3172716,0.07361421,0.06070843
W6ZGL1,fbd85a2e9677178e3b26673dfa01279296350c82b91e934999c03a813385ac3a,536,1,0.4372002,0.16320834,-0.16871437
W7LUK8,9f3b8a3951dd93fd83760dced1fac5c8b49083e9a14b80fcee31b8d49c19ddf3,525,4,0.14465392,0.07679685,-0.06772723
W8BQG1,4eca08d93ce591a853d260e4eb6463a0ef77fa3408192bb8a784ca429d589ab0,308,3,0.110811226,-0.08925612,-0.044418402
W9QSA2,ed1190eb91801909fb6c880e7f988766811f11a415bf1e0c919f5e388e6b5ef5,337,0,-0.101849355,-0.13394436,0.0149696255
X1WCR3,7d2ce8084ce11b30f5cece0db08c6d231a7b76f7a666ce7124cb3719e63fdf5d,571,1,0.3275684,0.073868014,-0.1655685
X1WGF8,ab6f5ce01c7ab922412c63e3695b3001a859982ea83656fc39f1cc59a0a8ea26,567,0,-0.064155936,-0.1064935,0.11825547
X4RAW4,dec4823b789f3c12a35b6a0722882f030bc0d253914f4e3ff2475b81559ae4d4,256,6,-0.15433215,0.26643312,-0.039706096
X4ZQE0,eeed5ef0a3455d1b5d712cc8d21cb94d817846010e99f5d7654f9d0aaf1245fa,274,2,-0.087012224,0.09725931,-0.03602423
A0A010QEH2,f32c2d12338a03a1f8853032bfc722c0461906ce2fce45fc207d324df218c984,238,5,-0.45968685,-0.14411864,-0.1640685
A0A010R6J7,36a6a6b2354e2e6c8979755e573f56f76e0e65cfdbd66cab62eaa732f490aad8,399,0,-0.16996655,0.047814526,0.011849396
A0A022QSK1,0fffce7c27e33b65af2caffede4b94f5dadb34d9996e943b2f2894444cc5668d,250,5,-0.385806,-0.21911424,-0.15796216
A0A024SG37,d6e51dd7003d2316f1b7148529c46e6bd98372cf0e7269a55306ed8f189076ee,413,0,-0.15549782,0.053353444,0.009384282
A0A034WD74,8d3b7dce53a9b276db34d0515f5ab01d86a1f72290d29734b91570f7a30d1499,328,4,-0.13595052,-0.08015218,-0.115256764
A0A034WRN4,90a9878990e0bc64fe8a4ed0f878e8bf827c98ab9b6bb2e8a6d7d6406f0f0fbc,241,5,-0.4451713,-0.2412064,-0.199453
A0A059BHF9,0dbfc27b5ee57dab18d83713becc3d789c57578bbeaf907f16f90d16f230b0ce,335,4,0.01032071,0.012360471,-0.13519065
A0A059BPY2,f6f5a866f40219e25dd4022027d3f7661f525d116b80d007a1698e98fa86a878,245,5,-0.41565597,-0.09643418,-0.10440044
A0A060HG89,32c34bd7e17b49c46e6d77d9a7de6158074990207dfb2b714b414c4bc91e5f0b,392,4,0.025429089,0.121367045,-0.20297335
A0A061CYR0,93bc61197720918ec34b9159fba90a5d4f9d334bafe13246515b2e35746e1124,242,2,-0.15389426,-0.02261298,-0.23508026
A0A061H8P9,f289c2a244db45776aa043603d799221209e9e82a2d0b8bda0c563264f57aaa8,298,4,0.074595176,0.15042001,-0.13094537
A0A063BT69,be33d6d05349ac5336539578f3d05fd54861c040d8929c8a82248e8deaa5b1f5,243,5,-0.44624755,-0.07502481,-0.108795814
A0A067BYL2,5326be309079c232e8ff6a70c5ed2ef1587a6ffdd1e543743099a3668d0558ab,332,4,-0.0025561806,0.16918331,-0.076884955
A0A067C2C8,771985c48499c5f37fad978acf9413ae6fec578d4f311b58ebdc94bad582739b,248,1,0.21312189,0.25670916,-0.14010389
A0A067KL12,ff48859d0a6f3c9f6faeb705acec8cacde765a958d3024066d0c8c67a6d20184,237,5,-0.43731505,-0.15988265,-0.15935004
A0A067LJV6,287fb552e85ae610be79c41a7db5d0740140a19bb1acc15ab843ecafb24a93d9,330,4,0.0042662797,0.01999327,-0.14102764
A0A068NLA5,c9413e409ddbc749f578b1190de3e35e0256376847e5e31f6efe0572c7a015e1,238,2,-0.16623273,0.16948415,-0.10345735
A0A074ZAA1,c926c622095a4829a0889f96803728a75d917577e00cb0a9bde0c2b39c774d66,313,4,0.15719262,-0.10238255,-0.12733445
A0A075A058,5386ff919b2f03fe50f97eeebc43884ddc846375296064788e565284b8d08eaf,353,1,0.2042889,0.13506112,-0.053141452
A0A075V2D5,b2415065b6407a1200e298c5911eb162004055195f219c857edf4195bf302788,423,6,-0.3700395,0.22174802,0.016685318
A0A076N9R6,f21d73059438ae4becae6846fa8c9e65057c1c2cc5a7f7c600cd8b4d53a38f1b,413,6,-0.45676208,0.18804206,0.037822343
A0A077TJD9,d755be763f745a16afef38fc57399eb7e0d4443833a2934362d4794124f70627,256,4,-0.009457923,-0.19093527,-0.3744169
A0A078H259,eaa5db4ab364e91748f276da627ddaa5c28ce32767c7220451a23b1467836b8e,246,5,-0.40723076,-0.16084969,-0.14263235
A0A084G196,dafb8f729d2b9a58efa7ac3139240f17c203037e20e01246fc0896e471f97a9c,406,0,-0.16084819,0.03858345,0.00072451425
A0A084GHL8,9c32706f72e4f05a883b2db7a902a50433f5de570a448440bb64f9ac1ad317d0,243,5,-0.41766328,-0.14198811,-0.16350313
A0A087SGG9,30fe88dcc7e38504b7e50805ba1a36892776f04bf8c55f269ddcb740004dc477,346,4,0.099506065,0.180661,-0.0622411
A0A088S1V1,65316f62b1a8257ba97499d0207bf0e76eeb188cc4e126fd377086a427c59a37,262,2,-0.09234101,0.073800676,-0.19362624
A0A089X6K1,57b58dd305da0042f1a335fba8152c1daa142a0a87cb666564c7f9339545da53,430,6,-0.3587876,0.40973377,0.14878489
A0A089Z090,2f9f202caa7bae7920a9c1ab4c4ac486fa03edc49881699c484257a048aec6f7,420,6,-0.3992435,0.29849738,0.09164088
A0A097IG03,94cf7c388126a85ebeb3ced92d996ba0117347711f6332c67154693d32dd0e41,297,6,-0.17056462,0.22135761,-0.08840608
A0A097QT49,d3249f0df156a408403aae98d581733f295326cc8b2d01b23b50365c2500d08c,351,2,-0.2579838,-0.007361614,-0.1685775
A0A0A0L0P4,95e7be71080be938b5bb231d367e9969cc90cfe4dfa9902903a53d505047491d,242,5,-0.40667686,-0.12403652,-0.12323725
A0A0B5ID67,9763a10a693a45abacd4aa12c3a3f8e22a5eb727769ed92bba4a6f6e1d539b2c,419,6,-0.41497904,0.25924137,0.06997704
A0A0B6F395,9877270979db588250f97ee39c6ead5debe1272fc42455ff6bd5df6990cbe330,291,2,-0.2132464,0.10825947,-0.123143
A0A0C3A8Y5,6e5c7d6980283931cf0896ddc16b86229e33d9fbbd420df4c320b8152c4282fc,245,2,-0.32956055,0.12093492,-0.14779109
A0A0C5BTQ9,690b3aa7f101767cba739eae883dc11542565a255f6ee80d77faf3f7c4626bc5,390,4,0.074607715,-0.06654035,-0.30466363
A0A0C5BYE5,68dea8a0ec0848b785c12e5a133bc1a9aefdbaba477f4981dd5308d33ae834d6,379,4,-0.009692202,0.016727142,-0.25317556
A0A0C5G2Z4,f0bcad76549ec648e2e3e79e64b023b702bcad3d6f10ddd3c306f7057f7285f9,430,6,-0.39310077,0.26634777,0.078862846
A0A0C9RMI0,219f52d91e54b34dc289847c14cc010f7cb16e01b2bba2fa700a7a9432080628,328,4,-0.10463066,-0.052244563,-0.12239493
A0A0D2NLN6,b0cf3217deaf0058b44a912cb01f41de0f600b819b36c5ed8759b19e5e62b3cd,239,5,-0.41568127,-0.16079862,-0.15209666
A0A0D5BYT1,73f8b49fc12e01a07bbf00e6d6e5e21eca83213e2b24c8a94f98f6fff6683630,388,4,0.07661653,-0.06431566,-0.32508898
A0A0E3Q531,00dbbb532781d8396aff9d1725b9801aa06f4ca4cea6ed638e1f313fec22d369,438,4,0.05617762,-0.0425447,-0.27584255
A0A0E3SKX6,0cf56b5c1a6d8dc3f4d1f46ce792b3bafb12e21667d1213a08abb805ecfbeab0,375,4,0.00522,-0.055086948,-0.31842554
A0A0F2MDJ6,0e62662047a9786090a002db9b47b6930ac5580f2d392713e9c2487058573da1,243,5,-0.30181393,-0.036060013,-0.15797053
A0A0F6TB44,db96e26f340bc7d618fcd82c882d4f413400674ca902fd2dec31f59d22d574c0,298,2,-0.20355935,0.11677444,-0.10897786
A0A0F7VTY3,5733fc8c23763159be6bfc5f8b5b5856964e6f725a87e65cb8465f94af04c7df,430,6,-0.38634908,0.26136282,0.07366485
A0A0G3EF11,c77717f1f1f829e01d8fc1af93f2ca8d6a6508af903581c574ccc99543f8b17b,255,2,-0.19755857,0.23696655,-0.08174732
A0A0G3GUB4,8c755bf858dc167cb9991d0feed685555d1e16a4da9b65b78ec8e7ee3fb21dd6,267,2,-0.17400472,0.10243045,-0.17316902
A0A0G3H5T1,e5f41549842090965450cbaac5aa12283814d0a41dcef12bc9679f91e16895cd,265,2,-0.22003528,0.15760411,-0.1198967
A0A0G3HE91,56725626315f534116e69ab54b9c3f2542c51407af82ce703ec28fb50adac9ba,331,6,-0.15185538,0.24800287,-0.055384994
A0A0H5NXB4,5562c149699fdb8dfd1b8c8a6a1b260cebea38e21473d6b99bc94b354c6f09d1,239,2,-0.4223399,0.15073963,-0.1014093
A0A0H5PGP4,d36b56d7c91937b81a890aedb73cb698b4b5d59632bf6286ab33ba0966982c36,420,6,-0.30718172,0.2867637,0.027136441
A0A0J9VL02,3cc9567c5dec87c64ad095d457038aeffa64b23837d296e512231414a9793432,240,5,-0.46539652,-0.15058091,-0.15878673
A0A0K0X6M3,e98428de2b8a7ec69adb87d5deb30d5cfe6f1c4544b72e05a467dd890209a30f,438,6,-0.32479286,0.24221347,0.011537869
A0A0K0X941,b170802f53518ea5f8006c1c925fd263e40ebc1ac1e8951ccc29356787b79047,265,6,-0.3382769,0.24772337,-0.049851757
A0A0K1S3C5,b2ed9fe702b1b2888b67f3911e31bc1c46e3b522841ea16ca67d1f19a1a05caa,425,2,-0.120065115,0.06164723,-0.16748963
A0A0K2AV61,49f45df26e5233976f6cb59905568c21dd6928623209995d8e4c348459b99738,479,6,-0.31244648,0.33657774,0.12833562
A0A0K2GGI2,6f8f8bba97403932b1ec14717ea7d729ef3386fe4429c91c7ed276cdf04eac07,268,6,-0.081233524,0.36447924,-0.05763944
A0A0L8GK76,c172ed7c9ac064ca3760a98430b6910d1b9f0828a09881667a58e9cb339ddeac,242,5,-0.40903702,-0.21660368,-0.19685777
A0A0L8HMH9,10d173a3e916259da4b5e0072c4b93d6115e5f46bedbd92aa24a62baf3b76519,320,4,-0.11465859,-0.10299622,-0.15289757
A0A0M3QJ02,d79292d1aab28c16c140c7c41c5b0ce1242b5d9411fc71cd3ccb7e46e4e95b8d,426,6,-0.38030365,0.29622436,0.08311449
A0A0M4CPZ9,0898f16751d7ad90a55b9ebdcc7448bebafc89b0098eb7d2b21ad6e91d582970,270,2,-0.22095011,0.11170151,-0.16019093
A0A0M4SPJ3,97ecbdf93effdff4d19adba928d601ce73c96bb345fbbd60b9e5a2d9d13e8ccd,411,2,-0.17863409,0.077141985,-0.16567005
A0A0M5L5W8,032f5a53631c88cf2a0629cf19b3ab8551ed27704d09021eba7c6dba724ad51e,256,2,-0.3934658,0.046123333,-0.15560588
A0A0N9I183,ad261ee39a9aab1534bd1fbfb43b6b45e546282237cfef813ad7d6e4cc22086f,411,6,-0.22173223,0.29242498,-0.0040626344
A0A0N9MV61,0cc0fa04982af45481104e3255241e6b2285a123f4fdc45afc3b02e536bfe5cb,426,6,-0.23656689,0.34076092,0.027297037
A0A0N9NGJ6,267d8bad9835a761754e0ceef16937e15e7013b6a02868e32fe1099dfb8ee364,259,6,-0.37099394,0.15373562,-0.098107986
A0A0N9XJ80,ada60d3c632f4b7d55a0a519fe1647d3733925c110bb242d00c84c14559e6526,428,6,-0.3797453,0.24587874,0.023600621
A0A0N9Y315,58ff88ed700f48bf233c6458859e3f5710a3297b7fc8bd76949f975a192ff067,262,6,-0.36565822,0.22294788,-0.057380315
A0A0P0D6E1,97b5d32a3da8a1cdad08b133d04b2fda4184e0d5d8be40749acd26ddf5a92d96,393,4,-0.013801295,-0.08149689,-0.27004835
A0A0P6JCX0,3a052c192324f1fd47adb6bc8f15c394c0436f41706e3cfab767784bb9f7a3c8,324,0,-0.27571306,-0.11772173,-0.0386581
A0A0P6JX19,dfc68a2b7ea77b2a96fd3564263af99f7aff32d44d1c6e63019be5a196ad1fcb,260,5,-0.41299784,-0.22428198,-0.12481851
A0A0Q2S543,fb57979edf1a6391d30566d4764b17a4260b545dae86cac746100f3a4d71f464,352,2,-0.24860515,0.02880559,-0.16101357
A0A0U3ECA2,4d82ac3bcd5f9249038b034775bc3fc9ca53b65b0227470eb7c2376f6e48be02,376,2,-0.12134177,-0.08889754,-0.2446952
A0A0U4A8F2,0598f131964959bff795a6c308189bd5ac5e650fe7f36c572743a776ce7f660b,269,2,-0.1377379,0.28222945,-0.08516176
A0A0U4WNY6,f9ad8245e7153164283f04f1d3d13b14f1a5f711044ece276b064d4d899063e8,247,2,-0.017246688,0.118568376,-0.22178335
A0A0X1KI71,dc2cab7287962fd2bf83725322d93172d42bb91bbf52ed71b42febc1934bebc8,359,2,-0.24124466,-0.013971395,-0.17913963
A0A0X3BID5,7fc08812fa90bae18bbc1db44b2bf5b7ee2770baf453fbe11585af423716e0c7,237,2,-0.07337252,0.26560444,-0.109800644
A0A127A0Y3,b616b735157acf8f38e0089ee6c57a81a663a9cbb0fa6e0632eb9f7f92fb3458,447,6,-0.28695875,0.29983202,0.05066006
A0A127BBN2,9e34abf50afe40e4c5b1da7b578762b7db3af0399bd14c04397490f25e230bb7,351,2,-0.23675084,-0.035321772,-0.19667028
A0A128A1K2,00cdd2c43aaf7259b6751334a352671942c03601a3ff2b6df2c7f80e6566a396,395,4,0.06576272,0.05962089,-0.24427497
A0A132B6I0,3ac0af27b2ec8441598a0a1ebb67d3c136cc19ad486167cca3f52cb0e206d03b,243,5,-0.4385166,-0.131189,-0.15217279
A0A143C2T6,c420b9eb6e6b3d6e65a8f5c5b4b02401f2567211c03e19171330fa1f849b8a14,460,6,-0.33502886,0.2832572,0.08565557
A0A143CCK6,4079830239531e3d6914b5eb2b758473649442c744a22ba5ca42b6becb8f0bc1,401,6,-0.43356705,0.3093112,0.0844918
A0A143PU77,f8a0d78c83663ac5070a981e3bf7e0ef279cd04263c0e5b9cb9049385e95bb51,250,6,-0.18781169,0.30574694,-0.062205125
A0A143QLY9,9bfc710e40ef94631870ed5a756f4fbfbaf06ba6a8fa5b749b7f3f80292bd90f,423,6,-0.3126474,0.25274387,-0.0014982932
A0A146FDQ9,2552b48a593e947277d391429a6ee3d5981071dc883016d44995a0dd09eddc97,244,5,-0.31393993,-0.14184906,-0.18202351
A0A151J999,615cffc48f9607197a3de8429296f34a7d5ccaad63496207704ec7b7a5f70cc7,327,4,-0.08378606,-0.08636478,-0.13935673
A0A151MPU2,4159693a7025913946f213211c304eee92b596dc88b8c49da2253d537fb3fb11,324,0,-0.27718052,-0.10482422,-0.024206242
A0A151NYX8,efb7e04f537a1e04b2a15f13552ac64c3c174455f0224dc087b1142c7ac8e1fd,244,5,-0.47899154,-0.17236087,-0.11741178
A0A160PRT2,7d2491e97644c1e4db03da7973c2a748f822f601301ff2b84cb0f9a46721df9f,270,2,-0.19970085,0.13453233,-0.14470053
A0A160SYW1,21275b824d7a6d8074570683dd0a055602cde3d896ce4836796f4c07a5eab8dc,255,2,-0.19935796,0.09524766,-0.119730346
A0A160VQ06,688afce2a60662456bdd253ebfb431c535f31c5d7700caf017e719539b2d973e,352,2,-0.21058202,-0.062214516,-0.22060385
A0A166BVN9,b3fa5c5913b812ba3ff088136448fa4ba840ce29d2ffaab37e6ce4856930deba,328,4,0.02109125,0.01111986,-0.1432748
A0A170QZP7,ebbba016c4fe05905cc248f7f9cacf6c414da18f3796f0f6bb563ae48c6d0564,256,2,-0.18670395,-0.11583043,-0.21203266
A0A172QTH0,9b5aa1acdfeaf9173e8d820a82692126d1644a7e8b01ea33740d44ce470d8fb0,271,2,-0.1830652,0.109185025,-0.15607475
A0A172UNS4,51ae967ea67bb69a7a7fb60d0d7d9c46b950d5bf321da9359eaf65a5374c509e,257,6,-0.38210702,0.22776389,-0.06750688
A0A172WJE9,d58631230ad140a9951077e8b01ce9e3a59ef812ffc96dd47a7f69dd80d0a0d7,352,2,-0.21815231,-0.017936321,-0.20400366
A0A173LLC1,c76ae0edfffee4c1faad3fefb53dc6715142ce31598cdd515ad446d52710f726,250,6,-0.39952832,0.1731522,-0.10930837
A0A173LNS4,92da9f740d57b56b32857bf9fe865bb1e3c71a0001d1a8a58f9b6eb1d7a246bb,428,6,-0.15952933,0.37061933,0.0035051187
A0A177E0B2,e1f32e0f13671d4ae98c471f24a65421c70bf1e463369c304e515fac7cb4968f,240,5,-0.48233956,-0.1595171,-0.13651897
A0A179EZL4,bb196aaad22d58f3c69f4cd0ae597bacce6025b78c759a7e42a7c6ca43f76dba,243,5,-0.44317275,-0.16720936,-0.15935954
A0A179FWC6,07b9141d895e6bdd40e330d4c71384b942ae6e743ead199f76e30f16b0b15004,242,5,-0.46401918,-0.10106708,-0.106643856
A0A179HKC4,386050568329267e9a20c198da5992a83263972970aaa9fed313ea0c1b17c4be,440,4,-0.08847624,0.047912568,0.009962407
A0A179UL12,a0c97ae470553ced43cafc7001f81db5fc2a540b80d8db5e2fc1e1ffbb271661,421,4,-0.078000516,0.039229896,-0.019668972
A0A179UW10,5c8feeabcebb9035f62f8f2330b7877e78b45c9aaa3d8312f03b2d53e85fa92d,280,4,-0.08303387,-0.07857631,-0.17322972
A0A182HRL4,b16e7c58c181706822951c211237b24ba71a17dd84438feac7727d45eb650dde,239,5,-0.4755773,-0.22198938,-0.18705052
A0A182RHF6,cc51e75521c473b7607a3f0e580cb8308401726af4be91d2f4981f09b6639026,239,5,-0.48579386,-0.20781727,-0.16940086
A0A191V092,69ca9c903663b9e9ec4f17836a37ec46fa4396eaa0d87be1f2bec7b08cb5940b,453,6,-0.33921403,0.3177178,0.10795362
A0A194QW04,fdf7839906c50eecc1e4fa36dfcb60c4c7d0f6801d7e955f9c69e330618aaa0f,249,5,-0.39760107,-0.23602104,-0.17579368
A0A194X312,546884ec3e0d6a57b3d2cba2ffec22a36b5976da28da5f2ae0bdca5e8c40589b,396,4,-0.16339676,0.038859338,-0.020610448
A0A194XBV9,40f5f7e6290c69e9d6f9ccfee6f8b852ba1dad04b66e587d6515bd8167474a14,240,5,-0.37885058,-0.15623723,-0.19662812
A0A195BG85,925e6d187e517b6df38aae7ee3f97b1cd57d8ce6d29561999c8ef689ad58ecf8,327,4,-0.054056097,-0.10557241,-0.1585037
A0A195FDB8,df2ccf41f02022a890027114ad7f1d11f914bf62685e129a41684166b81a9dfe,327,4,-0.07948556,-0.11721393,-0.1618987
A0A1A8AXJ3,d3c00692dafb22a9696f550f4f23d088767ae11938815a75dda9f20c26b9d622,322,0,-0.2790145,-0.12503031,-0.044181015
A0A1A8WKW6,19a20074fb1012079ba4c065fed82b863d03371072cc7e42c3ec7cfc0cf4a59f,235,5,-0.15755631,-0.20052418,-0.33697915
A0A1A9GQ71,2eba1b38c6151a69f0b1a00e6433095b5a0fdc5db12057272c0608e04de02958,413,6,-0.36254165,0.3526244,0.0669849
A0A1B0D0L8,038a6b62e3654f63d684daebb206efec5d436a5060227c312d3b74077ca461d0,239,5,-0.44466075,-0.21652767,-0.19065827
A0A1B1BBE1,9c2588ac1ac943a44f35bd7775f9d877a9584b71186910587b6aa3c495c25d23,492,6,-0.23740573,0.27763593,0.0599758
A0A1B1DZC1,60318133ae620967832fca41cd9620f7ee2f55eaa0f2a2a494f148d4b3e77f6f,258,4,-0.032911517,-0.1582512,-0.3248649
A0A1B1MCL6,73f4998848a6952eac0978fded4d4c3d9eab682f03fe777028f4cce37ed89e17,448,6,-0.32856715,0.24805737,0.06305631
A0A1B9FSA3,9da863783b102ea73c04b540f4b2920866cebbc6bdd406a9271419e03f329fc7,265,5,-0.31839818,-0.14041674,-0.091052495
A0A1B9I9T3,17037e7ec269b62e829453be32287295f694ff465612ac33086d75eef44503a1,259,5,-0.26933917,-0.19950742,-0.17498903
A0A1D7YCM7,53ec715479f2be4afcd1e035e9e89ecaa9a0a101ea2aeb7b8064a3b2c1df88ca,496,6,-0.2709872,0.3024914,0.10552909
A0A1D7YN90,c17dfd3917697cd9a4c905b3499d98f51eab7954274f05d10c97c21d4801f745,247,6,-0.4212437,0.32901663,0.07178299
A0A1D8NDE5,df4d88fe763203ac8b3c4c31afd8a78cc9ae16ea20895b21a24feacadce5d644,324,4,-0.11440134,0.053386863,-0.09755427
A0A1D8NDH1,b3018c2963c04814eb6352e354b72496247dbe3ce76429b7c6f51da3e4b48851,238,5,-0.43280956,-0.17815796,-0.19367105
A0A1D8U0S6,b794a692c15139ba0563c6effee389a250d5670abaa4a64dcfe5fca48c51b311,399,2,-0.14897293,0.056612942,-0.19364984
A0A1D9PXC6,a8944e00fce916cea8cfa2edaefd718782d4d2c78e875bfb6d11cfdfa12db08a,401,0,-0.16607022,0.020747792,-0.0071271914
A0A1E3HLZ9,ba557b67504518d60c81ce632f2d324e6b9ba4b6f36ce1eaa0005dcff6d605f2,265,5,-0.33133653,-0.09119415,-0.08155581
A0A1E7FGA2,e67ab3b0a5156a29b2be198ca56a6709d97ac8c68d8e0d97d7a30686002e553d,353,1,0.26866376,0.077378854,-0.2148097
A0A1E7FVM1,9dfe1ce8cb22ed5a93b571412584a6dbf934e46f36947c4b67716391ef678214,236,5,-0.34483817,-0.13587253,-0.24180855
A0A1G4WAZ1,13bc290db11a825548a21e08ebf27d407d677bf01c3fdae0d20d3f783a42a1e5,262,6,-0.38092178,0.24062881,-0.039783638
A0A1H4SRR2,73aa9324eee9bbfafcc1b0710edd086e674650679d9f883ab6a90a036cdc6f31,418,6,-0.33019125,0.26975405,0.023590608
A0A1I8ND96,b9781df86daa5f813d5e9968bc13bf287596331ddc8e3428fd6f01f2130db77d,242,5,-0.4360511,-0.22173078,-0.19741191
A0A1J0VM30,eeb96459c45e1fa8af37cf2e34096f4474c9ead64f77ad42c6ce7bee3cc82dbc,233,2,-0.4078508,0.14929916,-0.1061485
A0A1J1H9L8,1f95840572c10f945c5a9d16050528535d8b142bdda5df52ea5a7f0b182d933a,240,4,-0.092640065,-0.2348552,-0.36758658
A0A1J6KBL7,4fb0e86f0bc3ce94b6b8e9d4de8664e6800e9b87419ffe3d2fb0ba3da22b0965,241,5,-0.4039493,-0.15421462,-0.15188585
A0A1L3MJV5,631d3db7225f92090e744a0cca59f32f5c25073124b6b20bf6f76d208e476958,423,6,-0.2993073,0.33222842,0.047678683
A0A1L7CLX3,877812a9d99df0b99d5343df84167d0d1bbfa7bc2cf4dd7b8edd7fdf73c321c5,298,2,-0.1515178,0.09229268,-0.15714343
A0A1L7CSL7,4c25dd6a49e27f0adff7845bc69ed64213866d933e2f93994e36602ac74e5a97,270,2,-0.21661596,0.20144485,-0.100901105
A0A1L7CY53,a2c7cdf9d286d60af787e1aa0070a9ae4766b5da6f0d9f52cbdc95c4d9f835e3,256,6,-0.33909714,0.27572307,-0.040527698
A0A1L7I736,672cea5252399e96bad408bf25a622bfe7b6809336eec0e170a61484d6d4ecce,439,4,0.1751075,0.012279057,-0.25399923
A0A1P8F7L8,7f51e59f3a1abbe757a376e2d146d24dd6d3bc69b683333e25b05399ecc54abc,358,2,-0.19565326,0.16111144,-0.14708789
A0A1P8WAL5,eed4d4b43613b0d91357ed6a88045ba1eb59945abc4725792637909ceeaba05d,409,2,0.0042185686,0.2453189,-0.15980361
A0A1Q2HMY3,94babf63890f0c90f3db562ccde791ede47d007967e21d958b287a2ff19f063c,539,1,0.33560297,0.184975,-0.19827437
A0A1Q2HWI9,e903cea7d8d539586660d35ec4cba23089aa6182e8ef3ff8914e42ec7e728264,298,2,-0.09609933,0.21362652,-0.10004378
A0A1Q2MG51,140b879532c03b875cfb8ff25f606c5f008f6d40ee6e5abc6d8534ac99e45a49,236,2,-0.03018897,0.10503102,-0.25046867
A0A1S0U9I1,6598f289bf9e45cc7fed33e17baf9a6fb6e06ee2f00beef893cd122b21c4cf9e,243,5,-0.3521761,-0.10449659,-0.17744826
A0A1S2XQT9,7a014d19b7c497853909fa3857fa4d1264aedcc6035705708014eee4f6e332d6,333,4,0.04325323,0.03259901,-0.13273762
A0A1S3BV11,15d830f22b1e2b41c68737d3a9a62699dd2747d105da97f707d7c3477094173f,242,5,-0.40888336,-0.13084994,-0.124947876
A0A1S3D3E8,359a7be8437ca97580767d5fc4cf709eb66ce63876b909e4afcd57b0424e6097,340,4,0.021326803,-0.07699175,-0.17366257
A0A1S3FV89,3a12b59b7ebfcfe935f16b0cea1949dd9fd2ee92c8338f65bc665ab5880c47a9,221,0,-0.19410044,-0.1306423,0.045674358
A0A1S3J5Z1,9b05a980bb7cae833393b7bec6784048a094ed2f3b515a6d9725428bd4d8d187,314,5,-0.059427135,-0.1948656,-0.17567433
A0A1S3KF25,9d8db13d5754c8ad5c7473c953721892f0f034222ffdcff54002bc61b785f6f6,323,0,-0.16682063,-0.09083447,-0.12243119
A0A1S3L2Q6,e337ab5177aca1d0e1b8a17d39b82e4e621c97f34534bca519074508f0264bf9,322,0,-0.31838575,-0.12758304,-0.020023366
A0A1S3MED5,ab18b83cded9de3b85f3e138bcb65ad34d3167beb4f99f2708b53e4de0619929,250,5,-0.48647034,-0.14205366,-0.10091369
A0A1S3TTC9,f2ba96850b49ace7d50fbd536da7b2a866965bba923d807100dc636321f775ad,333,4,0.031901672,0.0034531215,-0.14370969
A0A1S3UMB4,0f80ec590cfbada20bb7ee9dc204a495127d6554205559ec8e486c1020767691,243,5,-0.43338788,-0.1331582,-0.12941037
A0A1S3ZZR7,fb5eafbfc2f4dab8329097339c843544f4a85a34727affc5847c43bd105a4fc1,240,5,-0.40782154,-0.16084637,-0.16080575
A0A1S4D5I6,0c30275d4aae3214dd17da511f1207144825d5d63df76388f3b42bbbc564bec7,239,5,-0.41761014,-0.14103417,-0.15411402
A0A1S4E276,6d756ce4adcbe7b869b06821e2f30f912ff2e18411dafe54c0025f2398f73449,329,4,0.034402415,-0.041300744,-0.18199477
A0A1S6JAK5,4b8d07bc925ee492a6cb3731949a74d5429c4a1bc4494d71d7214855da5742bf,457,6,-0.32391152,0.31426367,0.09285315
A0A1U7QWB3,4c5f6b1feaee5d90d48817e7668ba700bdf72e3bb749ae44103b7d83843bd986,260,5,-0.43404093,-0.18018845,-0.09313901
A0A1U7T2D7,cb14f0a6bb4617a497c57e564708a6206ac75a5ee1b59bdf3115ef293436918a,324,0,-0.28406516,-0.12939245,-0.026330091
A0A1U7TG39,adfaf9ac6c5a9da92736ae6a5e024bb9e0f5a3977d1f682b0803698d1ca7c4c6,260,5,-0.41825995,-0.19759607,-0.1345908
A0A1U7YQN0,ae160f5c7a300570138b153e95f43a56a8625a25d0946c2d607186dc9fd86351,335,4,0.021385388,0.03202099,-0.12673664
A0A1U7ZX85,1c5b8b5d546e9a29221fb83d0223a435669d065a8c738767597b12974f32651f,339,4,0.06276017,0.052697092,-0.13238265
A0A1U8GHS4,08bb296acab086e91da086e418b3e6f3de93af2c55caa3ca21285b8c7f181f22,239,5,-0.4090057,-0.17640117,-0.17064619
A0A1U8GLN2,ea364f415e31aaf2174ea845052ab1aab1605b96073c794147552aa1ad4ca960,335,4,0.034895785,0.04350977,-0.121144116
A0A1U8IJB9,8cc3f7bedec31646f538c4e24ed515a5c73e4e0deb630e5cbef28f380144e685,335,4,0.020214604,0.023723511,-0.13277248
A0A1U8JZG8,8a2003708dfb2acefe86a44e9f2e0b1abe6a8f8cc51051cdf7c4a111ae90b895,264,5,-0.2613864,-0.17067736,-0.16656612
A0A1U8M636,b5ae23203b716ed8f4ee171765c6db47cf08a5eac0d09a4474e723aac16b2205,333,4,0.025030416,-0.0013758473,-0.15835765
A0A1U8N3S2,0363cacaca1730b92b5a033afb7d77e1874989292bee5447c4d8b086431761ee,331,4,0.021570385,0.0030896955,-0.15233952
A0A1U8NX75,245513af9aa8d0f05520fe9d1d12392d5032d13f01916f08e28c69aa006adfc0,238,5,-0.41547492,-0.17677402,-0.17836492
A0A1U9QU37,3c18a873cf3c202d9f7a108063552d2b121ed54dd7981084276ef274a0017286,441,6,-0.3386985,0.30398023,0.075951815
A0A1U9ZX49,484e100796732811c4215e1f7d3a31a1da70b80080e8c8469c15359959a5286c,416,6,-0.1898017,0.3449583,0.019030081
A0A1V0TU93,6432ce2fe0374f411e969ecafbd7954c37b627975ca2b8146ea9ecdc90081fc2,447,6,-0.340085,0.3063596,0.08411285
A0A1V0UD02,4d374dcac63cdc9df7fec008bcbe9ca1e964ac05b97f46428059f010b85f3bbd,449,6,-0.35052204,0.33511984,0.1198843
A0A1W1I040,7959b7e6b8beb5c19efb0f87d4cb3acee3f909318360717fa003a57bd6c1ded7,262,2,-0.087185256,0.2938116,-0.07965966
A0A1W4XKC6,ccc271f13d588edf4f0a834c3285a967df1e7decb800ffdae8f0193c348c574f,269,5,-0.23495868,-0.25666776,-0.24026774
A0A1X1T4Q2,07f8f4a221eba5790378dfaef3fc4910586cf8d43238cf436c54a59204e912fc,265,6,-0.29615334,0.24414873,-0.07206276
A0A1X7VG23,3b1863167708447bb581b1af0435e7e8f55486825472a221d3edae59e16ba346,251,5,-0.42543957,-0.17666948,-0.13553044
A0A1Y0C370,cbf70bc268106e0342c6dc46dd8dcafc89d07af682b12e63d7eac6868e3edeaa,266,6,-0.33782268,0.24519092,-0.03747448
A0A1Y0T2H2,d8b4e5e6f1e424c4db69ea8096effd7129a40a70715abc52a07dd7bfcbbef03d,264,6,-0.35874298,0.2633493,-0.03574646
A0A1Y6K6P9,b473e43a4bb8cac8b329626ae994eb9a1880b02e9b1d6e97b9779200e5388036,243,2,-0.34055203,0.12634802,-0.099552475
A0A1Z1WE66,5fb5a507ba8f95aaa51c80149a9197585436568fe40c8ecd1a07357197a18022,449,6,-0.3416048,0.33064786,0.12108136
A0A1Z3HGQ7,7d50e30fba594a200063fb394eee38d827dac57d522d34db7ad204f247a8baf5,415,2,-0.023090763,0.31207523,-0.039983872
A0A1Z4EJI0,6d9ee73c9260dde2fbb97652081d987c9e83467395ee80c765b9431a65bc3aaa,264,6,-0.3592583,0.21740226,-0.06340562
A0A1Z4ET90,d114bc6604b6492b59c671e40aa810e505a225d4face3625fa8bef1f7a74ba0e,403,6,-0.3182514,0.210736,-0.031143786
A0A1Z4MT22,be7438dc6fabc991368013fbfb41e6296d6735b9c9bc687b20d58fa397eca55b,417,2,-0.15150699,0.05656802,-0.18207932
A0A212ERS4,49f574bcdfb5def6692ca26181918c50a3c78a945a970b9715c535d9cc715bdd,334,4,-0.094125636,-0.14995423,-0.18617591
A0A212EXP8,ea3a27b05bd7bb0540b1b44dfa87da94cad4f2d61354562a3fa65999af18a2ab,249,5,-0.3957051,-0.2599586,-0.19730335
A0A218P2S6,30771f0fe3f403c66fa685b80736edab450f675a7b42e434886fab2c43e433f8,352,2,-0.23500958,0.009316365,-0.17617406
A0A218UL78,71ff7eb9a8ec525a967c9f091b6767c7d1a978846b7391401cdf09074ed6f51e,242,5,-0.49015644,-0.15419316,-0.088907294
A0A221NZZ1,47a20683bc1ed49cc8e4ffc4a62b6097a35fcf90ba778e7c3bbfc82a81e0b1bb,515,6,-0.23479693,0.29088894,0.10221684
A0A221P8V0,2d4669b2c6c0e37ca4f72cd4c5b421eebc11a3ec7506bb0f9e66e5c589c0bc92,240,6,-0.4043593,0.27409783,0.026050935
A0A238UBQ5,bfb1c01cbc9d4328aa9c206e2d362a9339b8f18a1863732afe79f81b48ea41b8,379,4,0.0010463068,-0.074690476,-0.28120494
A0A250K0B0,5fb809392ea2b4485e392b0b425a62343a213c4b368c7bc790fbbdaa2c2d6691,273,6,0.0689327,0.3305667,-0.06521759
A0A250YFS5,59fa4651ffd736d82caa1df715dc2e024e135ec026cdd718dfb82f80489a2500,324,0,-0.27730885,-0.12947612,-0.0260093
A0A286X9A8,c82811c89f005b44e60b0cd373d7e61ee3435f0c3373fc25f12e6417856f4f9f,260,5,-0.43149787,-0.2084884,-0.12580389
A0A290Z2T3,4c769551bd24de64aeb4804e6514cf5c7d6e64bfa1c1ac03a1813a79acf9d13a,422,6,-0.34602123,0.32135475,0.060348168
A0A290Z3A6,16d0a963223643232ab158858e5202b85a2a96935d2b25a05a8f3813e4384ec8,266,6,-0.43161768,0.3009087,0.06534437
A0A291RDV3,c1f4fe9b21ae638723badf520b7151f8d178556d8eb67598f35b6ba7fc0b9834,276,6,-0.20272535,0.23774749,-0.069641635
A0A291RHB6,e220ed0d178bcbb8c79449a4ebd3e58bc555576e17e55ab62a8adcca993e0264,416,6,-0.3400279,0.21954057,-0.011135681
A0A291RUW3,c3ae1f99a1a8b962e8243a7649e480b730b4ba0dcc5566285f1fec8b8d668f4a,418,6,-0.34822938,0.22536457,0.0002781506
A0A2A9M7J9,b09814ea9b95b3ba02199d3805a12ed930043fb75c0b356f6e3d131ec663080b,237,5,-0.3253241,-0.10733763,-0.21395431
A0A2C9GSA5,fbbe509bdc8616e08068d136df1a46813388f5f198482b28f6fe2c9cd48acb4d,327,4,-0.14932154,-0.0385661,-0.11928073
A0A2C9JLT7,323f30bbb59eac7642a489d1669044c190a8d0bc753dcac2700f4666f0666fbe,334,4,-0.11149136,-0.11188043,-0.13862866
A0A2H1EAV3,8a35bdd4ab5a1169464d8033a332b272210db130ba22db97634fbb5745da7cf5,402,4,0.064343005,-0.064590424,-0.29015684
A0A2I0MCQ9,763efc474bf7885569a7ae97fd6d00f0d5c087895f77f35822a3573c28327a7d,299,0,-0.27365583,-0.15394485,-0.0851442
A0A2I1REI4,47a88280931e9e7371894a5ad096b5e9da359bd915a24dce523fe3040fe575d4,272,6,-0.391516,0.22944303,-0.031259242
A0A2I2ZNK7,cf5eabf9c6d96b08ab01c4540f0586c959ab6a69d327bd8c2b63b20942591453,315,5,-0.105828844,-0.118158706,-0.08872587
A0A2I3M5U5,3ab57e5d22c43487f3e6e503de6a7315ef57afed8e22af8b863c529634bcb8fe,260,5,-0.41066384,-0.19019051,-0.121251285
A0A2I4DFB0,93d4e4fb583fa5c10a03963b0141cd5102554eaf7504154f0c383dbf7075e8dc,335,4,0.043344185,0.024153966,-0.12996861
A0A2I4E520,91b87346a4b61a703957518ef7cdda7935875f48d169d6215b8aea48d2fdeb62,335,4,0.04328537,0.040208638,-0.12759598
A0A2J8R623,b02719b32ac60eb52c5f44083bfb24fa528623866b73f0fb6a58a31f0cb3cae6,324,0,-0.27912834,-0.13891989,-0.043506898
A0A2K5ANV3,9b72be5c99c587519473d428dabf28427ef75f8af5b3c064ebe38e1cd392110d,407,4,0.09633753,0.0875003,-0.21595678
A0A2K5DXH7,343369e7e43aff9da62d379bdc25f6e8ec29158fb2e5696586f7f308882d1222,260,5,-0.3966537,-0.20007774,-0.1260642
A0A2K5EZK5,4544e4f04f64bc429504ae7e29b84d36d25f9b1ee29f58971138e039037a57b6,324,0,-0.28902936,-0.13947856,-0.023239171
A0A2K5IC50,5eb6bd833a6f9ef1a7e78c1d092e1e57a523edb2f37898c480b65e10bf536ae2,260,5,-0.4059565,-0.19750486,-0.12829572
A0A2K5J643,ee76ff3cbe144ee7d9493cb8e4f6d69f8d9fa35058de3a895af16626912d283c,324,0,-0.30081287,-0.13499571,-0.019760657
A0A2K5NX69,43bbd43028e51975193a2e4d94c4b9af4879e8c2a1c6971e5359a263e2273611,260,5,-0.3876245,-0.20396541,-0.123353854
A0A2K5QRD2,726a81adddaaaecab9abdacb3002fc3b188e6cc73c585b225308f32851b81e5b,260,5,-0.39294732,-0.21354139,-0.14478883
A0A2K5YCW3,ce12205590b4cfdcfaa264ed59e156652b981f481051814395bf5736a077e45f,287,5,-0.25470743,-0.17502388,-0.069367275
A0A2K5ZHN6,4fcd3e45fb22d3fdfd6dbafe2f914e94eaa572327e3eda92e93298444f80fdd5,324,0,-0.3135014,-0.13147685,-0.0073715174
A0A2K6CEJ3,b4c86a433e11254bb0ff9493bde543d0449207572afa95acb8e5bf498e0bb308,260,5,-0.3978024,-0.20600732,-0.12881793
A0A2K6EVD4,ad23bebdbbe6869f3cd169af4cbafd63c95e43cdbfdfd74e4432bda0a350b4aa,260,5,-0.40852714,-0.21192789,-0.12953638
A0A2K6K3X4,d8a84628413c66a1bc7542572ae7a4b8b93539c67bb267bc2881960cee52db8f,260,5,-0.41285715,-0.17547837,-0.11377527
A0A2K6V131,ec597ca52a5b1ab515935301a69d4c52bf1ff447764a8a3b1d60b027542102b2,260,5,-0.39770606,-0.19491073,-0.13245246
A0A2K8PIT8,00a00a4e48c85efbe4ec83dcb94422c4cd996206e2d85dd30f1038122ed789d2,427,6,-0.42495015,0.32337195,0.1304197
A0A2K8T164,b6e861144968fd9fd4690810882aca66709e9e5777f68163a5ae3b33fbd9f8d6,414,2,-0.19412911,0.07146101,-0.1670971
A0A2K9PWV5,901cbf95f85b21d46ac98449c7e81504efd9b431b2ca6a87ef9ac8e6c9273f94,378,4,0.00091397285,-0.09165064,-0.3080047
A0A2N9JIL6,99d14760027210392c1f9d75663bc582e5f7f30ceb887410440aa64ab7156276,435,6,-0.27344918,0.32905063,0.042138606
A0A2R4T489,543448f7bd3129ca37b9da57c53cac3f6736d1f3c17caa55a48b747b3b29de47,474,6,-0.3074641,0.30666187,0.08983581
A0A2S0KGD5,60d1f9081f26f2a55c07f39a95378099d03891a05a9f4a70ce045f929b95ae01,258,6,-0.3991582,0.22129509,-0.050241645
A0A2S0KJ86,4512a075951f033c6e84cc0e34a49a11609a1c094ce0f798bbee77bed1a53e56,423,6,-0.2687862,0.3211694,0.021318967
A0A2S1L9Q3,9157c84c6542963d152d5d40e8ac292bf328d78839cc192e2ea9e5046dacb6de,389,4,0.00078312145,-0.08043918,-0.29624763
A0A2U3VWT7,a02411cbeb1f2d0c6e3e2f52896abc42f4c3c870c1b2f71c0ad9a0290a3ab120,324,0,-0.28152525,-0.12927714,-0.01949404
A0A2U3WT56,156c63d9bc8121cbb788ea5b7fe0c4537263fe8de818fc9ff60ce6d850bf126d,260,5,-0.44574457,-0.19677092,-0.10008709
A0A2U9C0I8,1cc509a7f26e23df72bfde187a7c1c5caf4c2f0c8a4797af8cb61d86a7916533,254,5,-0.4210979,-0.15502734,-0.12852138
A0A2U9NXA5,2599b0112b77ba00813e0d8a3236e0383dd8924fd5642e0ebd888b0cef9f767a,414,6,-0.39218068,0.40418753,0.14513357
A0A2U9P3V8,cd3156e783ee4bbee83145fa3906be539c636d37207c8595dd70bb1d08296dd6,485,6,-0.3151619,0.2930958,0.11486858
A0A2U9R693,b61a11af41a695cffe2350b8d7eb12a72b486c26c75d175a3eb56b054f439641,249,4,-0.12101566,-0.06452809,-0.17971727
A0A2X4TN91,728e69aed6382a027fa55d1b134d2b7f9d9e9fe588ca93d54339a95878e5f27d,259,6,-0.41720396,0.242265,-0.023197286
A0A2Y9D942,4ee13b497c519c4649c90d33e383461461a870ed6079e3cded48e3971b2e24ee,260,5,-0.40076107,-0.20244098,-0.1350033
A0A2Y9EAD8,37c4e049d709f88d95300c62182488e2c21e8121d3aa87d5f956da14ff57d12a,324,0,-0.2644061,-0.1266411,-0.045459967
A0A2Y9G747,e89a0e515faaa596bb64201bdf4f8420f43062d69bd3ee4e4706287365d5c3c2,324,0,-0.28324583,-0.1290953,-0.025035799
A0A2Y9GQM3,717597d8f70d5a31dc7f3d770f2fed0abd354e6d10651267401041d99b3efda4,260,5,-0.4450577,-0.18762323,-0.097481936
A0A2Y9IW34,b355516b4dd974f3ff74a11bdc2bf3ace6d5c49f8ff8929cb90b16c0066e6a1e,260,5,-0.43789694,-0.21530177,-0.11270027
A0A2Y9KRQ5,6e367c0494edbaeecaa84b17339a78bd733ac722b57a6608faa73392ae93deda,324,0,-0.27483797,-0.14293066,-0.05536409
A0A2Y9NFZ6,b54e84dbdb911c4b60f292ba8b9bdb1b38e5fcecc34f7c3a42cbe57cad20840e,324,0,-0.2786628,-0.099789135,-0.032613307
A0A2Y9Q760,bb96d1aa89a49b1000e925050343a08240a9cf06790f36888491c17132c71bbc,260,5,-0.41228673,-0.19985001,-0.11475998
A0A2Z2HME4,5ee2db3f580613323e1cb493b25e0a1325cf826aa46f309aee539edb59eaf647,387,4,0.07291961,-0.02742988,-0.2986568
A0A2Z2J7X4,8d7ef71469c7382d6425d80e822d84486e2fea510aad59f98dc1c8b36c8f9130,297,2,-0.1582873,0.12729281,-0.13034894
A0A2Z2M7L7,65653b87cdd7834224a1ab3f5bc438563e30d72f3930df6462d44ebd4b91f526,356,2,-0.20852199,-0.028162291,-0.19393785
A0A2Z2MG86,b8ff4110e5e2c5ca60de9b4ea7f6eceac2c8ed85f983157f9c5fbe2752e9102b,356,2,-0.19282807,-0.01267449,-0.18972808
A0A2Z2MLW6,dd95935c31a98704d83a0adc7d16f92cd4dc012edb678f6fe8cf7ce20d7850c0,352,2,-0.25992975,0.025733143,-0.1555671
A0A2Z2MP73,44ec336f96808e4bbc3861cafe653467bbd74da150b7cb48ba7845a8369047ae,352,2,-0.25757024,-0.0054136044,-0.17365329
A0A2Z2N0J1,458cfe1911fa24688ed8f755621c5e81cc02775b9a5c74e7ccfa0ba063fe9af5,352,2,-0.2686454,0.026528422,-0.1512127
A0A2Z3YRF5,47aafb984f6952c0b2c0d77f2f1f1a6c1f5ed6f366fc2015d132cc2e0b8490b2,257,6,-0.2772148,0.22627543,-0.093517736
A0A2Z3YRJ6,49b08472d137945deee0b91cad8e7ef229fd7f674414fa87dc18739a20572650,432,6,-0.22319332,0.3130463,0.017308014
A0A2Z4GDB3,1328d69efa7c964dfc10db36a805c599ab06b6b0a403133cb644c35662d4c7a1,380,4,-0.023572363,-0.05218913,-0.2686293
A0A2Z4Y3D5,c772f2631cca8d9b7d365a866eb7578b6f1471f59d593d52b502b70f52ae9dc4,246,2,-0.24861327,0.20460747,-0.0628231
A0A2Z5JJA9,5a0fb40ebba35876e40f994eb27b8b67441abe5149eb0e288f3d6d1e9bba969e,407,6,-0.36011878,0.34136558,0.07197312
A0A2Z5JR89,2cad6fdb3bc60514d985e0719b6aedfa9dd163f8aa6348ff9f8cc0702b2fb841,437,6,-0.36812124,0.31596228,0.09501181
A0A340XYA2,d4c7fe2f17925fe4b72fc10c8e0e6bee2f616228945719b3c2c962d1e9a6d5de,324,0,-0.25567847,-0.10201123,-0.056683272
A0A344LJF3,095e705eccac27db6b3579c26be52d5abb4756b66c3ad8261ffad2dac8dcca6c,415,6,-0.42042845,0.27640915,0.06269837
A0A344UPW0,e4755fdad32aee1a45322225061a0c889e2f3f38752e564247a4cb16e8834598,317,6,-0.025095835,0.2583262,-0.08301042
A0A345H8G1,16aa443d80b5449b0e56642ed03d1f2c1a183cff42d662a0f119c419c482a1bd,393,4,0.0456598,-0.037619673,-0.2615
A0A345HQM2,cf55dbc54a38e2c9add505c949ff423a470116a7bd202adc07cdb7ac0b0f9482,450,6,-0.307494,0.26697946,0.05345103
A0A345ZBY0,3a446945c3219611ce5ba93abc1d97224c8e88a4ffcd554264002b3676182aed,322,1,0.26701573,0.05345735,-0.24672271
A0A384B329,e23cfab6b2bc3a8de64e29aa0b321b025d670cd4400fbcf1eeeff91990848026,324,0,-0.285561,-0.10910192,-0.017091185
A0A384CP49,cbe8b733f1f9863cca328e3968f4755dbba3b88039c1910bb7ec8a3288af48a2,280,5,-0.3168859,-0.2295499,-0.099470206
A0A384J3X0,ba78967a9d5ec0644ac80efb15f03fabc71e4c0a09774f01e5507206c9332844,392,0,-0.21514435,0.06257963,0.0156054115
A0A386WJH7,af300ba2714aad7404c6199d2436f24b6743b76041bf3d36ccca07c63b8864cd,407,6,-0.51031387,0.32650495,0.14404017
A0A386ZLL2,124a136a76c858bc673d3f7d57dfb8f72a77638ea5e5ca0e71b0b78993bdca4b,233,2,-0.40651217,0.122912996,-0.1185676
A0A3B3UVA6,e1caa47e2cf294e48735a95245f35792f93b5465ae44a14b00205a53befd4cb6,322,0,-0.29658815,-0.11870159,-0.044710618
A0A3B3WCH2,94e7c4623d0974953248f0a66f6e3ccce43929bda193fda20dd92ca09f1067d6,322,0,-0.2924994,-0.1216999,-0.048980124
A0A3B3WI69,67602a2e1b350ff21a31009d49ffc80aec40497c3fb16cc096563c3cdd561228,250,5,-0.467229,-0.18832353,-0.12856117
A0A3B4V4P9,64fe4e1400dfcc613183bec1df04223ae8bbaa00609cae9c15834f7a81111879,250,5,-0.4836572,-0.1902593,-0.1164097
A0A3B4YP45,9c3b5d9de0b69b6a7a9311a933e41b2bf417e9f85e8d51e1293674ce1a4deb76,322,0,-0.2585893,-0.11135892,-0.04655809
A0A3B5KV61,6a6ca1c880a4d087efcf720a4d868ce9496c34b81e13460c170009026c95a9ee,250,5,-0.4275109,-0.21017349,-0.14797972
A0A3F3RP11,c5c9cf1fcd8f4ba6a2c12665df26e67fcff482442adff45728f5c6913acfb051,418,0,-0.15490922,0.029590398,0.0134333335
A0A3G1B596,7f7d6c5e653659f0100333aef369bcfae65adf9e173c72c5f874ae24a3a9e596,388,4,0.067275174,0.006657303,-0.24893896
A0A3G2JIR0,ab001b0b93347a198f749e183842fac1ec1965a46e53f176679b75fe5982e429,487,6,-0.28846434,0.31747147,0.10982702
A0A3G2L850,68372a25468517af1c024830c28262bee27b592f59caeb18e0398508fd0aed12,406,4,0.090559654,0.023376647,-0.2751785
A0A3G2L8S9,656c3f8d847e7508d9ccd307ff603c7f94f02d9f7ca994edd4499acba248fbb9,379,4,-0.048797738,-0.06496578,-0.2849947
A0A3G6IU59,8495bee4797facb5e50011943ccee05144f92cc6124abb159ae6314981fcba48,267,2,-0.23044835,0.15515134,-0.14615868
A0A3G6J0T5,d965896ceecebda9d00d6f26a3433adf811596d3623ee70a39545886b67326f2,267,2,-0.235436,0.1271752,-0.15438347
A0A3G6JBM0,654cd9ea40bba42eb51037fd3b742f56376636611f215a0f0414adbdea42d8be,273,6,-0.19118269,0.22773826,-0.119114526
A0A3G8JPJ7,c3daeac00e3697b4242f5129c310e7f7e2e98923312987fc5b9c74f92b05b601,426,6,-0.26837775,0.26317963,-0.030519014
A0A3G9JMJ9,eb82620f8a9274f1867157680dace9e376c68fcfae9118f9f560d36b77854c5c,425,2,-0.13811387,0.05764172,-0.16242892
A0A3P8UUU5,8c488918e5a46beee20a372b404ae575cf8683611e949a75eba635e8f00339cc,250,5,-0.45915046,-0.1749658,-0.123539634
A0A3P9D4N5,fc65b731815f94343de876b69f64b70402fa3601f1d23fec667d3430e4705928,250,5,-0.500738,-0.19625922,-0.11969255
A0A3P9LHR4,6493a58990d9beb9e2c6d2c2dc1d975256b4558e7b57c47c84c9a38982f809d1,250,5,-0.4896109,-0.19479445,-0.122552946
A0A3Q2XY37,1c8395a0fbc77c366774ffec5d5fdfdda2dd8f1dfa3cf6f7f9bb8f72e6966e26,322,0,-0.27102944,-0.075762816,-0.022412315
A0A3Q3A7Y2,c08236ac6f96f6a6932f80356ead4ffa9b9fc327fd94b48f0c6fa0fca51e6705,322,0,-0.2830544,-0.114500895,-0.009819374
A0A3Q3GK98,a273e9f4ff801dc01fe21197d1b7b561f2c8446708adaea953f6b8c9891f863c,250,5,-0.4706939,-0.20232566,-0.11976469
A0A3Q7TYS9,c1e675e0043139e1ce5566db147f1333a9be89b3483bdeeee28989361caa02d7,260,5,-0.43774113,-0.19491963,-0.10383379
A0A3Q8IGV1,f0965460893051234e10fef58c3b836b12db4d1dc7aedf559c6a94370f8b74de,262,2,-0.110365406,0.10255148,-0.18120693
A0A3Q9C0C2,8191228500e6ed51004ad5c0178fce15592251685de9c12bbad858d328cea67a,477,6,-0.28956723,0.252806,0.06680576
A0A3Q9ETW9,102f1044ffe11f8c621769391a81d0027eb6cade92f7436545d86fa3afd7bbda,497,6,-0.2644142,0.2549867,0.07151447
A0A3Q9KMX8,424a4e5c027262a8cdbf01ae348f83096ff312d34e54458a8fa6ac24b373897e,417,6,-0.35855386,0.40252012,0.12620541
A0A3Q9KWP1,e96e8df8df864adf41c65150b07d201935d33b9c321889c1c0433ba678165bf4,506,6,-0.23680727,0.30674344,0.11339681
A0A3S4BIY9,b0258e3dcf7eb9dcad3cc15f15b54405a5c070d26dfe4537e2faaf1ed556e15e,260,6,-0.3846631,0.27329636,-0.020898007
A0A3S4RS10,2cc04522ecf913c530a8e713dbd420781c28d4a79edd0ddc02dcd02500584495,437,6,-0.31873655,0.2644144,0.0044621397
A0A3S5YD70,a8e472db7a2719855bffcd01b94f4290dfc26a81bb1de423ba37a54886badc81,244,2,-0.3765331,0.18827912,-0.1019635
A0A3T0S194,d68bbc52034cc34503f419dfc1b747281241ab0e9560f01f5f42e47ff5838057,411,6,-0.28339022,0.22591595,-0.027512733
A0A410W8X2,277a6715e684c94e898ad2780d116d6762d60d418f042b8d3183d734c116c6f5,267,2,-0.23561934,0.15540412,-0.14419794
A0A411E842,dbfa1d9bc9092c47d2414fdf7984c4dc063d272059ff25311b338feb0e709b5b,381,4,-0.042309858,-0.036652826,-0.26407704
A0A449BTB9,f3a83877bba677682a603e1a66d3d3ccbd9cff28cd6fdb1b519598aec3751c30,240,4,-0.114595,-0.1855811,-0.35624424
A0A452FXS3,7472b04767f642bd6efc67834e58b0677faff470b2d02fdfb1302af619569b1c,260,5,-0.42235205,-0.17420107,-0.11314192
A0A452Q9K0,19aef3e42aa1cfb258a113ab8cdaead3cc1d8100bfadbc076522288f2762957a,324,0,-0.2736024,-0.14692539,-0.045820653
A0A494V220,e62ce786658fd40f93ccfaaf2be47c62014209e863a234c70517a061eca1b437,462,6,-0.3217184,0.29485366,0.08962028
A0A4P1RG68,e71ecc5add076b3bf83214bee425daa197b57bed66badb23cc0f9d8187ab02c4,243,5,-0.40753052,-0.15928684,-0.1475518
A0A4P6TWP5,a994c5f84a30b44e4e68d25b7b21d0cc44107809a3bfbfa3c17068d97f9d9740,438,6,-0.33596426,0.30120224,0.07696455
A0A4P7QFD0,46a04036a16ff1204b2e223c70d64b9e67b09b6f23b95e02c23c491ad18dbcca,301,2,-0.17606616,0.15999559,-0.1045751
A0A4U7KM34,f888b115d5ed1903ecb87bb4693192f5b92ca4988b0f4f453446552a5ced316b,469,1,0.2218479,0.19597308,-0.003382319
A0A4U7KQ13,17e18e5d5c37579daf0cc4c5cd78395d71c1f13a6091de51b2c8c1ae841f3b9d,298,4,0.05654255,0.15205982,-0.13974299
A0A4W6FQF7,ba3bca60caf040f22efe34a0dbdc170625c293fc82f35e12675e4906b8fa9cd3,322,0,-0.28158718,-0.1343382,-0.044173263
A0A4X1T2U6,7c2284560c452dd663e1a198f81b6f0138d0b2e08646e02eb6bd9a57502dd2a5,323,0,-0.29560828,-0.1030625,-0.008218386
A0A4Y5SQ82,7fa601baa23e54a8e4274ba4110f486cf2a944f5e131dc78f5dbdaaaddd1e38b,352,2,-0.26276472,0.014389867,-0.15642072
A0A514JJY0,f8b1ee73839f03371cd30ce4b309766ee27121f675413fb2d46b23ce91feb4a3,432,6,-0.3463202,0.3461793,0.11370373
A0A516GSP2,e3fd6b9e6923c6b6cd97eaa72ec661e20ea9c3ea28608a176584942f6c0b710c,393,4,-0.014191854,-0.075422354,-0.29154143
A0A516NY25,4f769468b2252141affbe04965291aded0a692dbae5d9cd8f38bea51c584f334,233,2,-0.40045825,0.14594607,-0.10443935
A0A516PTR6,b384c9220f785e1658ccb93d7678a97f23bfa12706a957c8a1bf72ef7e0799f4,419,6,-0.30072805,0.20352636,-0.051164404
A0A516X4C7,067b83005212f84d850d3e088203d51968663645bfe1f75a7ffca77ea2b099d2,262,6,-0.32416624,0.38504857,0.015783481
A0A517RKL1,199a945d0d89c16b717cbbd9e1676cfec4ce522b8292b474cf29bd18cf51428c,367,2,-0.15667252,0.08320279,-0.22737199
A0A518IHB8,7e211baf4867f812382d5825ed57d13304d1be1bfd38ad08b91d52292e9e1c9a,287,2,-0.06973429,0.11853114,-0.1599246
A0A5B8U2V3,dbaaf0127f58cece235d8507521ed39c6e7ed114240a142a416fec85ff2f09d2,408,6,-0.24989869,0.4035356,0.07551831
A0A5C0SSE0,89bce4ff4b34c06c2b36a96db5a514abf16fa0f10388e2446485aa3e05f3993c,352,2,-0.24357289,0.012564232,-0.1644406
A0A5J6GBR4,e2873af570041245a244e72805b50a05a801969d87cac7ab3cae0a5bd6784042,434,6,-0.36862576,0.30390647,0.08404129
A0A5J6HT79,8d8c6da2ad14212a38d8018846e75a054c5ac27b5830c90ea8753748ec4ff412,429,6,-0.3539144,0.35660428,0.101745434
A0A5J6Z7F8,995f77ccc6b2f9b8c7b34a9dacc9d7d0c0b5cd35b4f8cd54ad27dadea176ccc5,264,2,-0.33302101,0.10426209,-0.14086223
A0A5K1UNU6,2957cf0a4566f57c5c18407dcbc5503d56de3e4213dac0541b0279e0f62aa844,258,4,-0.011220776,-0.16977313,-0.33579093
A0A5M3M7T7,560f5f3821fb7045324b12236d4a19d0bbe507cf8527eec3aebfeb81681cc70c,341,4,-0.06472241,0.13277578,-0.016636694
A0A5M3N5Z8,3fa4a191d54dd28ff3df13b612d9e0379a9fa5c54fd6735deb8168d809e123f8,267,5,-0.2700811,-0.10243633,-0.11773963
A0A5M6C453,df43c16e11f6f1c193cf2103298797787bebb338537287d6dceb7b4dbe20d6a3,273,5,-0.3061782,-0.11290767,-0.09084845
A0A5P8K4T6,816e25b0d0d9320cec25bc172a272ff1e6c372232b9b760e9ccda3535fcf6793,308,6,-0.21618429,0.35220692,0.07704566
A0A5P8VTU4,e81e8bd7d13f931f944a30d9f45ad221af0201bf6ec210d094a116458ba48fb2,414,2,-0.18370497,0.068476535,-0.17343971
A0A5P9Q7I3,a983834b69026e87816f22a1e9806d5674e0eec143f95cc4826dd3760298a72c,437,6,-0.3165944,0.3772255,0.09817211
A0A5Q0GXC2,3f7f8f74f026a8d7ee6fe59fe057990833310a874413d3eaa67f561171e4adbe,443,6,-0.39252353,0.30042917,0.10065098
A0A5Q0H3B7,3792ba8d5bc835a7585e92213a977ba7ce8fd177f13daf830dac1f68e3d4d117,452,6,-0.05823654,0.41904253,0.044760182
A0A5Q0UEU8,bab371325c715e4d10febe6dc8a9ee11ad45d6a3dbb4856417042509273107c5,355,2,-0.026130088,0.013986483,-0.23860407
A0A5Q2RIJ3,62a6a944ec343c74e66f4d651946e9fa3a14eb53b8576bc0acffe1cd3215a0b6,515,6,-0.113754734,0.4339497,-0.015367773
A0A5Q5BK14,758cd4399b4567cac479974300ad981f7ea9327325f64c9ff36c95575f9f0199,265,6,-0.29915032,0.2358859,-0.06977145
A0A5Q5BNU7,1751f8674d87ec9457f74a4f5d0870011de6e594bbc7d57c2145634b66e4c6af,421,6,-0.39119518,0.27524698,0.037649438
A0A5Q5CKE1,fbcdc1461edfaa9a6f306f7e7c2cc349256af33d493503d8c94f207ffc633554,421,6,-0.38789442,0.2772932,0.03595213
A0A650GED5,146f2b6454a2a9bbe74c7ccc66a03c47c72567a379801f664b58a47147b6d293,416,6,-0.30823314,0.39127797,0.08252914
A0A653FIH2,40ec0182047e4aeaeb29a02c93c04ab568f43b79a2b4290091a232c7de8b4ae1,432,6,-0.3415937,0.23656538,0.01184147
A0A663F7T8,10d0ea50b2c2f76b66e65c89fbce8e910902ebed445644f1bc22e241c568b451,322,0,-0.27739707,-0.097004004,-0.008891971
A0A663M6H3,2adb3f05f0cd1d0c4f989968fd538de8ff7ee69ecb057bf17c2dbe18d6dd33e7,290,0,-0.2951204,-0.13885391,-0.10989424
A0A663MYZ9,db1355c1dda210b14c7bbf0c91d8d5edb8320b6738af24640bf31d7f741b56f4,242,5,-0.501897,-0.2023598,-0.122429214
A0A670XW87,35224fbd114708925eb9bcfd91c39d5a317f2e07d09cf8d9fae7add96d2cc464,241,5,-0.49649313,-0.23578672,-0.15147968
A0A670ZFR2,7e744a265fbfc8f900ea5728467a30c713825dd31ebd0bc093e5a76f87966d61,318,4,-0.12520987,-0.054392554,-0.12579708
A0A671F2D4,985638113605519b5fdd0fe0c08733beb2130e5f9bd8f76024b7328805729ae7,260,5,-0.4489107,-0.16993201,-0.09577944
A0A671PY43,6085b7264455c042c4da17c8bf6f6554c318879ff1626f2d9c32dd5b61e056d8,250,5,-0.49099797,-0.14856115,-0.10130271
A0A671QZ00,315508c0b4faa26382542c4a451f971052f047966c9d33161d4c18302ac8b03f,234,5,-0.41213703,-0.1382615,-0.1315439
A0A672NAV9,29ef1337d5944ccf791f2e098528f3542ad5a3236683f263408633b7d95a5a6b,330,0,-0.18023129,-0.09651583,-0.07911788
A0A672TZ62,2208c521d36cfb8a23eed3ac41160d8ec9bc711d72e508ae5ec4645f02d39b8c,243,5,-0.49334466,-0.19063345,-0.09350126
A0A673LG92,939e38c47c2e2ead3b80ca960a6bb861828f1a77213143da7dd42b85be04c47b,250,5,-0.48532203,-0.15745117,-0.10843658
A0A673LI42,6adc8670c259d97fa933a8279584d6928bbc3adc1790cdd18b74edbb8dac70a6,250,5,-0.48864165,-0.14726093,-0.107239716
A0A673LTS5,d309ba3f3726188b865ec39b208a0556cc703c672935987132623de499542fbd,330,0,-0.21622673,-0.113294214,-0.06786148
A0A673MB67,143219851ad3fcb16182aaba44db808acefa4b786cf2aae034daa16016ffaa29,330,0,-0.23602754,-0.116269745,-0.04794036
A0A674BJI9,7d91ae8865305ae23dba861550de4a3a5ed9f6e6c3201a14294e49bd1c7dfa34,250,5,-0.48369956,-0.15787312,-0.10747198
A0A674CM50,126a5ab5848640d61f6034f95fc2cd53ede317e90ca3f9df66db44c7c9829492,322,0,-0.3168196,-0.11850172,-0.011398763
A0A6A5GG31,032128c00b56fd6e7d7db9456fba78259470f9a252069586ac757b185aa2dd33,339,4,0.049967904,0.053156782,-0.14013173
A0A6A5GZE5,ba2952db223ae244313bc2c0520fa8af94a90728b44e252fb799b79c0cf9a377,240,5,-0.36447302,-0.17094077,-0.21643576
A0A6B8TQQ9,6b652d81364a466b50d6d9cff98c6c7069de6a95f2201e96119ed9036f5561a8,263,6,-0.27326933,0.22146685,-0.08886877
A0A6B8VWU9,c544aece56a1f47fc42d60db4d22ad00abc0c2741a2d731f2d92e9ed98a9e841,267,2,-0.23846063,0.1891642,-0.11090822
A0A6B8W350,6238da0de039a8d6822f749e22b1a7cdd5a2968f18e915cd0acaf983a6801e21,267,2,-0.16517013,0.102348916,-0.16867661
A0A6B8W7U8,8c5b85cfbb65e184d90d94a2157e5c116558681434f83212e3546c49e989e9e5,267,2,-0.18068752,0.10582315,-0.17128474
A0A6D2W579,079f338f5dc601a4ce9a2fc71ea8bccb7ee9a85c060c1c433e1ee0c1768da3bb,260,5,-0.40593892,-0.20167193,-0.12876172
A0A6E8VUY2,45ccccd3a7d3345c58f89a707a980fc27d69e0355cc002b5c9eba8526ee73a6f,327,4,-0.15423608,-0.04241764,-0.12025113
A0A6E8W144,8c2f8def0c07ec5e7d6264b5f200defc0576b812de1d4c684ef2932583897ad8,239,5,-0.4805102,-0.20950295,-0.17736976
A0A6F8XXS2,d886f508419f9e3d56a57b041f76c04f8914948d6716d407ab361ad7a9ab5591,409,6,-0.42113116,0.27097917,0.035022106
A0A6G5R7S7,13b000619ee71abd363b1cb4f70260180f69c6974c7300f960dbfae6fa1a2bfd,424,6,-0.3253501,0.34926903,0.08058794
A0A6G5RG48,31e14dd6c0d2661071755aff77ffe994581fa3359466e9c49a00f76c1f4e7fa4,509,6,-0.31106895,0.2788196,0.11376649
A0A6G6WJ87,bf6a6fc02fdfcb3ca72fc6865b41a016241d20b67d1208b240e258ddfa4d91f4,421,6,-0.3238687,0.36232919,0.071714625
A0A6G9Y5S4,249cd27d765a94e62f226ee2e7e8a5b046f6c33e2c69daa4860b1fedb8f10676,239,2,-0.40411237,0.1521896,-0.12021622
A0A6G9YSV8,fdc693a92069cd78338750fa850a2cc7e2de370be1df475ab229fccc2efe25a0,561,6,0.06937907,0.36711523,0.021338645
A0A6H0SBW7,2a3d4f4c3609e54dfe9006df18fe94760d88eceb6be27ae047491a394db98cd0,408,6,-0.38299572,0.22118121,-0.0032821484
A0A6H0SDP4,699440a1fda1a93c33cac93da3e998e4bb5d79ec07f0c570a0dee31607297ede,257,6,-0.37150145,0.23427385,-0.061102442
A0A6H2BUB9,c8bd9782a795d0e50cfd3f7352156d10078765e97b51886bc307cb72a949cb6a,263,2,-0.17613421,0.0859446,-0.17129071
A0A6H2BZ65,1d0af162c0197b5723389b01e3c2be020317447c1c2e16ed228ed403760b4594,411,2,-0.1400984,0.025757162,-0.1945836
A0A6I6NBX5,60fd42790fbca8e03d3cff367320e4857aecf3ab7e287deb0733a7bd3314e7a2,519,6,-0.25250244,0.28862488,0.106878944
A0A6I8MFV3,99395d9e8045703da230e7076c255f38f7915f01b8ead98b5b274aaefee2b904,267,2,-0.19272113,0.101669915,-0.18142638
A0A6I9HGZ7,d9d279f2575e5fe1f9165f8a51f68665c110db0817343b77bb4ed7d3c73fb833,280,0,-0.2816209,-0.1406193,-0.10324005
A0A6I9NKE2,8d68044a74bf032de60f86e3d74eacba5cd76f8199f6fd1fd12508f6f603d74b,250,5,-0.48242417,-0.19633886,-0.13094981
A0A6I9RNX0,0a691bcc9ca3891f909379541593c0a8813af3674bfda0143c7895cd9084b0c5,242,5,-0.40173146,-0.14258969,-0.15562107
A0A6I9RSJ1,6d107bb02f5ebd86aeea08d9e36b6be1b63f8bc8b8442284cf846c8fd20f41f3,347,4,0.025557512,0.029659314,-0.0991143
A0A6I9WSP4,64f5d3063b5228914a7d9fc330d8b14ba6cc265c1bb32f50073c71150c0c6df2,253,5,-0.3074331,-0.25796282,-0.23611574
A0A6I9XKQ2,9b6d8cfc9a5401c0a262251d5792e5f293dcaad65466ea2cc460e6acc0613a26,328,4,-0.07917752,-0.11632012,-0.15345658
A0A6I9Y7L8,17b1ba49dce42772d5af51c59665250d81ae912f081827a77df8167a16bb332a,241,5,-0.48675266,-0.23132913,-0.15675311
A0A6J0BM99,a9914ac9d8d00db9a426862b2ea68658df6571deeba97ee12eaff2440f539f6c,328,4,-0.09807552,-0.024269298,-0.11220065
A0A6J0JM17,2faff58c5fd726a14b39624a4eb94d02f503323e6cbb071ac835b65b732a31fb,334,4,0.021113575,0.06819885,-0.111232296
A0A6J0P8G5,28ddc0163425fabd8008a9ebd28bb7b7a7aa4c0de8c64809f8f98329aaf45862,241,5,-0.40796608,-0.18434903,-0.16644864
A0A6J0X653,e2ba3f8fa75d3aa6d266f9de4c48fa0e09081a840102181d7e2b84e83c1d05cd,260,5,-0.4188389,-0.17556289,-0.118868575
A0A6J0XDT3,21a65bc9579ab216ec9606f05417eefbb83d855570bf1c5f6742022029f92f50,324,0,-0.29836917,-0.11399723,-0.009920855
A0A6J1BU59,6d90ead39ef6faee9ea48413753f1fc628b3b2c1e7ba1eacc8c7edcf477b0196,242,5,-0.40185174,-0.12133534,-0.12205225
A0A6J1C019,4b7f5063bb00982d68fd1c5c86434b7930bc97808f9091689bd5736f59226464,329,4,0.033308115,0.007498547,-0.14839329
A0A6J1CEY7,19e798076b2b8ba8fc7d18fe211705950879625a3df5b297d89dbd2278ee5f00,328,4,-0.019197183,0.03228584,-0.11121006
A0A6J1FKE5,5f26afa99098ea4c2047a047256da93224b5f9e07c5d622b4ff410d7a7526f51,242,5,-0.41275477,-0.12047896,-0.117215864
A0A6J1GQI8,0497cbbaefa27eb1ecc9d2f3cc9131fe20e803d33bba9f5e07d8139a9deacf00,331,4,0.054873716,0.014961906,-0.14200643
A0A6J1GYY1,f5d294548d34722e13f6b46ad65d638d66279df9b5d28079a442cbf87b1310ff,328,4,0.003593259,0.013798012,-0.12869453
A0A6J1JRS3,f7f0054eeb6062a0a597af0c620e8d42323ed8819bee5babaa2d9e6b5560ff06,331,4,0.059501864,0.022411825,-0.14633344
A0A6J1JT75,38b854dc7e1d2b9fbf92b59aed8523d58d1a852a566c7782c5732c59c83b84fc,328,4,-0.00040046716,0.017939005,-0.12561268
A0A6J1NAU7,189625ce7ba74b480bd0ea2edac25f927288b6d212f5494e4815b3e204b3404b,334,4,-0.09229342,-0.13283162,-0.17425165
A0A6J1NM59,8e5e435205bdd66c786b96ffd4fdca20fc9a12e7fac850cc396b108907b65152,249,5,-0.3846398,-0.26688975,-0.21404767
A0A6J1RWQ1,3ebcc790f5ed5e32b6a195e36a7ad081588518936b0f4c579fc4a2848d32f3dc,331,4,-0.1439055,-0.06766366,-0.100386634
A0A6J1S8J0,19cb29b8d086ef6ed06cfefff7dfda6f31f6ee8fcca4ea7bfb0e57b3215bf63e,259,5,-0.35798433,-0.1980019,-0.17259589
A0A6J1TS01,c680a6e8bcc8d5ec076cefb40ad2947656f2d150ec9788e77d17409b999d5926,241,5,-0.5032626,-0.23536219,-0.14679556
A0A6J1US21,da69b58588d5b91394406b28b4159a8e9725a20fc895a399236916696a6806b1,230,4,-0.13433544,-0.06815617,-0.11452445
A0A6J1WBT1,f34483e4e02eae6499b094cd0a907211d8689bb3965fca6d858bc576f52251b2,249,5,-0.38455528,-0.24741994,-0.21231654
A0A6J1X5P1,87d90c0ad6ac25d7f5aa8686598aba4004705ddea5033c8b795228b2f53c21d7,335,4,-0.1183311,-0.117586374,-0.14801426
A0A6J1ZWJ9,8858c4198d461b0a0bd3f80f7cce75f4abc96278ae9ed69d70156a74ad431bea,324,0,-0.27381873,-0.13271263,-0.03749052
A0A6J2CYD0,2857b39d9a4ab61ac9db1a50f19464feb0b6f1c45651bee3abfe2a1b004b991f,324,0,-0.27667576,-0.13649036,-0.033845272
A0A6J2FA28,979c0794b7d81e67c8d3a5ae7bce08f6d31cb988d57ec457957005a9b60f01b1,260,5,-0.44166648,-0.19172648,-0.09742769
A0A6J2KRY2,11a55eb718521ffe1b16b52fc7efa68faa36355f7b5d2dd39370ad99405b1fef,335,4,-0.07397495,-0.15248027,-0.19447406
A0A6J2MKC1,3153494b0d16ad5630a8dd6183932f41d07582bcf62dc3486d2fba4b69f52e36,260,5,-0.43130615,-0.18422557,-0.108540736
A0A6J2MXU7,fcd59803b00606021d71b31bfb760834be175f3274cc72d5fe0fecb08639513e,328,7,-0.35742995,0.048459604,0.12947321
A0A6J2Q2G3,7688268527028d23316d3a9075a57486d659e7cf9e1e0dcb5f6533c9ade4a8b8,249,5,-0.47286814,-0.18196453,-0.13263218
A0A6J3DUH1,560e79dbca50199e84698d8281099fff4e8a804f4bd79dccd9674b634f894a5d,242,5,-0.46848714,-0.17242648,-0.11943228
A0A6J3EJ25,df2e51ed9f84decd71378cec97cc944283f0ecaec399a02ae1ca2cbc32087930,327,0,-0.265493,-0.12590292,-0.012989058
A0A6J3KVK1,a105d2fe78f8d7dd2bddf70aa63836c8d15750c01dbbf9017657e2e689c815fc,328,4,-0.03209658,-0.124287985,-0.18921572
A0A6M4PTH0,95426a5102087c5e7bb29b121660f61a6d63cff79954c231f13e8368d50511f9,249,6,-0.43391293,0.3257693,0.07997901
A0A6N4V1C9,1440f713554dece013451074d3a028d9b529ca02f5e7dca936dbc8b3c7301be8,428,6,-0.35950002,0.24774688,0.016597524
A0A6N4VIM0,5504afd2c34d06d24f253d0cb50350086ab1d97dabb7d6e78229376c739dd3f5,403,6,-0.37571952,0.3057288,0.033996496
A0A6N4WCI3,76beabcd9cd4a80c59dcbb569f768302049b7daf1f4b2568b3cb463dcbb31692,414,6,-0.4194526,0.22856961,0.025965596
A0A6P1M0J0,331c92f80cbc1d5e56e3839045a2d3e5712678e84f8b373fe57d320ea24406fe,255,2,-0.108619675,0.13965546,-0.16721418
A0A6P2CWG9,e4e49852d17d6876092b9e01cee1de71c9db6221543b71b68055d027040306d6,247,6,-0.1733967,0.27626038,-0.043286998
A0A6P3GPG2,932a1a34196607937e4734cf15080e4b1a00723d07a95e705cc42833336d84d0,260,5,-0.3067722,-0.1645001,-0.13035588
A0A6P3Q988,175ded9c57bd61d8af842bd521a0052c5e5e5f067296d3c51b42a2cfe86e35cf,381,7,-0.03797565,-0.04965817,0.061608817
A0A6P3QG33,26c5f471766a777dc1d9515660c688f49af27b6e991d07aeed5ceb4d4126fa33,260,5,-0.42404842,-0.17551716,-0.11003604
A0A6P3VH87,234ea5481a476d01e263b8b765c19e2e73a732500991227535aed50a132ad665,249,5,-0.49417198,-0.1860468,-0.12438985
A0A6P3VRJ1,25e159b8a85dfe9b1a9b651813a18535400a0e1106bd1ca60ab7c7b4be4f351f,324,0,-0.2505252,-0.119016476,-0.03441988
A0A6P3XHR7,23fdfbe1bb5611e44a6039eff1acc4cb665419d9766d2aa8227b15461ef74449,253,5,-0.32995796,-0.22598381,-0.21116197
A0A6P3ZTN5,9a3c97159e5b670509540cd6f0cf7c05ba27423dc7d58807eb8ca14fefa3452c,337,4,0.03858597,0.024988746,-0.13824995
A0A6P4C573,55bc6c4f96ce1b7ad37a8a135b51ffc50033eec003c1e08528dae58a1b9ccf03,243,5,-0.40103337,-0.16698566,-0.16455948
A0A6P4D662,1c5bf79ea630cf2d9eac65481ea63f5ec45325083d41adf7862aa9450710165c,334,4,0.029488329,0.0325488,-0.12367733
A0A6P4Z2A0,76fa1a9be8ec5398da6635756dbf1f8290afed6b0773251d4a52c37a804b16d4,328,0,-0.19446838,-0.079257354,-0.08892943
A0A6P5CLD9,f009ee63d4a1a87c7f3f9297da95d23d95022d6086215b4401390db38c59af36,324,0,-0.29649878,-0.1234825,-0.011687701
A0A6P5CRH1,61661af568964e6bdb3106a326d3fce6adb03ca7cb0ded7bb67d516c1f8ff256,260,5,-0.40450263,-0.18791185,-0.12358204
A0A6P5IWX8,167432963ccbffd6d5c7d9d3dd3a70afbcfaf19edc9d5457519cc47329eaec69,324,0,-0.20999922,-0.1346661,-0.07670444
A0A6P5K4D9,bc9b77bf2bfff3af3b4f24d814b8b375dc82652b7d58e18ea1bf6e98fb6831f2,264,5,-0.41612098,-0.1909111,-0.10353074
A0A6P5P7M1,64307722219a891500436a1d2a7b7e813d580abdcf7fe7bd8f8fe0327ba89c29,260,5,-0.42207408,-0.17353636,-0.09906314
A0A6P5SI05,b8e79158a977dd1090dffae04683111fecfa626e8e1dd1a23b8b86058eb9eb13,337,4,0.036706865,0.0067245895,-0.15672621
A0A6P5SSJ7,7f64fd7a65050ed43587f7ce528b6f8370163f4275f80683f0e8880def2d288d,237,5,-0.4293809,-0.14284855,-0.16559681
A0A6P6AJX3,3fe1a317f991744638ed141dd9b784f3449b3a9aea86de0b39b51842055b2494,335,4,0.15689592,0.032774184,-0.14250043
A0A6P6AX64,4e54e218f5926ad109237809a03a152091d3a4e6162e4c30cabb40ba59f1d3d4,240,5,-0.42064872,-0.15659475,-0.15152644
A0A6P6IH91,00113aabcb305ac41b31be38721d895187894b151e931f14b13b9a2fc22858be,260,5,-0.4283687,-0.19703132,-0.11166283
A0A6P6MLQ9,e885db828031ec3873b00df662fe47b886f04c108ebd459306286a00c0f6229b,250,5,-0.47400844,-0.16930115,-0.10629905
A0A6P6Y8Z7,529d6cbd479a2dfb5953fc03d3bf69585a5a660d3eed9a3f44bebecef06f11f8,243,5,-0.35576284,-0.23157847,-0.2358924
A0A6P7PEE4,991b905eece557ac920e3f8b62654c8f179a4b4b577e541ac34d1e3b3e3f6763,322,0,-0.24552238,-0.10639425,-0.06894168
A0A6P7SGL4,2aefa71bbacfec2ad291ebb94c6c727d4a1dedfa58b35a9d6b902514d60d1f5f,242,5,-0.4056644,-0.21924865,-0.20367652
A0A6P7SXG4,690fdda1b2d80ea1b00508257b6b443423b10ed236c68776bf07988148c1fa6d,320,4,-0.102183774,-0.08168247,-0.13891605
A0A6P7YRH5,175028fc06c9391c33898e25527969737334878cefd71cbf285910277ee34905,252,5,-0.43965048,-0.24104266,-0.14025721
A0A6P8BFE7,d42e9f2ad8d231ed173de41b5bdaca1eb8a1e12bba0ac0595b61639a46df9a21,246,5,-0.3044709,-0.11948728,-0.1723792
A0A6P8BFY9,ccdfb2862dec89bbc1483040201d202869f5c8fdf9472b220e987027e5d6cab1,415,4,-0.13385236,0.07040077,0.0055417656
A0A6P8H641,da6b5082e0bd3237a9fc832ce1ef9f5d655490f2f20f0d3ee7439a2cb3a9244e,336,4,-0.09266646,-0.12829077,-0.12742001
A0A6P8HYN8,c2e30f6fc06263f30ac9f14f883d88316480c9adda845ed390d39b3ac415406b,239,5,-0.5311735,-0.18731123,-0.119064376
A0A6P8LG73,1f0bdc42e6eb6bd274b76885e85351f99454096070ec3047a567613b95152cb3,253,5,-0.36246225,-0.26076692,-0.21988453
A0A6P8MGN1,fd544a32767bad48774496647db09362b84004ba24cc4932773bf52ab5c805c3,328,4,-0.02479469,-0.12244471,-0.19273524
A0A6P8P792,2ed4d2228743c5435567a883d2655c6bb0f68190718c29f154d57066d3aca8c1,252,5,-0.43341216,-0.24236059,-0.16006286
A0A6P8RH24,4b0ea5bc1895e5860b0868bcc42dfd75a61c2260109d0d9e57dafd8aaa5b9274,321,0,-0.20192449,-0.115317985,-0.07154906
A0A6P8T9E4,bf27e5df0aa2ccafc0628b0a66463b564c0ea6b3f69b6f842777cbe7905c3884,321,0,-0.2525669,-0.12119072,-0.07167335
A0A6P8UBZ0,564995e3f6514ebaa81a0bd78b7f2f4a655b2a020704f3086d73b90936172f8b,250,5,-0.48556882,-0.19737205,-0.12924567
A0A6P8YZW5,3542e8d05fe7b13b4c910478fe636732cfcbc803d4667848757aa1dead0069d9,257,5,-0.34617895,-0.17992815,-0.17728557
A0A6P9B755,23291d0ee2e58e899e935e441f2543d402539580f325531afd8a987ae15ec4ac,318,4,-0.13597745,-0.055765126,-0.12255567
A0A6P9BN44,1e7bd98bb5c4f22ab77a72d41f5c5d38ce8f999a96c546e2004adca6406a01b0,241,5,-0.49760652,-0.2266594,-0.14728703
A0A6S6M1U5,e40c19a83375025bfee88bd792612be4b9710bb04894def841658e93fff06c2d,256,2,-0.20681159,0.2062156,-0.08741461
A0A7D5R5S2,121feadaf539df14ca4e6dd2e65f01e8e39492fcba100a181a6f918ee5e66b03,389,4,0.113957,-0.049241584,-0.3055877
A0A7D5UR11,d1e732224eb97dcdfe1310e8f736d91abfea2877073cf16e7ced020a8b1c1a31,417,0,-0.17168279,0.019272268,-0.0034126209
A0A7D5UZL4,fe5901c21c2b2c55e6f99031e0ed037a58e2275c450e3648097d6e945d9f20a6,243,5,-0.44797087,-0.1428487,-0.14488657
A0A7D6VAV9,6aca66b062ac4249fdabac0b16877130fe11e35da8bec62ec0c736295fe15c55,417,6,-0.31868097,0.21893576,-0.017014675
A0A7E5VJP1,ec8aff7385a72679a4305e020412c5c574111ee7b5cad6620564a8a85484b92e,249,5,-0.42510214,-0.25628272,-0.18774828
A0A7F8RRJ3,471686af5b2394c70ba43b5b79054e73727ae6e3c834acbb639e4cf7ecb86a17,239,5,-0.28828385,-0.17255573,-0.10354458
A0A7G1KCF1,33c6329dea8440f9fde57a79eef10f053af9499b0543066ccb41c08e136870aa,243,6,-0.40470985,0.17688102,-0.08599153
A0A7G1KWJ2,de65fefd9d67172c4a46a36578a475af4a47c34ee20191fe016bd8667233b3da,427,6,-0.2913825,0.24891321,0.0023648073
A0A7G1NIF1,4ed54e889b76a34e714f9a8afb4084746bb2c2de5d48e493602e390f331478b4,494,6,-0.3259082,0.28596976,0.11957998
A0A7G1NN35,6ef2dad078b4d702455ab279b1d429da2a1afc6cff2fb7dbab7f1afb6725f5ce,424,6,-0.3679936,0.34210563,0.09537904
A0A7G1P1B5,a30c1c3ea75665ee5123d98b4d97387f2e5aa3eb444a3412cfd0a699f08d7346,475,6,-0.32002378,0.26037952,0.08170907
A0A7G3ZJM5,691c8ee2ad70c33e414dc4ad294f9ed0de45ac7411a323487962d37aeec40949,267,4,-0.026965275,0.05399818,-0.2048747
A0A7G6WZS0,57d895e3ee89c94c161a06115a924467d1b31e8df2fd376c0838013e47e30ea5,406,6,-0.22781093,0.29173708,-0.02791473
A0A7G7MIH4,66138348bb1ed6ff1eb711281b00b8e2936c45d3aefc349dda6caa9e49564f2a,408,6,-0.44510075,0.31885308,0.10121531
A0A7G7YNB1,6b1429b162d114dc45276f268973cea99e35577ceb643bd732eb00cbeaa4cdbf,264,2,-0.33217064,0.071704805,-0.16479114
A0A7G8BQD4,eaa623b9504cd1bce9cf796029b439560bec2d0d51cd6d33a53bae5fc907fd19,270,2,-0.03265021,0.19604234,-0.14276774
A0A7G8PCB1,44e5b97c32a586d108e4401dad2e9bd50903f4307de67b4f9f5118e66885bb62,407,6,-0.42099345,0.19499984,-0.008109348
A0A7G8PPZ8,6469e36db88121682fe1574584ff650873a0ce82d5df80900343ab2ad17d64a5,416,6,-0.35410511,0.23285218,-0.012020685
A0A7G9LE45,0af631da7ecae6dae1d00c4606d5f9e655c6f9d2ed7322fd043b7ab721f71ac1,402,4,0.010656501,-0.09329527,-0.29741997
A0A7H0HUA7,fdb2241f57126bb0b00d8ae8ea87fd66e4c41ac0ff6a2af98dc068198b4527c5,488,6,-0.29839325,0.3857345,0.15438527
A0A7H0JW39,a5d76c6ff4f33fa8231cfdef415940e675a0c6c196d7b8f78dfea90f217f4314,328,2,-0.08389379,0.20883828,-0.0931647
A0A7H0SNT5,dd36bcfffb4f6e3cdf9a68e86c01c49e84dc1236b2f560dcb55acd481831490c,274,2,-0.2051241,0.16851215,-0.13693322
A0A7H1B8W4,ac9e97bff0ea4d64068e46921eff171839089445bc168a988955447dbb462a4e,438,6,-0.34315723,0.31787544,0.09186284
A0A7H1PXY1,7a3e0904539695391a7e9d210b96a9d4fc8787e1e1bcfa2695f82be5fbb80ab0,365,6,-0.044670735,0.43322262,0.12691067
A0A7H8QUV0,dba058d2029f23c6ccdaae8aa3c42faf2c8a6deeb868bfa5a44599d8187d1527,244,5,-0.30958667,-0.17902094,-0.22024642
A0A7H8XM52,84afa59ac555ef119c888cd3e3eff169cc0fbebbc7b2067b45a44c0a55afa654,429,6,-0.4226466,0.363068,0.13808332
A0A7I7JU63,ab21b42906a55653b7580c53f0e48211ba0452f5c1605154fde2b9c5c1f675d6,250,6,-0.449339,0.20867823,-0.06264965
A0A7I7JYQ5,4dc8800b976bd96cb37da75f6618ce3c97387ff502aed9ff354c6e7b8ef9e66d,262,6,-0.3533709,0.23805603,-0.05160969
A0A7I7MCE5,e126e865751cf20858035e0efa80afd2c1bb4e37be1414e36d1cdcca9c687687,261,6,-0.35299924,0.24395539,-0.056302126
A0A7I7MNA9,8818294c118381e3aaa10eed4989e300569dbd94e64e5e17650f50d6123e6860,268,6,-0.34922826,0.2944716,-0.0073758373
A0A7I7NXS0,725ba637a227e0fb88dd51d4907c70579d17c2f80650d765d69822f529e3f70f,264,6,-0.37637886,0.25999603,-0.02728011
A0A7I7PKC9,6eafa99410922fa73952e2ef7f1e9f8839d6fccc0d7140ecbca92176531efcce,269,6,-0.30075026,0.22117409,-0.08159756
A0A7I7Q1Z3,6e591e561fb31c12f4174336e29c175e173a6401a50c05b2e2746c8f7c04dbab,264,6,-0.3692357,0.23646963,-0.05039288
A0A7I7QPA1,6b4b4beded59a9bd34760937a446955cac6ff7e2e807ff09b4aa384c0886acc3,250,6,-0.3337075,0.27001145,-0.08536121
A0A7I7QX11,72195f5fe8be015ad3f60df360dc0a171e8de7ddd4a92846645856afa6dc6477,252,6,-0.4016903,0.2468745,-0.06483026
A0A7I7RT93,02d670006aeb7c20f04e0dccab040005cc25941b8c4d5fb861b6642dd11c1035,256,6,-0.38642505,0.25687206,-0.063313454
A0A7I7S652,4921722e6dfbe7661caf3291fbb7944bbb4c24f6252a50aaf7f444995658d435,421,6,-0.37098083,0.24636276,0.016162043
A0A7I7TAL8,b128e59c2c783da56551746645c2ca46b73afd3f7537f4b4eedb0b83dd34b3e9,416,6,-0.34595314,0.2504989,-0.010917421
A0A7I7TE36,2e74cb9b02269c0f2c167b52855d78312982d48846a5b24f8d9b15951f3b42cb,257,6,-0.3656718,0.19025692,-0.09995354
A0A7I7WYY7,860737f20363804638983bb4c984ae1d61204dcc8343a1cb6b3a108e0039dd0c,419,6,-0.3568375,0.23721641,-0.0038800703
A0A7I7X317,66d76446c94fdfdc6b27dbd9e7c3ddfd468540ce7f20e32049c773ecf5a82e55,250,6,-0.4285706,0.19014399,-0.091946274
A0A7I7XIE4,0fbec149f0803e1b1e48198ca2d401d9f32bacaafa4307271e3785eaa9af12d2,253,6,-0.37002066,0.20656176,-0.09935765
A0A7I7XJT8,7010c240979aa7a21251d6c2d38aea2eb8ccf60c0e2c78644777f4a0dd1c8c69,421,6,-0.34936243,0.2498974,-0.00080790377
A0A7J8DGL6,7af641a22c9a7d5a195ff825a0c41e106b900c6060ab651fe3dc2c07202a40ff,260,5,-0.4385415,-0.1667354,-0.09629945
A0A7M2T2B2,7298306ba7b74b4e030329775272a48eff673a391515a5fe140185dcad8c8f5c,445,6,-0.30517372,0.33925685,0.090699516
A0A7M2X243,e2630bc3989d982ede64c666e71c0f519007ac43a6ef56be5ad1a35ec5e66957,266,2,-0.01946126,0.19862984,-0.13563126
A0A7M4EBG2,341e037b981a7eeeeb8d12b9dc748fa0bf694dfd403204c43d7da5db0db06d8a,324,0,-0.28774548,-0.09834758,-0.02609541
A0A7M7G1W2,e9392189c9e4464364c22694080b230d77a12cb26864d81c8bde6738de5029de,251,5,-0.40410563,-0.24346328,-0.19575866
A0A7M7G453,f2186bae89cdde174a305862747b954a70419193ab5eadeff21238d31295c02b,330,4,-0.10592878,-0.046876818,-0.10323504
A0A7M7JF34,7c3ef5ef2413ccce301fcbf49bbe7b1e973e868bae1360fe586189ece9da298b,247,5,-0.3771353,-0.23965861,-0.19397391
A0A7M7MWV7,7acf4fdd1df8e173c221cae7463fcb101a47031a40f2f8fda9f9b60bb8fb0344,328,4,0.0018975436,-0.15018919,-0.22003488
A0A7M7R336,a77cb6e05b4ee2d47831749bec3e0140e24fbbb1ee156e04c0c5ebe444dd55c6,253,5,-0.34520406,-0.27357754,-0.23344898
A0A7M7RE27,7ec7cafec4c85049874179944aa703b3677795e769c2117157de8fbd27d36ee1,324,4,-0.13791032,-0.0964535,-0.1498087
A0A7N2MF86,2e55009b8d5d6d40c73503e58821f36f2a4de232ae005bad9e187b8821cfdd18,335,4,0.026278626,-0.0022991097,-0.1491425
A0A7R6SSB6,fa242c9413a4547c101fafb3def6bf276ca20e6966ca7491c12a79596de68215,376,2,-0.11223912,-0.03504562,-0.2673419
A0A7R7DQ13,26e4364b7d8e41dd416788bcb77b43cf707b94e06fbe5dc99eb1752348d753ba,515,6,-0.24734765,0.40010494,0.1441246
A0A7R7VKL1,f59ebff78104e05b87e9394baa0948c434bc0442a9afc507e318d8767cd07b12,245,5,-0.32406387,-0.12709993,-0.17432205
A0A7R8AUG5,c960f54d1838120e8f8c8a5a7bbcc8b5046654577364ec92b9fc97445cc4371e,409,4,-0.1208024,0.030831775,-0.0072704908
A0A7S6RLD6,5bffa2d521df95257f9279cce8f5ae448ae6d2823e6eb0d86999ac269b9b914d,408,2,-0.177846,0.017698007,-0.19060144
A0A7S6U6M6,ab6960929e6f91f570f4f1b1aaac3f26c0ad60fce870e7d78b73d6c7a1e287e2,408,2,-0.16861685,0.024610875,-0.18610291
A0A7S7NM38,6a3c6e260ba67e906ca6b48f4c09f1d35c2595b3a3ad265487c2425e6af20f8a,251,2,-0.15499762,0.2076152,-0.12388479
A0A7S7NS88,284fb61be198edb9a18b48afdb5ad7857f2744ac74bbe59daf706affc06a2aa4,241,2,-0.231862,0.14822473,-0.11188159
A0A7S8EDZ2,57260974c6f40c04a9b23418c5cc6fc96a7f60e1edb6facff04c7bf5d6775cc2,242,2,-0.15385507,0.052871816,-0.16447788
A0A7T0G3A6,8d0295acafafa6ae1da1f76944eebea16feae1f0131ca3b34e39b6a736668c06,252,2,-0.15157163,0.13601159,-0.15426993
A0A7T0KI73,6d9dc840a136e92bb4d5ee10923477bc898175e1733e2606f384abe0934f46b4,292,2,-0.22856139,0.17096,-0.083999604
A0A7T0KPH6,4f153258a99ee9c3420f229c60a3ce4ec320fbc98df07b7533f68070079026e1,320,2,-0.063596256,0.22906986,-0.098889075
A0A7T7HZT4,f5298bf208e885e96490c4b4a1d2549a9b9ee85e6c1ee2d21cd14c30d0500652,429,6,-0.15569915,0.40707603,0.039957225
A0A7U2ETG6,3631e534b35bd87301736c47fb5ffea454b6a11c550e4c95fc4df3b6b3100086,243,5,-0.44536,-0.1971387,-0.14233087
A0A7V8LK47,169d4d708e358c1a8f003c54e0f06010bd917416fc83af12922180811fce4753,403,6,-0.30946565,0.19285208,-0.048035458
A0A7Y4P995,f992f466eee7cf2e656a164edcd4e313137d4ec34d85af0dcb11d97b26927fe3,265,2,-0.21721272,0.08869648,-0.17190224
A0A803LVW8,9612d820eda7c7de2feb9833b88986c38a771d456896b1b1d085103467cef0b6,239,5,-0.39601234,-0.13478148,-0.17561133
A0A804ISN3,3d2a1a35c7efa10a6c42f2b1324619be2b2af67ad6d25e35154aca56df824e8a,259,5,-0.2547305,-0.14130996,-0.18460184
A0A804KT41,c05927ef105ca9e865972473ff1bf2944359eaf6bc6662473cf6e9a158664561,338,4,0.022263901,0.0053107045,-0.13805053
A0A809RGV8,1b254ff12fcea600e1b877bbe335e65e8cb2c8952b9a27dbca5bb7400ec88bfa,246,2,-0.17286207,0.17167372,-0.12859994
A0A816YHN5,53d01854ab867bc901947a820b9aaa345ca0f4b8c92c21383d88412ff3cb6621,247,5,-0.39862028,-0.16786303,-0.15018047
A0A822Z5L5,35a22862abfd866eac04171216e0c588d16954f0cb122278d0c2bfbde18671b8,344,4,0.114668936,0.06269367,-0.13677308
A0A833TVL6,8f76887613433d8bf50fcc00c1b882387c4ead5df33bd35cc71d1bd6080c3701,238,5,-0.42667595,-0.15988933,-0.15426587
A0A836FZ86,81ab03113adf2e66e0797c52f175e537afab5868c160b9d9c71952df141639cd,262,2,-0.17646413,0.12324028,-0.16127245
A0A836HAU9,eee772e3be67a52e478f5c68b8ec515550650464dc6e3d81cf2479ef3d4c3a1c,262,2,-0.09119848,0.12408124,-0.18671466
A0A836K9L6,282eb23445c6a8000fc5919f3ac35f701ba58e5668c9ca9532a1e98172535d5c,262,2,-0.19443685,0.14258444,-0.151075
A0A836KAM4,43b0d95d3371ef1f5694ad9e7af0b35568c451ef751592c12bb9d948007dc60a,262,2,-0.17833246,0.13412611,-0.13771723
A0A871R8B4,e58c61cd7814431231689153616aeb7061aa39a1d4b3defad94e07f4fc0a2d3a,327,4,-0.0067988154,-0.056981646,-0.1669005
A0A871R8Q5,fa03c8b771754b292ac5a4c4aabd7d927f5fad05b1dd3728b507337979b35cb1,238,5,-0.40298334,-0.17376548,-0.21758416
A0A875RZS4,860885b85e1a2f5185ab58946e9b37a63368f1cbcf431eb85628dd1d31f4dc04,238,5,-0.41807088,-0.18718821,-0.2249107
A0A8B7BHS1,b2a98d784c6adcc5d5d4c2f5fd211e0a33e6458765b37e45d4c1ed7ba77e406c,363,4,0.091256335,0.016150372,-0.102294765
A0A8B7CN42,72885c6ba1c5749bac141f4abee832e6af21f96ca2f1d251250dbd7dee22b5c9,346,4,0.029761469,0.022827867,-0.11252654
A0A8B7NXA1,16573961cafaebcc4d95a65fe23c2400fba75506d02e98ce131b1f65893a3da5,324,2,-0.13349453,0.06510136,-0.06296559
A0A8B7R723,4511eb5e41d8a694c11b9d011794577a86fa128bc977eb1d836610913268795d,260,5,-0.44610155,-0.1838452,-0.09520866
A0A8B7S5X3,762b63045d78fc677bf85fd1b01c61d1ac77535a833e6bac02c85c4d37bc1a7c,277,0,-0.069367774,-0.08803039,0.0100721
A0A8B7YKH8,61691328bbc7a8a81e902569f10b7cedc3a40e92cbd72ce5164c4c95ac368479,242,5,-0.4768378,-0.25267133,-0.18379052
A0A8B8KTU1,9a9cce76dbaea12eeef9ebf94e204525e1eb2ebdc548ee5ff3798dd18405124d,243,5,-0.41136003,-0.13227385,-0.12924793
A0A8B8UC57,e9a5745a5919f0e96f66d52d39dac696edf337dd852364a066f4eb569d55c69d,324,0,-0.30078465,-0.11452077,0.0066165635
A0A8B8V1N9,f9b4f3c06822d70ffa5bd826be116a399b7aff66eb5fcdc6edc472871c54ccd1,267,4,-0.01297647,-0.0027503374,-0.2432108
A0A8B9TL14,0999a6819d601868067eb5ac22dafd90cb41914ee038ac78d5ff06699b0521f9,242,5,-0.46694055,-0.1738625,-0.11930082
A0A8C0IUZ8,87635f8bb831bd96c474786642ee59924089eac9f0240afa3b1fbd32478118ba,323,0,-0.2590419,-0.09190673,-0.0736132
A0A8C0R5D2,70ba3608abd97cecc5664c2aa5da9ea9eead4a41c8c132a77eda6f2c4c735883,324,0,-0.27946624,-0.13598607,-0.038296014
A0A8C0XVE0,ed68cbae07ba45177276b2d9e4f1c171f03502818f16d43d6b98b635f04f49d4,260,5,-0.4244081,-0.18919533,-0.12090123
A0A8C1TAS8,b2cab127304b664a242611649a794f6696589a32c6e3372f2a8936cb22252d53,250,5,-0.4882545,-0.15475877,-0.104694344
A0A8C3F653,221b545b846fa03ceb7a011807bef94e272174c89098d0b86ebdd30b44cc3105,323,0,-0.26405832,-0.08179394,-0.071911216
A0A8C3HQ57,239c3a7b6bbef266286e241ecfaddef70ef902c016bfe3253720eccbaf0b2234,246,5,-0.4956956,-0.18383354,-0.10557898
A0A8C4J6I4,94e11280350e23ad99414ddbee4b82164423bfce57350d5316fafbfab4744a46,242,5,-0.509081,-0.19684877,-0.11832871
A0A8C4MZZ1,11d07a2d50f3b71a952749ff4ea2d856b17bd3d5d637f9e15e54994d1b7596e8,260,5,-0.42056653,-0.19676273,-0.11252602
A0A8C6A883,47b41f12964fdca334c9ac52b82f9a1c40b9ef788c748cb0d48e8940d137b22e,324,0,-0.2814569,-0.13625757,-0.023870032
A0A8C6ER60,65221d444604b8ed29a0f123f59c7e62f8971a746fd4b349a174fde84a571940,260,5,-0.43881288,-0.21270524,-0.12764739
A0A8C6R667,730facce3a0c9a84264e6969cd579a2050a6d99a8ff9c3f305bfa9d9a56826cd,229,4,-0.03451118,-0.09618402,-0.15078013
A0A8C7AIQ5,141a22ce6baabcd09529704acaf3d9a712effcae7b0b5cd353367da7b2f059f0,260,5,-0.4358356,-0.20927753,-0.11359978
A0A8C7BXI8,44f0c68e5c0ad4f40944870d7d88442c5f004eb9cb575040a82b645e466ac5d2,324,0,-0.2823485,-0.13694285,-0.038888596
A0A8C7MSS4,f7214b7164a6f6c233fd96adc6bfee32c34e0ddf0f6dbb3f2e3c574f643b4bbd,250,5,-0.47607744,-0.14685339,-0.10672442
A0A8C7U826,af1940aa7bf4839fb651ae4f4bbff2566da5b07a3185f790a89beed285e40571,250,5,-0.48707882,-0.15552074,-0.10192789
A0A8C9CQE7,5daef7d6e9b077d39c27d5cce24393e3f7858f82c2b325af9689c44e025c8555,260,5,-0.41795182,-0.20611437,-0.1116821
A0A8C9CWK5,71583c696cd8eb694b1a71908a1e766f6a9a989adb10a273544b2942b2ae5df7,324,0,-0.27631897,-0.10211105,-0.035770252
A0A8C9GWG2,7e1608dd16862b4ecf37d87ff0b9854f0c969b9dbc4a4d9cab004a9ccbc441f5,260,5,-0.4062032,-0.20966454,-0.1382345
A0A8C9HRH0,27370d293567b331dbad9b91d215c514fa5f7d6e05189cfbc821a68746899c62,324,0,-0.30492717,-0.13259158,-0.018299758
A0A8C9T2H5,bcd6d0de5e3171b6ba58e8d57bb6c81fed767359a0db235075e1bb2db6204067,325,0,-0.25073776,-0.11419227,-0.080753386
A0A8C9XIH6,889af8aef480df3d81a35184501851ed782aa200ac3ad8687c3d9f9884f474f8,250,5,-0.46348265,-0.22297871,-0.1460089
A0A8D2L187,026eab751568dfb2b490c130326aab894df5a8a5592562d9289c15ee3f80cd65,321,0,-0.22950046,-0.09966508,-0.09335083
A0A8D2LQJ2,385e0abebca9b8a0a04388494ef135cbda207d970ca10865aee9dca8bcf32c6f,260,5,-0.113702245,-0.1803152,-0.13532193
A0A8D3WG54,d78468bf020a4bf41fab5daf9d8a962fd784ed9279d9cbda66f1479cbb4a230c,440,6,-0.36068222,0.2970565,0.09536348
A0A8E5HKU8,a19eaa7ee87f3fac4a39abad3ad4671cea49ad7f334caacb3873cd854dbb0c39,421,4,-0.1180801,0.09335757,0.0119648855
A0A8E7ELC9,b666e25dca622284f82cc972c53da9f092f2402e2730ae7caf030781ffd70b30,234,2,-0.009994663,0.09418121,-0.23641376
A0A8H2JE10,2e9b3a93f4671eca90cf883742ba214527bfeb9a903ab70e3b24443a018bf251,253,6,-0.4108409,0.23656754,-0.051474266
A0A8H2PEU3,56c9e87e6b71c52122595d7ec1c88143657fc9b5f13cdbdcb06d03b4b77a15ba,422,6,-0.3742073,0.20614576,0.0012272348
A0A8H8NW23,f8589969ff1cda98440bcd4d433092d0577ac61c40c10b363312470398919260,260,5,-0.2834769,-0.13613261,-0.11052423
A0A8I6R969,728521372fc2ae6e7adc58a493a8c5389761b531c18d95e1c1fdc55ec65b6288,243,5,-0.35071668,-0.26229393,-0.25186577
A0A8I6S7H0,7bca3dd48af4844379464e5359f0d2cf5452db462f55450f8fcca8ff226dbc34,332,4,-0.10659742,-0.08790918,-0.13697915
A0A8I6YNA0,c26b1998ba5ab13339095c35d70339105553c77a47c809a6ca63b4d035656a3c,245,5,-0.42984915,-0.104445115,-0.10517526
A0A8I6YWR5,dddc921f8daf399f079c587ca3cbbffcc130cc00cd255d4f65846402407dbf98,351,4,-0.027269442,0.06382258,-0.0051040435
A0A8J8YDE1,2b810613caa2644228a518a3fb93f403b6b418c10d596d674c0d045d56729f32,324,0,-0.3066289,-0.1331176,-0.009324601
A0A8M1NAE9,e356de8fced6c294cd677fc01d3a7a30a962fc2ba2db0d57fd0454607ec34fa5,330,0,-0.22771429,-0.13418832,-0.06325225
A0A8R2A8E9,918121ef11faa6c63f3f299b40b5679dbcd9a86804aed43a6869e57e29f7b3ec,238,5,-0.42015308,-0.24034868,-0.21709514
A0A8T0LBQ1,d3d4299c76fff4a177925e5faee717560763da2affa30152bec5336c0d33c364,243,5,-0.4297835,-0.12420436,-0.12229703
A0A8T2LJP9,6fafd6bbb50de692abe82495118b7b1c443e2f4bb100b259948dfb700641515e,250,5,-0.47785202,-0.18230131,-0.12973312
A0A8U0PBJ2,0244ecdf73920b3a0ab76ec6f5208709398bf9f2651cb81e87752e78f3cb50ba,322,0,-0.310544,-0.12338975,-0.017392602
A0A8U0WBQ9,de9196034e6245c30d8f350ab7ed4f65463f1093efe6a0d9fa1128e86da127e4,322,4,-0.110157855,-0.046470307,-0.123974524
A0A8U1BTU9,cabec862e0775c376ffa835175af8b2e0f3ac95cec2c79634e5ff4de0a2d562f,250,5,-0.47837785,-0.15133508,-0.108461745
A0A913XBQ7,67ada6995975590f789d77d6628728e0152292fe3cbb29b0be57540b06b74084,336,4,-0.1017889,-0.12326916,-0.14945766
A0A915YLN5,a712dd5ad63627069f44064b03ae5b4f2e8e0775f3c0cd82b7d29d06dcdbda5c,244,2,-0.024220552,0.094148815,-0.25698513
A0A922IN94,a09827123c4bd7d4d3541b4f237a25f1caf3f45490d418373ea02480f08d55a2,237,5,-0.36721158,-0.20866048,-0.23244832
A0A975K1R4,85d2118bd060e36be1f069f1aba125dc332f620030cdd023f747c96d6066f6e3,258,6,-0.37570837,0.23383488,-0.04479621
A0A975T7C1,74edde92e4a36ff7c963747a40c74644d21a43ad1e63ff004e9c68535826eb3d,414,2,-0.14958002,0.05696424,-0.17232518
A0A977KU67,9a2c02a4bdadc859eaebd9bbce4463cf9e16960939afb39a9c0d6be5a54f3de5,361,2,-0.29661933,0.04091593,-0.15214556
A0A977PIY6,340c67e22cbd8105bab2ebe82c87d8f1e0e1309dc81da5b7848caa7c1c4bbfc1,378,2,-0.16527896,-0.007989125,-0.18010351
A0A9B0F345,f22064e827c242be7422cd45a088653ffd25edbefe46f42e10659dbe78b645fc,328,4,-0.02838045,-0.11281969,-0.1838447
A0A9C6DX08,32a999611c3a79a1731a7cb274040e74975e01254c1bfd02b669a4648fa35119,238,5,-0.39052767,-0.23242098,-0.23642747
A0A9E7MYN9,b216bfab40285908085f49429d2aca349a3e05cbdee5c14c466c44128c41d579,351,2,-0.24214964,-0.025420817,-0.1983801
A0A9E7PKB7,c567802de4da9e8d9418878b33cf213827ba2bddd8c84ad4b8022268cd4ed148,236,4,0.011628804,0.04520988,-0.2555479
A0A9E7SDR2,19ddb3f4f716ed5929e2e45fe78f3f0ba9d2e8f1f0d6a1475d7ac64400070619,351,2,-0.18596794,-0.047775198,-0.22488107
A0A9E8ZE64,fe3043d78b9af5a85dab05fca8388691b82169e3acb59db8d0cef1812bc9bd42,418,2,-0.19490945,0.15045527,-0.09556054
A0A9F2R188,ef4e691b9155357aab7570c288cbce2381a50274cddcb6d7e9a45fbb2e5dd0b6,320,2,-0.16597676,-0.059164017,-0.11802858
A0A9J7BTC6,1170bd3a87add77dbaea00b64129e49d6a53d784af0d1afb8869ded930736e62,257,2,-0.09773812,0.18372934,-0.16060394
A0A9J7DZH5,e6896928a8a433afccadbce9fe90a87d5f703edffe22452f30fc2b7151a1dcb4,277,5,-0.24921857,-0.23748726,-0.20347272
A0A9J7EJP9,36160635042f22c509f475a00c1571bfa0373ba2c24a8d0d3d31a21a95ee8e2c,334,4,-0.09130931,-0.11451852,-0.16057383
A0A9J7F8J0,6e31c6b6f60261e34360f74271712537f9a5f5ee2ef62f87a0ddf2d166ba0fde,324,0,-0.2933419,-0.13699986,-0.01292629
A0A9J7LFM0,1c1787d76dd61bc119a2bf1864b74b7456db880fa5126c9b00dc567b86ee0538,313,4,-0.06275638,-0.027596995,-0.067207165
A0A9P0CAL8,078644d0128ab6543fa59a77558f9c00398e703ecf38bebd6542e845a373c4e0,260,4,-0.1316978,-0.09140208,-0.14895953
A0A9P0F1A7,53d5f9fbf9bfecb028deaac4b0605572b782cc54dbc612ffedeca5ce527765b0,239,5,-0.46544123,-0.21109155,-0.18434559
A0A9P7S427,80c0d6d986c4cf7a1c96c5e3e45f9607a12530d347316a0e6a9dabe9047c7d7d,320,2,-0.16105182,0.049545657,-0.075037
A0A9P7S450,f0d92a8953dba56af992a65b1bca22086df647b9abe5917a97b19be17973b646,256,5,-0.26690233,-0.12996371,-0.14214753
A0A9P8DMR8,508f7c8041942d31e177ed62718ae7ab1b116f0020a85225aaf4999a503a637b,411,0,-0.16331874,0.046503324,0.0062622884
A0A9Q8LIZ5,33b7d093035ac3d7468740a43631c7675f49f1dbf8175068e469a8a0f9e5ccf8,396,4,-0.041603908,0.037539363,-0.060742546
A0A9Q8QSU5,24a09c12c333b37b3a38f49c08b38ea6c568184783122fb5facd0757d92d89b3,242,5,-0.44222724,-0.09094651,-0.10059283
A0A9Q8T5B1,36d16c81750afeeabf3577e02c4221161d277f9123e96d13cf51a74c179e7c88,444,4,-0.046562653,0.07124989,0.0048464183
A0A9Q8WKT1,3de30bec0633724ec2989535decd965373c9022d701badad7f47ffceb91ff4de,238,5,-0.4598271,-0.14062317,-0.16009057
A0A9Q9MLY5,4c8db0e13a7d0003534b67a1d1e88942db15d54b8a3794b1d9b4d4205c9e6620,401,6,-0.4768889,0.28009436,0.09174893
A0A9Q9P919,cadbcaa7b7d3df322e2256caeed1ef29d360ae1a60149cd0e68e7da59d8d0923,430,6,-0.25733393,0.285977,0.004989564
A0A9R0A7Z5,f33194dcd2a54b05c584dc055c1cf581e1f64724cf98434c18eb7dbb5b175911,330,0,-0.21233185,-0.12449052,-0.07403044
A0A9R0I5H0,c4bf505f8445336b8e8e4b81dd5a4d85745782116ada0807a19a22a969c2e9de,243,5,-0.3678504,-0.11892756,-0.1626725
A0A9R0ITX5,94a928b60910ebcce956e88ed2aadeaf44478eedb20c8081699414936eedc986,335,4,0.012900504,0.031894226,-0.12519936
A0A9U8E3G1,976b8846447d9a6e923f4ecf515c35d25a1f4b7bf20f790fd66e71a915d0f514,240,5,-0.3944287,-0.23220499,-0.21941254
A0A9V1FI28,2d718af176308918e318ce17de50689b76d53add614b96834af5a67d0788bf9d,324,0,-0.28403145,-0.13489091,-0.032604553
A0A9W3EV92,a90bf992ccd55c8be5b99b926d58d356d4ba85d93286831e29fba440dd89eb1b,260,5,-0.44439805,-0.18828864,-0.11051278
A0A9W4B2V8,b7fc6c7cdfea5b8ab2eadf846d5598bce608599f7865977813d14f54fe703d19,419,6,-0.3682186,0.2448462,0.006252814
A0A9W4BCS9,533968169a9adb1bdd6f3ad49e43e03686db4eb2cba9ff86117af37cbec41b2b,258,6,-0.3484348,0.19795468,-0.079289615
A0A9W4X8I0,c96867c896eb0bceff4d86997503b8abb5b0b811b75d77f6a1cac97aff7d8512,247,5,-0.3770708,-0.21628478,-0.28373703
A0A9W8QG77,585bd5acb3a85096b8ce45291ce082f4e2eb0b432ac47aea0b7098d3e895cc74,419,6,-0.21377969,0.10942941,0.05557842
A0A9W8QIT4,72f83e91328565c2fedac773a9f2d913c1f834b42ef42e843055058d3916f58f,242,5,-0.4408244,-0.14233935,-0.14027731
A0A9Y2JP13,70795b0a8bdd9be1bb4182a2fe2b2416ac0b7780a6ffd33b8e7ed3942d83f798,418,6,-0.38778105,0.216429,0.027269104
A0A9Y2MVU8,187ab4f01600e3af199064393604855be2c782287d96d03b4a415bea8053ac8e,431,6,-0.3348479,0.23528671,0.04263163
A0AA48QX53,19a0da642a71a8b3329f246c9f1ac1664d67b96b31d72a4647e64239909e26bc,263,5,-0.31023398,-0.10361105,-0.11251246
A0AA91PXZ5,b0102ab57c15117a0cf28c1e49d215fbb90f2052e0ec6ddeb6647904d356ab4f,323,4,-0.038783636,0.0072840624,-0.1439407
A0AA91Q537,69b6018681ae9b52b8b539f37aee38d7421aa1084676369bb309f08283b4d46d,238,5,-0.41306567,-0.18159896,-0.2026105
A0AA97KM12,0279b55c3f30509e72891a9b7d3b312d8eda82505091dc798eff371b08cd90b3,323,0,-0.27989098,-0.09804338,-0.026015367
A0AAC9ANS1,89ce36367272001ac2bcdb094688f7ff8e8f130968f6e190236f716efefe4901,316,6,-0.031243077,0.2543204,-0.088351496
A0AAC9PVH5,539ed18e36227815687ace37720bec7104de8fafb48320aca05e0c9c809d51f9,394,4,-0.022091128,-0.0876756,-0.26969397
A0AAC9VV11,c99c666a3e26f8de57a79479dc013b41fb800cd1ffeb9813337d50f83c41ca00,267,6,-0.34386954,0.27088556,-0.022162762
A0AAD1H9E8,3ebf2061470f6bc467022a6d2ec2ee118c3f15532e959bda90cfba8178c093a2,418,6,-0.35935017,0.24012867,-0.0012968854
A0AAD1M9M9,d41ed620ce70f1fabf473a4ef1196ca6dd96345f5404e606b6b5be1fae98cd5f,413,6,-0.41365477,0.21049199,0.014086263
A0AAD1MBU7,4bbd6c6034ec03eab84baf82b99fcb69d92b131c9cdae38bb65f7f2e07150d3b,257,6,-0.3664154,0.18088876,-0.102818154
A0AAD7KSU7,08211856088f9cbc40a158bdb0e4413685f018b632bfcc6b74a9f36bc96271af,240,5,-0.43361682,-0.13546671,-0.1323475
A0AAD9PIY1,f2520a532ff045be1546c8f6b6d4254b25f86a3ebf3ca594e74a3466f3d018cf,242,2,-0.12833942,-0.05849478,-0.27595475
A0AAE6NS89,8fb7c0860b08a72729ec4adcdd332b72a8b50e87c48a99614cd00d70a45f2a85,438,6,-0.35409975,0.32167554,0.09632217
A0AAE9W787,ec9d075f6fab9752f619eefa24a365a52051d798fe13b37b060ed973321f6192,338,4,0.15899928,-0.0019282321,-0.19105649
A0AAF0AU84,282124e18a21529f08ee8259d16905e9863a6349a65d9b293b80be1d53ddfbd0,236,5,-0.42016178,-0.17157044,-0.20790613
A0AAF0YZC2,c36f44c7d8b4117a86c338071b8461e1e8d7a97196a0233db6067168ff95722a,265,2,-0.21353805,0.18456145,-0.12098534
A0AAI8L279,65aa3dd3036780b54e95e97598b4e96622151937cbe0bd84322c483825fa6636,540,6,-0.22322012,0.2757742,0.10204622
A0AAI8L9J6,cb3cf43ea9eeed21e36704d360b5b5f36cbc2fc7355899c5d8ffac2b7b63c7f8,407,6,-0.37497562,0.33543018,0.079516135
A0AAJ6KXK0,9170c429f55e63b31d0ef09ecf3fc5ed08364e908c98bfdbf95f655ddfd86d4e,408,6,-0.459393,0.2987859,0.09421108
A0AAJ6P7D7,4d72dc67faae692d31355e7193dfc11eb185242dca17d60654b9615c2d73a4f8,414,2,-0.15496725,0.06816907,-0.16268885
A0AAJ6TN58,d0ff9c85c9cb52b65450d0c09729ec8dd030cf8f597c1f5bbd8bd5f6e7e8b313,238,5,-0.4361908,-0.1608444,-0.15580165
A0AAJ6TSB4,1eebf7d32f82962d834f74bae7f02a6f6957172d70f2826b760776e15f1d414d,280,4,0.058495384,0.049070157,-0.120195694
A0AAJ6UDM3,1454cb5cf1eeb07f581e76611c5d269442f0a11788cd336c5d2705d44b579cd0,335,4,0.022271587,0.03714197,-0.1323983
A0AAJ6UG61,ecf061b7928ed448beee545ada519105160e73c52a9651a4bf3b132ddfa109b0,332,4,0.099167205,0.030873923,-0.13399693
A0AAJ6VZ24,ae1d501d0fe93a55ae9502e61fabbe46bfd9c80e0f1652ea76b15df3b6e6599f,240,5,-0.45238847,-0.19344975,-0.19147705
A0AAJ6VZL2,d20f3208d2d121d43de72b5dc6c96a027d931602d30d041d22fb571539055b78,328,4,-0.10553294,0.015086317,-0.090696804
A0AAJ6XXI1,e89972ba1d6203e5418421f686c88f90f426a07428c9c774743902ca57525173,240,5,-0.4142471,-0.17035878,-0.16287729
A0AAJ6YB46,91c2ab5860ad2fc24ad9f38bb985ed62993cdbe164092a7f0e811d1300bd5d73,330,4,-0.0076942034,-0.11038485,-0.18927449
A0AAJ6YR40,69ebd7343f749b92b0c694addfa618626ad146de96647e170da0611e4ef29be2,250,5,-0.26266718,-0.29938367,-0.27859023
A0AAJ6ZIU1,8bdcf8026369b3acff6d08625cbc0001d882eb7ec6d40f11b01f9a6aed2cbd43,249,5,-0.39719468,-0.2239661,-0.17459944
A0AAJ7EFG3,61d57cf00ece46fc2a578d2c87c291175102bf5450f853c540d6f5926e0a46c1,343,4,-0.050840907,-0.14501718,-0.1821139
A0AAJ7N471,673ac9677758f188cedc7a19487e82bf79e96efe1435efcb2e6477453013d239,328,4,-0.029883428,-0.09233113,-0.1595474
A0AAJ7U1N2,444d3bbbfb3f440fca482676fdd8685451b62be44d1dbd481517fa608b54b874,240,5,-0.4470308,-0.07272745,-0.12035607
A0AAJ7WUY6,e46f6bc40d7dd595c51fc41d59c5683173f43517157b9bcb5b3aefde972f4db6,340,7,-0.23628683,0.12579691,0.1291049
A0AAJ8K8H6,07e02d6861b9e56a3e231ee7d91014add723e36f383da7c6455eb3967a9c67cf,272,5,-0.28778318,-0.13534978,-0.099489
A0AAJ8MGQ7,9933b8d0a7b07984b26d64ea95a6e3c46fa2be5a159092c410b51f6e48b08445,272,5,-0.30254096,-0.13286802,-0.100776546
A0AAJ8MN16,6215c00b070543888fd72e3935fac9031488e2658564b09186e7912a827d0bf3,273,5,-0.21555844,-0.18035285,-0.16136731
A0AAN0IDL9,b87336165844252f0a014801458846c5a2ec8ba3801d25601d2a3e5b15be3859,332,4,-0.046911232,-0.043598022,-0.16922319
A0AAQ4P285,b6eab27e0b21d0522026a10460f5467e93e3a9ec6ceae495a539fef825a8e672,322,0,-0.2924357,-0.11035235,-0.07952302
A0AAU4K8N4,011302544e306ab899e4ca559cf7216c6ed67f9181f2a766fefce2e985f6de17,412,6,-0.3112384,0.21338914,-0.040199634
A0AAU7DCR8,3e9bb942318fb1df19f8ac908652a6c597aec4b02fbb7b69e24347bf1d239964,270,2,-0.07575958,0.19703884,-0.12646173
A0AAU7V0T9,42902c70098baea0334ebb62ee733df9c6db8bc03c8ecb65cf144b315bd902a4,258,6,-0.4291515,0.21724805,-0.032383677
A0AAU7YVQ3,16b5fcdcc8dc3dfff0fcbac9055a0cb8c6f808f4d266a011e9d8c9847c81f70d,271,2,-0.059940856,0.20556511,-0.14466563
A0AAU7ZDN2,cbce59c069c927a2c2e63266b5509d18fed0ec7043a1904e00ab9e80244dea0d,271,2,-0.060322214,0.2104772,-0.13789
A0AAU8PBF8,95f25630ab9240f926f29d0cdedc3b9ea7c0ca609e25af5731063ac1632edb34,366,2,-0.10565767,0.12828761,-0.14884013
A0AAU8PLB1,22210d4edb842036781efa77b1454f272378f018743b172cf402261f1508da7a,267,2,-0.20859505,0.08338175,-0.17403232
A0AAU8RGD4,55553e5d86be5d4041bef64ca4f6b9a432b5ba0eb7541a27f5adc2b603878eb3,378,4,-0.036734607,-0.05955482,-0.27188882
A0AAU9YPP6,031efeba8b944f2410b0028314be7854b2f35631d0eed9d9fb73f16cfa6ab0fb,260,5,-0.41282374,-0.16516803,-0.10237224
A0AAU9YXG4,01d396cae8eb6b1c913838126899bb1ab5949c7e223ad9474854b4cf290898b5,324,0,-0.31738773,-0.121623226,0.0063241855
A0AAV3SI58,412b23357c1f8fcc52403d45b1dfb3a92c26e223db5801809aaf42c54d5ce17c,266,2,-0.13597785,0.21032609,-0.102777354
A0AAW0Z6M3,0efbc9abf65b5bb52672f20d5ffad896c9c389253a4515b8073cd35fd93d5616,273,5,-0.31840146,-0.08921717,-0.070418335
A0AAX3EBI0,1828095479e0b924549a04edbd449a3243a6430421527aedd6fe9d830fa02229,237,6,-0.10843837,0.28715023,-0.07608876
A0AAX4H3X0,72c75d57494fa917596ac16f95c8a70b30f13252e99ddfd425ea958c65fe1be5,322,4,0.017427597,0.035361096,-0.11095206
A0AAX4I9Z0,b824f891872bc5682a0dfddafbbba7ced5af5ad8d1b19bd21cb3f91fb9362290,399,0,-0.16575669,0.05873319,0.010199327
A0AAX4IN55,4b9bedad8274ecf4e236b1b914fcd781a8473f73aa13be4733edd1e919ef3c3e,238,5,-0.45824078,-0.14648412,-0.1600795
A0AAX4KVA0,f5b4ec996e9724dfb0b043aad04acc86c68f35d4abeb7ff5fa5201c3435bceec,272,5,-0.2851804,-0.13700877,-0.11557335
A0AAX6QR10,ebf936a085bf8e4ee8fb7c7a702147d7b20a84d3b5dc3a7c986dcb6e826e2287,239,4,0.0041554733,-0.24848677,-0.19176057
A0AB32ULI6,e769db4c39a436bf04a2b3a5e33630196a2310f110a8c9a3e59791dcd239f62b,335,4,0.02405537,0.0070402934,-0.15060046
A0AB32UU66,58d257fe21cbd04e0808d60f2ad8e7fb73106f67db251769991947c6da9a5c4d,241,5,-0.42539147,-0.15545826,-0.14172234
A0AB33A782,6b53db631389e274353fd85279ffe6e23e670d5d105d04d1eb4829789a3aeffe,411,6,-0.2870955,0.20125535,-0.04304152
A0AB33AAR6,ac2bd39ef1175ccefc2c6502c1601fbdcb2673d54f8eb52598b0294f93aa8cb4,253,6,-0.46274704,0.18139601,-0.052579578
A0AB33KLT3,a0e739001c1dc18516236b72e51f3c2f2a422fdc6ade692ec6f209c63052352f,442,6,-0.35817024,0.32034212,0.10505962
A0AB39L1U3,520f37d59be3c25906479d012d752f1347326730c3dc9fe17c87f3e4048ee01a,413,6,-0.30188507,0.24066193,-0.023625964
A0AB39U6W0,25873495f4321aede36a9cb6856ce4b917a8c7f41bddbdf45b88aa303fd2992b,309,4,0.057193216,0.2125698,-0.12914063
A0AB39ULL8,f51df618043a74a09d12381735c4acec589268b0a8ade0985bd81e68f665d29a,309,4,0.048869237,0.2037792,-0.13745786
A0ABC8AM45,caa1382ca9cbe31191720dff5727b127111528f0971893f8869cde06f51bc63c,414,6,-0.33593446,0.22103566,-0.020622736
A0ABC8C4E6,7ad3dd779a30a708947bb8c6d6a993ec1fe52e68cf9c6a967d675546dc33dfc7,423,6,-0.38488954,0.29321936,0.08320084
A0DTF0,f621164f08784feb844d9d33018a3d445480a785dd3bce7dcc5c0745adc96349,236,5,-0.2719068,-0.20294954,-0.3059226
A0E193,3e9e839047567f4ee51687ec4012142fcc8d02daea836dc55481446b7ba05008,236,5,-0.27115762,-0.20686401,-0.30928773
A0PQN0,5df6204e89075388c173bac9c67765c4db3e1e3f6137b9aa254fe9b2b7592658,268,6,-0.35985515,0.23151922,-0.037017614
A0PV38,c8fb4819cda6bb05d57e00369728c732d4a2d506a12ec919afec76163d10ee9f,320,6,0.033564817,0.39345855,-0.019765561
A0QZ12,965c48cabfe180ec9edc30b5576bc37e8e3a64992e5571d18d3a5c3feeb7cb19,265,6,-0.3320213,0.2527518,-0.049145646
A1ASH5,6ebc896bfcc19b9aee65f6687f14eaa89bec1eaead44729aceaafcf847b1e5b7,273,2,-0.06047883,0.2642262,-0.10675333
A1CAN4,ec9391e0dab3b1cbeaa634db1e8c1e46f88f7460fd02e19241d9657a59f45563,421,0,-0.16060752,0.014499225,0.0067106504
A1CKE5,72d851fcbd9d7663f86ef7e36ff8c4c9d2df6de66ff137d0e123e1c2df22af94,245,5,-0.33880734,-0.10632366,-0.1602657
A1D726,04d83022c764326d14cf9c085b3d1d8302fa084bc840e1252ac916dd7561deff,245,5,-0.33258116,-0.1384351,-0.18624294
A1DF11,4b7e6cc71b756255b3b18b6bca8d00d4c9dbd47fdadde4b1a793b01810dfb1c8,421,0,-0.13437587,0.038771957,0.0033796565
A1R2Y7,4fc3b43400f0b05abfdc1e20b623033a1b40205c029fdd770eecabcaf28d5c50,339,6,-0.02544047,0.36041912,-0.00049740117
A1RUZ4,95459eaf60d198f73e6d32703768d8ed1303ca571b63d855ce29c8dd6a337d1d,345,2,-0.10683889,0.11941246,-0.12497992
A1TAL4,7a41cd6bf9b8105ff2cfea4ada80e343b6faa92872d06aed46da78f4043a7703,262,6,-0.325405,0.2708632,-0.046585537
A1TDF2,eb2648b9c1a0771c4bc767c3b4bd581756fb4dd7ecde1633f923674f820c2c3f,437,6,-0.32741392,0.2801195,0.025669655
A2DSR8,d42a29d9fefc425568add14ff8109c6375fa1b5725bf3348a7682dea5fc67d25,325,4,0.119382046,-0.026730038,-0.2111537
A2DZE8,d7bfa2c4e7d8c01bc07ed78d1bf0e41c88e2fdd67a8d2d26ade4e569415bacc7,323,4,0.12407885,-0.0154147,-0.19940901
A2E3C6,2d69046279a2c0ac3e1946d1443b94f074b9905017fb069f3b2339cf3baf0470,327,4,0.14373152,-0.04994569,-0.23895977
A2EK20,eb3bd890442c6cc84b1056246acbd38dc3e8f3691eb1f4022ec776a5b49e396c,333,4,0.13111083,0.040981248,-0.19115978
A2ELE6,b6b1198829128e76d9ba3d369a709340ff26e4ff097116c9e2fc875dc667cac4,337,4,0.1599198,0.0010652302,-0.19744846
A3CVJ7,c0c55043d16d4780249421ae6f1e3fdf5295ba9ec66609766a436119c78bddc2,371,2,-0.14962795,0.1570118,-0.143456
A3FQI7,dfa09efa8253eea3c3aee77d3f8571b063af94e8d414dc3b98445f6f513a6b12,242,5,-0.16192037,-0.13931568,-0.30003354
A3LR09,0d577efac891abbb197981a6212d383a98b58ee2b7785f00834f03f0d75f0087,325,4,-0.00032082517,-0.08524178,-0.20411961
A3MTI6,be84bde5b34d7aaf5ac62b78dccab4069eafa904f4a101e2410e3e8c241f0044,340,2,-0.15079704,0.20378768,-0.05722301
A4HNN0,8358654f97311a72ff78c403ee93c14d65948ca0f14e438a6b95e6d61e83273c,262,2,-0.09630863,0.079623245,-0.19951631
A4J345,329a17bc82cbb9ee656324b99219dcbd7692151d7490bd26090302c28cee36a8,238,4,0.04751158,0.08996063,-0.2337249
A4T8P9,29c0a58f65dae43f382ec19ec2862c499d761a1d759a0f23bf469fa9dba9571f,411,6,-0.4003275,0.26113817,0.025095413
A4TB14,51bea8992a740f8511d2cbace636c7e59300882c1bf70bbff902c2382bdf4a0f,262,6,-0.3263521,0.24320528,-0.058331203
A4WIN0,1579d1bdcc956b4df36b33eba3450d312e4de3609c6572c407a1a2ff85884558,339,2,-0.1428237,0.16158034,-0.10092362
A4X6T4,4b3baeb0f59c22125283f695e2b1a869f16f6090ca6dadb99d91bb54f1247efd,410,6,-0.44423336,0.33332992,0.09655991
A4XMR7,a940f94b1c23e82258ed0a21808a3c5b5069a549459a98f96f0d8b587ae52212,240,4,0.10950275,0.07743589,-0.2451759
A5DT35,debf6dc3f716fc0eef96e84c17b3d8375d9035a78a36e7667c391330cb6bba96,239,5,-0.4455568,-0.19475469,-0.18973672
A5GFZ5,5202dfe4e8e461a717cba366ae8b70ad1cf16a91989da316a0185e3e57c619fc,259,5,-0.41058177,-0.21916632,-0.13780609
A5K574,030b5765ebdc3ce410d016b15b8d4c315ff3deb5f50c715b72585a724224a218,240,5,-0.13989915,-0.18862264,-0.33518323
A7IA98,c41de26a0ea55b91d8cbec1ffc0a504a078ea29eed46f004610db712cfe46e4f,236,2,-0.087612785,0.23851468,-0.13729091
A8A9M1,73d7cd89a8213a6da25c3a754f59dd3bffb02faa151711ce7e83169521ca631e,365,2,-0.1900877,0.06820292,-0.12866278
A8BCJ9,7c4908665b47d117b943f33e7c0275ac5c72c607dc1ed118cf9ed806c5c96ea1,253,4,0.15332569,0.1487239,-0.24551229
A8J2N5,64f2941a239c3fccb9e8e421835072ccdc35cd875e0e590dc0286f42cfa81279,254,2,-0.24375401,0.2004907,-0.08197339
A8M1H8,bfb26c94864f59d0d787a0fc49366625a8311a8f314815340ea47afed36df552,409,6,-0.43201682,0.33507824,0.09672774
A8Q421,f9e0c5c61eba483dede4f814a27fd66e558e1d4f89975b384810bebd7cd953f6,393,1,0.13422762,0.23600641,-0.0072941696
A9A553,a75e3154e6fc11ba7f17894a52423804a7a411572363eb7ec62580336e8b4623,386,4,0.052068096,-0.07949259,-0.30141127
A9AVM1,41a041978d0575b5a699fb608589cb420b46504f0b3665c508fb62a94f77e6c4,238,2,-0.20359227,0.15344642,-0.13899209
A9AXJ5,1cf614f59108627c3756fed947b8667479855a0bc9acd05b80ba1cf6308bcd9e,272,2,0.043125376,0.14413527,-0.23056471
A9B0C4,f008d6ef2caa53e9ece24aa5548f04177756a50762cfac454361ae67c12c23c5,256,2,-0.2285938,0.15875845,-0.0975466
A9T892,c3a6e4c2f4368b225d2a662cc7fa614d201c10468da886704b84d04b69355c3f,246,5,-0.36743164,-0.14449641,-0.15396756
A9V9S9,fbfe40f059ac3cd09e1c22c5b0a9e4ac87284381747802105072c7cfd519b3df,239,4,0.07463414,0.17251912,-0.089441665
B0JS63,fb0790778d8097bbd9127df1da628eb373b3224e1c2ff94da1c16acdd6122d4b,425,2,-0.13770884,0.056929138,-0.16355726
B0W7N5,3d0a29a8bdcecfb4afd1f450251c054f836b035e5ebb870d139af6d175dd986b,239,5,-0.46571878,-0.24932267,-0.20036264
B1L3D1,c6adef9d8390230f193c939e72883881fe3d7aa45b8449648e48a334a3ea2fa5,344,2,-0.12191867,0.0040196683,-0.20627508
B1MJ62,4ad38b1b4861a470a539aeda8997d4c00ef9be8457bcb0ebe4e086c916dfc700,407,6,-0.31000078,0.20145294,-0.039323546
B1VDW3,2a710c336ff5ab8fdcb79749976ac59fd732a86b7be0e5b56c0b56c1e967730e,265,2,-0.3295995,0.12295466,-0.1367786
B1WVH3,1202c747fdfce5a00bbdc7b9e8028ca291a84d7fac0d11ba5da55581fd7d1158,423,2,-0.11483805,0.03258022,-0.18936132
B1YCS4,326dea5fc1d199f682411d9c3f29f4caf8c4d127992a62408fecd59bb32db73c,340,2,-0.18287045,0.18205662,-0.06583278
B2ACP1,ba09a3ba22240d46705e3481aec41e04d6ef2a952ec44ca06afe67a2fec53d1d,246,5,-0.32603526,-0.09814735,-0.16525875
B2HF47,e64ae1fdc6b877612f29cc56a43eb69427739c380695a0baca5f7aa167bc67df,268,6,-0.35123748,0.2365445,-0.03682338
B2HJ34,43aedb111868a4ba0a2341cc676bfa3557090469c63f80b2a4db8d07422c67dc,320,6,-0.012206105,0.39174342,-0.011562555
B2J8V5,26b5708c4f5701a149f9fe7643b793de5a461f05a837b73236bd01fe6d753ace,415,2,-0.1656016,0.06818475,-0.16628946
B2WER5,54d8ef45631d2f91856d27e1e6cb5209a51289659ab119170e548f5f7c5b2b98,244,5,-0.45805657,-0.1832599,-0.13886124
B3MN51,d9f900d67b413fe726257ae73481d1d62d7c74cbd7fcbc9162d0a97c2b2dc9d6,241,5,-0.4394144,-0.22913836,-0.21185385
B3N733,a5b5b2c4250e42117b58a563d357009c20a391b0dd910a1988857272dc9e85fe,326,2,-0.21310589,-0.03166557,-0.062797725
B3NM40,70946f48ad307e946b6c6ffb3142ff62c5a34715a380efa467f0e3a9471eb859,241,5,-0.43841606,-0.21319517,-0.1865157
B3RVM2,a002a1c29564eb39f6d04dd03147a8e6a2035ca4022cb69f57476311d00c6202,239,5,-0.44396675,-0.18877023,-0.19384181
B3U4R0,c75525dbde37c28cbd422d56d02ce437c47dd9c8e7907874a24b826269be6faa,364,2,-0.363,0.18426444,-0.08062149
B4G906,05af8331935e408a635fb9f89d7167f80f0f5d125a8d2df4837453716ba158b8,344,4,-0.14449857,0.020406311,-0.060095303
B4I5W9,ca2f6af42b64d0741be754d444e9cca8c07360ac897949e39d169495d61c938a,241,5,-0.43987373,-0.21325846,-0.1841953
B4JPE2,f1005c0c211851582699fea33a47470a0a777a9629d3582672b01d13fcdf0752,241,5,-0.45865506,-0.18894711,-0.1885276
B4KIA0,3469a22a9099b2b814ee08b492494928ac2570bef2c231130e04e27c59e2f041,241,5,-0.44878608,-0.22901562,-0.1846884
B4KJM4,ec260c11585e5e7e4f1fd543a583b75fae4d3c39377e50f61ccde36c54df14f9,326,2,-0.1969171,-0.0019318948,-0.08538008
B4MTJ6,f6b55d54ea00b76099f2f195c971b9bd2b41903a32a37f4b759a368784b29b89,326,2,-0.21458001,-0.0090582995,-0.077461325
B4MUM4,4a1ebbfbc93956c4b48d612cdf86fc1747bb4fa14d743b2cda023df7e8ecd65c,241,5,-0.45085934,-0.2045066,-0.17536616
B4NWV4,5ffc35da325c17f606627c85b1b38ec34b52d5bbe0482eb4a6bb706bbe88f820,326,2,-0.21219382,-0.029136255,-0.07672273
B4PB02,52c2ad2bdb59af4ba1e4701cbd157e0e5eccc4b16fd818a0d922e71121fcd6dd,241,5,-0.4437809,-0.20569474,-0.17433585
B4Q6C9,37a271573913123d00406be8a1c3bfd3e5cb471dd7ed5b07a09b860d81d49ee6,326,2,-0.21734492,-0.030120233,-0.07572654
B5EGK5,92e4b43566a07a87de8fc382387af13a12c0f834be2ca50dc0d712e10f6f2e18,256,2,-0.18788591,0.24807632,-0.07338851
B6YW43,a7a2853d4f0c5bfa067ea862501dadfebdc01ae5c10220d86e4230b4fc325467,352,2,-0.20688942,-0.01237489,-0.1977011
B7FWX4,6a812887004536bbe4e2b5e5e86c3303cca4825caa707e3f28b6c37e8ecca450,236,5,-0.3140843,-0.047515556,-0.202483
B7K4C9,971ef0d7c00e30e3e4509431de6a03b709b4d90745fbd18b7e238fdfc30eff9f,397,2,-0.20027223,0.0385877,-0.17395388
B8C1A1,90377acb84a72dea841f0ca02ad9c867ef25094062041f3e6e5c2db643715b0d,246,5,-0.26960337,-0.07310678,-0.21154517
B8FFT9,135794bcf3170f1ce6aa72cebfd79263f1ad8664406ffe08c22d2e92c1e636d3,242,2,-0.053816166,0.08302281,-0.18719548
B8G7G0,191c19c0d583709ab2a6783e9658ce6233956a58260cf193da0f94dcdec4e30d,261,6,-0.20573679,0.27050474,-0.06357148
B8GIB6,7e5dd776a94845d9a3ada6ae8e71a6a6950a1fcb448952a1fcca9ceb85893e87,232,2,-0.16720743,0.27326462,-0.094305694
B8HCH6,b6b4deb9430a20d51ead7c7a6d3f81c675a8580a903651b43b78ee5e3b1358ca,412,6,-0.24133426,0.20293735,-0.06394585
B9F721,8eb3d06fd4980f7b44a6ea35758fb93e4aa0b2874c8bce94ade546556f109639,243,5,-0.44179574,-0.11878225,-0.1030599
B9HMH7,5dc7e11111b3990310fa92d5f895217ee4be5509c3bf2f2db5a8425f6a9bd461,335,4,0.013212969,0.029551143,-0.12203078
B9KZR5,ca08b65b4e488751c9b2813c969babf90ff099e5eaefe586e1c70b1fddab2691,263,2,-0.23337045,0.27365932,-0.009985719
B9SXX8,e957028452e4db89dda16b8267e9b95e4c6c293d2bcf1369a7135662a9551e52,335,4,0.017519329,-0.017527424,-0.16212632
B9W8I3,26e4845bbc7893b980614c47fd95e992a1580c2b9d07ed32172275f3adeb1efe,239,5,-0.43270737,-0.16969629,-0.19523501
B9WL83,16da3bfa30d2c0935c41899ec225bbc640ceb05bb9089832ca890bac074a8064,323,4,0.00545943,-0.06897213,-0.21675473
C1AR32,be39f97c5a871b27b112c7461b7c60858d270de7f51a713c09b9474f8b551693,242,6,-0.48318255,0.17324002,-0.057803426
C1ARY9,23c8224be1ba1fabf14121692390be9f5d1b4274318f09fae4cc98df181b4f96,252,6,-0.34916952,0.21679458,-0.07429303
C1BBN0,138afeee8da37f4a41d28eec1df0c55b34552526fe3b400799479896c7100134,417,6,-0.37720022,0.23437957,0.022111023
C1G109,4a9353d0b0ab766ee4e7fce10f1d03195b30e3e867bf156227c68917cd37bcda,279,4,-0.098603696,-0.13563378,-0.19106387
C1GTM9,061bdbf132abb1a018c54f1df8b639c67abb6ad9ff7de19c5fb87eec0e5ff85e,279,4,-0.10280761,-0.14476673,-0.19296677
C1MR17,ca03fd46bd10c700dd11acbb639569db7bb9862bf878b41a13d1d6defb803b57,240,5,-0.40626043,0.0025970414,-0.10818618
C3PGB5,b49ee9cc14274cdb498cf99d9804ca16a928f39f6026531678eb7ff91bd16bf3,291,2,-0.21140337,0.053219024,-0.15060171
C3ZBF0,97cf96bafb9206dbfa1d9d461478f53cddc3c44fb52ac4e849ac84dd65b1e08b,243,5,-0.50959593,-0.2117439,-0.13276435
C4JYX0,b58003b2db098325f326f2edfcb673df7b1f7ff1c33618a1ecdef50cc38a247d,244,5,-0.30791226,-0.1659922,-0.19276
C4M6U0,cc2f4cd6d8a8e0fae3f6a8c1b07937cc2b44b301ac7f31d17ef317f90712034d,353,2,-0.028818654,0.033421375,-0.283795
C4QVT1,2aa10784221ddde5887b15408e355f39dd33338e8ad01462ca5702e736f0ba2a,260,2,-0.09484149,0.0016333434,-0.2155484
C4WSN8,9d18650a38df1c37891dc528a15bc12069219b30feed4a2080a048e90d6ca016,326,4,0.029434882,0.019573713,-0.12985668
C4Y0F2,fdd531fa4ca28d416f4dde4dd282fc6b1c3342178db9c368d7d39998e12f093a,323,4,-0.05139809,0.004939925,-0.13821137
C5DUS4,23c9ea24d4a2dfbfc935a6963d945bf4441f938797756d4ab3300ed88c415ef5,266,2,-0.05903915,0.026754396,-0.21591954
C5M433,a2279bc183e1e639e2851d318b8cfdffe5f5de10df0dc5e456526c3b48967549,323,4,0.022727503,-0.07159241,-0.21297203
C5MCP6,1c9aba2a6a875e1b259759d6373c5e5a5d79815653d1cbfbc9e1ec885f7ff585,239,5,-0.43560058,-0.18323289,-0.20290285
C5P9T5,56eea700f0318f37afb1f01950483304b07b865fb44c6c4c1d3e5da9c9cfc885,277,5,-0.13818523,-0.13053302,-0.16857742
C6T1D2,cc28dd0ff4ad8c3b0a96ae88d35d4c26b624730b704172a23279442cbefaba5a,222,5,-0.38618925,-0.14289229,-0.08266219
C6WCQ2,4bb4a5c426b29202f4507e66c6b32b40e26878540f297297340949e3090dbbd8,424,6,-0.35997102,0.29205078,0.06200189
C7Q2J2,f0226e34273c18e9e77a3049123a23cdd1a74603ca2d80d05d435097c73a1ad3,428,6,-0.24647483,0.31285647,0.028871307
C7ZHH2,c0b39336c215bb3d755a7ea09a9030c8edd25cd9e31edbb7f565948ca9e8dd11,240,5,-0.4541047,-0.16305149,-0.15724514
C8X7W9,91f8dc8dc6d2da5b509fd4a6009261a058bba229d37a3f160b58b6858e395540,435,6,-0.30764744,0.2609626,0.019289637
C9SN21,6638214a220991d054744529d682668faec78361b17c4022da11af526cfc1806,223,0,-0.1783078,-0.042834282,-0.10333496
C9Z9Z8,f47d5476f56e10012800402bf786f9ce9207c580e7aa4898450cb615031639f3,429,6,-0.17463073,0.4093787,0.052760728
D0A2I4,486fced4ea60fc0fde3cef0183ad8079e70d1c46dfa689a775590126316ceca2,259,2,-0.085390046,0.043320987,-0.19608997
D0LH22,3784b1e2425c2dad0c6a345ada7b8371bbcb194a26d66bc8bd98b2593c36f3eb,289,6,-0.020788368,0.42577088,-0.049374275
D0NDW3,1e64eb03b132aed05a89ed4072346cfd89df298707217ef1167e09b270da0629,240,5,-0.36197585,-0.115492225,-0.19880177
D1CDM0,29dbe3295604707786e1ed4785012809efa66f8c180fa2303d9725294324d39c,255,2,-0.1627937,0.07069298,-0.15270358
D2B0A3,2d35a71701988b2005efab741ccd4be7faee01b490fb939d52d94338200fb14f,402,6,-0.3622257,0.27393925,0.017873785
D2S406,fa862d6f95716ba76ce04fa09c545c41264b4cc9dbb7a362c3247bdede6bd9c2,243,6,-0.17086694,0.41584566,-0.034790818
D3F825,2567c5670005c6cb72c39065b713b98b4fb2f571226f9009316a2ec50b241971,378,6,-0.31361374,0.40932837,0.058396474
D4A8N1,9f3477c1111b9223348d5003daa7bc628f79ede6bb9d874472c6793ed2c8f93d,260,5,-0.4249976,-0.17258458,-0.101760216
D4AMN0,4540d8dd494315141014ff97b7990ac5708c5bea3788dd095a42a0db1f686419,244,5,-0.32710814,-0.15672782,-0.19654809
D4DBR8,00f25b2ada4c852eecf6f8fd867e415db655c689abbf49552e2df74be2570a98,244,5,-0.3358497,-0.14788724,-0.18669194
D5BI02,96cfca5627d8c23524563e29eaa7279aa1aff27b6a1fee25781b8825ea497b31,398,4,0.008423635,-0.093086496,-0.28444022
D5G8Y3,a4ac8329378f16cdb90b9618ff3dfcd5bab3067a73b06cce7e0a1cd3c63176f2,363,4,-0.08374048,0.05432254,-0.069439866
D5GIT8,df9b9930b5c0221c32e5e9cd08d85dc0764e010ddbf4262682ca6ba47745a6aa,247,5,-0.43101394,-0.1331887,-0.14275752
D5MJ39,ab4b2fff2ce22a3db6e6ef6b2b28f7cea764a20442401eaab8ea16a8a9a3944c,244,2,-0.17556779,0.28719732,-0.076554336
D5UN55,1f9ac90f82b6e603c3eea9b5925a14867b6ceff656133269b88ca6e4edc892af,415,6,-0.29575953,0.32157895,0.020388884
D5WPC2,9d6238a4e9c0d2edc4c1b9f6390a02b1643927783097202596c8f64726cbc9d1,366,2,-0.08036392,0.2586036,-0.12964882
D6WPH7,1e2c02fd7e471a55b029c2f08b781899bc0567a42ec1737902174ab17cec7cc8,278,5,-0.22925435,-0.27999127,-0.2057408
D6Y3X0,9fc6eb3a4e57ccc79835363416af3a93df42edf65fd2f294af35b05c263bf470,389,6,0.03337838,0.3871221,-0.06053808
D6ZBP0,3ce11911c1f4438c17eda532c7bbc7d79bb53e8caa33ba5b1afb2341b46b88bf,419,6,-0.3339855,0.18986118,-0.014435494
D7C6X3,a5fea80611cb46bad52da6a836f0aac0cb03e0880f001dc16af57073e90c4717,410,6,-0.3939866,0.23910101,0.035873998
D7KJ31,d90543b801070d03dbac4991fe3eb28403e78e25e17faee1eb5a2652f0bd3295,246,5,-0.3755886,-0.1752331,-0.16889971
D7LD68,a886a7bca077be607f5918239e80aefc67e3d3414ed9f79cc11f61cebadabc53,336,4,0.02052688,0.03770036,-0.1155368
D8PIE6,7aef11cd0d64d15ee525994c66df83950e81e2e0d324b52aaf107e5d47124072,271,2,-0.14837232,0.2807426,-0.07656008
D8QKQ4,a05f781b0194e0c3a2d232e078f8aafc74cee329dead803a0fcc72a35b769961,256,5,-0.32403922,-0.06216013,-0.09319217
D8QN46,56b86ba78414d2bdf7989622fb67941f845273fbb3539f4c783a7ab3cb9c6a81,338,4,0.12694712,0.045885216,-0.1114202
D8R734,b2fd453ef067458a1030354c853d51de3061ed30c78c6a13939f17395a0fd23b,342,4,0.13153479,0.049155623,-0.11377656
D8RU85,f3da5d4173df5aae07cb2b961914573fb8165bbec981b3051d9c0e068cd8eaf9,299,4,0.14572626,0.13620283,-0.11340115
D8RU87,21e31e0bec31f9180f550a37d314833e1f9aa77ffec4b89aac6baee8e73211fb,257,1,0.20466752,0.0065541565,-0.2131829
D8TUH8,6b57040b7ceb4d70334730c2a192687bf6c5368f41bac4b659290d257a693b17,254,2,-0.2131949,0.18586226,-0.10574159
D8U0H5,a33b4adcdd39dfc068a811ead0e072643b85525b0e2642520f19dde0157ea6e1,339,4,0.07246649,0.16331135,-0.05931813
E0S6Q8,74baa09ecb78a6942281b20daafe8af5dc5c456b9a3a6e4c9512cda4520ad043,230,2,-0.18192321,-0.0060745096,-0.26250112
E0ST61,89dbb01aeb85f64bf8f682826bea7de95c78695b536f8d1669a7a7688419ebf7,359,4,-0.01800371,0.0024341275,-0.24635182
E0UI21,95c89d0d39de89dc63d255f6d34e93fab3da162a66fd152ded0495428e74dd09,409,2,-0.16633768,0.046489343,-0.1678189
E0VUV7,659d6cb7a5466a508c242396ba50fbe922e1d95d23e96a2a7c42480696fed004,253,5,-0.3209553,-0.27720758,-0.24296798
E1C4N5,08fa24f40fbdc183eba91cd1961a4a299b996900cdd218c34896ce34fd57b450,242,5,-0.5032399,-0.18486191,-0.10521856
E1QRP6,c82eac165aaede9e4e965b0089ec9a60754697ed9f95beb149e2c93eecb9ff66,374,1,0.27016273,0.0984979,-0.2101054
E1RDV2,28bd0175b2198daf6b215ce0280abca570e73f991264a6192c1a764bf1646ee8,238,2,-0.045634914,0.1111487,-0.19687766
E1ZB07,b223ec957317da02f2d3793d9246a7cf46da7a28a7d45cfb86332bf4bb1d9a7b,593,1,0.14811786,0.18175064,-0.077233545
E2BHX5,422b69731d2cedea8a94e47979e06a1d670ff82c96477cb09f2e07122771350c,253,5,-0.32265002,-0.22856407,-0.2071348
E2Q1I3,4c2ca137f52efadac4a84a8a490294e7ab7952501025258949bb80eaa0defcdd,411,6,-0.090887405,0.4187745,0.03601803
E3J5M3,63567f226e813b57eb5d4074650f3116b1bf37a9cf904f43bb3fb8c72b96376c,301,6,0.08556362,0.4586324,-0.0042600534
E3JB28,2dcc60e8fb22b41b1be3d01bbb139153bfd65f03636ece24bcc6173f5b496225,455,6,-0.28413564,0.30947772,0.06092428
E3JXQ3,55d9131dd3a6b2acee070883f8ea94efb894e362e7dfdaa04d17c0c922a7e0eb,374,1,0.2866173,0.11464633,-0.11368645
E3JXR1,ad58d6ad1661ef3d464df95bb0fce0cc715cada1bab92ea33291045ee0517f34,251,5,-0.30662605,-0.034198377,-0.13369614
E3RI06,31ec82576392401e8ebb2ba262cd1fa99f2ceb2291b5f90571b6dc169422a17c,244,5,-0.46898332,-0.18130806,-0.13148834
E3RT63,aaaab2504823b75cb7bda073e7d6df756987735b32cd694a0ed38fcb2f97c131,416,4,-0.044319507,0.012492282,-0.033698875
E4MZI4,206719841e1a1509c49a2265a2dcb09c6388c9a1de568e85c3da8ec94448226a,406,6,-0.31056377,0.3257645,0.036002208
E4QBW2,243f1eda6a60a18723bdbecb4394d697879e95c804cb823a5df8242053450957,241,4,0.12132656,0.097420014,-0.24832682
E4SES7,3a5b8d6cc69d555e19e5b4cd0ddcf4154bbfa75e560b9535199e5f1e29b5c7de,244,4,0.13895036,0.08833666,-0.26517823
E6JZJ8,626b5634b62ccdd45e81d062c1b59b6beb5ea3b899cdc33e6b4a9dce2d31be35,329,4,0.09181299,0.23951362,-0.07460566
E6R0U3,ee34876d952aba597c15ba1738b1c92289f67673718c1f00db50de88bfeef83f,273,5,-0.31338,-0.1122194,-0.098747395
E6TI74,0d4be3790a9a140bf2e2a9e2d7fbc65037efe760ee8f83a0a546cf152fad4965,262,6,-0.32507262,0.24057952,-0.060855284
E6TNZ2,88a31a3b0356e67b83300f92b9b537c287b1ef3ca5880aca49e379585fc221b2,411,6,-0.4070269,0.2568412,0.026167054
E6XF90,3d0ce68d598882f3e0498961bd33b32fd0ea5687e6b4b0c979c42ec8556eb107,379,4,-0.032168716,-0.060223296,-0.2896623
E8MYZ0,64dd758b155058087c54427ae0f6bd9702fec990d9d30bb1669e86b7613a0910,253,2,-0.22615139,0.22111827,-0.061147217
E8V3J7,b205e3381ca0bbd3b020f4f21735758f98ec1c2282a54d0f05582d0c0b94eca7,277,4,0.031820893,0.11883883,-0.20716842
E8V537,a8fac33c14fe45dcdef47df3ac278b432868a7c7009914c96f0319e3c3715410,267,2,-0.04101383,0.24600028,-0.13988568
E8WWE9,bc5514470f7ec2721ad5dcfd5527b4191a2aeee4b601fc4e2b988b91c0f84a81,273,2,-0.04613273,0.18929684,-0.14781067
E9F2C8,27a17ab6856812749f947f7fee08c409e0cfd4343eb49083362f16dd0a170753,417,0,-0.1694771,0.023221212,-0.0021601524
E9FC72,826b65de575ed36d60673af6d538c98756020040ddf6dcb1c6d7b0ea175a136c,243,5,-0.44400486,-0.14193512,-0.14958054
E9GN01,0d057d2bff38f5584a36a3722dd5c99afe9dbb5bed2f80dcd76a45dc0fd90411,241,5,-0.45831534,-0.24375947,-0.17196856
F0LJS2,8f16a2dd9e7f25eee3f1cb94ce67765caed3844f950fa8b2309f7413e616c314,354,2,-0.20517246,-0.04734444,-0.22169241
F0RG89,30eb19d5a0a2cd4f6d77392815040d5e04b3cf19766b5143d7746c12103bb0e3,383,4,-0.0344803,-0.07316563,-0.2751708
F0XZQ1,d4eb7b1817a12ca48584f96084b17dcbbcf5713d7f2e82e830daa6e578fa7b21,304,6,-0.13064057,0.32789645,0.034820117
F0ZFK2,d65ed551dd4e2ef9133fca0d277abbe30436b3969049c6e87b8ad53fed881748,252,5,-0.13514687,-0.21989754,-0.29179892
F2RED7,8a88185106894844f858b6c338b40e8c6073825e11ee4005289cc23cbc7bad04,437,6,-0.3651692,0.28331685,0.07428226
F4CNE7,6388c988097ce6003789727161e23c283fe8ec3f658f4f2c3bfed3c0d2131287,420,6,-0.41022444,0.30353794,0.08532195
F4RLF9,a7155396a3274a4815d4fc03604bed180c0a33fbc3be89fa7ca20ec1cbd487cf,247,5,-0.35873857,0.041701734,-0.097256385
F4S9K3,afd3c0def62f0786e510b35d61442f8445d00a059a9b1527cdef114f33d954a9,332,4,0.06155203,0.000984097,-0.1905918
F5YSU9,207a518b758450f67ba9e3e65fa64a43d722dd706c9cc05f10d843df306dd0a2,250,6,-0.44677034,0.21081097,-0.0644887
F6BBC6,0918113e3dea2ef00b6b68236a8a8b5313faf2d5993cde3c19cafb2196e44e9c,352,2,-0.1672621,-0.03304677,-0.24378353
F6EP43,f78f1b169e1a936a71293d62db6021a23c04f36b8b1717b148ce9e257cdb863d,267,6,-0.337233,0.18023576,-0.08019008
F6RQC7,faf6ee3d024a67338084b48d8cf1742c562d7d7f1ff83fbc97b3891e01a3f4b1,260,5,-0.40075928,-0.20524882,-0.13681619
F6UFF5,fd74c96f9d65be4839689398098f73cec64901e63da23650e4ff4cfc05715d27,241,5,-0.4349855,-0.20820151,-0.1935633
F6XRX5,ae8507cb9ef07e9c251a13d4c7577214e17accbde0736afc617a65d7e44c0a88,264,5,-0.41331315,-0.22055018,-0.13163678
F8AX33,95295868c3895fe723c71456562a2ef99db252ca39eb210d39f1b2fcfbbdd829,432,6,0.020077126,0.40154743,-0.01856091
F8CHU9,8970c23106a2dcc977caa9992eb59626a7aec6ae698839696645bc21135308fc,285,1,0.104337044,0.3618913,-0.056770604
F8MFB0,2bdc478b30b7a3c62d4a03d7b0e21b52ee99bcb32fb6a0628eb8459db3bcd558,439,4,-0.10967864,0.02859918,-0.0028040428
F8P2Y3,37bbfb5ee229f003f0342e5c47e93b28e4da4a27a5306f652580974e5606ba09,295,4,0.13322735,0.09860428,-0.09077335
F8P2Y5,09aa7bf296c9f8271f09265cce4c256f45b8b8bcfcf189e799246219a9cfcbb2,260,2,-0.25644678,0.05252208,-0.082259305
F8PB81,7c54e480329be5c48c6029a99e0a1d03d0916e306c4248c7df88a1f2f21b0400,267,5,-0.22174235,-0.08295724,-0.14716916
F9X237,07181f36ff985d55d82c563526124beaf6901dc5eb9db374bf207aa24e855ed4,240,5,-0.476161,-0.16098775,-0.14457378
G0EDP4,938f982376b7c27a0e3bebe1499bfd8287b48a5274158155a1a690e00e01ee36,371,2,-0.10062365,0.14876452,-0.09463473
G0HD90,2709dd6fb7823c913004796bc515ce026e569ab7b01bb4443cd8acb93cfd6573,257,2,-0.31979042,0.16735649,-0.12701835
G0KZR6,87bd3d5a8928323694687b2c1b47e2dcdc36ad5cb588ecb31f21c1aa0988ee9f,379,2,-0.077866055,-0.047988188,-0.26018745
G0S3S5,9b6b716f09c81c333a34e76da06d3d9caf68fbae9ee8efb55f877a3af8436b84,245,5,-0.32660726,-0.084174335,-0.17513028
G0S5F6,cf3c3551b83440a3d293cc1e3409a3a662e77ab24389f7e23c1d82bd32166921,438,0,-0.105264224,0.037704278,0.016571192
G0V9D0,860e9290a83be079ee31a6153b9bee5b30ca7aa7b1e0f7cb9b9dcb016a62f530,265,4,-0.04519424,0.022443928,-0.21102601
G0WCF0,a9bde09aabb1fe9111a0d36f47888387e4550e2028b8ae4ca141da99eed8c8c0,339,4,0.016577078,-0.08269493,-0.20989864
G0WHD2,53be99bfb919fbcf9df7130dedd8f16bad1f045d1c9252caf739ebe7cdee201e,265,4,-0.049675524,0.003962725,-0.21556294
G2LDM1,9663132da89e976cadf0455bfbbfb08fdb931d590d64a8acf4f7b881e7005c11,262,2,-0.13086164,0.2746257,-0.061498173
G2PAZ4,c24fff89d4f7eb518626109fcf8641f0d48b3fc0b850af537bf699468cb9c7f6,442,6,-0.31829587,0.2798506,0.062317014
G2Q642,553abf7e63aad25874960b0ba83f000a6b645e3d9b5432197e04742486e11822,245,5,-0.35140184,-0.02157246,-0.11247751
G2WZK8,915d4f9a43535854ffd8ca5795d69fa9abd59e271ed202a218b109f9ca4fbc8b,243,5,-0.4740267,-0.13095993,-0.11530616
G3AT99,b2061a9765cef2c98e4787a42181294814b11e37560991de208ad1113d3235a2,240,5,-0.44815725,-0.15009259,-0.1708192
G3B338,f2c5367c89247d4234bd1a0dec7f5eabde3f65cdf97338efda72b625b3890183,238,5,-0.41418135,-0.18531866,-0.1851538
G3J5I8,cb652d76dee3a6ef5a92f0131b8bc386cd60a6d818ac0dd14397d8e8a6cceffa,242,5,-0.44876486,-0.12928684,-0.13719834
G4N470,bf8cf68bb5123d12889677da995195b741372b4aa0212b6bb701baa263d0a096,246,5,-0.31272244,-0.102972746,-0.16020314
G4VIT8,f05d9365561e77f215936a0d8129c8c2e857c1d3b2941309406e39a31ada7658,237,5,-0.36988512,-0.22314139,-0.23758154
G4YWE6,ce521c640bac1d16aae453606c8c05fea0e25aed6aa0a4e1c4a0a26f1fe0f656,271,1,0.13482778,0.18372807,-0.07580941
G4Z721,a5b20521fe6dc65dea7b5065b438c913b1c909d70bf73f9d95e68f1630178eef,249,5,-0.29799238,-0.1166917,-0.15692087
G7VFM3,cc8afa6e16f326afb281d81663ecc9d6e3d9d7308be96eb3f0bdea8af046bd0b,341,2,-0.20906992,0.2136278,-0.029208917
G7WMI3,1d368fdb569e72e759291f2942efb4a8c6a4cf42d9e471bf2b0ea110bf911a52,224,4,0.006413296,-0.059924815,-0.3232858
G8BTY0,4e0b5c76104f01fe7d98eaa1a0f079cc0af884e31d907fef77fe9d22e683309e,341,4,-0.0050514285,-0.08407311,-0.21028166
G8BY51,41b88aee2603e8ae8f1b4b71f745c6209684d3321f900ccd25b76901c8230ade,268,4,0.0081701595,-0.0049797255,-0.23399244
G8JQE7,6a6b81f11445c16f9a8582411daf1c609294670db1b7523be57ff9e19f3a9c9c,265,4,-0.0038125338,0.026114987,-0.20877121
G8NRR9,3c1a70b571f28be033054ec40981b3c26c30d06e027caeb3aefb6d0262ca3ae3,302,2,0.062030915,0.24688244,-0.119078085
G8RVP4,a1f29db692899e14bcbf26fb5803e0bc7a57e3477ea0bbb07c5354432e10f1ad,419,6,-0.3605951,0.2604696,0.007617977
G8RVW0,a089a6aea0751607d954b58b2ea2206144bc46f3982bce1c9afbb00cf2d3304d,258,6,-0.33538607,0.21460854,-0.08425091
G8X8Q2,2ac2b3eadfd2d234d5013ac31fd5c345afbe66f0977986a8caa006f778765ec9,403,4,0.08190718,-0.102642566,-0.3089059
G8ZZ46,bb9ef2d33fdd0d006edb2ab6fa4a0537629b095c8ea2c252ea507bf6aa70b6c3,266,2,-0.085044906,0.056932583,-0.19079004
H0WRY7,b908b42596d5fe2ea10316d5bbb4c4c6b1a13f5375756a333d9d30129d6bbebb,260,5,-0.4169398,-0.18504338,-0.11675688
H1V3H0,8ec8158195fe932f27075b79b298a7a0f023bc5ea99f6dc14143f203a9104cf0,238,5,-0.4547637,-0.14152032,-0.15607546
H2APN1,fb535f1928b22723a406fbc7776c7866a938a10a9cd33f3aedaec05892572ed1,266,4,-0.03280199,-0.009093231,-0.2251417
H2AWG9,ab8685159b9895eeba5ec33bac284e0375728c65df753006663e1e70a460eb79,336,4,0.0038363603,-0.08297428,-0.20896734
H3AP13,bf4fd9b08a60d4669a1f7dc83f867089b5b75e6d8d9e999547cbc1afe3e609a5,249,5,-0.44493,-0.2526767,-0.1690553
H3ZKD5,176420f3cb999f646df9bb20b3c651eb592585518a93e5ffbff9b6623865ea6b,351,2,-0.21985798,-0.04250689,-0.217111
H6L987,cff092391da3c54254ffbc4340d466c6f350d2d57aa39144444a45c75b5974c1,246,2,-0.18728137,0.08194778,-0.15438086
H6QCB3,e0030c4aaa463d25bc475809db67684a504315586e0716ec21725a3e6dc10743,339,2,-0.14461713,0.1562293,-0.105969064
H6QXY9,4418e327b89cdd0145dd48bd34d7cd3796284e7f280254bf3591f4c1102ba63b,233,2,-0.41737962,0.14837532,-0.10054923
H8WVP7,c7b1be3cca9740a0c56059371da7add1c2447f4787aa8130b04155264b5fa784,324,4,-0.059701264,-0.04930822,-0.17578523
H8WWH9,d3e4f9495e5b02a5808fd3cb3a736dfd8488deb3bd93d324cc1004221341ef99,237,5,-0.46804076,-0.18227017,-0.19264486
I0I2E9,71ca03744119ad4a80235e88cb5fd05d583e8fa124dde6b42a13fee2ff65079c,295,4,0.07865632,0.1757794,-0.16723946
I0YHZ0,00ec5a36a1d6ed0c8ae10f15703fdde1b7f02dc28d44852df017f2994d8f2275,317,4,-0.0031275896,0.15426813,-0.0466281
I1PGU9,6743489d104b50b0741ecee2177ea7437cde2c1ed6d98bce6b328b8505cf577d,352,4,-0.0021249363,0.05324163,-0.051520135
I2GV67,81f2960914f7f506597a8180c69c5533baa10ca55cc4b4f1f8ac056bd473d5ea,341,4,0.05584426,-0.1130755,-0.24386427
I2GYX7,efbea5763d017e3bd6ca8e1f3f112b3af5e95ece620e837f5adf8fe5fdcef98a,278,1,0.26469317,0.03329634,-0.2529941
I2H9G1,b0dd34d10a07605b4ba0f612dd0363981fcdbdd8e76d176c8c34572fbbc5c44c,266,2,-0.05608433,0.039005958,-0.21547751
I3XRN3,87594213e90b488eeca84ec2df5ba61970f1958f2fab696e09418d9a6cf79986,252,2,-0.11722648,0.030552085,-0.16441393
I3ZDE0,4d6bd6b659e7608549e62893feba79aa70346ba34bd9595b51f0f4848e94973a,278,2,0.0011426522,0.27860865,-0.11522368
I3ZTB9,f1d02e45e63a907f5137fd51479abd20bc0b6b029c5042b7e61fda8637350c35,352,2,-0.2770476,0.025683742,-0.13920046
I4BBC2,9aeccd066d2f27fb59200e7cd322d9a9e9cd76d0acb9fbbaebd849a862bff31a,524,1,0.2271608,0.2447994,-0.14421044
I4BKI8,22fb39f1b5c23228a8cec17ae17d00288f612798d605bdfcbefd594b6c585ee4,262,6,-0.3406026,0.25919533,-0.052088827
I4BMP1,c0bfd826bae0939feb10b3219df27d6cfef08c6e1263cc46ad369ae0c8910108,429,6,-0.33186793,0.2735732,0.014777539
I4ETD8,207a6e1a8858815203de60925dff97f6ec7b222d4532ff757e4fa80b376f21c9,431,6,-0.39922267,0.36536428,0.124870956
I4Y8M0,566bb98c3c79a1d35f995f7f5892794ff855d8a8dd6cb02ea6befc1228713673,244,5,-0.3709402,-0.16565582,-0.16490898
I6ZTA9,74537d5bf735c2f20a599df45a49d06cdba7d4abf8d3a8a4ce1b2b2deee31bfc,230,2,-0.17095335,0.0130827995,-0.25575075
I7KBG5,1dc086d1b906d9a275b51fed9ef88910404080b61cb806c7fb9845e3c5438e90,237,2,-0.07861884,0.28617105,-0.10261836
I7M6Y9,2fc58c0d39edbf91650e685ee224cc8ba16073c7b03eebcb65784dae48db9e36,240,5,-0.27743208,-0.20520653,-0.27556044
I9DHT2,9193d92aa0a39f9adfa4e4a9ddc324abce03a1d942c2632679fd1d32594432be,386,4,0.02553609,0.020531377,-0.2818099
J2K167,9e4d97a2cfcb6332dd1ea03de4f5fc8713972ba0a9a02f16b24bcdfaeeee60d5,440,6,-0.3629848,0.32681903,0.104572415
J3K754,95db29ebb7eae6c89a4bd94f918d8c62efb18bd2fa8b4bd266ca233486e4475b,415,4,-0.08221144,0.022031752,-0.030332133
J6EZ67,b510224b07e95b18b2b9a15927165e318553df01edf1f7e357104b5fc255edd7,284,0,-0.16595462,-0.083966285,-0.10483889
J7S5H2,f4441dd408a722d107915aa06a1d7561bb2ebfab3cf326479d36480df7e6791f,332,4,0.020376274,-0.0699881,-0.1894759
J7S7N1,7ea15ff4607d760baf73a4c85d0b6a024690f8437ac70b0c7a6bca39cc6fce02,213,2,-0.016629422,0.13066098,-0.1723053
J9VGI4,2394e9689636a2b00f510063d6cac8314bb04ef71ab9138f1b42786289fd05e2,273,5,-0.28326356,-0.11541481,-0.11351383
K0B4L3,8801741cc560fdea775863352da30f4091342400da67a44c25019a616b662423,381,4,0.012006631,0.02359828,-0.25729367
K0B9R6,0f138d5cc24276a5ab8e6171a91066265375c6599b480485c7f077a488f54475,388,4,0.06654069,-0.04146627,-0.28764543
K0BC43,22961176b3fca7756d55867da573b6238499cdc1eacac3798f7b5dbcae8af1d0,381,4,0.011397072,0.0031165478,-0.25850952
K0BEA2,8aca645d7f5d4ebb858f881c3968fce3669f2e59dae08d921452f32a7c8b22d2,390,4,0.0712317,-0.07799758,-0.31740418
K0ESI9,b6c80e70b00e056733e7d6a89528f7fbb1e3bb11dae2a9539f7718d14aaeb206,233,2,-0.39740488,0.1546572,-0.10674441
K0IG33,9c43bb91f0b1967099dc6b77181b30816c4c7b3703eef3b91139db6e4fa9bb93,378,2,-0.022224553,0.14061335,-0.18410914
K3VJ94,db96485bc5d813e740fe46dcf163e4d0582ba617b4aa0f1ca0edd1d4dbeb36c9,240,5,-0.44864243,-0.13712993,-0.14480147
K4R7E8,e80fb667bfea5bd20a01a602065c82ca4ff6c7d92c114b26af011085644f67a7,454,6,-0.34476703,0.2556143,0.07189871
K5UMC5,e3b4af40c913714af1078ffe60ef5d26b3e61bef3b8a3aa668048ff8eee5d31b,318,4,-0.11700429,0.066888,-0.08469503
K5W906,ca4a6b7a1d52aca0978657adadaf7fbed00c7ad830666ba4efeb7bba496e33e0,258,5,-0.3357475,-0.053209756,-0.087284155
K5WS74,cd66863bfcc3ed6dee357167fc3a1ceadbf8346a8d015765da6d4bee9690a159,276,4,0.017368557,0.10596699,-0.14968392
K6VBW4,3cf21cca2a1651fec777cd5bdaee6f6c4bd0728573b304cc2f57a4027bf4f190,258,4,-0.04827462,-0.18255177,-0.33338633
K7G8P9,105aaddfdd06abb054090fa3e66483306ed1b2a358a65dc62e5c61b39167abf2,246,5,-0.50747913,-0.20933203,-0.09153236
K7S169,da1f200161bb6e88ea0122af34c386b70759e012f72717d520e9a4c592ca28ae,340,2,-0.22840191,0.11620755,-0.15529752
K7YW65,a239b3f9a741c4f59be86c93896bee6fd34d5757e2b3130a31c07a08867dd25a,241,2,-0.081756644,0.14063716,-0.16599706
K9IHA9,84b521ce2f29241e8230f76e33966ccc19749df2f3bc888ad18dbd83773e139d,260,5,-0.4277591,-0.19781366,-0.11456226
K9TUN2,ed1153d7060f7b4c62336789c97e4ffad55ab0ee2793920f0922b84e3f7d6dd8,424,2,-0.13372752,0.09055743,-0.15268879
K9UHG6,c94029b49341e3b4e6b692d042d2ee4d0ebacddd8921353aad022f28d7660d72,409,2,-0.111583576,0.0760392,-0.17610422
K9VHZ1,b92b4bed17f76bb5f3106dcf99acc2e8ac4bc3ee66286e68be156655c9b7fd04,404,2,-0.1454621,0.10284772,-0.14922129
K9WN30,395a32d55ed3d297559f77ab7e9ae293fdbf2b75c2d9157fc24fcc19e1249eb3,429,2,-0.10529764,0.102936774,-0.16028695
K9XZQ6,dc4926d374aa9626fe38b083245e0b75abadc9d1641d3b4927fd46e1f37de2f4,401,2,-0.14568217,0.07228469,-0.17061967
K9Z602,6238a194afae26608925ca6aaaf7f243db50fd0ca82fc0cc23daaddfeacd71a1,377,2,-0.19749402,-0.0016790516,-0.2157991
K9ZGB4,f4b7f17b5ba49c535e9206683de62c8f96f8e244581e36a34777355824dfa0d8,413,2,-0.14187257,0.07111891,-0.16569203
L0A8G7,79286937a0b6faddcfc3b14c3a8fec3fff0b12a081bf0c75b3cddc51c5e51cc3,351,4,-0.077781916,-0.14515351,-0.31320333
L0DJB7,adfe6e386d63697c15e011f2146b2d5821b84a6c17a5133001ab66f18acaeece,289,6,0.008569916,0.33382544,-0.057659127
L0HAK1,16280aba8c6e7a3448c0345cc2bee3b27f44c969c7be6cb9571c28bad192bdae,235,2,-0.091656536,0.22744828,-0.15073963
L1J0C6,f7cbbda49948d3c6980c6138427f32153a127b2be79e148928d155d367e5b96b,269,2,-0.06956998,0.052615397,-0.1889981
L5KCJ0,e64484fb2a3f7758d7f54ebb07ce8fa96f1d13354143f7f78a2b129b0d113272,328,0,-0.25872523,-0.110725015,-0.005644683
L5M8V7,c9e0ac5d8cd57684c9f4d1774fe4d41d8ea66c19f90a104d1aac95a3770965c1,328,0,-0.2566023,-0.10865361,-0.020627096
L7V434,b4172b275b288129b63f87e2a31689843996cafd6bbf9f3441e4b7b99ff113f0,252,6,-0.40337232,0.22125243,-0.06300217
L7VAD6,e005b4723439533ef92d51aceae12e69ebd3c6ba3456cc7d47e4f49c1c290ef2,320,6,-0.0070967143,0.3889741,-0.01685959
L7WCE7,8a22b8c6530df5425e2dc3501e53e0a9d6ec857eacfc0d38021373f3bec4ec2c,271,4,0.03936407,-0.026156697,-0.26341006
L8HFK2,6adf142c65ceb9b7e1dfea64759e499d46b2c1fbabd46de3818ff91d9183f2bd,236,4,-0.04855664,-0.09907372,-0.21709204
L8HHJ0,22505f13d438b06ede1d5571c6da8da328568758270ebd48647cc0c368f455f4,316,4,-0.03265383,0.037563533,-0.13270096
M1NSL6,e4d9b34fc516ba13ebd24abfd3ec3ef31a2e3a2bfb7845b79ba243836e0b8e4d,267,2,-0.24597651,0.16501544,-0.117539585
M1PQ93,334bd1802b6850ef02b93dac9eee1f7124d67b2baff1c28936b747e3f1503d5d,247,2,-0.026935909,-0.016143873,-0.2935798
M1TR55,508da018818e9b5f6d556b2f988d73ac95f760300a828f5257687269228ab57e,270,2,-0.20436949,0.1419998,-0.14206144
M1VBQ1,659d050072318f4768f466ee37f16f45db39889214aefee834e2c0389db9ce7a,267,2,-0.0544745,0.20447287,-0.12588511
M1VD06,fd1f5b02eefcf4ea12173fda9e09705b2daf00505bfb50b6ea52cb6991340cf7,370,1,0.14773549,0.2020121,-0.05238535
M2M8F9,b1c4ed152dba9c1278db83cc9b94341cae65a09c4d0987c03f8ff3a9dc192742,255,5,-0.41375762,-0.12371636,-0.12800393
M2N4X4,f1d398f7f22a2bc8db6ad0a43206bd062b7acf15c96bd3c57398dab5f33a7022,407,4,-0.111848414,0.026224814,-0.026298493
M2T3B2,233c689a4d5d91dafe2d3a41e86fafefc0823897a2b36d09301e571486b94128,417,4,-0.0488752,0.033210974,-0.023079319
M2X2F8,28638831e5ad2cc68c1c25c327431678826d99b9a5b987ddc34331242050d3a5,254,2,-0.20572947,-0.02066291,-0.18606836
M5EA60,be765de028a27f7fd710963532b6be12dca1c6773ebedcaef7837d8e9ae1b112,426,1,0.15437664,0.32567143,0.027190426
M5WAD7,2eed8961845348aec17ece3d2c3e0d16fdbd9dd46e5fe9077219fbab1533ac0e,262,5,-0.26885292,-0.12750955,-0.18853045
M5XDA1,f5651d71a1aa2862a4f22d5b8e1c11b0843b58e9e77982f1b2ea835ccccf6fcf,337,4,0.031294942,0.018969255,-0.14730771
M7SVJ5,f40fbb21e5c081e3ca859ce8e5d30a499a188cf0bae4cb95a289725afbbce6e8,244,5,-0.4154758,-0.13037139,-0.1402066
N0CUV8,a21a73899b715432065f0b8f7811493f9be4a56fee94482919e59e99426072f4,446,6,-0.35219473,0.3105158,0.10284232
N6TX99,bea8dcfdd080a3ca9ca148139b6c112ef5b7cb5ed19139dff34345c926516a56,348,4,-0.08362828,-0.07218229,-0.09620851
O32929,f9c3571003d55da224ab4ab2b5ffcb7f426a2abd981752cf062af963cd970c95,277,6,-0.24049114,0.1994724,-0.095700584
O57812,e436cc1157e6a72bec29a814520c146d42b2ad966aeaf310b9f71e9d1d60ef82,353,2,-0.21946082,-0.06660059,-0.22533521
O60061,f8c975058352e223a4027ebff7eac3a3c46da4cb6d22112f90662db68f665695,322,4,0.07136369,0.0067037065,-0.16179593
O60762,15f64df8c8f0b1086f5af0ff4d37a3ace660213c44b800fd60bc9897c4870e95,260,5,-0.41244784,-0.20340995,-0.12830089
O70152,a2a16c8bbcddbcd93efd96d5453cbbccef44714e0f305c8ed07e045b8d2e3a3c,260,5,-0.41835618,-0.15945828,-0.10243841
O96795,d481ab5f83ab9355355fd0c7b1b83f406a0d12cf935196e797cf24a7efa97ef6,262,2,-0.0810019,0.096599236,-0.18544763
P74336,3e26b150de534e4432685c0e510ce5a0aafd7e3cb0505df9ad797334b742f984,390,2,-0.19138312,0.11262155,-0.13633855
Q02BI5,d6a8581b8131496fe7320b98b690344d48a599b961b156d7b1750bdc8255719c,241,2,-0.08547329,0.20637257,-0.1338511
Q0AV06,ca5ab2543514447a365c231546a36c723d514dbd50106aaaab69384865992e60,386,4,0.04743918,0.047378838,-0.2731129
Q0IGA4,5efc595f14b0df8606e7a522b98f442f76346da40825a8cc5b57b63fb285138b,327,2,-0.16753943,-0.029214557,-0.1069286
Q0RG92,b5c78d16f89fbf65d98e6be40e2040ed134683e97509fe21797397af5bfe5b71,401,6,-0.14843725,0.31592008,-0.054449428
Q0RQC8,47924c7a5da6de0f86be38bd7e8398c1f3cd7eb2e5dae60a3aa76831291e67f6,482,6,0.03380003,0.49346864,0.08026035
Q0RSU9,dba2b2f936f6a5c74108db9693b41de345fb2166372f523766b5a9678452e27b,435,6,-0.38358754,0.31969628,0.107304186
Q0SIH2,6abfe5c937d6c19b8d1748b30be913746174a3412744f217fbf069705eb27b44,252,6,-0.35120025,0.22023098,-0.07559559
Q0W7G5,272f0a79bdbe5ad12af5b5ff4cb95dcd0c16740d9274608363f456681ca7b000,230,2,-0.06636586,0.003778535,-0.24503735
Q10Y43,3f8d3085fb3e710d48a3c48f4b8f723736a6346d79b54b02a2ed52407c370e5e,266,2,-0.1287095,-0.0037631544,-0.20645854
Q16TI4,c709448c53ee9bfacea3ff08db06d53db58d367b9f2a58bcfb416dc09f438846,239,5,-0.4888029,-0.24118453,-0.19742458
Q1D1I8,ebaea454a2ab1626d9c102bf6b2476212d7e2173d2b90eff288ede722f374c92,273,6,0.050968893,0.35489562,-0.0589983
Q1HPN8,b67b9bfb8eb762b189732c4baaca363b844db9ae479dba28d762821e3409bdc0,246,5,-0.37098148,-0.23729368,-0.1937815
Q1IUE0,f38c8bd5866ba558c34c7b09cf1fc1efe2bcd85b63bbbece0325187212b5972e,262,2,-0.065467745,0.0927791,-0.18952732
Q1Q4D8,fa336b6dabfa1ed6420f462a26c35ecedf36bdf8e5b21fb758b2f8ab12ca933b,247,2,-0.1325945,-0.070039436,-0.2890902
Q23DI0,6a26d300dbf874a51654c79704349c85d23b23cf3f021721d54c530eaf0f78d5,319,4,0.19081274,-0.077078976,-0.27995533
Q2JDU9,7b41e6c4cc01b3a12f53c8b43b062acebf7ddec0260cb2c4203a9ccd7048ffcb,320,6,0.09068618,0.4634971,0.02362623
Q2JG87,47f52291a3bab6b22d420284d496a1f730ada2c6a6e7d320fa74213c93020373,460,6,-0.29548356,0.27423927,0.07069756
Q2U7Q9,3e2fae0ef063874a74bf9ae789b0fbbee741ba6986c7b3e26a3d9ea432cd396b,415,0,-0.15377441,0.0076928195,-0.0034715687
Q39Z37,f2583f6b48147bea353cd66ef644efa165719f08656ce8f44e3cb2297d8f4bed,253,2,-0.21486431,0.20802076,-0.09873664
Q3MF34,559a3a924f81971358455fd5675a5904d6b14cf448f282a0e6defc51f04bcdcf,414,2,-0.13315955,0.08382149,-0.16744478
Q4CAT7,2e2ff7018995b96e6436785219f836c6662390b20cc3b62e81b68c276cd3833b,417,2,-0.083014905,0.070386626,-0.18797866
Q4D5W6,bf76b6eaa4652520e25a5ae134f01b3949a7f4bf0be249557ffc352bfa8d3afb,260,2,-0.11591702,0.086913474,-0.18563499
Q4Q256,0782590f6745112ce9b1038bd8edd33949bebab839a8628327024b088c825ad8,262,2,-0.11359158,0.10096056,-0.17650315
Q4SG00,588cf32a64adeb86da5b3564a5911da0aa00a2e52ac8a4ea380d85d9e2ae135f,319,0,-0.2345094,-0.08954044,-0.026444826
Q4WXR2,ee19b1e23e6b72ad2d85aac0e71d6db0cdd09e4d310f0a8c43b87b3a541eae1a,245,5,-0.32559732,-0.14939703,-0.19798034
Q54J42,2a544e3e4bc13c77d5b559d3ccd0591a5eee0ea93ebbec55e46cde70383fa95c,327,4,0.020367239,-0.13992067,-0.25742525
Q54LP3,da569fbbaea68b1c3e2725fe74413d76e921eedfd3525136a1a784ef8d0362a8,254,2,-0.12316712,-0.1627723,-0.29684424
Q5B3D3,0f02d2544939d0fde1bf6329d77ee1692dbdaabee01c58a348b9b840c6f17da5,244,5,-0.34320128,-0.12976186,-0.18091181
Q5CRJ0,adf86330d77258c5815cdc1cf384c6dfc10bd87a6b41ba3bc9bf7edffad364c6,362,1,0.33682626,-0.011499845,-0.24893403
Q5JES4,54b91a6b25677159e2d70e615b61da62839e902c5ea627d55ad9490c3272742e,352,2,-0.25773177,0.008026633,-0.1692956
Q5YNR8,9a8623dccb67b69b92c2891dc260f976034c9e89f19da614112825086377d308,420,6,-0.31769443,0.2880285,0.030908534
Q5Z280,b956057f0d4f530bd131fa290b5f8e2bdf5742985744bea2ba77c1919116ec38,253,6,-0.3719255,0.20219801,-0.06030573
Q6BHX2,387d40960754a1435daf95128919fa3db4485f6d37a19e6b0a0853af748aab1d,239,5,-0.45628208,-0.14772221,-0.17979527
Q6CA34,f25fb3f43d0b3c4db6357b76ed4d2a0ba802909926e4f15fcbf46cb0a310030e,217,5,-0.4149692,-0.18103872,-0.17352922
Q6CT21,ab7b36533204a2c3026b382e0f33178dac5fe8ffca46effa38a77961be495c5b,320,4,-0.02532339,-0.08026777,-0.19028838
Q6CWK5,2e5e8b79b50e6810ad2d2e37ac7c08845ceeaca42ced7ca3ea6026ca09b1078e,265,4,-0.0073952824,-0.00049667584,-0.21972023
Q6FSK1,83e40acc43e04d4b181eb25591d87422eea4b3a7cc6de3110a50215e7396e342,265,2,-0.06686837,0.023182115,-0.21597531
Q73Z04,cb4a8a95b8fbc668b0eed13383abf17fd3f279f115414eeba2aaf38db4ea6db5,267,6,-0.3654014,0.28628755,-0.010167603
Q758N0,592dfd2e7b0dcbccbd9f069e2f0ac5f31ac3498b07da0007d233d34f217ce717,265,2,-0.0657148,0.08539713,-0.17794101
Q7NG42,72ad3429a91556e2fabe0e1446eca4fe6b0d6919b564afd89440bfc043860b0d,255,6,-0.23972432,0.26603907,-0.053250726
Q7RQZ3,2d7944d279f7dc48577857565f73661c120e5ca5ceb4ce1846e3505e07f031a9,240,4,-0.06756292,-0.21355358,-0.3834191
Q7S920,ad1aa3c5698803f07f2501fb7407106f121137ff45c38b9f1f7bec7d686bed28,244,5,-0.3464237,-0.09858868,-0.1658824
Q8FTG3,91ee3e5e20dfc555f19ed6f160d512b5aaa6f17454366c0e14019461ba5497fc,280,2,-0.13648826,0.17852546,-0.11290091
Q8IHU9,0cb7d1f5520091986f24eccb092804931d97d09b889c897cfa517131e2125cd0,259,4,0.009300496,-0.2058058,-0.36342907
Q8NMV0,fa5e47554ac86d76f729473a0a4bab7683ba29ba1cbc0cb46b890501ae5b08f0,228,2,-0.08635868,0.09566786,-0.1296473
Q8ZWY9,202364e386e2941b52ac307f7bac65199318350d66b29cbe60d99f0b83064b5c,339,2,-0.14417902,0.16643874,-0.10515609
Q9VIU7,afcbe3c6c0e35a020cfc3cd7fdeaea7ff1eb010574a90b520e6cf9e1ff41a662,241,5,-0.43760157,-0.22198927,-0.18995598
Q9WU83,593524b73003200cb43a9ea5ae2710e2a9ec077478b8263f619a4cc623beb00c,266,5,-0.42156896,-0.17629609,-0.057562236
Q9Y673,ce860bcd02d1aa7d8aa4262a5344161e85237106e918a4e8160ddc0a0409e0b0,324,0,-0.3056868,-0.13031572,-0.012810825
Q9YF12,b4b7bb23a820cda2779bb9f8fe9df182224a82493d5758a70fd0061faef32e5e,361,2,-0.116711766,0.17896746,-0.08504421
R0FV09,63ee62a1751f71c28d02fb3123c7f91cc8f97da0a84484872e518632282a3db1,342,4,0.022658484,0.04384257,-0.10933555
R0GJV1,486da08a00d4743ae8dc05bc35f3ba50d71e3ce7c7115073ae97758ea4ce9a27,246,5,-0.3728436,-0.19670893,-0.18472038
R1B7X8,794016a57af198d4105c5815de9baecafce0829d849c685a97f75c8508963ce2,506,1,0.38007447,0.3106406,-0.018966058
R1FYA8,d433a5e6238516f7d341b7dcd26b735b371236b921fe62873e6c947da5da8e4d,410,4,-0.10486888,0.021131845,-0.000255434
R4T0L5,6fe32332ea61d338bc24c1670a15bbe58152caeb1ebcab4c3c545a03f96e0d09,423,6,-0.381436,0.22779685,0.024782777
R7Q394,89913eb0f97796b68d71c70a19d76b60e45264575971e0557a1131223e2e9ec3,316,4,0.06901726,0.1557488,-0.077637434
R7RYF9,acea7bf3c711448bb4dc784fd3a38ce3ceb194b433262c7bf647b90837d828f2,377,4,-0.13157097,0.07440904,-0.023437988
R7SST0,83c5f8b073e085653e8e323646b61b311180b49ac2eb974f9398562bd38619bf,324,2,-0.21937834,0.10928168,-0.022792114
R8BB73,6b27f73665b8a125ffda0fc33ce0b0aa25599b3c7da218921cceafcaedc334e1,419,4,-0.111258596,0.04280295,-0.0065629934
R8BNH5,87edf793363fc588cba503449d18387e433255e1a81425e4adf3e820d54bf875,243,5,-0.36471045,-0.1167858,-0.16467758
R9ADN1,c41bd3ac54d8be4c6ba10e0fb51ebed2e2520227e6683741604d27931de15cdf,240,5,-0.35632178,-0.14223818,-0.18940324
S0EUJ3,ba3ef63eff598a3b1606d93cc911feb9c37034e69981524b3ccc738d72f59377,265,2,-0.105793156,0.22252932,-0.10582172
S3CK15,f64b9f3765b8618f0050a8c2c504eb01bdcd7f5d3b0bdef877d53e1a3b824eb2,245,5,-0.45708725,-0.17653613,-0.14815259
S4XDW2,ca2e478c39f8a0a0a57079634113e7c92078039cb9868132c46e1c29aa8a0988,253,2,-0.29582515,0.14609525,-0.14498994
S5TJA5,498453b080568c398f402653045ad79aed63b83074fac2b10ae5827f6b7a7ff1,296,2,-0.19188905,0.18120255,-0.09885149
S5UXJ2,15f21774f6439d76c690ee431102767fe07c7a446328d1e164bc5425f9ef72e9,457,6,-0.3366975,0.31215766,0.10731399
S5VVL8,5e661eede5258f4edc9826946e33f34c7d70b7f623876c7f5d962cb667c5e9c6,260,6,-0.35116678,0.34635812,0.0603343
S7S177,2d3c5ae6fc9aa2065f4d4ab4e80de210f6e639770c7e44da1e6598b18bb906ed,267,5,-0.28310665,-0.06158273,-0.10256114
T1G7C8,fcc0aa28e657837f69a0c843dc13c88ee809042b66c1bc03eb5cce3ebc7da990,245,5,-0.34580815,-0.25127813,-0.21887395
T1KNV3,88ad2f3fd5f782dd4a121789bce0624646fe6de3a728879a9c54cdcfa1a78610,240,5,-0.3839807,-0.22934327,-0.2252208
T2MIB8,4cd6d745309ae7e08187578353a6ce076ab7dae8b40e103635c8bf8f21bb225e,240,5,-0.41321895,-0.2456294,-0.22075161
U3GUC2,878156175207e5d613483a7314714479ebe0b9e7826d91dd5af4a79744e6f514,262,2,-0.22534034,0.08677271,-0.17210917
U3KF01,b915c4e0c26c209837295ddc21501dc82ad4f8dabd4f51786a1c9a955fc5b5bc,242,5,-0.48843554,-0.17185584,-0.090824895
U3T8C2,74c82a2c62310987dfb18e13187df98bd03cebdbc56bd424c3703fb2218b9497,361,2,-0.11630577,0.15840219,-0.094642155
U5QGF6,dcb7220df166f49a439e6e3e69dfc09aef1e93a22a0e13bb749c2eaff469c868,396,2,-0.18849137,0.28961113,-0.03877023
U5QI65,b46f29eae799114175cf2a8b0a1d5578ca3d4000a40262da338eda518f83165f,398,2,-0.19444348,0.2722021,-0.047629923
U5VQ78,8b610c5c11a03ae12e05b15990e6bcedc95dd7a2375dee23a47c21260f68d4f1,410,6,-0.46230975,0.25150588,0.06938624
U6J2L8,59e6003ab9d2375843c48f64e0855daccc3e33b6ed8f26508e3135a79d3e588e,329,4,-0.0695206,0.050141253,-0.10166062
V2XZ16,f1d54675ad704930170c1ff8516505945ed4c367acfc73299859e2f751ff79dc,260,5,-0.29551193,-0.1430597,-0.148003
V2Y7C7,3aa8bcedab9b90d53d42ffb593420e1b974f7dfdfd0a1bc34e1aac4c1be0fb8e,320,2,-0.15682156,0.049764164,-0.08754654
V3ZDB9,dfe5fae4058d57107c089c079ec2154a0777a8c2a382c07c43515877d043019e,240,5,-0.4239568,-0.20057023,-0.18365583
V4AP30,cd6e058a2adc6f2f8b05ea22b5251ed2857895dc40c26f5f70f78107107b6ddb,324,4,-0.11665978,-0.13841736,-0.18659283
V4MSE8,eb7c55aed41b3808ecd2d6f27c035bafc04ff889ee9ba8fde47aba0aef51ca0e,246,5,-0.40317562,-0.17457089,-0.15410587
V5XE83,60b158cefe04717b66724ab3e73bfc5f4fbbb428d80abbbe14cf20766a651a81,267,6,-0.3199476,0.2063466,-0.0806395
V5XFG3,d64a64b767a80ffe09fd3cd94acc9c245d1867df4c9bd03c5fba13f7d13a2a81,406,6,-0.4025549,0.21763016,-0.010311066
V9L673,d4db03fe465e9b8b81f52d9c19688473c2c88188fc9ee8605d999495cf8fd5b2,248,5,-0.46862918,-0.13479081,-0.09878763
W0TAQ9,729d3d714962b413904c0291392296f3f5eca5850ba7d9b87c51da06c37666a6,265,4,-0.002011774,-0.014911788,-0.24376129
W0TGW9,56cd3c2f728c0217c67c126036c8fd71060e8e1e01456be61a345f5a0c641bd0,315,4,-0.055943035,-0.06978631,-0.17052417
W1P610,670d3b0ee4ae19b3d4fb64072c314a11de917a6cf97dc5605f258a5bea5041f4,246,5,-0.38727647,-0.124201305,-0.13227093
W1PD47,bbfd5935bc3816ec8fea3c98e7da9be5735f56b3b6f3ffd1c55d251045796122,339,4,0.035990432,0.024045393,-0.14016102
W1QJ61,b037647357e93350120726405eab91e290d5eb510913d91155985814a743bc5f,237,5,-0.46011353,-0.16298342,-0.18200406
W1QLM8,76a34ecda4bf3cbbf0a9ea5c1afe173028055ac2bcd98516514eafcb304fcd53,311,4,-0.079644494,0.059880834,-0.108055584
W3WGI3,dfa4c1c6cd54747ba897d6e77574858eb1614bfa1648aab29eac67d612eecf3a,240,5,-0.45054132,-0.15454628,-0.141452
W4JXP8,4077029c575190b658d31eebf4cf35122ed72d448537de077bbfde48f865c737,256,5,-0.34875837,0.012181733,-0.031973835
W4JYS6,2f46a1e5643c096119034125d81f3f3ba7b9157766e1dad6b0e529896a7270b4,313,2,-0.17806509,0.07751369,-0.07603167
W5T8G1,df383b6ddf8cfc5dc70a7ed1c26cf5a813aafc16e3f97e6d0bc5f4d47cd3d448,239,2,-0.42519617,0.15610465,-0.103789754
W5U8Q3,6d7b5e55ba6a81c09316a9a6d575065e094dedb1e55b639c80b744d69afd45a7,323,0,-0.23482466,-0.11844648,-0.050521042
W5UB05,2f91d401f092c42d541a92ecb392de513077bf2920e7b337bdbd1e6b7b843417,251,5,-0.45390123,-0.1949829,-0.13834892
W5WAG1,17099ade970fabd21174dbf7a6feebac5d36e3c70dcf187b342056be4888e8ae,394,6,-0.24526562,0.27102712,-0.027956001
W5Y8E5,7fbf8d1b4cfc451d8fbef56a33d6fc8af0a60dd5554f26431177a7486075f5e8,267,2,-0.21962695,0.09878286,-0.17092268
W6YWA6,82fe4a5dff0426b7aaca4b4b9a9125422619706f1c9e4565ad70b70adabf7638,417,4,-0.04478761,0.03985078,-0.024047352
W6Z2C2,b8b6a024d28e1d98c8a23c605b473e860db1e1c189ae0fd1dcd913289a242d7c,243,5,-0.46090254,-0.19432521,-0.14626706
W7MCM2,733f6dd9f7e2f0d3fb621be0d06b8eae87dc95ea755fc8ff2bcbc68a92fcb9e4,411,0,-0.16002665,0.045313854,0.0039569843
W7MTV8,7d7768beca82f3ceecea8c557377b5fd6683bca1a6dbdbc5b49b88d31af6c92c,240,5,-0.4656762,-0.15392399,-0.15735053
W8BXV1,09f58716f38b17adccaac9d0889d68350f36388d4c5e72b3d3738e5de7d1d395,241,5,-0.4339581,-0.25448883,-0.20605993
W8C4K6,38bb76138e4f79fed744b4ca345484571589554a87fa8121c7ed435d72e72944,328,4,-0.13521786,-0.06256317,-0.11741218
W9RJ58,1f8979cf06d8cb2d0ca31cf61f7f60f11626144b4a6df962c7e4ccd8c502e145,244,5,-0.40392002,-0.1694273,-0.13431652
A0A384KN75,f0ef9de497a13194a29e1bdbf625144d1356a2171b97ad5730865c62a612b011,451,4,0.019413682,-0.05801041,-0.19090948
Q8NAW4,cb357cf21fa094f8a241178ae459d46a988357d4e6193e36580b9be29dda7f7e,221,4,0.047142655,0.0950816,-0.08552986
A0A060VU52,efe4739bfc8db69b1425f780a923fcc7407f48758bf758785cc72e1bb3d4278e,338,3,0.003538427,-0.096556686,0.06619627
A0A074ZCN0,194aab89c0c71cca1eb257b93007810fcb756f2083b4a04350a33b5ac73c07b2,289,1,0.28884298,0.06731106,0.01152312
A0A091K4Z3,8123704c00d73cc1c705b10c2839a24ed92166def685a677063cb40fbd540dc7,552,1,0.31328326,0.027466966,-0.18075897
A0A091WQD6,ecd3668b7f2c9f9fd0439d9e8848aa8e62092247534d650a6602b40f2ba82080,552,1,0.32023075,0.032429382,-0.17550522
A0A096MKQ0,cc10bef2db249b33c25203c7b8858f982841fc2a5135d3bcb06ed3f5b3e86c88,335,7,-0.1344763,0.10157774,0.2703511
A0A0H5SA06,d12fbdf77c5a768e4005d9726fe5c9ea86f1fd1edce839e37ca6886428414266,345,1,0.24736232,-0.0074203783,-0.067285195
A0A0J9R072,2e19de0c57be43ce4cfabb5d6c23191fb6035059e2cadfd882f64b63294f0118,494,1,0.44764563,0.08662772,0.0045709074
A0A0J9RTK9,fef1765b6c027042d72dea95cba93d647b48a18c7cd24ad5825319250c3cd5dd,316,3,-0.009081011,-0.1350202,0.02384629
A0A0P6J620,bd15871402802a91f8be49dff16563c09733e19cbfdce1473f060757f5bf3788,552,1,0.31964937,0.028698651,-0.1736835
A0A0P7WSJ3,aece74ff91153cd204182062af2400f7c0971ea168bdf13b72ccbbea09c45e63,324,7,-0.08278971,-0.026830032,0.13965568
A0A0R1DS95,f9c5e18e44868529e6c94c15adadf04ea25087068e5f7fe3df2662a88bcba4f8,498,1,0.4468765,0.10075558,0.010087514
A0A158NA63,4b9a37921aa8dabedc05e5895b498d1c50eadc1380fa021c7a0f10c7f59f139e,349,3,0.12267765,-0.07267379,-0.033899073
A0A182UPP5,d29a28de2ad20bb3aa7bbc9b0ca90bf31d351ad0a49b90518e97e020ad50cc51,329,3,0.1376762,-0.04344845,-0.0011169629
A0A182VNM8,efab8905628e2f34bc75afe8e7d35a50e7133af55d539e61c528d69af178dbe5,425,1,0.27996147,0.010999393,0.058192052
A0A1I7VJ50,fe4f60f7f85707d77ae2d965da7711fd21c90bfa8b92a11962ee3f169ca678f7,305,3,0.1731422,-0.07258377,-0.07333936
A0A1I8P852,5a3f14c405738615283f899ba1369f3a0fd7caba7484da3b547afccc10ddca72,487,1,0.42716804,0.06788839,0.0041504083
A0A1L8FKZ1,357478da1191c4b2d7dbfe6fe422af006a50c7628825f6338fb354f2ddceb66a,347,3,0.031211251,-0.08444082,0.08883135
A0A1S3G7E3,a876fe7b611f4ad2a391394884dd4bc17b37c821e11d8c184c2ad26a2a98c399,329,7,-0.10764465,0.11346041,0.2707953
A0A1S3S4F1,66c15eafcd374d2f616f2a406292dbcbdad6544ed8db41944dcd917a1788d8e8,301,0,-0.10144306,-0.08723833,0.12398316
A0A1U7QHM4,dfa9aa2ac63c56e7e2566867abb156e1abeffbb2fbcb158af761c55170ef5312,263,7,0.17203058,0.109108694,0.1655254
A0A1U7RW10,488383181f82f7ea926d6cddfacd667b8881ad0f1257b3000f7dc6e0e27c8145,343,3,0.0554427,-0.039443526,0.09458069
A0A1U7UQT8,5cc49fb4a38faec23e24af347de6c7d27d450bbd6d08699bd5034c308ad885c5,553,1,0.28298512,0.13912484,-0.11853194
A0A1X7UXL1,35e9020697fb2a51e104f6e62a9dd61c9d52e7c1434322309a8d8a0eafb532aa,299,3,0.2357567,-0.057470575,-0.03408145
A0A212EKH4,b5883f45c5346c8b7c0abeb45a0cb377cca5dc5e0078180883bed5556573aaa4,343,1,0.2889873,-0.011345121,-0.0016458407
A0A218UWJ9,5a5c89d396cd67975cf34429d3dec57f6e5a07a2f78a0dd373fa266bae0dc7e4,306,7,-0.21893747,0.0074850726,0.26904577
A0A2C9JPE6,a0746cbbd4bacfd53d399699df12a40e6c1015e5a4644756531774ce9c2cd494,338,3,0.09484701,-0.15365084,-0.057277046
A0A2R9BH49,d8e6926a1e22fcee5f8b3305134224e9baacdb8ea0816f651809a0dd41da8b9b,582,1,0.23595375,0.33360747,0.011816529
A0A2U3WXR4,a991be5dff16a0f18cda41a331938308e9642bba6854f2bdaa7df77a7008efc2,369,3,0.057651207,0.029384524,0.13502914
A0A2U9CE20,5412267aded0c99075dc59a3faee185278283a2e7af9f4d977b18717c17db7ba,304,7,-0.1489075,0.035897844,0.22017272
A0A2Y9GRZ6,36a522385e3ab736354c59b856860b035e6f30e7052fcdc24854abd61f0819ff,335,7,-0.16406472,0.12910232,0.28645647
A0A2Y9H7F5,ca2681bb29aa67c80b83a6bc128ae647d3c3ee31ce8b2feca1860e8d3caa1468,329,7,-0.11937259,-0.0006443734,0.25162992
A0A2Y9JQN6,49e9687b6b8164d9ff46c3456c70db4df9f6994176f7ef317512c90d9359e3a2,335,7,-0.15745959,0.12726903,0.2870438
A0A2Y9L377,9bdbb9959a866ecea7f59511e565ae6fe7f1b30c2435a115dfcb74611df00b6f,582,1,0.23575005,0.32994348,0.010461352
A0A2Y9NVL9,8f5fe63fdc78d6f6958ee5bd8f38ad57fb75833d29aea410960932861a6ba4f5,553,1,0.27945694,0.13387817,-0.121906586
A0A2Y9RDR8,456e59264d53677a1743b92053476d8888afb36fd97dd143d23fb6fb97b5fe9e,329,7,-0.12541327,-0.00660621,0.25394988
A0A340XFN3,9695f40d69a24801533e0a850f0856ceedf6e1082ca5663d819d47ad51e3cf7b,415,7,0.20585041,0.23856407,0.32237384
A0A341AIV5,1582907d70fe55a6432e5a091b0f4d5d734f750ca61f900a3ec8143bcefdfa77,553,1,0.28029284,0.13230947,-0.120966956
A0A341DB23,672e92bd135c45d1c78e2087cbbc7704828c39bce5230761d3dc6abb6bf0f105,563,1,0.18419343,0.32452306,0.049393445
A0A3B3B5J8,28519a761d6d13945937136ed01218a1b1559526401d7dbac878441157c91fd7,298,7,-0.13456693,-0.021060195,0.16129981
A0A3B3BQS0,93098c30f13924a634ac5e918380d14c4a7af4901c15a2f8ba074877f3b21a0c,335,3,-0.050039165,-0.041496404,0.087684624
A0A3B3WZM3,693bfadea8d6568838a9b08456ec6d118d5fd75a86b4a5a207e9350b17c8a118,337,7,-0.04609739,-0.046604242,0.1293306
A0A3P8UKL5,7a0b6fb0c4cf7673a85cf8610bc50129a08f1ae90c8adcc4157cce09f8d4a95e,335,3,-0.021412775,-0.08102377,0.07004927
A0A3P9CQJ3,5fb2cb39aca730e8d58ab23f194aeaff8bb51a152d8f74fa9c0af050551ce3e8,304,7,-0.11056365,-0.028123723,0.14315894
A0A3P9NZB9,79e7ad2743e8f0fdc3cf1ec7851ac2a1080377e7e49ac4ec4a072d0e73e8304c,304,7,-0.1341005,-0.055293694,0.17630543
A0A3P9P0H3,e81082d6a6d4ee25ab0f406e3d5a0ec35b9c66a4373b4fee04f8998aefeab54e,332,3,0.020974658,-0.11056489,0.08407839
A0A3Q2DAE6,5d15e451049c45661a875bf1f65ba11f088f16cb78236e93e54847174cb264ab,552,1,0.31106907,0.02905672,-0.18816884
A0A3Q2DC53,bbf67d04b3adec86766b3eda4a2cd9ed15ef40cf44a40f21d945628420f9da64,336,3,0.16598456,-0.08238537,0.0659023
A0A3Q2EEU4,825a69e1c0c77517c7e4527012a30e082ee697035da786a971b67e5c39e30698,357,3,0.11098189,-0.08499742,0.016525315
A0A3Q2YPY4,ab6ba9f20f64bd6ecc22ba7542ece9b798820861045461a2951502191399d7c6,302,7,-0.109888986,-0.04617928,0.1559956
A0A3Q3ADL1,054c62f67f227c4af1cd2283cc58357ab223709df75490c85e21cb899c944b46,339,3,0.0446612,-0.13830498,0.06682571
A0A3Q7TYN2,3887ec1b1c83bd39ddfa2eedd862e6db5eb9bef821f2de8cbac411ec37209c26,335,7,-0.14265671,0.11827246,0.27494612
A0A452EGP4,d663e427d7bdf6726ea6f2e0d2d39a0c5a55463fd4bc0182256732e57d3a1273,553,1,0.2778584,0.13912982,-0.121194944
A0A484B3W7,0830ec4bca5e5d69c8a330165d0abcc696cbeee2656339ab62b2a692b486d2d6,307,3,0.068558834,-0.061668977,-0.014708738
A0A4W3IU85,c709463753126a4aacd97855a990376cc4cc1b80be71425268557c0f4baa7c8e,299,7,-0.10369268,-0.081906825,0.14538886
A0A4W6CUQ0,35244f40e0a4ab5b64035ed577a42fffc2c99b1999a1448dec585ac5a082d9f8,379,3,0.15626825,-0.021133067,0.0531174
A0A5F4VXW8,91265b7378df60e1b996573a0d077fa061aec3fff5b72425dfed2ce5e688f3b6,324,7,-0.13132887,-0.012435538,0.21251741
A0A5K1UD53,7d1dcb90cc1c8d871aeacf0e85d8edbf76493a7a9cbb20a21dac51b657e08f7c,347,7,-0.006933038,0.00863494,0.13368772
A0A663EFR9,1a5cbe519a32fc942b83d3a3e395552dc4bf507917407c6e9a4a2373701d50e8,347,3,0.027075406,-0.06375434,0.061530504
A0A663LMC0,3d447a028393911ae001d4da06c1571615e1ff691eb7dc575f7fe331456b1a17,344,3,0.078016385,-0.057248965,0.051692545
A0A663LWD5,5cf09c8b7f3123abc60371c2f8e4333a7891ce1820fe224a354922debad976c2,347,3,0.023157723,-0.062072005,0.06389325
A0A669AXB6,1ac54ba3b0ea1dcf5fd2144a406656a8de953b4734f8b8b2e43d4bbaf4d909bb,304,7,-0.12517786,-0.034890536,0.15195435
A0A669C5V4,f0e5ef50064276ee3f7b19cbc4929fca8201656d06c37f1f362f7bb371d446a7,336,7,-0.07191145,-0.043437924,0.13937211
A0A670ZJP5,d954e03cc274dbd2fefb6addab17710e0c3e160e6a51e2579200527bd12a1d73,325,7,-0.0813955,-0.07656564,0.102834105
A0A671FD56,19c680c4acc122c648e6f0c5253db212ff76878dedcecd20da1446bd6272cf4c,335,7,-0.14297882,0.10633896,0.27010387
A0A671FLJ1,43371a3043e7efb0a0f779e91b96f4f834cbdc0196ed863079e57ed5addeb306,382,3,0.10487144,0.035648316,0.12284041
A0A671NA79,acd7c47776b4ca8c5d2587c9f43b31b1060f33393f5e329c41b32b55a1961fef,358,3,0.088000916,-0.06133456,0.046004545
A0A671RPA5,54ad82400934ea7812014e98059761848c8d434d9d21d638ec864b296546141c,358,3,0.08404621,-0.06396198,0.04444724
A0A672N4D4,0db0210c1fb465628c361c1018b44340f7fda1e90e162980a64bb5696241e8cd,358,3,0.08216648,-0.061377473,0.05238014
A0A672NZG2,e69409f35b59c63a144b5f6193d42cd199dae03c68e6d27017975e80504859e6,317,0,-0.09035464,-0.11200578,0.06696209
A0A673MQX8,6072f6b30c123fcd7acf1087e41a328d1cb4d542313aca000f90d8c083552696,335,3,0.04810526,-0.11544097,0.07828103
A0A673NL66,ab64259f3d85716c208cb303daa4a273aaa4a9bcb9d08cb75db6acc349133a4a,318,0,-0.090664774,-0.10469484,0.07062825
A0A673WS40,17e1fae4590b795da27f3cb22828d042a772aab389e0d60d8bfed3d7f6cedd8a,336,7,-0.065334424,-0.00079202274,0.14441997
A0A674A3G3,3ea87c6b4010124626555e42bfaeaf6c8ba2b0224e381437393308f9feefe98a,300,0,-0.1257848,-0.085879125,0.1353892
A0A674E5Q7,e2b170c6617440fb7babdb297f8191aae40af01e80eca32271eaf61998126845,301,0,-0.10195915,-0.073791526,0.12025632
A0A674EM22,3aaa7be2dcd6dbb1521fb61a99e243558d182da869d35db4df98d0437d93ba4b,359,3,0.073409654,-0.04396073,0.052988403
A0A6A5GT00,f05d8cc83302cf8b8d41b726190b918e200846248be460459d1109fc38355859,374,1,0.2929147,-0.03501568,-0.069229774
A0A6A5GTR0,94ab3b7a9ec4753a4d0423451c6b6cc982437a31708abf23200d202ea6443e39,254,3,0.10745778,-0.08876301,-0.057830118
A0A6I8NMX2,4016e49fe04c4b165103eba91acac7d1254f0d523bdb137e9cbb7731cb705e67,310,7,-0.21268207,0.05268432,0.28887007
A0A6I8WA94,a6985c31a5ce420cb5da0965fd3755e6667af4da695a6aabca1d0ac3537fff65,313,3,0.08137449,-0.033348553,0.005035774
A0A6I9PNV3,a6fde35ffd3d7ce0a7e04903cc420ee02b0cc69a6c5cfa6b0246fe59c99ccc4f,336,3,0.06317198,-0.03193436,0.13419804
A0A6I9VEC8,b536cb0ccf4f37fb9638a74c860678fa9fc09e29dcb295c39c7c35cfda0f91c8,514,1,0.3609191,-0.005033855,0.022974236
A0A6I9YQ58,41cb5151b568fb2bd6624f4b59b8ddecb3a52297e40909e90c26deedae7ab82d,359,3,0.030114222,-0.048967384,0.09896039
A0A6I9ZTV2,86587960812b15e471ef1dc08aabc40e76a0634df4e7890adb4ba3d9fcd0d81d,552,1,0.31507722,0.028716983,-0.1730112
A0A6J0ATE5,faa8e5b12206c8ef046a521808bff1eef7d1916fe25c9f9291f77827cb09a3cf,347,7,-0.010436172,0.012128585,0.14148253
A0A6J0TNS0,6ebc441244ec4a4f09672a4853e94605a4e4828ad289ebafe7a343b2738d7f9f,359,3,0.043377064,-0.059753194,0.0864182
A0A6J0Y0R5,73333881c3ae574b37d6d245c9ff0bc84b224808345f5a308ae7ff0cd198dd99,335,7,-0.1477379,0.12592451,0.28200987
A0A6J1LEU6,ee3408579e24be1ef019fb227fd4b650db33b4938756b9ff1af87e81c4b4e0ae,307,3,0.06475834,-0.04721264,-0.00893061
A0A6J1MPV0,3cc61f2edb609fb86f3c9eb558e774dde67859a8e55e6fa6bd18b5308afd78ba,286,3,0.13693735,-0.16341351,-0.09214192
A0A6J1TQU4,d18528b2a034cce89fa18dcf4ca454bdde17a2cf83e505376a45b6661a693aee,313,7,-0.123003535,0.01325499,0.25223333
A0A6J1V335,36b2f15c0812af1bfe279b2669265a72bf7e5775575dcaae10276728d4ca6d27,356,3,0.13980108,-0.0674432,0.023882903
A0A6J2MWL5,0dc98338ba8c9847fcd82c5b96a45e2976da1438a8f571aec2ff1f2d73d1965a,347,7,-0.012530165,0.0028091727,0.14182448
A0A6J2NJP6,b856c3f5a27c1fb5af5ccb6a7e430557b768763b3d57454e5aa2a246036f2926,553,1,0.28566387,0.13090052,-0.12706006
A0A6J2R8I0,5d674f13e7e7ec4cb07b24592f20694620eaacd51229211bc44efd76eb4369c4,304,7,-0.15248813,-0.021726413,0.18714106
A0A6J2RP80,1992cf69c38a43323d3f1813aefcb7f889704b2ae0956d199a00021875103eb5,333,7,-0.085007995,-0.02552933,0.13015528
A0A6J3E730,320113738dbaf691f635f060a814615f4dc9232c3c60bc3c191eb7e018f84659,347,3,0.022897031,-0.059093405,0.06459269
A0A6J3KBD2,8d11171185a2a4b3a61703a524c2af12065ed55d1ea2c20e9d31a4f327c4494b,346,3,0.1019415,-0.10791304,-0.037112456
A0A6P3IC32,187e3e7623127f8041dad3c16185091496a2ca530101909d0ad31080c24a47a0,553,1,0.27861145,0.1406538,-0.12034622
A0A6P3QLK3,fc45807922781140618bf6e273b89f922fc7d36cd097371f0c8d0c6504837178,335,7,-0.15772058,0.12008095,0.2821028
A0A6P3WDH1,b79eeb6994408a010b7e7c8e627b2caccafd85fb20aa4d08cb7c1ce8012b0e85,304,0,-0.13568857,-0.13121234,0.10661768
A0A6P4Z0W3,37268335916213bc7c829b443c06d4ae58dc1e4da3075f42a5663717612263ae,326,3,0.00045454063,-0.0808546,0.070576064
A0A6P5J0S8,eaa8bf6ff612166b8ddf0b3a2ee523a76cb21e8c88d7bc093bcd71a10d31632d,345,3,-0.0050522457,-0.017093444,0.120317966
A0A6P5KKI8,d0bbbabca77a5efd848d18d036673c33eb75ef8343c735b7aa13513c421eb6aa,548,1,0.27581778,0.11834783,-0.116368815
A0A6P5LCP8,1cc159d9de79d7f2f98414c3e7ab8762f35eaa851a2910f2a52423f20470d4d9,340,7,-0.05568799,0.028042566,0.24087644
A0A6P5P0F2,fd60b6fa21f4870b8113966985c018663150f106fd655d4971ec4b3a231be0f5,335,7,-0.13554217,0.09385336,0.26272142
A0A6P5PRR9,1f7098891f0456a4da70b6c91edcbe932d5a7d62211c0e78ef6470ed6d5828ca,324,7,-0.039336372,-0.009543994,0.18916944
A0A6P6HMF3,95626b667f0858bf3b427afbb45ccfb42b126e6b912a6d2c8b1a440df24d32f7,553,1,0.27406752,0.13667294,-0.12031432
A0A6P6I7U9,4dff66cbd1e80529c0e983496146afe5093805e51a82378dda01e0e2ea56a711,334,7,-0.0577188,-0.009855724,0.14956751
A0A6P6L763,da3b6c507f53d3949f3784027f5ef60da94f95c3bd2563bfedb12875291cbd6f,317,0,-0.09602696,-0.12648241,0.0596412
A0A6P6YJV3,df1bd6067e68fce0399baf6bf74adab67a7516a80015646c57e6e0b1cb669a7a,403,1,0.46000397,-0.014214458,-0.09300383
A0A6P7GPL3,d7424cc21bcf8d8bd0e0a54ee341585042432cf180428680d0a543f5c2dec92a,311,3,0.038815893,-0.23166788,-0.023198966
A0A6P7PDN5,76f8ab8179c928a208b64dffbca1bc2019d85617dc41acfe60717dc49efb0892,302,7,-0.1503598,-0.01352345,0.1505025
A0A6P7XW02,2dbb9839d38c3c53a2d893549e43823a59d9198d1a86e6d8397a15ac2164fe2b,343,7,-0.031027546,0.058154397,0.18195347
A0A6P7Z598,81056d2495bfb3e0f16dab95c64f92f9a69277d6c9c2cf8c119fd5a53e869fb5,551,1,0.31682718,0.04126781,-0.17380211
A0A6P7Z7F1,74d700fc44f085bae8d77cc8305e2f9252013a3d7f4b9d8f8b6e32c08bd31f1e,357,3,0.00909133,-0.08300677,0.0655523
A0A6P8F0M9,dc6ba4c8d34cf27624d91f2e35e1787dc9c560c962aa36ca02fc60359eab45a4,272,3,0.07155902,-0.07520061,0.028280461
A0A6P8LS42,66e1997cf759209b7df351335ac6f3ddd53c8045bef2ac76fbb28832763b9701,346,3,0.09852601,-0.10811348,-0.034039814
A0A6P8QB69,d87799d6408f0cfa3874ed110ed69a24de9f2abc47eeedef9ec665ea190a5a60,338,7,-0.069690324,0.047337636,0.20558451
A0A6P8R7S0,9a61053f2158a0c6abc8bf5fe2c9999e51754baa886a2714837c2238a454df5c,342,3,0.11419342,-0.02362391,0.06954091
A0A6P8V5B8,e4afdfa904ae26dce01440310d23e39153416bb2a8945635459bbed2de2f4d18,359,3,0.07555426,-0.049421754,0.05050741
A0A6Q2X7C5,2efb0cdb15d8982b0b2bbe26de377d58d09619de7dcfd0c5fc0478805c2ecc8e,333,3,0.062008474,-0.13377745,0.035120722
A0A7E5VQ40,51ef326d5e008ccb5035e861deffbbb8201167a6c23a3274690f3dfa404adbfc,318,3,0.24129575,-0.12597236,-0.071532525
A0A7E5VQV0,8e7bfd34cdedcd878fa117ec4cbb3bd9af55334b51bb032c0551df9c20b4b3e8,310,3,0.25149268,-0.12526897,-0.07406052
A0A7F8QEK8,81e96868e9fccad0144d4050b7024fd2a840bd21231b6c4ac0051602d442648d,270,7,-0.13242108,0.1278717,0.30073586
A0A7M4E7C9,35afe97558d9ba3a278dc04495eac765b8cfa3f532ec3aac4c980641d4e4f123,343,3,0.056972325,-0.04911914,0.0805503
A0A7M7JUE9,27b545d2d6202983535da4d6d86c78b344d8dfa182e2bed3f0c446908b457029,295,3,0.036581427,0.07603881,0.069785036
A0A7N4Q0V9,98705baab0fed9f4ddf3ec31c1fd24b63224cccdb029483ef58c340d3a0fa169,548,1,0.27531868,0.12559696,-0.11170897
A0A8B7J3F6,8d031b26f23b04118b9819ed33586e6ae5df1bdb17e2b9ebdb8331ad4575c67b,344,3,0.06340226,-0.05239173,0.071732916
A0A8B7K7P7,56aa1a3e1524fd3a85871c7ad1cce5ead7295bfeec3e957f06b1c5fffbf1deff,553,1,0.28087208,0.14307846,-0.1203214
A0A8B7VK34,f49821576e9dbade800fea732a54f5ff76c5918f57930e1ec8631657aa43e8bb,553,1,0.28239036,0.1409108,-0.11621632
A0A8B7YQX5,97249093156f004adb3af64847f9e471ca152917d1ddd463571e1a0a6fbec2c8,322,3,0.23051743,-0.079588056,-0.06292048
A0A8B8SDB3,38cbb5c822eb11a428ce69e52e5cd0af444540a16a9bc632e164cc255d833020,456,1,0.24809174,0.10230189,0.18395486
A0A8C0GAU4,1227716eb104a94ef6f2421983e20077a739b99e2a04bd40252259e16de7e215,552,1,0.31177902,0.026142428,-0.17876774
A0A8C0QRN0,1c89c9dac0e11f67c64496851fadd16e6caa59c9fec9c712fa0060cc0d6e969e,326,0,-0.10300086,-0.102919124,0.08992849
A0A8C0WLK5,f0362444a3dc7c6d3f8f4748c4971d8aec69fae5db804c52109abd6d61e488d8,347,7,-0.021214468,-0.004761439,0.14814796
A0A8C0XMH9,27c8835624ffcb76c79d61da57b45c01a3b9d262c1950ca220b0e2e22b57fcee,323,7,-0.12328039,-0.013473696,0.23096488
A0A8C1JK79,44a57720f3a22788e1095a7823ee2e89739fd9da9f15b672a27ed65340e24409,358,3,0.076083235,-0.06377536,0.04862619
A0A8C1NES7,6730cc90027467a8fc022f00ab4ce67f77a47924e31dd59834cccee1d8cc55f4,358,3,0.07985857,-0.06825331,0.045402866
A0A8C2QM57,cc33fe133310548ddf8e961a1f6ca9a6edee2017dfbedc6905519f5cd0853706,324,7,-0.037157644,-0.009083064,0.19484606
A0A8C2T431,71386f1f015a9ca85a1c2eeafdddae93de09278472f025958fdc6b3b4f53ca84,315,7,-0.20492117,0.0338397,0.28220868
A0A8C3F736,0b1486b5f0132be8475c97be7714c5117dd58ed1bdc71ff0c7baaffb3e955c24,343,3,0.08043545,-0.03647099,0.08961643
A0A8C3I054,e1d67d1eb6f9b2299f6df9869ed769e9b38a604c5076b10c3f59aed58a05d44c,326,0,-0.10060818,-0.09511471,0.099467486
A0A8C5XHK4,130e0aee41349956017b3e32e6a6ee6412bc3687974f8724d9d0eb9061e95afb,347,7,-0.010153643,0.011446985,0.14280455
A0A8C5YV72,5d4d999d2d9ffe8283d7d30e32fe6c58573f80a965a5bcea4723d64129b5979d,347,7,-0.0020457143,0.00014482418,0.13314953
A0A8C6W8U3,9e1eb567d7d4792b3c9c79724960e785f02dae0e1d92175da08d6b71fdee9cca,347,7,-0.017751178,-0.0017049602,0.15031716
A0A8C7C371,871400001564ccf0c61428c43c02169c1f29b5d8a45c4185aad2526019fe5cdd,335,7,-0.16473703,0.12086163,0.2891162
A0A8C7JHK9,55c382b3ea06a6d8641b1ed7d391c8ce99e8d7eeffc3eb7bd1952098f8645114,301,0,-0.110594,-0.08280937,0.13748334
A0A8C9EDK0,cf2a5fd08159c5bacd43a0e41bfb9ee8907909521e26ca4d3e3043b9119785bb,553,1,0.2798507,0.13473564,-0.12136776
A0A8C9RGM4,9f7e38e6e6e7a8daf9d22461b4470056ad9e7806cc72a2134e97e5700b0b3244,358,3,0.050579414,-0.031906355,0.08003148
A0A8C9ZEZ0,970fd637ce4acf1ba3a76e91ff13742014467ab60caec4ffceba67402cf17638,333,7,-0.07872853,-0.035654016,0.12473018
A0A8D2EA12,ff15b4fff944a49621754f43202890a637b961e3683fdff55561a5dec067f4f5,334,7,-0.06779057,-0.022854166,0.1627452
A0A8J1N0H4,3e9a96bc2a5d3a9d524eb4e6514181f8015d594d20383c64f6e0bf612f8a779f,364,1,0.3512156,0.027220838,-0.0005878708
A0A8K9Y3F3,7d7998e11da23963bf2206091ca6f95a4a0c57ddde07213f70efa272f6203d36,572,1,0.3261441,0.043406293,-0.17943785
A0A8M2BH40,af107816631b0c100ad0fabfede6e174204ac86ce203f74561ff4152caf0b938,336,3,0.047239948,-0.066063374,0.112924576
A0A8R1W7Q0,2972886fa83a797751c0ecdbddbf655a54dfd67dba7a4735317ae5d9135fba2c,216,1,0.3452638,-0.071406186,-0.09343517
A0A8R2JME8,10e39258d743e378269ad86a2b2e22c241b24aa2dadd814d5fd5571cda9279f3,363,3,0.14153562,-0.016603606,0.042255275
A0A8T2KU64,f4348d7995ab0e276ac9f993c85c20fcc1cd0cb8269858e37ea18366e6ee7404,339,7,0.0075364877,-0.048132837,0.15898877
A0A8U0PTD4,d4253b3c711f1d7f158f39dda0c9bf234720e08f2b60697f000f541d5cecf374,335,3,-0.011677449,-0.07487474,0.05769412
A0A8U0QRB0,873906e9ef033fa7d5f57964c741f64be041f53c4b0ee9af7d8a9b1ca085aeeb,301,0,-0.10935664,-0.08154357,0.1166394
A0A8U0U9Y4,448e3fb8546b807f898a8031b9fde00482bc2d8ca0c3e4af950fcfd525b38197,338,3,0.02772664,-0.09654853,0.037597835
A0A8U0WDB0,d09fbc6fef8a2f8eb7451b6c09e35c5e2aa3976cb217e9692a4ce187ddfc9ebf,383,1,0.32575202,-0.035917796,-0.03574104
A0A8V0ZXL2,8f7ef762c179ef25f747dba9183260a21267630f12e7f5e589c429cb657f8b42,334,3,-0.014497552,-0.074131586,0.06804522
A0A9B0BRH5,fb1572a83ba5c425f40facceda96401ee71c6b2f20b46e15a80614a93b1f32e7,382,3,0.10813702,-0.16516633,-0.019100176
A0A9F5IIS4,0d0a0256ffaca03e311b101241e9b00dacb5a4e99c6865d0fd3ca2de75e04d86,348,7,-0.020778988,0.012302186,0.16650462
A0A9J7IWM9,4e7c79bd79464842177d991f15eb4cae45241252a1a2ffba6e3f53b0e0ba4248,321,3,0.24479975,-0.112944625,-0.06392958
A0A9J7KN49,d1e5dbb0c1e8bb9b167e2c87502d64eae553ba8a506e9f4d600eccd0bf6fbd55,326,3,0.011909317,-0.08381028,0.059927102
A0A9P0AJ60,d8af2dafd523faa9088540007ddce01025afa6dde820b7afe02c6a60c8fbeaf6,359,3,0.1352959,-0.09204579,0.011600935
A0A9V1E9V1,02d874bc3a4315f10bcc16b2a547ffc46b59b37569ecb2d11518bb6f349e2306,347,7,-0.00947685,0.0092614,0.13935861
A0A9V1FX84,3e351e90f8df03d232a8579c6c6cb26d3a89ef581ab7578fe08f7c087f64226a,553,1,0.27882025,0.13890298,-0.121462785
A0A9W2WVV4,14c7f4bb67f6c0bd8a93b38cae24c4dcc653a537419b2fe4513cb0947ac1d97b,305,1,0.34102932,0.25852174,0.30287358
A0A9W3FLR9,40d42505c9c6d562a133ef09926045398d362ae34c736dd9bac0b991009ef19e,271,4,0.09028459,0.22907797,-0.043865863
A0AAJ6QUD8,5320a715e293e94eb1ddb06649535dcf49c24a3d031e62a745ac5a101ebdb1fe,293,3,0.017702682,-0.027650414,0.016419774
A0AAJ6QVF2,a063eff03de01407f019ed4717fad4ca4134471b6e4d2a4373963a71fccf8625,342,1,0.35985473,0.04711975,-0.056895826
A0AAJ6YJD5,1a4ac70e398c55b1f194b93247791bda1b1725d8455fa33a5f0f27cd8baeff5f,375,3,0.19572365,-0.06234424,-0.05687271
A0AAJ7BJK3,07f133dbb94efc9b4ad653fdc1d523135aa1fb4eae0941d7439bf3a7502e8021,354,3,0.1419188,-0.10283583,-0.06087706
A0AAJ7N5W4,2c3d08321b5bd64e616643a2b85b199a2c7146b804c416902e438a82ebb2a47a,357,3,0.124971785,-0.10665219,-0.047881268
A0AAJ7RMC2,6e9fd46db2abe0b8b747c981ee3304fc34556e945d57eca5a4883ab798899fd9,394,3,0.16079755,-0.114663795,0.0029152695
A0AAJ7T1B5,3b7872e42a9a2d06a24bb95d7f8b3e2dce31733a18e9a6dd69de0652a5fe228c,371,7,0.074924946,0.24751708,0.22656938
A0AAJ7T5L8,e0e142a531604cf3b6f922031d06a257d403f6ac43c9664bcb044c858a05b7cb,330,7,-0.03331716,0.06030931,0.15742978
A0AAN0J3I7,f6bf5b3b65cfc3bcc2e70f2123ff36d3d9e2624772c530b6490c2a35c442ff97,339,1,0.26083338,-0.031657692,-0.044570047
A0AAQ4RPV4,1663c2e4b0f85820b04056dbb0b58da39ae8371a7129e40e4671c70a2f111660,333,7,-0.06410755,-0.03820587,0.110739805
A0AAR5QCX5,34f9440a7f161dd2a5bdc675f579354de1fe4f47be314f9bb18eaef323d5092d,350,1,0.22785802,-0.026707994,-0.0773842
B0WB76,23f590ec157b0f3a6b3b504d1c6ce08d55a5c8cdc6378d8344fd25a3b2af25ce,320,3,0.14344771,-0.019087782,-0.016120149
B3M3Y0,916d40bba052654ba445f707d8dc8c74cf1609cc0d37a77fb39fab5fc1a1e21c,495,1,0.34413448,-0.050796553,0.0090880785
B3NSU9,37aecd36a8283283b3a138824baeb0acf5b70792da76d29914d15f4a992227dd,306,3,0.07916649,-0.019380037,0.012168361
B3RKX0,d5d8402e257103f9143e95c21dd9c9330598c9c4dc7ace7cb07b6b2b9dd63326,254,3,0.043907832,-0.10503585,-0.054320864
B4GZM7,f290eab74ceb6830d4ba0355eac3fa39d31944f068c5b81961a3b90b71f0a2a0,471,3,0.22996306,-0.033123843,0.046753597
B4LC61,fe58d2cafc4506697588db965f37c99d3c5282436d2c6193bb075b415a3fc33e,468,1,0.3055279,-0.0652768,0.023170857
B4M7M8,07f024118b94c97dcd720acad843a73658fb1142730d894c24996d313e8cd5ce,307,3,0.08531313,-0.064981855,-0.020167701
B4N5C9,fc373a7fb64b24c2e9bb69d3480752a68f0fbc57f0197ab92e188ecc9a37a0ae,487,1,0.33610466,-0.049869496,-0.0060184067
B4R4F3,9e01dd66b25a271af3f8b1772b3d9b8003ccb636d80e4740c4f26a49f93e37af,306,3,0.07776472,-0.018681603,0.018449057
B4U0D4,8960f59721b74fb85a8157df8d7547de4ebfa855a7d933dfc004b6b41037b704,417,4,0.13102263,0.071729794,-0.19886589
B5A9M8,17867ed3713320fb25809ef8c537448ddf4180ed14aa97a219539fe43c6facef,280,3,0.22180617,-0.104790635,-0.046863467
B5DEK9,f6c04d89b986978ed9e786c8f32ef469c67824fd8d3d321926d698f4cbcee46a,335,7,-0.13403721,0.0841312,0.25820643
C9Z901,9f98dd7862b51eb3434bde0d602c93e440c2d52914c8d5e584455fa43f98d814,506,1,0.14459544,0.38593888,-0.021717396
E2ATZ4,4235177d2ebacbda118a89126b8b515567ac7e877aed645a56e0bcbd3dc3ab0d,386,3,0.20516334,0.0075469795,-0.0027943715
E4N7C5,20bc5abc2be5b9e87caaa2203b8ea7b35e91474131a5d6522bad69cf11b872b6,494,1,0.18752031,0.32178235,-0.036861394
F6VFX4,eecf460c704cb60bcf11b12d1c2f6be94ad922f9faa17210875f4363882f583f,548,1,0.279887,0.11654163,-0.114915095
F7GLN9,a0ecc0ec02918695a2266c52c514432a8de2afb853031541c04bb25fc10c86ca,484,1,0.24321036,0.10726496,-0.112759836
G1M0U4,00ea118e97a74622c8d21346de4545e5defaf83cea85292aacc87326282e29ff,329,7,-0.10852309,0.00484588,0.23059177
G1NNC4,7cd1e6a0d7d616f74dddd1aae8880e8263a786cd7a8b342e6003cd35cd057b70,344,3,0.08755329,-0.06029135,0.046537597
G1SQC3,0e53f8563b1eddd451ca982cda6418dc4734b1544d245e6e1c1b107ed4fcca5a,347,7,-0.0153567605,-0.011139455,0.1431231
G3NTA2,e6fd1a7d31a50d56769448e8b2111a612e47227e9cd4bbb06e8ba9c007774bf8,359,3,0.08551704,-0.05017481,0.045776434
G3T4L3,623ccce277206b2d39f5f5227e6cb0aeae051292f160dc767d79b166be29a8be,553,1,0.2895611,0.13210475,-0.1209456
G3VNI0,dacd730ec7fca06c2cce63507a18c940fa0aba60ea5d348a77a174ab0087a37c,335,7,-0.1540947,0.11755498,0.3063154
G4V7E4,8b431c2054a3de891493da78d13f00bb59e885fe5bcf4f1bd726c786450711fb,236,3,0.1740339,-0.030658666,-0.04722738
G5AYH7,5eb59c05708ec11f17561ac87a977bde9491dfa2ddb5fb004c0ef2dceb4cabe6,335,7,-0.1634662,0.13206512,0.28976062
H0W372,4b221938cef08f7357c837ecffd923488abfd9ca91f67bc6e5d5cf6b72c59a1d,335,7,-0.17002825,0.13701758,0.30412132
H2XX32,9b099e6590bfa16df4b1c6e2f54b45c7a934931d9141399a16fd0d984456a0c9,285,3,0.23379521,-0.054371312,-0.057017572
I3J777,74370f5b5d3150b2585be732f42ef1b61a80dcf20a0ca5259d71a45f1466d88a,306,3,0.059164584,-0.12688398,-0.0033276419
I3JZD2,6b3d81d9cf073e823495a76d687ad376d3d9ade02de71bed9f6c81e9a3d7f384,335,3,0.0046787,-0.13100387,0.04688394
I3M1D2,84c840b330407792429cdfe6114e5d7eafedb91e174f5f5f47e104ae0b364ff0,335,7,-0.15131786,0.10072971,0.27153385
I3MP86,536cb455c5d11c9bc6ab1e811e47f5ec0c0081de0e76af24c67f3bd065bd4edf,552,1,0.31497777,0.028255584,-0.17381787
L8HZQ2,86e4f993b99e4a4612b297eba64ec9b6ab780c56514735967da9c34a96c7c501,335,7,-0.15317084,0.11205579,0.27710393
M4ARJ6,b1cee9b520209b62f24e7bfb47942a98e77d6d1a69a7e9ddd09a99cf8919f9e1,337,7,-0.045445047,-0.045348313,0.13095891
O02304,5d98677d7fad03d78a3bc9bf4e2cc98b85eb5a02f994fe3c856b2109794fd2f6,283,3,0.14000337,-0.06640748,-0.059185196
O17708,c4095428f7d74f3242b97baf7681a5062f8f6323d75a3a2d9c8cb4940fbb3b71,304,3,0.21874644,-0.03313295,-0.073305905
O17751,c648255a5db99afa26aee08639629f9662432bdafa8ac551b630c28017679434,281,3,0.14440449,-0.09864081,-0.08465073
O94766,8e730faac3c6b87a7879f190ab3c77de56fd10330176561ba7ae08dbfa1144f0,335,7,-0.13893561,0.10085365,0.27701625
P59270,201e067734761f817dc566b2af60cdeb33e5f39d82d1a0e6c3826033e1b2c43c,324,7,-0.04410833,-0.005841423,0.19843757
Q09363,0e89a4ccf65c5f93e0bdc19326ab86ecad35e4eb14b66caba24b1a32981a40d1,356,3,0.17780428,-0.03450803,-0.06931032
Q16WM7,344b87b0ff080634719a6726446c6f163cade0e5027e743762c1e4716cfec8af,320,3,0.111319244,-0.07370509,-0.031042093
Q17BE2,5be2ab3c92e656ff8de74b22233269a98f5f686215914526f93c7295d783b9c5,367,1,0.30412942,-0.111455016,-0.07468157
Q1MJ95,00d04d0daea08a5e9aeec225fdc56d7c4aeac6c1e2f01ddb54bb3bedc0d851f9,338,2,-0.2560793,0.13232051,-0.16967209
Q4RFH7,729d9d0a7b376f3211d92639335fd6a7c9e92368ba22037e8e565f280d0679a2,552,1,0.31480822,0.0331302,-0.18607177
Q4S0U6,bae90b48c1c338cb9a9a127ed3c2b7f0f0c72e0ce07b2fd337454c316f632117,336,7,-0.075657435,-0.011083679,0.15803833
Q4SEI4,64f184b6076a6d39a687a66802a7f0de17601c44e700869670b091e765a5d0d4,359,3,0.07525138,-0.05965753,0.050544146
Q4VYB2,a7821d3ed564983a8215556aa8aa1324f57f624307fc297d2a7f52c564421bbf,306,1,0.25521943,-0.07330914,-0.07893942
Q5CAS1,13b9dd2d641d841b9dab0618eacb8b752dcae5e5477552b015e9493084c730a6,316,3,-0.0044343816,-0.15187964,0.012510798
Q5CAS5,734a423154fa60e6bbf2ead0ca2901c8e8d3510d7cb0fcd5370b6dd7073d8118,306,3,0.0719495,-0.020036384,0.014704662
Q5CAS7,0b1ea233dbc3479fd611940a093864e504f5acfe42dc418629565bcfd6ece400,304,7,-0.03556765,0.041765198,0.19238617
Q5CB00,7497dd0b5cdf84dada26350cf7e74b467e40e33d2b10374379420b1f6ac5bc69,335,3,-0.018106565,-0.08751138,0.059346616
Q5CB06,73cb5f935cca96f5c061aaa7ec688e77740941dd46843933734ef7df33bae01b,334,3,-0.031526964,-0.048973717,0.09989643
Q63ZM6,3f10ba82a08de9e013aedc9a7797a1f277b3f6b6747e2e4f71012058cbcb33f7,342,3,0.052768424,-0.057943538,0.07226912
Q6S742,13a10c21f2ac217320937889bee160f26808f782a70ededf3da269a907eecaa1,583,1,0.24007398,0.33655468,-0.0041707843
Q8CH93,a307f2f3cb3bc029e8e0d66cf8d6fb284c9a64d50c7281b8bc1334bef7ea603c,583,1,0.27424955,0.30719152,-0.021385083
Q95MZ9,0087d2c9f49e30f7a419569eca4edc75006c672537963492a9a2a11a45b46c5b,552,1,0.27847382,0.14150281,-0.119259186
Q9P2W7,b0dd8d84ad3e5def0a5bd9968c93ce92d4df4a8a4b6f87f5b5b5be07d44cfa83,334,7,-0.060854893,-0.018277392,0.15863635
Q9VLA1,1622b69cbf79df71c09b3de810e3dc07e08888cd73052676e675f5b5c999ae64,409,1,0.34944028,0.032366924,0.0009279287
Q9VTG7,3511ab25c7134ecf6d5b9ca3976c5249f3d6d41f7ea2f1ef035a4f8869461d28,479,1,0.32233003,-0.03066989,0.035985608
Q9XU73,cef11da726ca9e728eeadc42b490aef2554b91ca5ef11085aaadcea1529d6385,288,3,0.15533708,-0.08799006,-0.08028359
T1FYK9,0475166315fabd3f7b497f217e679b004eac89cd5692d73cac1c105f47256764,261,0,-0.039339412,-0.19294873,-0.07994834
U3JU73,ced357c22fd1ddec029ad8d798f9eb5b4589670582cb95c3212ea17925b8f7dd,344,3,0.08002183,-0.06145657,0.041244358
V9IJB3,8ef016fa5c9cf52f9f42e296ea6710de41cfe96ba5dd58d54cb7b4bb72db2ffd,378,3,0.08854903,-0.17949805,-0.025891513
W2SIS2,780c2e09c22f1eb46710ca98406cd88780c4b6913c9a0842788dda0aacf6efe4,246,3,0.20066333,0.0027734502,-0.03269603
W5KB24,2f3166abcd746f68c3a1f5d0c032be4f4f5733660307b6e6b595092cda80841b,333,3,-0.03404733,-0.077051006,0.07637309
A0A010QXX9,3129cdbbed1a1c752ac3235dd6b7b39c4f4c52e780f74457f98348e7047b18b1,534,4,0.030481763,0.038421597,-0.045297585
A0A034WEA3,c028e9766d226dd55e2ae22734e4f87022092f8b1e3a91adf159d1e16286a0b0,318,3,0.118373424,-0.09619975,-0.01391372
A0A058ZWQ3,350b9ed10b8acefc0c70d76c6d36bd3a969d20d1d2ac9f7da8a3671b4abc785e,337,0,-0.16404659,-0.19814254,0.011005785
A0A059CVS5,55d1828b1167ae4b938c11916c9492127a67ac84f9ab711db4641c4aaa27e215,519,1,0.45407984,0.17426236,-0.14085396
A0A061H7A6,0c11510e3db084f939d1327555e6b7a63104dd2ea7769c069ea07a6a6339ff42,582,1,0.33114034,0.3163761,0.019020637
A0A061HXH8,8d5986f7909a87423b1bb416f3acbc03c3584e0d1b43e111b3ae21296a7a6c17,285,0,-0.31865758,-0.18780941,0.1710778
A0A067FGU1,4bc7d9ba34822cdb318d6b8c4f061c5c47e31e93a651139f12006980e487605f,519,1,0.45687413,0.16014493,-0.14183696
A0A067FJS8,a764cf3133460d5d877d355f266a63725baa232bd8acbdd3dd64d4bc1cff232f,335,4,0.009347459,0.019881427,-0.13011588
A0A067HFT1,7faa5146478dac51979833f3d465389a37c25f00dd1d952b4fcdb52f0ca9359a,337,0,-0.24074283,-0.1995255,0.052436642
A0A068NPD2,fccd66557ab38ef412ff2fc0ff6f395dce3c0ce5cb73f87093bf2bc536bdfcc5,232,2,-0.009024337,0.21651918,-0.07599074
A0A075UZU7,6f7429074ee399cf97084b1eb2dfee07c2c40b454a186ad79b8bf22cf09548c3,306,6,-0.23302248,0.30253384,0.054638233
A0A076MTE6,45d386144dce6f2d3d3b49443c4a33793b10d3f070287fc78a270ac2b06fd20e,342,6,-0.17932923,0.30083048,0.06256774
A0A076NIL0,86cd9eb2094cac8122e8b69df382ba3bab3e39889d6f81152cd59e010b34d9c2,251,6,-0.26106942,0.26979846,0.0036539768
A0A084FZC0,def1b28c420fb0d7e1a5c1e026d12b6e357fecf05a98d364245b0aa625d7df2b,552,4,0.0575937,0.050966304,-0.037341196
A0A087XFC0,0d8ec7ae515811e26e7dbec087d771fce73da6171a4c95a6818f3047dfcea5c8,346,3,0.11824124,-0.123229414,0.10807092
A0A087XFD2,926bf51fdc3bc9b94d6b3f1ad6faf4a962d5c88e7b0271a180ad4f7bd71f6b6e,402,3,0.10024263,-0.07524124,0.152802
A0A089XD34,80f582768f443c0141d89cae7d5bdc28392bf050f57186c5dc4b95c68aab14af,314,6,-0.3299539,0.28042904,0.09262676
A0A091F7M6,983dd4baa6970fc1ad5c3b2c13d3708042c6220aa6bb4e62954023f6ada5fe85,373,7,-0.028534386,-0.14432825,0.1708533
A0A093G032,7ffe5358d4da40ad5ec28676197abbffa2261ce29001ae1955c88a61610307e2,326,3,0.18117882,-0.09796215,-0.04362628
A0A094ZKB2,9badc67e30d22b0d9bb32425258b4ae1e862fccb70112bdc6717cc66161ca6ef,589,1,0.48090068,0.04668692,-0.22488917
A0A096N8Q2,0553d64c97b64f5df7c93d2f9ff0657ff803b98484a92c6d26abe8f1cf4b2555,353,3,0.19169751,0.090828195,0.09600426
A0A097ARQ8,ab4e6da38f4e2c077bf5addae8f4e3f2dcbc82204842bffc71e0b30dbeaf0126,206,2,-0.22859186,-0.14782517,-0.23536481
A0A099D783,7f10e2c1571dfaf0ee91aff0d88905de725e4f452f556ddc23753b9d744f9f12,327,6,-0.18254483,0.3408221,0.08400612
A0A0A0L9E3,77f9715b005c1c1c3296f48705209e4fd300266e29c95dddcae332ccc9d94657,336,0,-0.16322574,-0.15754057,0.065790385
A0A0A1DQM9,0a682fc3dbc37f88c82b668d9b539658616747f53542b0db9cfd3a2ee686dd32,298,6,-0.22737783,0.3680363,0.089799374
A0A0B8N675,9490f470910f0c7cc6c5724786d7516816019ef6d0f7825155bc60cb97c301b8,307,6,-0.2182813,0.2597315,0.011531303
A0A0D2LGI7,7ff09bbbc867f8c35a9c14a447a970c858c1243b4add2976b95399cc0e81089f,433,1,0.38757136,0.35192993,-0.057473157
A0A0D2QRN2,8991938561dab3fe9f3224a555b4601ea884dab57f8b440d43fd1b4d484b08a3,335,4,0.019170923,0.02670694,-0.1248793
A0A0D3D2G3,6b975f851fd1196960446db178af69217c12089b51908dece72fc2bf8c5d9766,521,1,0.456099,0.18233204,-0.14188153
A0A0D9R3V1,31914e7da63fa9b9cac4b11dbcdca3be571e0b654b5f80cb7b4a5fad34e06af5,344,3,0.115118295,-0.1161613,0.064851314
A0A0D9RGA1,192b4b4ff996cec9d662af65f5c3a56f09d5648f35f263ba7db5e6cf7807f029,350,0,-0.20883839,-0.16135426,0.08388594
A0A0E4A9B3,82395fa3d04b6c263bc96fcecb70037afac5f28fa5b94926b6d52035b3babd2e,313,6,-0.18766129,0.28114712,0.018334154
A0A0F6R2K4,19bfdcdc17fe408cc1f0aaaf46591ee94970d0342a8b410965ff62dec467fd6e,268,6,-0.06032085,0.19780347,-0.08554079
A0A0G4B410,f7f04c9aee066dc9542e9b0be9d7ec98e649f9dd27f3e893188f446270ba2983,239,2,-0.08175998,-0.099007376,-0.30832645
A0A0G4BB74,cbce45a4fc194ca63fe84a4aa402f364f159810a529e9159e73f55af25409b1f,256,2,-0.061930925,0.121454865,-0.16712444
A0A0H2WTI9,c73842b6644e73c017f0fb60f0a39c552d74ae7d625e0a3bfe45e7730893c8cc,336,4,0.12923892,-0.054936472,-0.24020608
A0A0H3MQC1,921a97a7956246a9c0f8c7dfaa71bf62a325503894e0bb16456c722d927f7766,326,6,-0.11852142,0.3329253,0.0042162575
A0A0J9V3B7,3659ac9c9afacde8e3fff5e72fbdbadadf78eca6105f848472a408575a8be108,511,1,0.26433057,0.12529916,-0.06412025
A0A0J9V8P2,556175bdd33848c3233c2378eac670565b151264c1a115cd715e7cbf0c8ca746,411,0,-0.15291521,0.028563492,-0.004543308
A0A0K0X6Q2,54ae9c8ba28461c26c9a961626d9efd7399e0b8365ea3ab2d69b803bc23850cd,319,6,-0.16621037,0.26825508,0.00019841234
A0A0K1JPI2,87ff9fdfcab64c004d907d2028b02db220ea620e221297c18e8b7b610d8d0872,231,6,-0.33366245,0.28886187,-0.03274526
A0A0K1REK8,7b5f66d4da9f39ac32e40a527d593759e73d1dbf53850d692757c3be80988295,240,6,-0.2147864,0.22904952,-0.024403077
A0A0K2TG74,61fa4f8c3741a992e747ef310ca07b61797672b58d3192641e5175e7f8cc9516,315,4,-0.018511448,-0.06701535,-0.17139778
A0A0P6J749,9c1e7485eac6846f3806f847b9b214ecdb1278b9e269cce1ded262b4da17d908,382,1,0.31134474,-0.04929175,-0.048506737
A0A0P6K6W7,b2ec6fe215637b9d300fc865a716ff5a951e4398569bc972979f801a66d159bf,394,4,-0.04477963,-0.072491206,-0.13688524
A0A0Q5VMC0,9c3faa90a6a2870d46b8f37b1c2fc5fa344016f13cb28d5c13535c1a7a070caf,333,0,-0.3620594,-0.16615991,0.07213208
A0A0U2M3G7,d0141c95c09d1671ecbd8dcb41247ba2035a065146a5105b6d9596bca4c756ca,267,4,-0.040430125,0.01110852,-0.109054774
A0A0U5BAK7,f47c074261576db00e0ab5e3094c69117a30a8212533197e545db1963276c4ef,391,4,0.019284151,0.27247998,-0.09554785
A0A120KLJ2,ce07640c8363aae21dfb784538534aaa08f54333e7f5e3abe2d99192a745eb80,253,6,-0.18840565,0.36232683,0.03504033
A0A160PR14,83ed29c0b1fad4351be8e492025c2eac81f63faedb330594a47fca023c35955a,238,6,-0.20586187,0.20721641,-0.053483166
A0A167E4U6,6edb498730626d8269faaa374da7190c615e1f2a1789f2804e2fff06ed724bd1,491,4,0.2191215,0.042618833,-0.15359862
A0A178VPL3,ae3fb43ecec694a0fcac2ad74ebceae6a0dc785e97aaad78660259695c90910b,520,1,0.45313776,0.16615473,-0.14064543
A0A182V4W2,060ef89e7b641ee6948bdcbeaa0a2f120ab9d297c639a4becee39b97688660e8,327,4,-0.15629756,-0.047433536,-0.11632983
A0A191UZR0,cd4b00de630bce0423eea0a07de978ec62be85105203dd69919d1e4b4e94a356,314,6,-0.3506297,0.29379407,0.097701594
A0A195FHX2,8d76912c981c0609f0365cf37240c29c4cc48401671f82474cddd5f69877bc7c,326,3,0.082493156,-0.21525136,-0.08114113
A0A1A6A8X8,df5622c73d2757110214190e90a48b1a8ee8685225374283afa86bf297896eff,430,4,0.12652013,0.08261806,-0.12290797
A0A1A8UDD1,2929f1c6e9c67ad8b7f89f621f154d6e6a1a925c7fcc5bf235a6787fda5788f6,424,3,0.24007379,0.0062744273,0.14602324
A0A1A8UJC7,3b753b9585f5aad1620d675a5a2817c0c0dbf3f8afb4f32464620ab3085e5546,320,3,0.08352652,-0.10108451,0.081725255
A0A1A8UWN8,0eb6dfbba9c746611bc9ab6e7d13894b55715d69136be905689ed63ee5dc9a9a,377,3,0.12851429,-0.08868835,0.0850703
A0A1A8V5F8,fab4298adb66fa87aefe67d35781561ad6444e24057a862cdcada3bc99415eeb,340,3,0.21152854,-0.029502084,0.018121526
A0A1B1BAE7,ebba5bee1f784a831b6192c953af00f9049fe5ac450c874b49ebb238ecb9978a,323,6,-0.31893432,0.2555315,0.07785354
A0A1B1MBS7,7cc34e186ee9e4f7fa9218ddfb86f637cf8fbd29d3dd477e537719bcaffb63ff,314,6,-0.31695116,0.21013898,0.041217647
A0A1B1Y801,4ab2b336feac88d4b8826dab5a1e00f2ed043b3abec4ebfd525aea735f73eaa1,249,4,0.059188187,-0.09436914,-0.3064918
A0A1C4GJC0,e54c7c32f6ffef7d02c60f0815e9aed5a1c56c2405dade51a933102d9d402d4f,313,6,-0.18970121,0.2806989,0.01893672
A0A1D5PAA8,62f20a371022d008f067d7c837736f2c53bb96da7188c43b903b93a852cff898,332,0,-0.22457477,-0.19538096,-0.0041004024
A0A1D8G2B3,f7f7fc83218625702490f11e0afd92e8f8806b716a233ac7107be573287c733b,372,6,-0.3085281,0.32216313,0.18679976
A0A1D8TZV8,8f5c721111953462953952a753c395720379b5dec8974f0b7e5419c0a1bdedcc,324,2,-0.12728307,-0.018759366,-0.1432903
A0A1E7N790,7802f9762074054ae0a442ca8db1a51967abf23d50589ffb00e36f4c0c87ac5f,342,6,-0.26785025,0.32730547,0.10830027
A0A1I8NP27,c4606208df647475979cbe5d6031f2ca581f6545d1a208b60592a449e54cec07,310,3,0.07513053,-0.1169402,-0.019209567
A0A1L3GM16,108a5ba6fdc62d4c57d45be04df9b992e69dd2ab8719a1ec662da6ee8cd5e315,259,2,-0.024642443,0.041439254,-0.24292496
A0A1L7CS05,35ba08770fab2ba9850c1cf843240991df8f3b3e5865a93aafd4ea67625e1fdb,249,6,-0.3088446,0.3500447,0.06580544
A0A1L8FPS2,1eab3a0266410bdc659bbded408f9e9252cf47937811fa4c13b2acc90ad644b0,355,3,0.11075169,-0.15629083,0.04444815
A0A1L8HC16,ba87538936042f6353aaddd5afd1bef54caf67964fdcc9b8e8fc407f45c3b165,349,3,0.14495766,-0.056869466,0.063031055
A0A1P8TJ40,5e6e5c9d17c6a535b34cd2af93e0406fce7ec7d3879e0c020c32eee4afe77de7,314,6,-0.37508756,0.27424502,0.11469007
A0A1Q2HVS6,aab0ce98937c19114cce97409fac05872cbbec094d85862ad4a1715954bf8fa1,263,6,-0.17692931,0.31066164,0.023493279
A0A1S3BPF0,7afccaf4be0e47ce452b12a9c51ba836c6e42a603f4011e058da846b1c303118,534,1,0.4597805,0.1638525,-0.13671872
A0A1S3CF45,a6e46a298d5c4a638a27e11bca5f2d2532ae63d4c65de1b60d207bf47664feb6,328,4,0.01598415,0.0031536338,-0.13432102
A0A1S3FUQ2,6121e2899c3c4162d315d9cd7f5f6b77f2855606f878ee4e1f9713aae4f773e1,352,7,0.17700632,0.16375105,0.16041338
A0A1S3FZX0,0eb1bcde0bd481204d4e5019e99a996659b2690ffd52b69d8dc4205ec12a9b55,388,7,-0.08371176,-0.122983165,0.27685264
A0A1S3G6Y3,624ccd016e08a03c27e9e0e7f28a43cb6eee1e2fc1fcdbd821894202814ed1d0,326,3,0.17886138,-0.109670654,-0.037270814
A0A1S3G9W8,dce7058b603f8800cd8ed269752753c9e852d0e2ce092916edbfed256a43f73e,361,3,0.1515262,-0.1761976,0.004255836
A0A1S3IFW3,33e493ab0fa42af65c92548a179a09f69b5bcd305d4eefbbf21bf35101f3768b,410,4,0.10288289,-0.024168914,-0.16614665
A0A1S3IRR5,330e29f994182ecefad5b850b654b8ac12c993d676ffe07d63d7140fd3be0b36,322,3,0.10599455,-0.100000374,0.05709801
A0A1S3P0T1,6449bf7ffee7492e6a0606249e0091833e3a1ef4cda557ecb5890126159d3763,399,3,0.16406877,-0.07529644,0.12283806
A0A1S3PAR6,eb7708bbcbbe56af6d911cf0ea7816ffc21c2994ee8c38a8630e5f082944d4e4,382,1,0.2937714,-0.05201441,-0.051480833
A0A1S3RSZ0,847d07a3750273b6360995b94aa1709c27de34145a4552a181c4ea1f92b9c1b1,360,0,-0.08568334,-0.29984596,0.06011838
A0A1S3UWC7,ae6cc3ddd49406d1ce51e99241f9f03e10d33a49b436b846b40ea4f3ce550d2b,519,1,0.4793345,0.15283434,-0.15805349
A0A1S3XAP3,7091358593cf34dce71a346172372faac576b152462026251c5abfc36e159941,307,1,0.22239229,0.06436844,-0.14023893
A0A1S3Z7M4,29acdc72c65cc58be654900ee16f1f2b7ef22ddfb3acea9d0e4f70ea60b7e826,334,0,-0.21700102,-0.215808,0.024224648
A0A1S3ZA08,9459b9f85fff743d70366979bcaa517df7eaa4de6e98a9dfeba45468a5137c47,518,1,0.45738572,0.17582522,-0.13701804
A0A1U7DBK6,32f41f15a1327f400d0c845792ecddc44e299af679ba9463e01fda339f74fc8f,527,1,0.26389584,0.39586252,-0.06719338
A0A1U7RBZ0,86a98d209715482ec580313eb26f359ef0101ea1c3bb4510669d993d1ba3c276,369,7,-0.048860446,-0.02496653,0.2518608
A0A1U7SJD8,a7dc172f27c92e3f4356f3758c90da8f93f86e6f4b05c0a6dc11977bfa303b65,374,3,0.17235199,-0.16318984,0.022184633
A0A1U7SVH0,0aeb92407ff38cf16a8369519f5a3c18a34e2b4b5e531592eb7ad3f355307708,353,1,0.22357336,0.1097725,0.10865674
A0A1U7T6E9,dae7a9447b5f234df97077805884bfd4d189c98bb06f853cf104d86fbf4c2e9b,348,3,0.15886134,-0.13107559,0.014172419
A0A1U7T7R3,1378947520da9be4c1167e77322be9fcea7860ae0f1073ee44fb89fbfe07189c,396,7,0.01991725,0.07455057,0.32954153
A0A1U7US39,851e5f1fc5f06800b8280df33639be7f3c476499bdf272caa7adfb410bf77ea1,404,1,0.46805432,-0.018041959,-0.068107076
A0A1U7VFH8,02572e28a78719f542d0e7e986b208a5da0bc0e0d07f47c21994fa0bb3ed88cc,518,1,0.45725787,0.17476991,-0.13841337
A0A1U7XR45,1bb2ac7fb1be951f33961dc5a6920ab7ffcfabc1eda83846fb1840a758a36d92,333,0,-0.22609228,-0.2058452,0.028579911
A0A1U8BS40,df22b0ad327a0c7044548c5fdd9eaa606cf5005a3eb0b0e11d27395acd3969e5,344,3,0.13322726,-0.111734286,0.058769148
A0A1U8DH71,5d277bd68ee4a331e0df30b57c4fd2af4e93f1bbed544d5abb713561e567be9a,338,1,0.28295267,-0.09306674,-0.053338245
A0A1U8IWV5,4de3e2359cd71bf49ef28f12d86cd4212e8b863a8c74e5f37ace503133d25df6,545,1,0.4922087,0.17526717,-0.1372084
A0A1U8J6D3,67be4fda0ecaca541e23c72e4bb218f721291a35f8e6f4b450bdbae85728934b,335,4,0.023674887,0.02055195,-0.12805077
A0A1U8KSM0,8d32ed4cff299fec7873b082c386950fefe89a467ecb666f3cf0cce7e6ab1541,338,0,-0.21185724,-0.19383815,0.021456221
A0A1U8L7G3,6a46f9567f7a76856fb6e6e2accb302a86b84d7d756432d58794417d825dd034,336,0,-0.20533003,-0.19185854,0.042759825
A0A1U9ZRF3,ab47aa8008dd44eeafad69255f4ac2e8d4b68dc12ae84000fd0ae8f3d41208b6,388,6,-0.40453085,0.2329878,0.0157239
A0A1W6LJC7,d74a723c21391382f6364967193593218850113f556fe7adbfc62eb073d3bc16,539,1,0.33143014,0.18435736,-0.19290416
A0A1W6P032,dd24ffccdd48c0a6f6e8438f8d2c7273167ae4a3abb9e5f1c3e881dcb4e74139,365,4,0.069052674,0.26326424,-0.14243995
A0A1Y0C0X9,18104c0a9741f05a023e1947fae5e9f8d5c444161f764eea5c443882de23ce41,425,6,-0.37188292,0.2278665,0.004310176
A0A1Z2L2F7,8d098d9f3a4e3da6af4dd0f5d92fb078092ddd64c9f3b3b1c56b92b816debf5f,315,6,-0.3828044,0.29622445,0.12615952
A0A1Z4V5F5,8d60ea8c9a13670c4c756babb43b00585d00be7936f24edbc00f9f7185524de1,470,2,-0.14045158,0.028330658,-0.1348691
A0A212EZ58,e5e3cbdadb6e9e19def017bf56756c008cacc0099b4f50f15a103011205257f9,295,3,0.09465711,-0.1741324,-0.069185436
A0A218UU79,50a243be2e490a8988f7f8ff7fd3bb92904d669a2152839d1bf258e595b3d643,382,1,0.30457994,-0.05768925,-0.061500438
A0A218VD59,75873c40fd544029a1665ee489fc7c740615d7f4dcdc663d01185d85b64cffd7,352,3,0.09636644,-0.12993106,0.057441548
A0A218VF48,a79b2ae6533931850b9600092e0eb31c95697681e77d05fa044b95ccb8002f90,373,7,-0.023884224,-0.14686541,0.16851862
A0A221P0P2,36678c5117060b23ea4b5ca6a265e41a0f3f4d6c642fe9afb43dc37edc0b3bee,314,6,-0.31991723,0.24431959,0.063345164
A0A238UDD1,1862329a204034754fdf15e0e8c4f8b84bf4e537f19af6fd83eef7a4e02203e8,379,4,0.117539585,0.004085651,-0.27743775
A0A2C9JPI6,c36c03fe45e5efbb541fb2f96c1260b0cef0ab21ba691052cd8b1c4603f4003f,311,4,0.14657791,-0.032438904,-0.16874838
A0A2C9JVD4,071e1a19f711cfc68bcae4691bf827cf6baa22933e0d3b928005344c9bed9c8d,524,3,0.24794991,-0.019227417,0.11658622
A0A2D0Q542,ff324d64dd184e9202abf1b4e045f80be9b4184d487fb5c0157a5a192ac819c8,437,3,0.18867584,-0.02413916,0.12598488
A0A2D0QBQ6,5b1277d5c9247f8d45897dad9ebf170466750b59631cae24a56a3fa0a594dd2b,349,3,0.10278405,-0.08728426,0.11293265
A0A2D0QGS2,ce42c4f52af191dbe101085ac36975944b28bf3f7c93149641a8b7701f43eaf9,360,3,0.04340272,-0.1742893,0.07891911
A0A2D0SKT8,e7677716a3a1127fa23fbc7a90c12e4ddac93712b8d784ef3b4ae9ee23ce254b,433,3,0.25680256,-0.021570858,0.19017917
A0A2D0SLQ1,7db6ff63472547b351424449acfa04f9a62e3edecbaae561aed237ecd580acc2,416,1,0.3614039,0.03355558,-0.013517381
A0A2I0MKS1,22f6e762aee3b80ea863fd10b7d55f370ed1c3a8e3a786c205fec0c60c22fe33,360,1,0.27093822,0.029113024,-0.010107644
A0A2I4AN74,d717027b7d525b7d856194b9655158712dd465fd7a4dcb1ecccb9d05c41445d9,328,3,0.17380309,-0.06817065,-0.014606656
A0A2I4B897,5f401c323ffb06898a855d8a3988551d67ff8ee3d0596cd540f732b943df80f6,360,3,0.12317219,-0.17234246,0.116711974
A0A2I4BXS7,19ffc6d4ab31150ae4b5f2278287fbb700bdd57230867d982989978dc3cc713b,371,0,-0.056531888,-0.08030296,0.11731703
A0A2I4BXV9,94fdb1127615d55038871e7defdf8c961a7b460ab9a5e9c68bcbb8c310367dd3,381,1,0.29853523,0.0035890387,-0.014462507
A0A2I4BZD0,da59074d68e12c60babe085450392dfe4c0ad00a27f448c25bf97a7699757905,429,3,0.24268144,0.010868213,0.164698
A0A2J8MLI6,10b32d9ea01e7ef91f94ee96a5823b528460e18267594458e8669ff88142d8ad,324,0,-0.30215544,-0.13321841,-0.020832049
A0A2J8RH09,a2b34ec81c59c39bd2e2e68308631fa8cb1ad8ce825f52bf8dae11205498cfa1,472,7,0.05910446,-0.095535465,0.17101368
A0A2K5KWH5,1209230042a75755e5d25e1ba71e8c55eb68488981a86a45b428d6529e1e9168,353,3,0.19047143,0.09677379,0.098928556
A0A2K5NQL5,3851666ab914fd0ea4f1f59c00a8f56a1b2085320eecd7371870fb81ac80d10f,401,7,-0.02703441,0.027176982,0.3282997
A0A2K5PDF2,c83c1a47421069ef29df3a7c6ac9f8fb30ac4365776f54fedf9561413ecd0113,350,0,-0.19957483,-0.17605107,0.06866367
A0A2K5R7R2,0e969487ddbc2b2e8cb96668962c19d9755406cc17e9be1bac88929144414e20,382,1,0.31243655,-0.053852804,-0.060519494
A0A2K5XA57,0e1402781d1a6bb84b1e691e87aa33d77e089316caa04c191e932efd6cee544e,353,3,0.19563577,0.08763279,0.09143138
A0A2K6D7F2,8a7b057adefb1391f01f96ff9073df7ec443d4fc90ae0f354ef63c1e8a3d01cd,344,3,0.1167631,-0.117501944,0.06553062
A0A2K6FCI1,4da1bb76440b2fe648adfb692ca8a7b97f3711fa5b645182ed98becaaa503683,398,7,-0.077951655,-0.10471264,0.29259044
A0A2K6G599,9c6a080d91ce8de8a3d50a8489c1512443897906cc3c94f5ccc95d0cc26e696e,344,3,0.1704036,-0.117566116,0.008956523
A0A2K6GE59,4f9036fc4b34c5be3e360cb39800a47075e5f2501ddb014e56c77a88e8bce002,327,7,-0.019187415,-0.0057718,0.24314871
A0A2K6LII7,636b2bb5503172ea8be1c61ad8d2642ff5347cde3f10fd0f8cb71015adf9bdd5,327,7,-0.0071112164,-0.032258034,0.2322963
A0A2K6S2V9,cb46cfc9dc752805b1a682a666067b5596f5ba7eacea1813340c090a95dd1b07,369,7,-0.07580533,-0.016199077,0.29370204
A0A2K6S4W8,00b0fc6a205c4e6d24050d0f868323ff6788c5b1ecff22567ad7891d9da9c2a1,368,1,0.34026325,-0.01975336,-0.050647326
A0A2K6S509,ee96fc251a69420f3c1005cd16f0040fcf509eb9052fe245454fc1b2077a2a85,308,3,0.22203484,-0.075419076,0.03127041
A0A2K6SN04,716684305b66e043f32121c0318face2d9621ab44aefc934c510c6c6ee02d26f,344,3,0.14453736,-0.12517144,0.050270926
A0A2K6UKD0,2ac4c06f7153f9a401ecc79e26151763ff3cc80f426e7323cb6df29be6b7ec16,327,7,-0.006639155,-0.025346102,0.22893558
A0A2K6UN43,f55e0f63e1cf4615f08da16c49f214133582610c4c92776268bdb5dd503af7ad,387,7,-0.09217507,-0.11414589,0.28664434
A0A2K6UPG8,07658bc325559be96f2055782b6c7964b25abe0469ade308b483c2f26784946d,324,0,-0.29712322,-0.13428253,-0.016695606
A0A2K6UWA1,9388dc905890cdf33688d8726e96c255a520421a151c2d2dad60599171b11895,346,7,0.091543645,-0.018365275,0.1542163
A0A2K6UZE8,2255203aac5ddd41bde9077fcdd0311d25e2b79442db1551e29c137ca30e9c10,382,1,0.31508583,-0.04857509,-0.057300452
A0A2K8PFT3,2a3046d0b15d157611e90b87c02d7e36bd862d2472a8148308ea9309b5f5a797,319,6,-0.35425326,0.2951271,0.117822886
A0A2K9E0B7,f1eacd7c0fc10386292de153d8bea290cb65d83bee4590ee378411192ee71534,211,2,-0.1518267,-0.07275284,-0.21859933
A0A2L2DGP8,f0a6d390dc935a40a573aa122c3b229dc6f04e72f3f5039589f3211b17969584,337,0,-0.11824363,-0.20043164,0.013637706
A0A2L2TN36,6c5aee42c055aaf4d6a5c729eb1612959497479363389b959c50bac364f4b398,414,0,-0.13375278,0.038819496,-0.0071526314
A0A2R2ML40,1365fdd953234cbb35d36bead207b24464ec344b2fc13c6e82f7f4f79813af5f,587,1,0.45764133,0.02733897,0.029454255
A0A2R4MYY3,7ddec58b07c4a733e04cbe8ade90417f0c7f7528f6667944d51c86e07896f888,229,2,-0.2870878,0.19187963,-0.056344267
A0A2R4N113,3af6528d53ca31a04852c1a1f084793ca1b9786cb3814d513ca0e3d0c1a0a137,209,2,-0.27233845,0.047356047,-0.14001945
A0A2R9AXY0,b8fafa0b535dd0f52994e3bbce0ecaef8989aa04c69f8d6131dbd3fedf8ce956,344,3,0.12213967,-0.12784044,0.06327322
A0A2S0KI11,94157caef42e92478f450909128ecd4838e919cffe3bfd8a059aed95823a2b15,304,6,-0.21292081,0.33694866,0.074758925
A0A2S1Z1M8,a787b452ab5c08e75ea694671a1ced3d47dd3c19dde5a80c6e8fa2b4efda7e7f,319,6,-0.35225683,0.29577366,0.12803574
A0A2S2C383,ae9119835809bfdf8b4b2eda63f7e20d6ab771153783ce71c9a73cfb04781086,414,6,-0.37928376,0.23501952,0.018078955
A0A2U3VX50,5975f1f45216cce9cd55a49fa6c3f9672552d54ecd39a32ba6b8eb57579c52c6,447,7,0.04322704,-0.09830292,0.17746976
A0A2U3W5X7,3353380f3d3ee5d525a0c96e748b47f46bae8443fe59082f6005e0952916642c,344,3,0.12391192,-0.1263362,0.054824036
A0A2U3WXS3,67b236bb1bcf84a7eb8dc379d27fdd919f6ff41d8d12ab7dd7187d060e64a389,327,7,-0.02308662,-0.020664504,0.2520855
A0A2U3XT85,ec67450a6f985bebc9dcc13d1c0c8bacf5965bb7f4d4f7751eba15e5174507ee,263,0,-0.3140919,-0.32260403,0.091982014
A0A2U8E4N8,a18427f5c7d676cfc9c2a9fce0b5318b15cdbf33fc8b9615641b7e0719966d9a,236,2,-0.07522597,0.20514148,-0.15275116
A0A2U9CV75,5aa22ee3031075b094258486a04bd4ca213e2f952fb2b223ac0228a31c5113fb,338,0,-0.19850461,-0.1344576,0.08407572
A0A2X4RE06,1ff9755d9576d9cef9bf6468a0a818e08468d6650ee60a6d4ab8be4eff262be1,243,6,-0.27378178,0.22712564,-0.011446911
A0A2Y9D967,c9f28c74d8b8489b6b50513c9182419432a96fe14c2d8ba17ba0369ad7d93398,387,1,0.3074749,0.016702954,-0.01285892
A0A2Y9DDJ1,3463fc2085de2871ab339bfd789f9e2d95526912eef6256e6ab16b2312af6ada,390,7,-0.08527882,-0.11975304,0.2818169
A0A2Y9DS34,7e4ed35263b4e74eda70d986b208b36fa4f6bbb8d2e3f04af94dbb16bc7ef50a,353,1,0.19180441,0.15650564,0.12172359
A0A2Y9H092,27efd6f56a78ff560d81e222752f2260aa55b0729a23e8719578507f973aff89,353,7,0.16664185,0.13165891,0.14502124
A0A2Y9H908,1749d229019e88c7490099562702e6730463da1128318b91864266cb2bb78eb5,344,3,0.13471162,-0.12328588,0.05631103
A0A2Y9JCN6,20a6c9ca027836ccb9db76c642535e2b414860549ae22099845a77b6f8ff1d86,400,7,-0.04099291,-0.123074256,0.26317582
A0A2Y9LZK2,ba5b05bacaff6b9776411a7730f93738dd88f0e347e03d1eac2c3cd4a7525b9c,396,7,0.019428171,0.073737234,0.32268354
A0A2Y9MGH7,8895004e40c025694865beab171e4383d8a98df0ba82567054855b084fe2a5af,350,7,0.10104653,0.00843298,0.22163175
A0A2Y9MKA1,e8384e3e000ac81895487ebe17953be37fb9fbe4b0eda28f366e3fadfc0b9432,466,7,0.051851332,-0.04106359,0.21692514
A0A2Y9NAG8,cdabf82529d723a0fd923a938dc1f15729b47c2b5750f9bdc8ff498066102667,404,7,-0.0049790666,0.018510234,0.32553527
A0A2Y9NHX1,65ece2d815150f9e940da82afa7aee4fc535a72bf9345198db31def815f3af0e,371,3,0.15118742,-0.14780302,0.022348471
A0A2Y9NZN0,220006bea91af5cc0967055f8f1d7a66ed6192b54fddd6b5c6f8980e76fb5f80,393,0,-0.1197879,-0.037922308,0.15480186
A0A2Y9P671,41b2a6c5ee5aae36025d362867963750b26e5e6592696867042c2844da45b98f,382,1,0.3126422,-0.042878162,-0.050974198
A0A2Y9PH73,bf6a68467a64915f1328533de12d068abc2f832e2cdae0a916282fc477beac7c,277,3,0.22138716,-0.054220513,-0.063587055
A0A2Y9RCL6,ecd214409aedfa0bde8713f9c9d29d5516135f2e723c0974eb8eb23c45edd321,333,0,-0.28721163,-0.15485597,0.052010447
A0A2Y9SIB4,499556c7668ece5d7812fd8168dd199b6931ab5a6050e0e2d8edf3ea2e4ecc58,344,3,0.14932482,-0.09902163,0.05744429
A0A2Z2J4W5,c1b8ef28a3dd92458d779d160f8e9fbb9efc0a85be32ac09de57aaddaec5d157,244,6,-0.2510685,0.2253678,-0.031198697
A0A2Z3H2J1,4c17a9624372c71c8c7b4161f4cf6b953b88bf656afcd7795fd871efa8f21628,248,6,-0.16736332,0.27730808,-0.054707456
A0A340X864,9157d7d029ded6c95b628bb5a7c7326c5fd874e241979f5ead6be69b32e4ffef,382,1,0.3126231,-0.039763812,-0.04990547
A0A340XNE8,874be67cc2fc6aacc717b67f51f0fa536c7503ac27641779c3ae0ae62ff0995a,489,7,0.13797376,-0.008360883,0.20135319
A0A340XP37,d24504764e1f26dfaf99e59f627626383525bd214cce57f30568100f81e69f89,338,7,0.085290045,-0.006312111,0.20168552
A0A341CBA9,61bb63299e7ef4e6a235b330405ae8f6938621a6850d5fb5c589c31655e7aa60,389,1,0.34928405,0.022829015,0.18856682
A0A341CH81,18a395f04b72c58dc6f39deec7656073ece8c1edbb6dffaec3c52a1001856ee0,396,7,0.010261444,0.06711735,0.32353556
A0A341CNB5,4f37b58cc02966c0dae03ee6f3f7a98bf040106577de5b6d767523f07d3e3ee4,369,7,-0.07483055,-0.016691824,0.2924074
A0A344L0I5,6ba032820e89ed7c38c5cf99700f3b5a16e5af5209e19c2a267d1a071afa344b,340,6,-0.13923837,0.3704743,0.10589984
A0A344U7M6,476b0283e9d1dc29eeee0c9218243339ad706e40d8c376514974149479b87c21,325,6,-0.30834225,0.31373203,0.11905261
A0A345NSV8,9068abcf2df92edd3474cd3fcb081c8b74582a926cbbfd2cf262d4e215aca58f,282,6,-0.21456712,0.48013318,0.12634866
A0A345SWV8,0852c8714192de497b914c8d79424198ff375a10ee5bb60f4d79889825013d2d,334,6,-0.2996268,0.33239907,0.1275518
A0A345XVK3,2af2ec795a439671ad36173711e5197d138efd9450b39c009ca7c4c719fda483,441,6,-0.32781705,0.36508328,0.109447904
A0A384CQD7,03184fd037047cb9279fa97e5c274384952e05b198595969984b2bcc5d923894,388,3,0.19627781,-0.15703414,0.02483144
A0A385DB28,511e2a9242ac27860bb540e24bb60e74b9aaedb2e0ecd1d76dd6a94c641639f6,339,6,-0.26848125,0.28600734,0.108676404
A0A386ZKS1,3b5c327cc46e012a8b68e1e81395ac1e41fbb8530900c81d9e4204eb1a90371e,414,6,-0.3433351,0.18803753,-0.03192409
A0A387HKX8,31af048ff2635baef185e9453e92e5b24f1ac714ba6d2a78a66a599b7cecf4b3,315,6,-0.37357187,0.300778,0.11883897
A0A387HLC9,3d1741633b2d87da795d6d9782a5f50c9946ad3611e155adb1e1a8a0f3059d81,500,6,-0.26599503,0.3412764,0.12166434
A0A399FZ43,9380a0ff06010f650d07a5c5c8a5f120e8f6dba49b84cefa6c1b6e369a2cb98d,272,6,-0.18741316,0.40717897,0.06509554
A0A3B3C9R3,453a84b23e30d4166b923f9d8d38a5a94ea1724e6db6be175d598833c9b2fbf5,383,0,-0.065333106,-0.06580273,0.10280494
A0A3B3CH28,3927b5a29e27f8f975baa2254c6d07f82d0d9c3b773d21301d303955ea744840,397,1,0.2704113,0.12579846,0.20845254
A0A3B3DDY1,fc06aaa3de1988d4814bd0b1ad84bfd2f4a97c5d39a55e51ce5f0e37a3e32479,356,0,-0.15321018,-0.2883612,0.12033848
A0A3B3QND0,fef36096439764208e07de17c526d7ed3e1c1e2d0d8f715f0d061bd0c33d3a38,324,0,-0.23621307,-0.108114,-0.021149354
A0A3B3QS74,46e918ef4cb2e615d09f4e0493a8ce5130d3ee417eb45b38aff4813c7c832fbf,384,3,0.15815933,-0.109864876,0.0933587
A0A3B3TFN6,1f75cb9e5bea519324b9002bba9a918269a4c417f0d053ade696fe409e490204,367,0,-0.112431176,-0.24305247,0.16323246
A0A3B3U8P6,264aedbf86c7fbb4eeff65a545822712b5e8354d41e2a6eaf30576ac91f352e9,329,3,0.17713699,-0.08265736,-0.032054108
A0A3B3VJH6,e39c9cb333e9654045e38d2e5b8745e1b98baeeaf6f6f08695db137edd825cd0,337,0,-0.23336141,-0.15733624,0.06898981
A0A3B3Z2Q7,22cb0759aeb5cec9febbf1ea6c01a7977f3d1b29567754ff9930943bee87bfa8,391,3,0.10405516,-0.07360925,0.14676088
A0A3B4UD33,58de9ce37128d73cedaf4629cc1d138917133c7a5c25bca0fc6e986530e01557,388,0,-0.048354425,-0.0806876,0.09936367
A0A3B4ULP8,2039b8ee16509b0b04dcd13cd3c51b7f6dbd1580c3bc19379a61a16289c4a8de,321,3,0.082980804,-0.09678316,0.09404385
A0A3B4UT66,16af0c9f00d959ce2037b4172a39d15cdb912cfcad954d9f07b0e6e0d39e68e3,378,0,-0.10627494,-0.248868,0.14604828
A0A3B4V5R4,91ac91deec708e0edb367f92ab39690b70c4c345a49c78a19f79613beec72f35,387,7,0.006429175,-0.028955335,0.18046378
A0A3B4Y753,aba9698076b5832e24483b5301819f88f4d24a0a09a422c90d25a4e865990d65,348,3,0.08972051,-0.084365845,0.122578874
A0A3B5K480,6b81fcbf7afdef153d6a7809207a3594a82f8f1ffdec9cc2dd748d6e064f8b86,365,3,0.1773356,-0.1573514,0.006227689
A0A3B5QFF0,1a26848c6b09ada25f237ae12744a8192b49e7e19b9a3e3dbd81954795b0f0b1,350,3,0.12687647,-0.120347045,0.09851717
A0A3B5QNP0,b9748c45d8b8dcc7f67a1e8f9c9b4e8dd524f5b94a29da805b75b7f2172b54dc,368,3,0.1400118,-0.12344834,0.08713609
A0A3B6BZX5,f1743fbf55ceb7c4f94877a2dcbe08d4041d6112155df026f2eab67b70233507,319,0,-0.13378285,-0.07680198,0.024813661
A0A3G8JV48,e1eba6b481544a3f19e8e61a73ba77e17ab27e14b62a93fbcb8a760f6fbf0c9e,347,6,-0.058781654,0.2548679,-0.017797293
A0A3P8KDV4,c010f6adf3aff9bb4b09604b8484b95c7e24a63ad734de09e4dafd3afe11a0ce,468,4,0.02501333,0.130058,-0.09622527
A0A3P8UJL7,a7e3a38560ea4a41cf0604acc519a45f0e2195c371edcec0c4e1410db4d4b7fd,412,3,0.26994258,0.0025758783,0.09095107
A0A3P8XZ71,a9578ceafd35a85e8e093ea75d2ca6d71486c589d711060c922f3dfc825cd2f8,448,3,0.2643316,0.019799612,0.21099867
A0A3P8YVQ1,aafadea44c620bd0b961e9f970b7c7818aa39fd6cfffc1cc3248a8fa25e9210b,368,3,0.16474912,-0.22141369,0.030030062
A0A3P9AN76,627b0595dfc1f633004a91d6858d88288beeca8cefbabb5fbc05e2b1b5963b8d,394,3,0.123586655,-0.21663189,0.06764079
A0A3P9CKX0,113610bfc282217289b39e67f85765abd6667e14d2a1894f0429a52f2348baae,379,3,0.12427858,-0.0860293,0.096490934
A0A3P9DN24,675a70840f2e4666d6f0347c365b352b98b3b80186c3ad87974b8b52a3362c66,381,1,0.31033048,-0.008795061,-0.02238426
A0A3P9P551,11fdda836fd6d780b7df2b6fdbe3b2c9b3d4aa13f9461664a1458aa7cd381570,367,0,-0.103681505,-0.23962003,0.17041482
A0A3Q0E7U3,01b4afddc461e3b21b5236ec339a726b5c35c8939063f4d51214d7f144da09dc,366,1,0.34696496,-0.027760062,-0.03780632
A0A3Q0H1H4,d93da154555be7acf55341dfd9748bd114424b79740cd4a8cc2ca4a8e9df262d,331,0,-0.09807134,-0.11510031,-0.043676395
A0A3Q2C7C3,1fdb3f02c687e7b4cb90af53461362963b7cdc7e600cd499db5d86ad941f91a8,382,3,0.056034595,-0.17262442,0.0935838
A0A3Q2CR71,a1e25197b7d6f4f19169dfb50f730d8bb435d3e18161585fc4fcc82a09d06e08,496,1,0.3880348,0.012755461,0.12658282
A0A3Q2CSM8,f1f6822b6e62f0d1a6a869fe37c825dc7858ce2afee80227d835b8dbffcc40a2,382,1,0.31374884,0.018858086,-0.008950217
A0A3Q2DZY3,fac5ce2389388f62d64b789a5240007d51b5cd32d9cf5006c6f380b3e71b23ab,322,0,-0.3026733,-0.13756432,-0.06696652
A0A3Q2XVW6,68003e89ed35eccbfc479d68575812621cc6e5f6d127a92cc4a2a2d188e28f83,379,1,0.28482845,0.014523827,0.010194971
A0A3Q3AVG9,7d1b2fb1488184ee70af38378c010b2c82258abb2319d572377bcc0fdb639306,337,0,-0.27564707,-0.12191667,0.06761013
A0A3Q3DQT0,0a8f72f22dbe02056e2ccaed7cdd3d864571b466cc3d04ea476df81f56133ea0,328,3,0.17448261,-0.038830876,0.00821661
A0A3Q3GMA4,21d5f2b2c945e2979b64f26487738c10aaea3432da318cb2353d64ab4a2331b5,351,0,-0.18245499,-0.2852105,0.13071546
A0A3Q3JCB9,725a6ff17e195b86734aab5bdee27696f95d6a3e6c57d987ca08f583e5161d26,413,3,0.20894164,-0.016024599,0.18785162
A0A3Q7RRH8,485e1e365e051c0390a595340f64f5e8629e6cc6ecb26386fd5b18ab0096ca00,398,7,-0.041108124,0.035200942,0.34485698
A0A3Q8WV89,fb00b69d2be5ac2fa4dd96591edf58a8e457e39fa14fecb01a21e0c194eaeffb,256,6,-0.15564904,0.27442104,-0.034845382
A0A3Q9ETQ8,64d57201e16b8bacb91dfb083b7e3c4bf367094f8573b2b6b4a92ca6b88f822f,314,6,-0.305091,0.2081817,0.031120615
A0A3S4VBI6,d3788c12c831251461bc6728c98ecf6c2e1219dccd2bb233d902736a1ce4a535,294,6,-0.09666865,0.32060015,0.025941817
A0A3S5ZPV4,39c10a7143dad7788fcb2b34e38e7024a82d5d71b1f778d4d5fc9c3f4798d0a2,382,1,0.3119075,-0.055582765,-0.068991326
A0A3S8S1Z3,eaa988ac215c83b0c5a0e6e625385d0e2282dd5081e20d5de333315a1e966db7,352,4,0.13490264,0.14011113,-0.097430155
A0A402CSZ9,f7d651d441ea43439d3e35f6c99b4fba115bf77788e197c0491392d69d12eb6a,253,2,-0.21419235,0.19850734,-0.09958152
A0A411YAR0,3079bd871c7f80947aa68ec308b99bb3759f6ae84ae6366613cf584dc8a542e5,324,6,-0.09826732,0.34783623,0.044654503
A0A448HHF2,6d6783ea4d60adb999677eda1dafc16f504aa5ac180967b1dc874732f130f96e,276,6,-0.14284058,0.38848597,0.056352396
A0A448KA32,4e04d37d9f397a754b04009f2333db802a08236e6f6ccd09ece2253b98edfb4b,292,6,-0.111078314,0.3549516,0.04279784
A0A452FBR5,ae10d7abfc70ebf0b4cbd58111fcd814440703fbd7d80043bde6467fcda09a10,344,3,0.14137639,-0.08428409,0.06542083
A0A480PWJ1,a8c5a71548e592510387365d72c2a1cf0974cf111558b8b8fc71bf04cf5644e3,350,0,-0.22626649,-0.17281678,0.09810048
A0A4P1RBR7,ef69241b78dd0bda9e3b06e6496091d7906ebb0aac51fb81837382b95e758761,333,4,0.038886156,0.014270164,-0.1466306
A0A4P7L0F3,6f2b0a138ab52aedf11d4654cc53995b02917cd008720860f42141c0debb99ca,347,4,0.13078777,-0.0502916,-0.27137917
A0A4P7U9Z5,8ee2df0b063bd43b13ebdb72ea09b14ffef88853ee2c83972a555c0b2e767f7c,306,6,-0.21356978,0.34693986,0.06639183
A0A4W3GSJ7,87045fe78c0a0a30e343ffefdf885b35713c3ec02a48f8c846d2b8988f609bc2,389,1,0.3238409,-0.043714758,-0.05910458
A0A4W3GZN0,5c53f29551e8e40615ddef67b8c2bae226df088715d18649493a5730b7249b16,365,3,0.23708226,-0.10624182,-0.024668094
A0A4W3JI95,24025f4dbd6658b7190c5103d0351f69e4a70d1b94113b9b7f79aed7492531e6,318,3,0.21987714,-0.03676626,-0.050082255
A0A4W6BX72,6eedf54f6a99c5b1d0309c889410722d474f89a57bb02b71f3510abe2053f504,397,3,0.16310896,-0.082028575,0.078414224
A0A4W6C6F4,a6d30a10685d66a179c3b9df84b5efd4942a666ce884dad8d935137722b7697c,382,0,-0.11817241,-0.28323472,0.14030246
A0A4W6CR48,6563f4295b076184bfdcacace1359223e864e89eb6bf6fb7d85a5cd4f7d50fcd,394,4,-0.03402285,-0.05003815,-0.11148736
A0A4W6FJ40,54d61515c6ea317e7162d7d27bc6a97b341dabfc20a5e02eeee0492c4e98fdc3,328,3,0.18485637,-0.085031934,-0.037858624
A0A4X1VRF9,f06cad00d7ba78273696635ba3e002da6aea1a8d94d3beaedec9c9f48f147065,327,7,-0.010386543,-0.04009679,0.22640254
A0A516NFN4,4ac436ccbabf7aa99234b6ef517cb092a96e3e767eff2230dd9f1d06bbe18c82,309,6,-0.14682594,0.32081237,0.0139304735
A0A516NVI2,cfc7360bf0cf01e39aceef01030657ae2864394c7b89fe426ba6f3b55260475b,415,6,-0.37489533,0.2753654,0.0278642
A0A518BQ14,45976041ee5d11be0319f0741edb9d74865a125074d2b0a00dccc7e33b844c39,288,6,-0.07284303,0.36463732,0.026291216
A0A5B8BYU3,296da64437d1e1dea3233c2b79a7f7e8b5540a9d67bdb7e02b99c3a77f0f1ea6,268,6,-0.18694305,0.3594432,0.054900043
A0A5B8J876,09e00a288fc4cd4863a5d952fc954cf759d330b1f7b0cb58c76674bb0beffe05,316,6,-0.35635054,0.28819335,0.11252769
A0A5B8NR85,aa21dad03da712b234f5d0016f092e22b9575e3d7f146288afc5b4b19050e136,470,2,-0.11665996,0.034665134,-0.1300495
A0A5B9EC64,012b8278fe43dcc91619e3bf35d1d386697695fe8dc5fe33b826c934c7469192,270,2,-0.03748423,0.23360355,-0.12068889
A0A5F8H6G5,1d49ab8d877203e42c631340f608a7dfa410abbad75f1be331d238c7fdd04954,353,0,-0.13338971,-0.1635389,-0.00029600252
A0A5J6GI85,a47ab923684c8270f92fc8c8d8bcfe5b9dbedb0340db37b0da5bb752e96168ab,314,6,-0.36109444,0.274482,0.11108188
A0A5J6I139,ae44d2de06dbc497690c7240c16445cc5d1854d2ab0106868fcba533b144fa07,314,6,-0.32853952,0.25042787,0.06916797
A0A5J6I6Y4,b351cf8c3282e269f7d9529764c6f98bb59848ec98de4f5f513298b558d14b0b,459,6,-0.31331068,0.29162174,0.079180785
A0A5J6J657,e4896929c13777ecbe5e681dbd89df4f29a92301058243aa8780d6da10cad99b,422,6,-0.43038252,0.27559626,0.09133339
A0A5J6V9Y9,caf7e9ad5dc2e8845a28da587858c8e27775287619a89a4ca409a4dfb5a45a70,284,6,-0.16073854,0.39118195,0.05185518
A0A5P2UQN8,d520b2f6b97fbe2ceade6f64683be5d0c519abe1302ffc47d910fbdddd4e556f,430,6,-0.422379,0.31087768,0.115196854
A0A5Q0LES4,b196ecde0934fd2b91d9fc43d8216d7b910d52be188868e1193a5d10b0c92dec,530,6,-0.20579584,0.33806983,0.11811434
A0A5Q2MG80,484ff85c3541e9aa9bc23adf17aa246a2cf269994a8f4550ab890c8397e85143,409,6,-0.32485995,0.2785341,0.0007032466
A0A658XV99,90c406b8bee054196ef5d970b4e4116929ae717e9df292c3930fa22e5c059619,335,4,0.15290123,-0.07911229,-0.27468193
A0A663EM09,ae3d91306b426865bfb442b3f30257e349d8668f0048a3d295dd2d55ad9bd2d6,468,7,0.18282057,0.031474587,0.29634774
A0A663F194,c73af0399d7e7ab0b1a61073817f9ff487eaa779b9bbf67ab632915da96e925e,354,7,-0.29731625,-0.14319722,0.2980693
A0A663LMC6,9ec52b0c55614d23807eddfeae0bcdf4c913ef788f6bfc6138c285b1c6c347a1,352,3,0.11350565,-0.12853085,0.05716133
A0A668VVB4,3397a482f500d57b667beaca6da138e7b2f05fa23facc2a1f10fe211b2e3b558,379,3,0.12538147,-0.08888975,0.08197622
A0A669P2D1,afdc89171075575311c55de925c90a3d7824a22f8c82b1f8ae44c83f84c81f97,392,1,0.30963138,0.007932864,-0.009603193
A0A669PQ44,eec3ebd461016231cb3bd71389fbf400ae9a957f242842dcb5535371513df01a,319,7,-0.08332564,0.007119735,0.25569317
A0A670KEQ2,0d82fe2cf7f85215355b0739c24ab8f619a035b86c1eaece8d1f7c1cef4f16b4,425,1,0.29819384,-0.06357011,0.012799016
A0A670XP30,8bf8dda87c019698e22591d029682c7d55adbe22f57b641a8a84c0370b06ffd3,409,3,0.06280556,-0.17680079,0.044619713
A0A670XRD8,24924073da3b6817c4c6dcc746ae04cf45fcc4d9045daee63f041a133f1dfdca,371,7,-0.027351948,-0.12323268,0.16904408
A0A670Y5M2,bb666677e19518b945b94cf3638c79ae8a5461fe35f06c9be1d4a1ad66477021,337,0,-0.2830811,-0.20478016,0.04608493
A0A671EAV5,1d0d37b640d50a9d6c6868cf99097d4dcdc6bc6c2c11204e51ab58c87f446665,327,7,-0.024514072,-0.019136753,0.24379168
A0A671G5E2,5c40a88b97d887c9791e19ea4dc6906d3e0cb09fe3e3598b1d875aa05f27f96a,382,1,0.31538278,-0.052669656,-0.05736464
A0A671KM44,36ca188b7fa7e46ec9bb9c3ad82f0120ed6633e21f0e67910a438f19a8ced9f3,351,0,-0.1505177,-0.27430573,0.12624678
A0A671N7F3,e7e30886580d6205a1f52e1124ba080461d2129f07828ff319ef1a7885ff79a4,377,3,0.06521879,-0.1597724,0.10038172
A0A671P258,0e1454770f18eabb39d72c1dbbcd60bd12dbdc79f2d98a344a48ad5725c1dc70,331,0,-0.23035066,-0.1487219,0.05405584
A0A671Q100,4fed2aea8cfd53cea1b862bdc12f897967798c7c83d8f8dd6b491f8b35586565,358,3,0.07653666,-0.12497056,0.059942733
A0A671Q647,c69c99154004ef186e867d1c4192d9d043ccfaba2b53e7a3954a7e6d4f8a162a,353,0,-0.16174285,-0.27238825,0.13216151
A0A671RXX8,bf6d546bc7c3f7a328e7da7dfe1626fce5d2556ccde28fc03caba4e2b3032b7f,330,0,-0.19912368,-0.111608595,-0.076312914
A0A672JXX3,1e5b2ede9a04d3cabf0cde5622d31f3deba31f7188deb2af7ac71084481924b1,381,1,0.30376074,0.0009818258,-0.010065296
A0A672P5D5,2c7fd1d64dd5cdeccc4cc67258e1036aa8fe52bdd3b3329e66e8387446ad548c,330,0,-0.22302033,-0.11983623,-0.05440567
A0A672QBQ1,ece9d5ac7339dd8875a2471614dc92bddc492e2db95d6782fe0f43b7ce57cdaa,334,0,-0.21828511,-0.16571945,0.037440933
A0A672S0C0,caeb9cb24ea8205621117c442b0b54b7043065e9268a377fc82d2596c3e5ef6a,369,3,0.007958655,-0.23754175,0.07667551
A0A672S5D8,560bc0ee9a806cb79531cf19e354c516d577b5f06c2fadc9be3219ed2c3d12de,322,0,-0.27784017,-0.11222099,0.09783008
A0A672UM39,59fb5738549ad522aced9dd81d8b132b5451e29607b29b23469e69587c1dc4f0,352,3,0.23008914,0.01751278,0.051761217
A0A672UQA5,3db1d4b504184ad9eedc497691c95d0db37068c6a3e4d74e1c43dbbc41e936fe,373,7,-0.027943745,-0.13580485,0.1737021
A0A673IWK9,5c406950464b7df455bfac03b0740c25cd6b8313a89762ad58376da1ba74a6a0,377,3,0.06787093,-0.15358838,0.10185995
A0A673JFL7,b64ce933510be651917d02714f0476d94cb62d93731ddcb89bb31180f882f6d6,381,1,0.30408347,0.00043274325,-0.014477947
A0A674DEJ0,c848532c3fcc1bbbf8cca3d1120a12a8ba652b190d363e9d1e1190b2204ba637,366,3,0.014564203,-0.24910393,0.08611205
A0A674EPC1,b1b1a5d02f2b7060246862d21862b386b17efd466c8b4ea6c0511d44d508100d,545,3,0.19132712,-0.021237424,0.19334267
A0A674MGT7,47ecda54a986ed56ad5375a4d1e99317441b1fd8b4dfa7f461eb72f757d516e9,347,3,0.112246715,-0.16211797,0.005861641
A0A6A5G334,8b49a20e8da4fa2f8b46e5f61aeb127f6d1653e440638a61393264bc9418cce6,447,1,0.4722171,0.07215438,-0.15628546
A0A6B8VG57,60db7426c03b3527b2ba4f57a02b2e7feb332f5a6ca7b58c1b9ca7347477c987,245,6,-0.3129756,0.2569665,0.013941732
A0A6B8W6R2,5fb774759f6e78210ab15d4f704a9cdce816a113ee0353d8535450ed1a7e8175,246,6,-0.2798632,0.26221013,0.010032754
A0A6D2X685,68bc15897ba7056075a327a7e333bc6ca4a602a796610f2e0dc6505ef9240e3a,353,3,0.19601026,0.09403705,0.09723343
A0A6F8YMX7,2dd7ed96bb95d6a734b98313369950e48a253a6a0ce274a20f6c746d04f2b409,409,6,-0.47496623,0.31457922,0.11066334
A0A6G0I8C8,ca0eb1225f9f29d39fc35395ba82168f8b55b974189e59709a7b69f18e201f44,322,0,-0.22842945,-0.09971162,-0.08430086
A0A6I6F7E5,d3c326b69329b467d3dbc54dfd1a1854f7801de095ddcf8f9d71dcebbe0586c0,314,6,-0.3601188,0.29033786,0.11350013
A0A6I8NWM3,f5cbb43a123540b15565c630e098521d8bfa8f5c453da1e5a4153a924609591e,350,7,0.0039928937,0.18614346,0.34833637
A0A6I8UJN5,bd01b8b41323da3fc059aa69900f036fcdd432a46b38c79b05c3ab8f60e3b723,326,2,-0.23875056,0.007834179,-0.069157116
A0A6I9HGN4,44cac67ed4501b76004c5edf4e0396ac21e2565263e7838a32ba1d12ce882fc8,352,3,0.09681602,-0.12953454,0.07574735
A0A6I9I9V5,37887f322a6584dccb9ad931cf0c8586c089f9f3dd7c3b7baaf91c9e07fe2ad4,382,1,0.31079352,-0.044843484,-0.054638483
A0A6I9IR85,1679d82e4e639b5eab64fd92aeb448bcd4276ee522780717579149a491e15ca3,400,7,-0.05952225,-0.11218846,0.2873306
A0A6I9NPK1,e46bbc8e6150fb79711e47b2284e7e9fe0f5d113dc6056386515e9c8060e544b,268,1,0.28718147,-0.073981814,-0.059172977
A0A6I9NQC7,fae83a91d0eec5ee19d6a73597641320a3ce07223913320e2fbb43a25d780eb5,350,3,0.06331225,-0.22418241,0.07626685
A0A6I9PY01,d47372908c0c252a8d3253e5ab8e2573ef2b06c035c5ffe405c2d1a2bf31acf1,355,1,0.3622271,0.006486404,0.015578095
A0A6I9PZ60,88a4c7afabbeff53fd6db29da6a0210e344f0f39c929544ac856d4a022f89cae,348,3,0.14118518,-0.08914636,0.04231639
A0A6I9RCX0,5705398dd5477ed9cf66c6db5a4198be80386f5a3d528eb7bc3918f833776a63,337,0,-0.11038251,-0.13300602,0.066729546
A0A6I9UBI9,a1f200f89237d8a9b0e9f3e97f8850b841f93ff92975c4e06e1f6f2ae1ebbb25,333,4,0.03589386,0.06678107,-0.11366698
A0A6I9XFL6,4e769213315faba85756f4e679c0193192416812293091268ef216360fce76b4,344,1,0.3002345,-0.07196241,-0.060072917
A0A6I9YNM8,23add0bc794e9d3f8da763c1ff77a6a85e95b86f1b92043e72a4f8c7046e8160,413,3,0.061609905,-0.14900132,0.070788726
A0A6I9ZBI8,7ce16852a079b0255e9ac88a748a25d54fead1c0753a1cf99ff9a52409b859c1,367,1,0.36913803,-0.075835384,-0.08509981
A0A6J0A8W1,389a13fa6863bd6848e6ea68cab3876b7517905f3582baacedc635e50da8513e,370,3,0.14460698,-0.17184578,0.029565021
A0A6J0TXF0,7e7056492ca92773a08f2d69348a19384e7a8ac6030c4dbe02ca257adff65ecd,507,1,0.29587093,0.005978502,0.172508
A0A6J0YSC2,898be3ced25a9e2315b67b048f5a38b29b2ffee273538924c09fb16c721dd0f3,368,3,0.12925123,-0.16179729,0.014043373
A0A6J1F155,dab2bfeca30d5b92a52af32145f6e4a845723dcf12c47c8175b76619b8addabf,529,1,0.46885535,0.16433032,-0.13960926
A0A6J1JB05,43a3e1c4ad70880953f193a3ecfe57cac08c11e18133bd4c49dfd00a054b5b1e,529,1,0.46104288,0.17064042,-0.13637793
A0A6J1M0J1,c879d19615112950f39b3d19e5121b1a3df83edd5855af7532f348e045a13662,311,3,0.10667715,-0.15324372,-0.046179384
A0A6J1UCL9,e1ac406d61126eea75b98ab114f590b0c7250e7b7535b08376a04d6d5a243922,340,0,-0.18278489,-0.27326345,0.16443472
A0A6J1UDV6,4bd3ec16d2018312d5aa2e4f1835cc691129a0fe6772b8fb15f68a2e34f9ffde,328,3,0.056067895,-0.051195905,0.1333522
A0A6J1W121,cd362db85012d010feb786a0a957a8416a08bf9e600e7c1379bb91f8d0e77dbe,439,1,0.3446748,-0.036383234,0.18795997
A0A6J1Z531,b638d2107d60592e02dcac2e54786c2a11038e72970d96987db24d136595f8e8,326,3,0.17774914,-0.10416346,-0.03756656
A0A6J1ZGT9,501509950d218670c3edb60a22a8de5cfb804a92534717cd7e90cd459764907d,377,3,0.27189776,-0.10151325,0.046733793
A0A6J1ZL96,0e6e5567de73d437f9d62c1e18c3f1d28136ee9f549d8b641906dc4add345551,348,0,-0.22778738,-0.13476402,0.055212688
A0A6J2CTS2,2b3fd97efa9ba3e549d0b4d0e5eece7c2b2672f0a159b5b6d583e4c3952cf7fa,326,3,0.17717814,-0.10114835,-0.03467348
A0A6J2L359,cbe11d63fb916c63d4b807d02604b8174c3bf18cfc06be17258fc343fe3a2598,350,0,-0.20335126,-0.17096652,0.06073107
A0A6J2LJ08,ad6b393b84edd43759e8d22e445a4c7015c87afb02c8e5ac78b4b42bbcde08ca,326,3,0.17582403,-0.103942305,-0.03232241
A0A6J2LSE6,f624acff9f0833a30b3bebd31f96b386e3baabb24609ee8513ac2c83a3974ce3,366,3,0.1438062,-0.15557681,0.035416618
A0A6J2MPR7,368f35cc542b21bab67dc3c42c51a24e080dd8d660f582ea154e0332bf443a0c,388,1,0.30249804,0.026017241,-0.010468475
A0A6J2MSF5,d8028f1708efd00ca9c8a04746937c3ca4b3117537fbb250ba4c482cef61ee7e,382,1,0.30808896,-0.048802644,-0.053686883
A0A6J2N352,88562076b9cc932c49bd7f24a6fbbf87819c6221ae7b07e5b0cd7f93797ff88a,327,7,-0.0086487215,-0.00978445,0.24115717
A0A6J2PIU2,884b27815e277f5ef48c59f0da97d52be132ecd30fa2d9851b50e121376d1379,382,1,0.31017977,-0.037686594,-0.051984534
A0A6J2Q2T0,ac0749b0fea55d3dac6d19d2c01cb04dd7f96b1d829daa40952986723b063c9a,429,3,0.23226161,-0.011779425,0.1806873
A0A6J2QYY3,8529140634d975cf6c3a5da6b0d13945cf217f8987088016e484c0107abeffa1,329,0,-0.2009002,-0.10264982,-0.08672445
A0A6J2R1B7,e72e0586bcb46c18693da89a5d49aee3d8ead925c92d34020dd29f81def376c3,347,3,0.116961144,-0.10194162,0.09940567
A0A6J2RB85,c03eebac4834d2fcd2d421256a47cd64610071ca73f4f0a076c379905b973017,421,3,0.19327125,-0.07011218,0.10460474
A0A6J2XWI1,3d19fee4448056b527d1dce2db171fad68f9fc529c64fadda0dd6a6cf65b4c49,331,0,-0.15235285,-0.16995806,-0.16240977
A0A6J3DWW9,e66347a332d234b36b081cc0a987a901ed06b3376e56e46cee6b163e1e92c799,392,1,0.30588412,0.0061285626,-0.009933108
A0A6J3EBX2,72be8fd14375221ee45c8cc6a8542826f5e73af23179416911b8c5ff1270a7b9,363,7,-0.22691888,-0.14772786,0.2939161
A0A6J3EKJ7,66f8fa7969e3a31955e0d403b09b995e9f069b7cac0a8af39aec6d4bf85c455e,413,0,-0.025872655,-0.14095965,0.13296029
A0A6M4PIS7,9581379222bae9ce75ab12c46ce6e2d49febbd57c144f87dee07ffd686548b13,500,6,-0.272369,0.3292863,0.12209197
A0A6M8BCD1,fc2127839d2766644cc6aedbe8d2cba80c8da4d4c983a1c0d557e4724190aea8,487,2,-0.13134792,0.13792509,-0.06457569
A0A6N4VFD4,179fde023c797ec9fc776667dc6b62d5eb5b1f7b3dfe73e4e6328bb651526717,319,6,-0.15043719,0.29821023,0.012511741
A0A6N4WAV4,415a71d6ea982d6eb091161b9bc8bad38e100887f488578ecdd295075bc57d70,409,6,-0.33551598,0.27528527,0.019345602
A0A6P3DYP0,5c1cbde50e3054116f87c09ba594e3f745aefcbdee7ae76116cec7d9e23803dd,328,4,-0.027875196,-0.12079004,-0.1881047
A0A6P3GPI3,240b5a610f63154ef542d3a2ad230bb6873d7cad7d3f9148bdae388aa6c7ec6c,480,1,0.4803844,0.09371364,0.05162113
A0A6P3HH13,0f8cf48ec3f398dbd708e5941bb2214b5632263cbfe2499cd45b9d0bf93c6b83,402,7,-0.048143566,-0.12395228,0.28836778
A0A6P3HQM9,6acb494b9528b08cde1ed053e8dd63b7db7d8f007e9141681924d50943627817,327,7,-0.0011083864,-0.033661447,0.22277118
A0A6P3HXE3,4a1cd25005ce70872ff00b01ba0e83395621add25bba6ed6571445cb68c32ff6,586,7,-0.06986172,-0.056416873,0.18907647
A0A6P3J2V7,b377f2384f1a18c2e765bac5f97cc51ee9e97f11a3ab582911903f29b9f415e5,369,7,-0.07385483,-0.02270465,0.29193985
A0A6P3Q796,aec89faa63375db25f7eb2ef5c3d31cfecae42c12c7717b919df85bff8aeb700,398,1,0.33399615,-0.034367364,-0.043309283
A0A6P3QW95,a914c5a56846823247e9cac7650db88a0d8d67d103357517603ba55241156244,376,7,0.21236724,0.12327656,0.15786293
A0A6P3RI98,72cb09a4277f75d586ed8bbb96950ee9ffd277ca5ef9e89f96bcb443de41306b,371,7,0.14261553,0.072494656,0.26748857
A0A6P3RM63,064f63e66de58c2c83b3d88a8cea744be99538b7a0b6c670fa184af46f7c926f,398,7,-0.035989337,-0.10015926,0.27725002
A0A6P3VF24,d4d4db568ae89547984eb38b373c01249bcc5edf6ec3db1c274bcedfc6f1a1cd,356,0,-0.12526885,-0.25563836,0.13860743
A0A6P3VI84,ae9ff7b7ede1a622801be3d25f3b95ead507cc087424f5e8eae30bd4948327d7,397,3,0.16799986,-0.053406395,0.18640368
A0A6P3VWR8,e2735f0bbf6e166467ed30ce4ab1a3c1e9dcfcd0d26c2dafb63462ebab09e28e,332,0,-0.23329383,-0.14591837,0.09954252
A0A6P3WZR9,4a434d7c419eee9b6355d7bfab7349e4296b9f0e4fd9edc9f5d3548262107b37,328,4,-0.08828954,-0.069423206,-0.13954766
A0A6P3YTY4,2b01b739008c9f9c9ec52b61855bc1635ec8539c07541b0949f053ec066dd6de,338,0,-0.12483975,-0.26175103,-0.040407177
A0A6P5A542,a2b1a2ca1bba15019a353687266b080ec914df0b4f94fc32b7d600912ddf41e3,396,1,0.3322138,-0.015650094,-0.035515707
A0A6P5BW59,57c89d8f44f3a9aef5fdbde74b521b628c9bff2cd36357f195b929a4acc084a5,418,1,0.27813783,0.15671562,0.18646716
A0A6P5C4A3,5d77e37566e4f9a73a7fa4a9cad382073ffa39d0076d28d671922fb21281e4c6,379,7,0.15994872,0.030804582,0.24817502
A0A6P5CM52,293cf01022c21cb53617c32d4688ba7eb551d016b1d725161f9ccb401d675d80,368,3,0.16655734,-0.15543291,-0.0013594546
A0A6P5J986,17f9bad9967595a7b379767d3e548160687796dd012153fda5fa500a6ced72bc,393,7,0.024170237,0.06395877,0.28607863
A0A6P5K4B9,ef97df0f9ecb07b5cdacc642f49643f29ea7a39488b83b096a2d0e55d7d2668f,387,1,0.3123659,0.005466776,-0.030027276
A0A6P5R275,0568633af5a507c65d3d75b083f116a836e420a3d33ba18bfd11322596218640,327,7,0.0040159067,-0.0416771,0.20952028
A0A6P5XPB0,50248203de3344d5d229a087fd4585a07b39bb0da367909dc910cd1291182aa6,519,1,0.47834215,0.15171404,-0.14874183
A0A6P5ZBM1,359eb596178b2811949f6fd51d169e05ed0ab05104ab1869e2ff4847e085f9ca,519,1,0.47049066,0.14532083,-0.15002885
A0A6P6H290,cd05671dd88867b1d7dacf0abb0cba50fbb8f830b2199ac1bfede71c52651e23,344,3,0.15501802,-0.13641858,0.026233029
A0A6P6IFS9,073788ea88bc5b4bb7d19f43c4f0b6a2d0b9fac67e340c48f382e41a47e5311f,382,1,0.3160837,-0.06077086,-0.06473331
A0A6P6IID5,2fadcf75d8b8f87a6f3f0a24b1288dd4a21f4589ca9f679bd79dfb9bf253a906,315,1,0.2716116,-0.03362353,-0.050454564
A0A6P6IUA5,63d6f916e450205fc8e51691ed1dc0752d93a4aaa53bd88340be16c02b648c0f,379,3,0.0663912,-0.14955549,0.10585954
A0A6P6J4E8,6d313739a4305b1b37d932877ac16c365cfec5b5680c8bb7577db0454139e11d,382,1,0.30945683,0.0012597127,-0.015110112
A0A6P6JRI0,2ed2cc20f7417cd582fb30d9a8210aac9e5622bd6266e4e95d08a83bd3a91ab8,331,0,-0.22048661,-0.15664937,0.04485453
A0A6P6KLP6,54acf86e08d54d4a84f0b07f49efaf6e45a0c18922e8167901e9dc583f281db9,331,3,0.1916344,-0.07574642,-0.035210926
A0A6P6KU23,58dc39ea4789f2aac274fcafc8bcd15832be60e421775aa68769ce5e2f59cd07,330,0,-0.18338005,-0.10707738,-0.084576495
A0A6P6L8M4,c4f44d4c97571e3a9a0900c0eb04a2cab0c35d5f953aad1bdcf7cd3e449304ab,334,0,-0.0637219,-0.24878678,0.11059052
A0A6P6L8N0,d5829206b6debcda0cd829d43beb88abff5f336087481a4f89d657be7cc39a08,351,0,-0.16404176,-0.2822606,0.13575113
A0A6P6L9D3,e58eda9f9998e680a007ce6e7d6311c2a90859cdb11e4e04a673b69a58c8ba27,330,3,0.13930693,-0.08803631,0.05765214
A0A6P6LH18,6ae8c076164fb0769b19ffacd96a6adfdbfbbe7e0214990e68f2ce0af9f21d28,358,3,0.07837516,-0.11645402,0.075966775
A0A6P6LXY1,58302c73f39ed8f011d17b72b825f36714d34339ec971dfed23df49906449c44,381,1,0.29608902,-0.042368095,-0.04719511
A0A6P6P4Z9,25d2f75a7e9bf9adb24646d1c984cbed228c53ac945d163e25a4560601b36858,412,3,0.17508931,-0.06121613,0.17321117
A0A6P6Q9F7,2143a7f60a37c153ab5d64e3445376d3f478b4677992e9344d096e4b0dd73763,330,0,-0.2179838,-0.11907232,-0.059055407
A0A6P6RNR6,8ef1445f03cf76d3f98648fb3267812ea0a89c44dc04aed2f7c4953e658bc6da,381,1,0.29560655,-0.047242355,-0.04478917
A0A6P7KRN6,c3037b59f31b9544439d33c099fafd487eb8ecd992e9a685f2aa4c117e7d55fa,328,3,0.17065713,-0.04218668,0.014280313
A0A6P7KVP3,d256a1cf99f8077e9b5165a0ec4da0f306d9b58348d8fe36c329b1599e3baa27,379,3,0.04021152,-0.15635933,0.11807162
A0A6P7M9D9,12b8fa26623836e9bdef8d62c1b6c311a4165ce4198e691796d7250a70e790bc,348,0,-0.1935374,-0.15057652,0.08621326
A0A6P7NL68,dcaddfd690cfdbb2f0e8942249d073747199d1ed513453a77a21972d8a731c09,367,0,-0.14369923,-0.2939858,0.11049353
A0A6P7P6J9,0598b741397d152777656da41bc012ea4d08cc6bceec8cbd3020545c1b289266,394,4,-0.023970999,-0.052040737,-0.12239913
A0A6P7PGN2,aea43099f3fc2118d15e52bf6d4c803325f8e3a24e5056a46f107ec6069b69f5,348,3,0.10332646,-0.077604,0.106610015
A0A6P7PLT0,f9f8e8f1a228227e7ab42942d5b3d0844f21343cbfd974d28fc5f2b3d3bda2db,367,3,0.066591494,-0.23108326,0.057079054
A0A6P7QLQ3,8627770e66f6e42f05c9b7b5b225e905c46d7c3656fdf05dc7c9a9b2bb9198bb,356,1,0.22139135,0.066649735,0.062142875
A0A6P7XZV3,4998ace9a5ad5117b5dda769c459d7c5d5225af9d1a2937dd95f4db7df336ef5,321,0,-0.1969657,-0.122694865,-0.08964905
A0A6P7Y4G9,455d3963ac40f7d6f040d8659211276e1b012290b84142e6b90f60aa982567b0,350,3,0.16778202,-0.14425105,0.01956426
A0A6P7Y9L9,1fa62053eda63b18299c00cc5c45ad1c3705ac7d125978157947347613d0fbfa,356,3,0.14779419,-0.15277137,0.055134393
A0A6P7YMP1,85a8c1f3fa7db5938cc90ea7645a5b157cc60962256be048ff1be331bccd2eaa,392,1,0.33217463,-0.008859815,-0.043557253
A0A6P7Z0L9,c1d7945a16670b9a597bc86a4919927f663edccf3f008761c020973f9baa3bf7,367,3,0.17842117,0.0062354133,0.16552389
A0A6P7Z1P2,09c06b4c7a271239fd847810b90a968235fe5197a7124ed4452cd1830d61dec5,378,1,0.3571721,-0.018819608,-0.088417046
A0A6P7ZA28,4200df5a548e9096bc6b11ea1d2cfe4669efdce46764063f9f1e9bb547c6819a,326,0,-0.1801367,-0.14441048,-0.02620966
A0A6P8F445,fbf2e34a244aa46d90aeb1f2b446a0293e9153e549a978d5448bda6c3b51dcd4,358,3,0.025623985,-0.15912944,0.1293494
A0A6P8FT11,19bca3c71282f0e5063c5f4f0febbcec5bf405bdb9f9b05df8cbd28cc51d577e,381,1,0.31106943,-0.03241097,-0.056005567
A0A6P8HJB6,1306f86d653cb6a0b0b00d5ea9b474e2551376f56aed7117bd8cb2e55bf009f3,446,3,0.21196948,-0.014142609,0.0383941
A0A6P8HTY6,52843f7539b3c7e997649015099626df4032ee137c1b34cdaab9925ca69c5119,341,3,0.23129115,-0.1336675,-0.05452765
A0A6P8ISH3,b83285d1be484280fcc82c8d84c703993d7bdc4ebfc20f6bf7fe1a03cfc3e6ce,346,1,0.50023556,0.14899264,-0.09831332
A0A6P8PHD5,824adc91321e939f3fa1ebf3c7b9b6b9a1b60ca2f091da5a63e1989189ad6d0f,343,0,-0.07235935,-0.27240205,0.08211635
A0A6P8RB64,cf9fc45ebb83feaa5713b5ea5d4023f4e0d93253792c3efa76ff96a7b429f0ba,357,3,0.1799469,-0.14731187,0.02866205
A0A6P8S8N6,c8ae4f4f4f771f6abc3cfd6c7c03eeb54fc54f4d5bea6c5ae00b19fb3cf0248f,326,0,-0.2355494,-0.1578849,-0.008285767
A0A6P8THE9,b6d8d01e445367e34524d61d7a7338cb73584465bfb131b4d523d111791a2b4f,340,1,0.2895761,-0.004001347,0.0015013216
A0A6P8UKY4,98ba89df6e40b43175795f9b0fce3b6be3362399f36afdae61e579a7b2ae28f2,324,0,-0.2452271,-0.12807964,0.047309164
A0A6P8YP12,d18e1fc8216147a4cb8475822deef87907547644dad8199ee0cd33fa7a294175,331,4,-0.13806352,-0.08524852,-0.1212403
A0A6P8YZF5,1da2d87d277ce21df4476f2fe70709f67f45c552120b927f5d5265a746b26f62,465,4,0.18938844,0.0041891555,-0.1309095
A0A6P9B5U5,d695c2e4376850fd3deef450a39489b4353294c758babe034bab00ab8ade276a,499,1,0.33934087,-0.039814074,0.10457955
A0A6P9CSB3,afe3555586a754b6b4a6ee66befcd80cb908cb9f989d66ab2612789634547bfe,409,3,0.06117777,-0.17443147,0.05065992
A0A6P9D8S9,75d9326a775bbfce6a34629b2b05754187490afa1a1878e76be701846a99f55a,414,3,0.27339175,-0.052296486,0.10373986
A0A6P9DP31,81afdf60382f762e9b85ac37fbc00034b37dabb9ba7d8e5a59be28d76ab06520,328,3,0.065934345,-0.051057905,0.1274182
A0A6P9FQT2,dd0fac00b188341860157ffda2324e5a766b2545525dcb1e0362083f71e6771e,402,7,-0.039490715,-0.11426926,0.2682975
A0A7D5UXF3,5989cc67a041aa8c0da2b61d26576b1ec6a0a59df9ff2b549b01a9c723dcc3dd,535,4,0.049892396,0.08158284,-0.03546576
A0A7D7LW97,ad0cb85d0bea86a8b8889dff5b0203961dc68197010955c2b9d0a99c2a525c88,343,6,-0.07212669,0.22243614,-0.019387618
A0A7G1KS51,115df9423c0e81dbdf624ca6e679c607bd54800b641e3d518a883bbf11b8aafd,312,6,-0.1169142,0.37709606,0.048859388
A0A7G1NHS5,e1e01f9596293dc7563f2ccf14f8ecd0bf8148db845e998807c3b28e8a2208ae,314,6,-0.33515537,0.25098917,0.069904126
A0A7G1P0Y4,142ccd671da2ff1044f16be947fd5037ee841c7669764413761442a1aca4f1fe,429,6,-0.18401714,0.37570643,0.037960887
A0A7G3ZJT6,f036c0870446149a949be40c17538eb917c4bbceac889fae0d554727708b3d1f,576,1,0.4876335,0.16487205,-0.03874727
A0A7G7BL75,e4230f717870812f6f3c4dc2674c430594e5660d06dcc266735d588cf09e8a99,426,6,-0.37738258,0.28467283,0.07252702
A0A7G7CP00,25f3049dcd4f06ce386160b3fd63d9c40276cd55bd42c3d605575a0c7df74fea,243,6,-0.25316024,0.26560658,0.013675352
A0A7G9R1M8,d62ae7d897f75b8c9abd83ec6355eadf64cdde2dcdccbe0d5c8d4f7e2f412d06,312,6,-0.2385724,0.40240976,0.14294755
A0A7G9WCP6,8dc0350d2a634d3601cf24948b0b4cda8d802b468b17d7c23e7c43f8108d53f0,213,2,-0.2340286,-0.056023054,-0.17629033
A0A7H0IGN3,74eb643c3a27e043bf0b83f7aab928e9c86c6e8eb7b29e4c30a01c19fb4bcca6,314,6,-0.33986127,0.26332644,0.07893415
A0A7H0K171,400098e5022467a04f7504d8a9cae49fa9d7ef18db791268d128b6932a097aa9,237,6,-0.24337612,0.32532507,0.025339862
A0A7H0SN67,bfe52504b8d1118525c6520e5e431b132629c014bb9e9f2c0a618779efa5a27e,251,6,-0.18001434,0.26984903,-0.038453016
A0A7H8R6H5,df8a32e2ddbd95d5d60f3b3571a626861ee66fc5fbec983f8b15cf56ee7ca885,564,4,0.08138728,0.05460557,-0.035077225
A0A7H9AZS6,dd76b13d41126a834b9c257c2187fe1deb9efd821d0d2037e70109134e3ba315,524,1,0.5506974,0.10811633,-0.12484538
A0A7I7JVT6,db051eae5880248744e97b901b410e6a83ba52b58e82fa06101be990cf26f636,319,6,-0.15232313,0.29616636,0.017955273
A0A7I7L8W8,63aa5e4594a3613d50ca46b69d6787d176f443f1414aea85f66ba13db1501dd4,327,6,-0.120654166,0.31009504,0.009860172
A0A7I7MB43,57bb67d24e542ec2986374f366080d36674898c20466fedbdebfd2f2f8d57bc0,429,6,-0.35100263,0.308549,0.042136967
A0A7I7P9B6,ad1a2e4364ec97536773260433a710c9c7c3daa79f43f4fa6b01e7c1ff60ed9f,321,6,-0.12915003,0.31065062,0.007674881
A0A7I7QXT0,44f2827f526f933f8e4d7596a7a6fc3cc8fbbe5fe4c246f1ca154e44cbbbac8d,423,6,-0.3712503,0.2650687,0.018906336
A0A7I7QZE2,8a898b823aef31919a993598df93da0097dc3c0bf58b6a233f42e7b1d9dbf45b,313,6,-0.16571486,0.27109727,-0.006713417
A0A7I7SLJ9,44ae0aa5403c9513c85f3f3164342e4791acd97e88316d571c556da650df9b26,430,6,-0.25227892,0.27503553,-0.010206055
A0A7I7T5T1,ccc65e866daf9327770264523868d27d49a684ea7983ed7135f299ab3b8871c7,406,6,-0.3503403,0.25777757,0.013630531
A0A7I7T822,3c238214d2c7c797e5f311aaba08e0a680fae53feccb6f6a9c40427446885872,413,6,-0.41016608,0.18704079,-0.00072072726
A0A7I7WX06,85af433d966e9f79efe301b38eda1f1c2b2ab9465de27b9fab6312033fc40199,320,6,-0.15900555,0.27285045,0.004229041
A0A7J8K570,4fbc33e0cbcc120f4ae787d00387dc24959dbcffb293bb70860516c801cfa403,369,7,-0.062625386,-0.021436563,0.28297
A0A7L6B0L9,238ec41aa7b2b5d30d9190e0b5fda13f41216038f79d76f5da79ab19c5a84e6d,404,6,-0.5036603,0.32183558,0.13868001
A0A7L6B0X6,0b62d28d399145b06b1378e4b16f38108e0fb6a5907a58d2204c6295f1dac43d,326,6,-0.24496008,0.3168578,0.092198275
A0A7M2SML6,1792fdb54c3442fbb8afe0f148bdca0ff5bec06ec7e73daaaf6e329c987ffb25,459,6,-0.32334998,0.24635908,0.059583172
A0A7M4E4K1,b5eceb2da67c15679a57030e36ef629d76a94060e5d14f6ada07082531b80713,355,1,0.27875277,-0.026608521,-0.0032890004
A0A7M4E9F3,d81b601677e927f1ed57f44dd2088f84c88ede8006641b394c0e80c68488b272,344,1,0.28874364,-0.057780463,-0.047565553
A0A7M4FC21,e24b6b068fbdd73774e270c87330aff2c912313ec9e0ca9462beb85c00e17a63,338,1,0.2831379,-0.08988025,-0.053238843
A0A7M7R9U6,29a0a780211a4ed783fbd67104ab3e1f0a938da5eb4bbf7251a0ea23b6a92724,325,3,0.10569057,-0.2458336,-0.10908627
A0A7N4NU23,41f6959e75bb969b19c9601d41a3f21755aa055e5596d9397bed45e6bb790e86,416,3,0.2670488,-0.110628046,0.031185007
A0A7R7XXR4,29a3f873f5da89f2c2a928f669aef189803eaf0149d9f8970c019b1f561c5d00,561,4,0.025268389,0.044625793,-0.015002165
A0A7R7ZQC2,0e953b93a56888aad2fb619aa9599be66dd00f9910b7c37d9b4614a9517c920e,559,4,0.039049756,0.06161468,-0.009965359
A0A7S8EDJ2,f5c1b047250a70ed2868c092fb6aa93367ff8fb45839f86158918f9d1b37672a,307,1,0.20315847,0.17157339,-0.18415119
A0A7T7BKL9,7dd44c1f91960f13a7d8255e03c19133eb6ec9fd5928e9be624720b729cdcf83,416,4,-0.11052854,0.076881185,0.010017696
A0A7T7I646,747f1bf091d067018e51846c066b0c117f92f558919d07d8a982dd4bc70379e7,315,6,-0.32419991,0.20666075,0.05570792
A0A7T7M9K0,03ee6b290921e2015e4d684cd0ad06130df8312cb795f315bbb762b2f73f9c4b,288,6,-0.12892736,0.31506893,0.034710165
A0A7U3VPD8,ffbab91f0a171539a393e7b87e3fb43c9abccb6471e7ff450acb19b4adcc09de,498,6,-0.28733507,0.35867068,0.1417372
A0A7V1K5I2,539a4dc165135405aa08b1addc113f414c2a74b75923719b3f5c14abfc552395,242,2,-0.18859082,-0.10882465,-0.26810205
A0A7Y4P9D6,4a9815e27c5f3ee18d05c09f8c8defe0fd6d43690b83ff9d7b6ea575e0886d89,244,6,-0.2714616,0.25453362,-0.00966516
A0A803SLR2,d348df15b220838af567ea04cee0c4112f3b21fe6b31feeee99bfb5e53f1faf7,354,3,0.054222286,-0.13653906,0.0824623
A0A857N4G7,e1a3db2d0af2ffdb0cbf2abd48d5f1183d0c2f9828f647cd08b38762f8237d73,255,2,-0.021756267,0.004210236,-0.2526423
A0A875S4T5,72926429e7b14769494ef701cdf9a5043e58e24d12cb5f1ccd24b777ba3b46ab,409,4,0.17149322,0.044760846,-0.123528354
A0A8A0RQX8,a0c347084f9ee6b4c2247492db67c49b2a009137f207a8e79a4802eed09ac10f,211,2,-0.25274026,-0.112463854,-0.17904918
A0A8B7CE55,579e9910cee46dcf0180d5c4f834c777a3a4dc13421eea54a33f62ca1450521c,519,1,0.47359586,0.15717845,-0.15175359
A0A8B7CIH8,1525ba55a341f7cbf46d20ee561515730b2f7ea56ba97c5e25bea2c55f8dd1d4,519,1,0.45952934,0.16928443,-0.13291489
A0A8B7CJQ8,fd0abacb76527796b5b2c144bcab40ae669a623006eb9eb02460212b5e791bd0,337,0,-0.14338514,-0.14027797,0.07351328
A0A8B7HXC4,779cc9d893c132c46b681e3bf7635aa08fe4dc15540085c60b5a369fa4fa1d01,379,7,0.1305524,0.0716462,0.2871176
A0A8B7IK65,c5cd55a31b12e759453d2f53b53e43bb431ccdd49b4a2292192853da8389d522,373,3,-0.020436738,-0.15314786,0.15313871
A0A8B7QDQ6,b071a6e31811d13931ddd6837e407fbafa01cc02e21d0b16f9d28ce673952069,362,7,-0.0020676902,-0.035840537,0.23602317
A0A8B7R704,b4dae19bf4b4e79127abac0793cccecb360938582dce6700c2341dcb58cf3b40,366,1,0.3191801,-0.012479959,-0.022173604
A0A8B7RYE1,ae8647ec114b61374a3ebabc4e688d3641d06463d5672c837a4bc8b97153f93c,301,3,0.18713532,-0.12948957,-0.0074953935
A0A8B7SH14,c5f59f42d69a470a4de1d1404774115609f92752b757e0c070326caf73acd98e,379,7,0.1348786,0.042805534,0.2727875
A0A8B7SHQ3,577d5564b6534efc5ac0f368d48a6d4bf28c00ee4c51ea6e8af6928c6328e4ef,326,3,0.17515695,-0.10699259,-0.03433811
A0A8B7TXI3,a09f37fe494e031ef64768a3e3dea108942584079e8096b3ce65d845ccbcc8e6,326,3,0.18302035,-0.109722175,-0.041940343
A0A8B7VPU3,83067c06e70d0c194fc6ff0f286559a9d688ba3da7b5ada7d874cac90a493962,368,7,-0.08708681,-0.014781795,0.30809623
A0A8B8CY54,ce1d84e8420d3195e57fc911f5af8e515c91e52b0fb039566ebf81c40e83b995,322,0,-0.18027683,-0.16805115,-0.15887497
A0A8B8E4V5,2a1e7cc6515f5a24ebe1721f0d47d1e482c849bead4efacb2e9e16cc2c50ce1e,313,3,0.15308093,-0.06572986,-0.021050194
A0A8B8ELA3,2441645c984939b3f64d5cf4d78838138b2a205dbd1e7a0046744bda727da7fc,413,4,0.12736173,-0.028022563,-0.17030235
A0A8B8LU84,321d32da3e21b12f3265f35ee477dc22992a67350887572c3110fad23b6ff644,521,1,0.47735885,0.18221968,-0.13602896
A0A8B8MRZ4,fb9209702f336b3aab2262ae7e3a0cd53680399cc4a89c1d29cb559b316ec5bc,335,4,0.014721516,0.02131449,-0.12919228
A0A8B8V0Q2,cb3eed34a40e532a6e29a71c1a416b0e5c4bd206445d421b22f76e0c251a4db9,334,4,-0.010894084,-0.062971026,-0.19674253
A0A8B8WDM6,1c209fd804cac76ed1820189235705e61f24c5b3597961b04ef1acfc38b232e4,468,7,0.048674654,-0.048168804,0.23327486
A0A8B8XN12,ac4d2e4e5f872ccc45a4b56b00a5ffb60ab3fd06e7a0940a50b661f196d9081f,404,7,-0.058993496,-0.10836273,0.28491312
A0A8B9GQF3,a1ca77403bbb68d1a20be73886fefcd2a7a23f9aa254716f7a5f1fbd5f8e25a4,382,1,0.280887,0.038920064,0.017582282
A0A8B9SYK5,ac34239ea30b6a572a775baf1c1989558ad03d4186cce90ce3baeeb5fe1f2e27,363,7,-0.20845735,-0.15247826,0.28009585
A0A8C0C430,20f9f4f1b7e57102c7583fb6180cef009350658ccec89f8fca51e60e2c4aed28,333,0,-0.31325248,-0.14949603,0.061967388
A0A8C0DVG5,919148af8742777171ba631e6da5ca02f71bedbb25dc23d80f96969a670d0f87,388,1,0.3138462,0.004101259,-0.023189424
A0A8C0GXI6,063ecbe3cd23f534b5863164b7ce222fc1b3d428806c6892ead7e7b24491183e,354,3,0.25468096,-0.09834058,0.03723377
A0A8C0IXL9,31c7915a08fa8b27eced1509766067344a78dc2d31e6aead8c56261dd0b5b9be,382,1,0.3087148,-0.063567124,-0.06509244
A0A8C0JLC3,c5bcfd553e2455a3b183912ee044eacb92ff492a9b409711b53e075dcc967579,326,3,0.17772697,-0.105482325,-0.0369351
A0A8C0UKM6,d2439e22226ed06a494cde422bb78e839b6f120ea430b159847e27fb03b0c7e5,280,0,-0.27206278,-0.13658139,-0.11778442
A0A8C0VAB4,b9e0f202bf49d596e7367050c055d5c03eedfe880ced01121707e56c13812d85,368,1,0.3224297,0.037267216,0.009818937
A0A8C0VD27,4d0f0ff1d00af23a43d3cca1889dabcc1cd88977e315653119f7abfd6f381c27,417,0,-0.003087298,-0.14258231,0.10311446
A0A8C1JET2,1adfa545be1ca4914797b3375d0a4a8dcd92d7895ae320ecfc3b573f52d8fc25,379,3,0.06715212,-0.1620794,0.09821558
A0A8C1KED2,4a409d1833cb3e08f277a2a6065235eee183fcf18cd5fdf09288d32714525795,412,3,0.20694183,-0.050629906,0.15992627
A0A8C1KQM0,8c1d68ab96fd4c1dbe5123aefa867c734e4b24d98116c4e2f3869b85fd9f5fe3,345,3,0.111695275,-0.089878574,0.08058666
A0A8C2EVI7,6ab088fcb998c4d799e47c5dbe643e4d584f30271a8e91edb9279c4a1e6da847,321,0,-0.26295123,-0.107500106,0.078216396
A0A8C2THA6,9bb2b8421c680ebdf574d676f6b7e475412754949b7a219cbea6e25234006128,382,1,0.3102522,-0.05189667,-0.065000005
A0A8C2Y690,34ecc01caed11df204b5358a7d40618c36ee1fc2c9ee75e9179b9a676cd2da87,353,7,-0.23209919,-0.17758624,0.2741224
A0A8C2ZN95,1462934f99172040039273c10904acd09013166a03600da056cedd7e642cedd4,346,3,0.10449118,-0.08883952,0.12693167
A0A8C3F758,2a1ab51e5e8ee72cd13218bf64be6f7b459b945be40e0fe3d50b952d8170487e,419,7,0.070678,-0.04476283,0.2475622
A0A8C3FR52,83863de0e447dd9b5ff0d9a754d9dc9c0d2c4c8c8562da3782bedade3dce1332,530,3,0.29989633,0.015830096,0.26476926
A0A8C3G7S5,4d099b3a9a12e7a7ce5d018415a3443dec38b8e1fe2e9949506b9cd3035831ee,350,3,0.09394984,-0.17299993,0.010596478
A0A8C3HQ31,0b05088e0ee5a4b302f768bbdd64ecb9f766504f4f9fb6e37626464486f3036b,392,1,0.31614146,0.003270649,-0.026526261
A0A8C4J4A7,186307a878e3b33cfafd03c3995fe22f7e76ca019efcaecac8437cd8743c3151,344,3,0.22538908,-0.10413085,0.06053841
A0A8C4LZC8,d45694731608da65f7f3c4ba3150240a63a8b5329281dab8113d6f23a56c1326,344,3,0.16532542,-0.10980777,0.030359764
A0A8C4PV95,d9c7b34836d44edee1801423c786f1c634a5850a8fd4b2901932b087be120105,326,3,0.17624487,-0.10192279,-0.031368326
A0A8C4ZTI4,2cb5c135bce758d2b8f30c2ac35a41fa1afffe5d8c94fed2b51a34d9c0f365ae,328,3,0.16657436,-0.026597297,0.031697232
A0A8C5ARB2,d016f595a5879e5a3de272410d824842bd43020519f9af0c76c46a3cd48bbcab,432,3,0.22147384,0.02691837,0.21084186
A0A8C5VNC6,29d13eb0ef4d04a01c0086a8f3a793a65ed8864f780b87288c7ccd0fe116ceb3,388,1,0.3098169,0.002410559,-0.02534067
A0A8C5Y8T3,bf7635faa2644f1e3a322bf3756010d67a67efa527af8eb6c44427956991cca4,356,4,0.0055243173,-0.086911954,-0.080564044
A0A8C5YX12,2752ab3f8dfa406c85f08a1fa01dca7e2c82ad6c0d614114f4ead54836615c6c,327,7,-0.0063098124,-0.032031592,0.22194323
A0A8C5Z5H8,4a151db4b3da9bed4e10365788535e886706967fd80255601dc00a15c9bf8be6,258,0,-0.26947448,-0.2815003,0.093541116
A0A8C5Z880,a6e74ac62dfeb729c2135992eb534f84af6ce354620746466149189f3d405965,382,1,0.31448972,-0.0495586,-0.05758107
A0A8C6KER9,f58d1312e51d7b489a62543e83f239d17eded5f320f5b1957e78d1c4a0c5da4f,364,0,-0.103524856,-0.2942279,0.14187694
A0A8C6QJC5,f7ac32f78d7b9c2ebb15f0ea457202e59124b1a5678b631a98eade02075d5445,392,7,-0.046485413,-0.13028859,0.2275181
A0A8C6R1Q7,a065ad950c1cdb6d2618e51f8a18a755e0ecbf2a261cb470d0a6c9d44f1e191f,326,3,0.17189117,-0.10978509,-0.040371142
A0A8C6R2W0,da661e828bfe8e806eecf3d6e144c6b7eb175ee5d0cf2647ec79fbefd13be19e,396,7,0.012903561,0.060231887,0.32343197
A0A8C6RVK3,3211eba5987e090c289d9fff79a411904c8b0b9596c902caf88a1d22a7d12ab5,394,4,-0.04375733,-0.07716975,-0.14101125
A0A8C7A0A3,c3cfd963917c2bf83df215c93f559acd3e970de75f1196cc3824bb6c746be74e,373,7,-0.048673153,-0.10678162,0.19803838
A0A8C7CSR9,86a8877c8c5858605ad7869d3f004b52ea8453f31f82259ff2aa28aa4081513f,363,0,-0.12548609,-0.17750992,0.08038643
A0A8C7FFT7,8b50d2049ac3f45d1fe5c4f20369de15173bb0c290cfa19705e57330b67574b6,382,3,0.044325087,-0.21083596,0.06306961
A0A8C7FK46,a0a0c09dbac6e83fe6481deedb5b2b6ecb7a587a3e6d7263819c35710a9ce3e4,351,0,-0.12727197,-0.2904458,0.07388
A0A8C7HYX1,37d1b9eb8dc440120ab8a837aa5883c34c4d49a4bcaf9c7364cedaae2fba0fee,360,0,-0.08950544,-0.2847956,0.075121954
A0A8C7IEV7,5c0045c10c75e43e22adafd763e19ff55ab0c21ca6c9d398595abcf93139c50c,384,1,0.38880742,0.00075069367,-0.017152581
A0A8C7JX52,70caf701d7d296d3d3a2161b9b67a56ef261b4703f88639c814542e5112075cd,399,3,0.16508113,-0.06714196,0.11071722
A0A8C7NAA1,39ba654cf97ca307a3ca2b80a732eb4da9280ea97b32fd503839ad9f48320bc7,355,3,0.12638527,-0.10261623,0.1235289
A0A8C7UY64,37d9c835c832108f06620882a3038708a826adaa94d07d1de9a2bd02951ea46b,376,3,0.057097748,-0.15623617,0.08240707
A0A8C7V0F9,1a5595fbc49ae4c9d29c9d90fc36ace00e50fcbb37e10aa56cc2a33026e91ab6,355,3,0.1340672,-0.09004994,0.108323716
A0A8C7V462,86f28a688f8283f94ae99402c992b04117cc987c08a128b7bfcec354ca727d82,399,3,0.16724859,-0.06652753,0.11058296
A0A8C8XKS0,e29cd7ba2427197688bb96b328a9b9a64b7255ec571f9cf7ae4d493e3cb2084f,353,7,0.17189759,0.15126319,0.13785408
A0A8C8Y004,ee268c6b9a816cb70ca60a96c1300e0c62af4baef15ba853137962e32cd6f524,333,0,-0.2966705,-0.15243939,0.053872157
A0A8C9B7U4,1821f39e3cac49f8c845eb7e7516599026b4bed3162f02e6ad82e24235fff3af,402,7,-0.057232685,-0.098210536,0.29440036
A0A8C9C8I2,8d78282593c0071ac6f690ef2d4387a06dfd2376088e0edd65a930e8542be930,333,0,-0.29770267,-0.15219362,0.05221458
A0A8C9GIP3,60a2cbcdcf62c5b573134e245f2b8b640c8340fd22902662d2e5078fe81dbf49,327,7,-0.01153337,-0.029241338,0.2342892
A0A8C9GKR4,a9d6ad18b0bf744b2762ad22da3e6d2477593b8e7d157687da6345c4e159c750,327,7,-0.011700039,-0.031966403,0.23499621
A0A8C9N324,c9589cd85aea666019006b4ce7720613c3baec212edde4c359b3e28c9b2cccfa,401,1,0.36044654,0.050348062,0.04714101
A0A8C9NDM0,95a5438748ef253d39249c3cf653f5b530eb66af10ca8bc9d530615b899ae726,368,1,0.3221821,-0.057518665,-0.07003051
A0A8C9SC91,2b6e6ea5de83b8dfbf8b2325650c2b3118abbe7c6e1a43af82f8368640cd2a57,380,1,0.28722563,0.034224555,0.024343831
A0A8C9V8K2,c58e6b16193315fca3aee374f5ff216d501821fb163a86c86083211d3caac9c8,386,1,0.258554,0.047199633,0.023378137
A0A8C9VEJ9,597c62885613e616cf02c14841b474352b5f0d00793a72ae7d006389c58eaa54,374,3,0.00079987285,-0.18518047,0.11924729
A0A8C9ZN07,e5e3009d0d78512e16ea394c3391c96c398bf239f1590a48bc5eb158512c93fc,328,3,0.18001689,-0.052520696,0.0006012174
A0A8D2G5G4,2460204e9327901295fb94891206c6f2b361c56db5e26c935a69f435a4e22138,324,0,-0.29959536,-0.12818868,-0.013239779
A0A8D2M284,5b2e5807895967a91931634bd2853c616d1cd0338a2fc6000e1769896effc16b,382,1,0.30489165,-0.049569905,-0.062489413
A0A8D2M5Y6,58bd7b4267a2f8da1645679428aa3058fe18dfd88ba0c44cf5e3fabbbe8f1db7,352,7,-0.30807412,-0.14393592,0.3065389
A0A8D2NIB0,157db1c7c57eeb93dc9076045baf8cc5ed7979ec4549fdd3eb51f5da672eed38,434,3,0.064563856,-0.12432049,0.13803023
A0A8D2NM00,4bfbe9d6606b8d9cc53e1e28cc2390a6bc409e7b0c321fed715fe64c8db27a13,360,3,0.10608062,-0.12054629,0.09245977
A0A8D2Q1C9,1fa48a111a785e7d4ea3a3c04f319c65b241fc6e57ba5cd8a93d3f1678c8a908,407,3,0.022591306,-0.13333546,0.078404196
A0A8H8PAK2,4bdc741f8b24d31bac02e82a88179d5aa2683858b5c48b8fc93052fa05f201d9,470,4,0.08788475,0.15289058,-0.049509298
A0A8I3WIV8,4c8d1b5121e1c77c579d9c2c3eddfd612652ee993f5285725422f8bc73cc26e2,324,0,-0.2966773,-0.123207085,-0.009736226
A0A8J0UIZ9,db2d91d139cd2a40a5ae4401f734eac86646894405b94a8b2f709286cb00c570,321,1,0.2671274,-0.08086788,-0.084311776
A0A8J1INL5,9dff9c414fa8b8db67189a985d3e4167366f6e1f27b41173e82edbbae7899d69,434,3,0.2135082,-0.06362047,0.10992142
A0A8J1KII4,c7f5b9885ed68e5dcf85a53d60beef518dc5f1060bf12aa94f78043d1f8db54b,355,3,-0.023191536,-0.2535322,0.05604932
A0A8J8Y8B0,077a234e87873f1042bff3947fa0842224ed73af7e1f0536d2e5f117a36c3713,352,4,-0.0039171786,0.060502015,-0.04906236
A0A8P0S6X7,f82d91eded0c48072f5017601da0f816ef2ad2cfec0cb9d34baaca087676f0af,353,7,0.17285755,0.13042128,0.12827402
A0A8R1WLZ4,3ecafb01fb5dc0ea14449bbf73c8ae689e0925089dd1a3247c01021de1330c65,303,3,0.0694058,-0.11682819,-0.0173429
A0A8R7UKP9,b1dd0e0b7efc701763c0bc56aded67ce02bfe6c765d246647568fcf3698639fd,346,4,-0.0453377,0.05411497,-0.004350112
A0A8U0MV38,c6017ee19df2c5b9c0eda138c7b90d9f04d416bbd8d1474ccb28cb7b68741e23,350,0,-0.22154143,-0.15891775,0.0904557
A0A8U0PWE0,443dd0352db9d383253d7d708bd4faeb52166ef864dc0878e95fd45abf0e081c,399,3,0.16242866,-0.07484918,0.10624448
A0A8U0QX38,f4bbcb450f7aafe53338aaf039e1d7b56b0a1c48213c7e5b7c3c5f5976e9c720,392,3,0.15279852,-0.06597956,0.0955753
A0A8U0R383,20f8a7df1ed33f5fed99982f237502ef9a674ec9478021be09f6e6473f67e8af,329,3,0.18763138,-0.04739798,0.009355821
A0A8U0R3Q7,69fb718ea95ba6deef1953051c904c6cc2d65e202b343e4e38fe8a2a8248b6e5,382,1,0.29369175,-0.04667818,-0.048602395
A0A8U0SDL9,bb1072dbd49bc8eb58e7f2f303902e30cf071d393f756988b2dcea21747e2b2d,382,1,0.22656727,0.14373128,0.16173847
A0A8U0SP33,78145de5e5cb368499a275729e9876184182c417238865e2ffb8d62c78c6d908,447,7,0.007901886,-0.10381845,0.18599708
A0A8U0UD84,663bd09d8f2b445ccd369bc98dd46fa19fdfabb87d218d746e62efb98462bef4,318,3,0.090714805,-0.076488405,0.06690234
A0A8U1C1Z7,75b28eee5dbd6aec416d30662021d02d4aafdc944b4e490dc9e156ffb571873d,427,3,0.18423173,-0.08209166,0.087276146
A0A8U1EU34,8a33b7727783fe89faef80c6ad3119a1a37fc993465f146afe0580fab3e428dd,382,1,0.29136273,-0.046802357,-0.043823898
A0A8V0YI53,1f9a7252cfc7737534a481bbc11e67bcabd259de829cd971245724f3ea0f6a3b,392,1,0.31015506,0.01766608,-0.0072417487
A0A922LG64,101c69022f5b913dcc9b821d37d333178c69b3ed051254e597559f75229b0f87,577,1,0.48230845,0.04365987,-0.19112019
A0A974BT43,b77d426bc05f33ba54dcea79d0d03ce7f62ae35db5ceb8d29f5219701c79f42b,389,1,0.321268,-0.019395895,-0.05313061
A0A974DGK5,8d455e70503a1bf319b77ae1c14a84548cf7c9f11ea0adef17b7ed345a4adb6e,315,3,0.2460632,-0.08118291,-0.08579368
A0A974DUX6,8fb0117d783d19b1848ed289b88b1e54679aa653e8d48d55ca1c75d4dc29182e,354,3,-0.010411209,-0.24717613,0.040885564
A0A974DZK8,8630bc9ce7e2a8ef245a93d04df1361a2eb6b10f2b51c43e374321f3c92bba58,354,3,-0.024292015,-0.23497407,0.0402874
A0A975JZF5,60cc2594cc7ba3a808a8671f1c5b2ffcd99e4893412651e0be15e9bdf0e2f37e,332,6,-0.12932627,0.3463697,0.04502837
A0A9C5YZM5,ee79bca79aa6853d481242f1345ed35426cffe3fa31bcd4ec90678bed1e15b61,313,3,0.10208412,-0.03724782,0.0068737366
A0A9C6E0L5,5c964d29d5fd41f4f25c8b165a0522d1de7fea4f16e081dd861ca546cd634286,409,4,-0.0056650518,-0.081494465,-0.13466391
A0A9E7AFS2,27c4dc4a33b032b9d6f3fcc4eedeba75f6a23b3b77caf39f797ee39799530884,321,1,0.23598397,0.3040159,-0.097667366
A0A9E7D170,9c11768fc190176f30c008f5de94bd127a5e6f8c37477f91c32316fc443b0ee7,381,4,0.03944063,-0.10131486,-0.32880968
A0A9F2Q2N2,a997d9f6ffe981df43c00a7c619b456b4eaced2401c9dd4efd1d3857c94879a4,325,3,0.05690003,-0.052965406,0.13795307
A0A9F2R5U5,8b3a1257e7805e56329429fd4f916d1b1dd4b77b724bd13718b716d9ed0d8f68,353,0,-0.19864874,-0.17956072,0.0848157
A0A9F2RC95,7a65368ba75bc5a97e814eea52b965230f56999193772982615f75f759e9e076,382,1,0.30635285,-0.052506357,-0.056960285
A0A9F5ITP4,ac8efc6f4cd16b6bc1052211b78d3a778dfbfd2acb42af250e14b13199a81c29,288,3,-0.00178221,-0.18486239,0.018968951
A0A9F5IXL5,c18356424fbc48b366d5a029998a33e46784b01379d694f027b6c0313fbfee60,353,3,0.15678617,-0.09507586,0.08451073
A0A9L0J9C6,e41d283bd1c01ac8a222b4170b08f455cea766a7a0174a7d6a8d15d75a9e6bab,324,0,-0.28391746,-0.120448835,-0.0102094775
A0A9L0SQX5,c36ddceb3b2399670276e54935611d6f396b95662f6c6cd5f7e16a6aaed288c6,384,7,-0.17222115,-0.042016882,0.17892787
A0A9P0A3Y4,4bd888552a8bfa4ef22f1d0bd0f922d2074b3c253b94b44ae398ce97ae990a30,395,4,0.026758546,-0.07499847,-0.17122744
A0A9P7V2C2,fca6c127ad4b699f553e3a7cba44e4773a27a57f5199505da4ae1a0a5fb811ab,453,4,0.0048318454,0.066142395,-0.08332158
A0A9Q9VDQ1,9726be1d79de5fa82f56dd8cb64916f44964eb923413d980f87c91efbb1c50df,317,3,0.10274665,-0.10620996,0.057988003
A0A9R0NRZ8,47494363810e0e72eae0acbe300eee2dc0faff04124a7b331f65ca3bdf1e06f9,281,6,-0.25505576,0.34970838,0.0772256
A0A9R0P319,f11de03a38599b5f7df262991bc41672e6af983172524ddfbe6ab327f0be4be8,418,6,-0.40506524,0.24048309,0.044547815
A0A9R1T774,18776960a695238ebe9b94a1c29f526b5e7a63bd5da15d8fac9a86a0bfd9b385,314,3,0.05593808,-0.18137248,-0.041213796
A0A9V1EE64,260e317b435108a6d76e9fc97897508864652b2998c5364eb538259b6ed27f40,398,7,-0.04405459,-0.1195253,0.26827866
A0A9V1ER01,075e6fccabf70ecd0007cc9d1ea585f364327a4473ba015436bbe7404d78c869,446,7,-0.041273538,-0.052497458,0.25110403
A0A9V1F3H1,b1c6c5ff665a5815b3f795aa1cca340d090ad200ecf316e0f49d2ea3e692fe39,409,7,-0.06482483,-0.062033534,0.19538891
A0A9V1FH11,6e432db3e697ef6c2dd13e5612604b784dea12a53303f0ffed213fc56625da15,418,1,0.31039363,0.18886358,0.1531243
A0A9W3EWZ6,2f0c96619ad0a21afbf06e0a5d934d0291667109ed6558cbd8f2cfa8bb3ea063,370,1,0.21442492,0.12765148,0.14704096
A0A9W3FAL7,3039a36dac58f777a0ed8b46506e4a0750c86a99d2727dd71bd37c7725e4fdd9,342,0,-0.23030545,-0.13436382,0.029119346
A0A9W3FCV5,cf3e36cb960cd06fd9a94179d4ec3f2b4ef8b310fd56b24f04addb81a6cf5f0d,541,0,-0.12035027,-0.09702348,0.13281229
A0A9W3GT24,6a6e074d1e27ce7e713134bf726249f890ccfbe288429973e30a8fbe4369206a,396,7,0.023186818,0.0657531,0.31028438
A0A9W4BIZ3,3ce6a9c416737fa89950030eecaac3d3ef68f019b01763c11fd3a4aa9bcbd9a0,320,6,-0.16269407,0.28173813,0.009597275
A0A9W4CTU0,6e3f528d8aece674e8c4d723f282892f7062ba3bb9d61fc1e2c90c340c97e34d,513,2,-0.054470543,0.06896301,-0.10921991
A0A9Y2JT28,04fc1b0ca1f2ecfc225d3b20d6d2c875e86c41cb8010502494479bf790554f26,300,6,-0.24125198,0.3398244,0.079964414
A0AA91Q0D2,c015906fceffb9ea079cd3d7d082c6456a3b6c0ac473f05b3b376375d80852f6,463,4,0.17818812,0.015004577,-0.1592131
A0AA96JAZ6,e3bb0e9b994ef817960f005ebcca0d8a7f0ed965706869af3eecf8f5f9b466d4,292,6,0.10311638,0.37322304,0.011237394
A0AA97JMM7,b6b174785a8758d2fa79542b53110b76c2118fe7c260d5433dddcba07548ca45,326,1,0.3333413,-0.012643314,-0.063229054
A0AA97KGM3,5808a34827ab28904f5a4d60815420d26c55eeaca58f01475d23f0ffa7a50cb4,353,3,0.048675492,-0.14200178,0.091642305
A0AA97KVN8,fc88f760fd388f2ade684f3be170655deffd1f26abbf2d1b2fc02f97c06714b3,335,1,0.29439738,-0.091431685,-0.07834518
A0AA97KW63,62d972865bb26813741cf592d2f8cc2ba4c8c5937f4f0ba7c67a0beeedbf343a,323,7,0.036931153,-0.047004383,0.16996804
A0AAA9TBP1,73e041158fca73e84105b9bf4d669a230a4aada0d8edfca68ba929d92d33a20b,326,3,0.17478386,-0.09702593,-0.032396402
A0AAC9J308,f9b92be317387b87c7e5c14d950a1a3dbef76de027afaa42f7abe8e1c8fa3e44,404,4,-0.027272033,-0.037577342,-0.22396031
A0AAD0NW44,bb75f85a489b04e906318bdba767661c43647f541edf63387564ad8185494316,421,6,-0.25447524,0.26622072,-0.03738453
A0AAD1HAE1,737d992a8570841a42273abb842a33eadd9af9a1ee920d89d3227a4b37932b1b,320,6,-0.16617104,0.25069278,-0.008872539
A0AAD7PAC1,094a4fb564a5802cc6c297a7124ce53bba1b52953dc948f40cf20246ddddd265,329,4,-0.01178767,0.054238793,-0.11245861
A0AAE8HY87,e7be26c49f784f2bc942277a871060cd1d0c6dec479f12c2c94573c50c56b7d0,382,6,-0.108592145,0.35247758,-0.023525538
A0AAE9CWW7,660d1bfba6918c1db952374eb1c910ada9c51830dcb80468e4b53163a81a5bba,447,1,0.47245225,0.071751155,-0.15451777
A0AAE9DB22,5fb549b7763a5ed79017f2d0e5499151017d71505dc365ecacd9e6d9fe414008,303,4,-0.009356815,-0.016918069,-0.06606429
A0AAE9J8T5,588673e23b6c17e6d763d998f06bd78beae2c77f63e060027dd272d18ba4c027,467,4,0.1945723,0.065683335,-0.14101444
A0AAE9YAQ5,921ea78c61162548e465f659331433c33e999061a939c6eb6c645d3b65cbb66c,332,6,-0.13758157,0.41675118,0.13413562
A0AAF0Z7E9,d1b3c49b960ace171bfd315f940b7be4936822dae35c2f74a2b5737efd9868a6,286,6,-0.18090753,0.370588,0.07350455
A0AAI8KUB2,7c3650b3375bf60d71f811c9c50627987e0d2ef16d5099b9c800a8ef577a1d86,429,6,-0.1663483,0.39523757,0.039950185
A0AAJ6NRE5,346dd3d006a6e95232d211d9465b437ada2356f48171cc5e28a4810e579f2234,468,2,-0.16048071,0.006636352,-0.13753006
A0AAJ6YS10,7a7f9f755c68e851891876813232d65a532a69c0f65279b86c9fa330b25e59d7,314,3,0.120033026,-0.22508442,-0.13276243
A0AAJ7TYN2,ab49c1bba71e7c5bf38d3f6a5841caea4645d6d8f4d294936d4a99e35f4301ec,248,3,-0.009775567,-0.12336276,-0.020447193
A0AAJ7UAY5,9680d1966140684740aea7cd536b2c74a8129937bef4dca2a84f223a8fc91fe3,285,7,0.020686416,0.03545758,0.14582603
A0AAJ7UHY4,ce60909554f519d7148ae8f0d8f14657765ce25e94511b0ce7668eb686ca7bbc,406,7,-0.0011018493,0.10879088,0.16604833
A0AAJ7UME5,81296f5a1e1ceebb2acde0df212bb5a51cef57bafa3e1ba45089b2f2f6beed3f,487,7,0.099118255,0.067484856,0.29334423
A0AAJ7V903,4d4209983fe455042598167accb231457c1a7cd99887441a3f62cd4760357302,385,1,0.30760792,0.0135852825,0.001600137
A0AAJ7XDR0,5e4f10be193a8439494b3634e5e0f378b5b99f6840448f98507913f4a0b77371,383,1,0.26159364,0.055044897,0.022598365
A0AAJ8E4P4,674dff91273b28ef35857516adc21087be7636a0ef4133a0f03e28ba6f711ca8,520,4,-0.04344152,0.059005503,0.012732936
A0AAN0JAT5,630647f88c7abf31f32ac0e67ea1e8b0f08e2ccef8e22e2796e0c426badba1c2,407,1,0.33573166,0.091446824,-0.115234785
A0AAQ5XF12,e60fddec4c0a8e7bc080394eae939c32b9fd1e0a5d98eb6020bbe12e79ac8e2d,348,3,0.124238856,-0.1848791,0.0535575
A0AAQ5XIX3,453d7ba8b3f4d81af2398cc63b118eb84d3bd1f1b9ca8d4093863476171933f8,337,0,-0.19152623,-0.13570492,0.045480736
A0AAU0UPW5,2b5a38c77610b36bd7eebd6b15e5380ec51320544b2c4eef0cada949684de3f5,210,2,-0.2752779,-0.015607319,-0.16083805
A0AAU4K8D4,0d3736f142e5f6ec2b535f07074cdf82ee7acae7f412ab03bd73d06af6591908,322,6,-0.15049693,0.25986096,0.0023137776
A0AAU4K8I9,92ab6e49f71576735207c3cd818a23bab5af48ca8e4c7674751bb9fceefe1b63,406,6,-0.3230864,0.22878115,-0.018918812
A0AAU7AUM3,a78c57d97a27562e02232e4df581fe4772ee38e48267c46f4fec00f616b601f0,285,6,-0.10927576,0.41627958,0.05037469
A0AAU7B286,7ab1658266159a126391ccc415243d2e566e8a965980b5b2325c5584b370bbb4,408,6,-0.2615187,0.37911147,0.04623579
A0AAU7ULA1,2ec62e6b8bf6bc07485805a71842d79119acd0f36b51244c6857c3f889a206cc,271,6,-0.20530164,0.18774743,-0.05141858
A0AAU8IVF0,a3ec097257bf8dbcf043ed4b9e36e1bc75527da3080d7e044e743cf41610bcdf,427,6,-0.3247763,0.2773946,0.062487785
A0AAU8PL78,37aa37370a2e314fd1acbfc47197275476ae19e8cff2aa1021cf8c2c284b40d4,244,6,-0.23154004,0.21290189,-0.04436994
A0AAU9ZFB6,f7ad5cbd304dc29002fce36ba2ce84af49819da78cde7ceab3ac6fb97c2902a4,369,7,-0.036600437,-0.03278783,0.23841445
A0AAU9ZGU9,f9e657890b8b5f3b16dd50ad59649b2856c3bce9359953cb0c395d80ca5f664b,349,1,0.22825475,0.01985539,0.019655019
A0AAW0YQA2,f2a4c88d1c02a54318e434a36c0ef6f3b6a66a005e16c6f39b28b5e30821bc54,447,4,0.1363683,0.10631149,-0.101523966
A0AAX6Q474,4b0e42fe148b790ee15664ab758b6a37ca6ccaf10a9f01d0d957724a6aea967a,460,7,0.039490987,0.014823778,0.2615925
A0AAY5KF43,264b5d01d9409104e9eeb90d8e24d21cb051fbc66d782d8f4c57546cc2c4537d,329,3,0.18543667,-0.03847032,0.01643794
A0AAY5KGD3,5a0176d0f0f33115d566a464afb587f10c6175ebfe79fe81d94e9d50200eb3c8,437,3,0.19633402,-0.0969557,0.13007537
A0AB32VD55,e75c9143d2dad532ef2a78916c2305097fbdcb0c12d9bca8c351e6467aec6a93,324,0,-0.1493309,-0.1689762,0.023573266
A0AB32VQ06,75809d9c5a35aabea2aac680d998e0f8e5f722bc990c9d083959844b07c7406e,336,0,-0.2658128,-0.2112595,0.049856003
A0ABD4U4R5,902fcdaf3a8bfbefe4bfa29c8f2654102b17280ca913f4ee4b37b56ffc32fa14,335,1,0.3701461,-0.02198165,-0.2879284
A1CAA5,e5eb98a6ea0c4695d66952ce4e9bd83e66cb779e33493eabef9652df4aa7b2f1,559,4,0.07123469,0.08039857,-0.005021535
A2BTP0,5bb8d40e98f566969caf1e2763c56a1e2f027acc84850749d4dda964b9728a6a,433,4,0.19311643,0.05905972,-0.25513855
A2BZ45,e6012f595ce1362324436d5da5376198128681524855de9bf741320d47ec41c2,433,4,0.18497847,0.03562001,-0.2681821
A3CNG8,9cb3ac6e273744055c64e6f036c5d3fa05cd6d3d67c4ef1f2903841f88aefe85,396,1,0.2511787,0.14259511,-0.17289902
A3GG87,50886c31c7ee5db9f444ef87a8d61316d49867d2933d1fe99234123d6e040219,520,1,0.27185518,-0.021389712,-0.18437679
A3PFE7,66f260584bdc395f5c6d0924b1e5a762b33d16188016159ff8eb561a0ba0629a,433,4,0.17865078,0.0617746,-0.25456032
A5GB03,0bc84a5120f5b6760c8332b21f01ea1475c4fd3c2c68fbdd982ff0b216f4100b,404,4,0.046092276,0.19314353,-0.12460076
A6IIS4,1855b53edc42af14b02993b8258ecc415a3d50616ee72f7d4130c4a0e3736d75,399,7,-0.015715655,-0.11551397,0.25528973
A6KPR5,c289041596876fb04fe5138a82058da1f2fd5038ef43f44426a26f7365ab5c6b,308,3,0.12898132,-0.0870932,0.010666849
A6QQY5,6a2a0631453b518b8fdb00876271ca0e81738915d953e9eed726b1deda0a6ac2,369,7,-0.06763847,-0.024243763,0.28824222
A8BXJ1,4a553124af660057527eb20625080b8a734b708bbe03adf594c20d453ca305c4,537,1,0.5343078,0.2425244,-0.13140492
A8G7G4,c139641ea531dfeacafbeb99b6fa21fb7c890abc9543ce2078cd02b3850cc6d4,433,4,0.19586799,0.060768932,-0.25325805
A8MHH8,c80cce2fa0894234265caa059ed1500100b0a2ab34c05bff1c7ba632715dcbde,210,2,-0.12699573,-0.0824231,-0.2643108
A8PRF7,12aaf08504f86db7d648c07b27e9f5833993ae575606a0f933e465be12ac3d0f,427,1,0.28865883,0.1967476,-0.07127683
A9AX16,bda8f695b8d3bce484517b152b0c32bdff91b2ea82048214b264ba3996d57327,273,2,0.053665392,0.17907472,-0.21892112
A9BHI9,fc14229b235b1045aca441892de311cab413e3f9d346b6e6583c90e5c433f12f,325,4,-0.04261865,-0.12889344,-0.17963555
A9V5E4,9def2dd355979c418e6133c0c9512af0516b9c9294d57972d3ec3abb15f6ad91,417,1,0.3746145,0.2995229,-0.09897864
B0BZA6,50cce583411de6d9b6b47ce48cba4dc9a690963d1746ba89963dba15ffbe2274,457,2,-0.1784483,0.0875044,-0.098582186
B0CTH7,3027a4502104c2ac5192be1058f5b16010d0d8f6a0db7c89d7e409336c0f3c1f,321,4,-0.14491785,0.026917662,-0.10021695
B0RRJ4,b638673966c01c288dc77bfdf43b1327640ba1a31d0a05bbd7c8e4b0285634c3,382,6,-0.0072281403,0.4010473,-0.019638041
B1I564,090b4b730a6236b98742d1c87dcaa7ecea8faf573a5d8160d340afc94d04f2f5,231,2,-0.28356498,0.23879257,-0.05135944
B1MLK7,b0e1ab42043d16cb30662e2dfe0ca6086920267526a22a95a836fd703bf03373,317,6,-0.1527638,0.25666025,-0.008578852
B1VP15,027075e05f1386b8fefdf3b51fd1f5ea77a9c78625364dd486063adcb7445cac,448,6,-0.3270075,0.34808037,0.10772196
B1WXP4,620a312fef2364d3ffd3410be250e354d31f16814ac527254ed2e1f2bff841a5,476,2,-0.1424386,0.0024292679,-0.12894668
B2A391,ead90bf0f0a9da27149a9c75fad9498e00abd67eb528b7f1e6a8000378bf36cd,213,2,-0.24225664,-0.089805245,-0.18884324
B2B282,837557958df733a875c5396c0aa9e8df53d6d1e6df3d67aefd538d3b1eebd415,402,0,-0.10838329,0.088419035,0.038621146
B2G3R6,353b2bbf57941d6feaff083974d0550dfbb113e4ba4f9cb8715919d02ef5926b,344,3,0.14340033,-0.12528495,0.043244597
B3LWZ2,21530136d03de13e30b38fd9f967dd757064b313b57f7ce3ed025ade6ccb231d,318,3,0.1019026,-0.082111746,0.0018359761
B3MPG9,598c516d81a635520bb28f77146c282771b8b6217514f1cce0dec012124961bd,326,2,-0.18709514,-0.0038523604,-0.08151602
B4HYH8,46b41faf3c9c65d66f8d05f0cf904519f3721e247ecc5f41f6c43345232ef3da,326,2,-0.22565939,-0.028786467,-0.07048628
B4K7U3,347e5e0abbd2a43df5e18a9405d068a9967d64447da60e1f595e1ac696d53671,311,3,0.0889697,-0.13539568,-0.019965827
B4QH16,d7f5cfae891ed73f6d9467a90bcd26db3e794d19415268b1931921afe70ad783,440,4,0.034988258,0.042075384,-0.064556345
B5L3F2,3f94b28aad39954782dd5a0dda2d7997e65c4b9dffee22f6a5d27769a3ef7703,253,4,-0.046963394,-0.1062287,-0.33686173
B6ZBV9,28f1fb392f1f6efc4351797cb42c4648339d50d579d6f86584df6dd08d6ed5ad,342,0,-0.15045893,-0.20491946,0.029785769
B7K920,cbcf5815c9641dacbd7c58162f19915aa7239010f704a4ddfa5586f49c155a96,476,2,-0.15370177,-0.014688042,-0.13032591
B8CW66,ff62010c215ca98fa6d2dd4fad3f5ca8dfbc172b62c30df423dfe75a68570cbd,209,2,-0.1262851,-0.050345793,-0.21704276
B8EMX7,1d42a6a90bd4fef08f71090fd0c40c49586c7f2075e0380a46e30f1f9bf6dc58,381,4,-0.05082006,0.25878826,-0.08525745
B9WEM6,d1945a6cf3fba01164182780762200867bcad37207a51b19275061c15194f782,345,1,0.31620947,-0.056358367,-0.21237329
C0ZC31,c62c505981bc10b2ea504531e92941224d031547074238bc9e52a8352d8ed49c,230,2,-0.1981318,0.17649901,-0.11213799
C3PFI5,6ad833c17e4050a6dfe409f1b3dc7ece7baf921518212c21b0a96c8be53380c4,245,6,-0.30113947,0.23846222,-0.008852507
C5DJD5,3873296f996526f7ac1b2de917272ee510a8d2d50f658cd2b3bfbe80aaf0c125,547,1,0.30610985,0.12348319,-0.10350678
C5DKL2,f9ca343dc3e9984ae98e3601642d4c1c031e3a66ea2b381eb91be98f38bc86d8,496,1,0.4979097,0.22074784,-0.024901321
C5E4P2,6d4a9faa33f360f94b7b386b4f1bd62491af46494673b72e1f22edcf90ff1715,342,4,-0.038874768,-0.076587886,-0.17986992
C5P4U7,c67a3ed0142db50c105d6cb7456a767ed943b3319f7306b32e37156abb8fef2e,585,4,0.1642956,0.077101775,-0.047693536
C6WFD6,ef370df3d5ae759c0bbcb786d6c76377eea9ab54a778491e0f04f97ac1442206,266,6,-0.4416986,0.28886575,0.057019684
C7MSL9,5024a36072e00deab0fbc5f8f27645598a7ce09e773394d822bc87a55fdd63f7,343,6,-0.12202068,0.32384226,0.059336353
C7QIP9,9448f8c7f6bd0fee1e3c223dfb309fe6eca1869f09320458386140b5a6fac9ac,342,6,-0.23098929,0.31546456,0.08724566
C7YUK7,116e5bd733e8239e46ece60324930d0064a6f02fa51dc5ba443e1f69a2582f91,530,4,0.14717615,0.06107688,-0.0666583
C9R862,32775f47175a9fa2246fedbbc5f124ea181b4d5ef3ac50f6781b99b045a87430,226,2,-0.30209753,0.14610897,-0.056052
C9ZC80,62b73c856ed059e199509cfe006bb67ef9e4dae897168e71b3ef15250f54585c,508,6,-0.21799457,0.31929466,0.09902453
C9ZH60,6f0a482c2d8cf39d730a19081607ac98a1b9ff80920842921842013e275e7874,314,6,-0.31094795,0.24727842,0.05860501
D0LAP5,d27867d2544052a3be38ff65484f3cc0670fa983891138413841f73282bfcd48,316,6,-0.13497536,0.31891915,0.0082729105
D1A3Z6,d22365646047e3a04b8d9f62b4af28883944445a8370c9901ee8123c6e6380dd,335,6,-0.13818534,0.31227088,0.061374333
D1AEA8,0f7bdd1e0fff3be3d316610ee30efa774db7303d39faf94394eceb4882f63798,265,6,-0.1891557,0.373093,0.050456118
D3FFE5,4e39c0e0b8cf49f1172952c430bcf42baf352fa5f8f3ed2c2480aed13a55e678,329,6,-0.084859975,0.3784818,0.06907693
D3QBZ7,453745bd9540f5eb473e2893ec5867428c55cf8cb80a390639c2899b812a6329,416,6,-0.3294036,0.2725358,0.038830057
D4AS86,4cf1641e61d5629c34909a94cca62e4bdb910664427a8a26560b924aaa1b5a1b,426,4,0.028740855,0.012058734,-0.052872136
D4CZW0,642602d4b110409215e12c6fd58c1f32e1322227a3aad3a8f46c79405da0db5e,599,1,0.26347047,0.104862474,-0.06436142
D5GPD6,4b7bc6d0db2d3132620e24b96ce5d84e8100bcc987514d47c324ea08b225bbb3,524,4,0.1557227,0.13296713,-0.04533358
D5ULW5,a901887f0698749b4eef566708e68afe8bdc0b804dc183623089d004dfcc7eb4,279,6,-0.20678203,0.33557364,0.07329025
D5XF05,98b545dc4f85419224b4ac5525eaf46eb01508eb8b205a09d5d735e182cb39d7,209,2,-0.26375327,-0.02113874,-0.1536038
D6Y236,c1b63aad3081b29702b32fac8eb3514d386e302eb9a07b8261e3784aa764a300,246,6,-0.30610585,0.2964812,0.017328158
D7E2F6,9a1e7a4e40c2e24240bdfcf5cf2698852536ff7531aee2e8d486d42e54e65ee8,469,2,-0.1152388,0.020366406,-0.13542266
D8JVJ2,9bf042b1875363f17bce2b76a47d211aa05b158354bcb161df64026570c4fa89,388,6,-0.10088004,0.2616592,-0.06326955
D9Q9N8,2c550206828302f9bf820c47d1fee806e56e26040d18b84abe27f6da79a7224a,244,6,-0.22604004,0.2145999,-0.046748947
D9QRG6,bfc2552f657fceae40e5064921a8245be9c1cf69193b1d20ab194a51752c0607,209,2,-0.24259207,-0.06622074,-0.19716382
E1X3W8,70ec65182a9f91d555f45733861e167fb9659a3b4bcd60a7242831f8080748ff,240,2,-0.1461933,-0.06808522,-0.2500794
E3I1I9,1e135bd167a1c675c82a609afd11917c651b6c12d5b613502ad4f72f90363fec,401,4,0.033904042,0.25839084,-0.10965976
E5AUV8,0ca1e57a9d7c16cac82343b553ae0a66bbcdea3a3543af1bfd559d9442f545b6,408,6,0.0023518063,0.38462117,-0.0488677
E8TKS6,732ff4780890136d91b716bb545837b265296c0a271475da00c7b445cd568013,383,6,-0.13733841,0.24440473,-0.060695298
E9E2G8,5f7537fa765451f115908b3926568e1947a236036e79dea540cf4c2721f85332,535,4,0.05200704,0.08726725,-0.029131731
E9EKH7,ea1c449f5aa8baf8b7081974287a5c61971ff888c4a80f2bd27e4fcff571dd43,535,4,0.05048975,0.07368718,-0.040280372
E9FRI2,95e32a27ea26526d2fbdb8f849415fa021b22b3cfeb7d9b47d676e11d7e01623,320,4,-0.16589873,-0.08227954,-0.11807664
F0M9U7,d27590de7aeac88eb6e53d35c24e34ab25d6fedc443a071587fb2d7511f240b5,412,2,-0.25942808,0.1591356,-0.09730656
F2RH03,756e89eeb952c17a0152d03c936536cdd300e7f598a5a5daa3117c8e39f2d2b7,313,6,-0.33595794,0.26192066,0.08542043
F4H3Q0,17cff7ed30588894a62dc5f4c6a95f2c8cc6a5dd5aefc8088a6f1d2e386ca5d7,285,6,-0.1886534,0.32018942,0.072569706
F4RE30,89f306088729d5a7048c420af1b40fdaf728f7a29a166bf32a4ad43b4d8f430e,209,4,0.021269774,-0.026501428,-0.13879937
F6FVN6,fc72090f3a0f464d4ff577a62f0d2ad3aacff3a36ce8d497d8d3c9f892b986f0,299,6,-0.13744065,0.34586924,0.06672852
F6R2J3,9f835fd97eea4940da45cf5437ad238859cf7232a342bbfe22e3116b806370c3,347,7,0.05167031,-0.011376949,0.17443232
F6RDN7,42f9ffad2fa6c366e08c433424f4830a546e33c87c648b640a32ea986ca4ec38,490,3,0.08186596,-0.18534736,0.075748116
F6WU79,1ca29173135a8cd88f3a94c1aca934e6c22f5e7d67e3cddc3a5158d45bedcd3a,393,7,0.0049034995,0.06215586,0.32564682
F6ZBR3,f5e2e3d1cff32d34045ea0468a0054b9cbd2d81d9d61422bfec0f20c2681f97c,388,1,0.3091885,0.012905077,-0.016372466
F7E1C5,16da4e5a9bbb5922c62a6828279aa4db8ee623793b22cd7aeec273421c562b3c,363,7,-0.018756898,-0.0027434132,0.25378805
F7I1Z8,c3e8f11bf37c1e1ddb9dd37dbd237fbc5f377d160418781f8c3efe1af543e847,400,7,-0.0574847,-0.07505778,0.2960816
F7IDV1,4238bb53d5f3ee95c6323bce74ea50ba40a69787a02775e9f6155aea6600bc9c,382,1,0.31613097,-0.052509397,-0.06121976
F7Y8U0,72080badf6ba134531f0ef33b81b234051ee78636028e6ab61eed0c2d3c9d991,383,6,-0.119768366,0.2508147,-0.059659272
F8A3D7,d33ca6c056998a25ab04688d934e8fcfe02b22ae31edfb6b72dab5c0493a8b56,287,6,-0.17399797,0.35341355,0.088825434
F8B003,5cda864920618ab269faf982156f5cc16f1989d54e6082880f38556f4acd1529,518,6,-0.023434732,0.4523165,0.08296792
F8FNY9,8f4c61f4b8145e1633330799f0fc44feb34609922769cdefec0d79c164e0e294,446,1,0.15102577,0.27224052,0.06130386
F8KUR1,68eeb3d67ca4b973fa83d0c36f573ee96539e0054ea3f0da2885c86345b4ce67,249,4,0.040918447,-0.0042014504,-0.1287544
G1KS37,86807339e5552b2caef807bf061bab07e7fff9ae14c14c45796c3d353efe7d9b,354,1,0.3173402,-0.07138358,-0.08780503
G1LLX7,94cf73d951886794a740846676893dc78080873e7c8682ad00b4ed3cc59594e0,398,7,-0.047526136,-0.12901564,0.2649779
G1LVX1,8d68048a68b4da13d56cbaa4e8d9a27d8399aa8db635261bdbca08191a2b9279,590,7,-0.14099047,-0.037208654,0.21749918
G1QY60,8a9d5c6a8950662bef58f6dcbf128f36dc17fc211961aab585d94371d1d4b2d9,344,3,0.119519494,-0.115165345,0.062443968
G1S365,3e5a1d8e716290bf216387e6efc8859eb8058b4ead68991a3e65696d415a31d9,394,4,-0.04601659,-0.07652219,-0.13921003
G1SIV5,32b843d090c47315b5f9d80a69adce0ee844420fcb085af8a00b61d3b096a933,327,7,-0.024895614,-0.018333808,0.24447805
G1SRH2,8b72bea4d6754a63718f6329966cba62f3ef49ae248253019576b921390ae60a,348,7,0.13941164,0.17982532,0.17032515
G2HE03,4415d407963e27cf0147e2f2f8b396faca09b600a99e1c848fd696b5604615b2,393,7,0.007000611,0.06557301,0.33219215
G2LKG3,301c0fab7f9c1b39f8b47f66d3ab371bb41c6b9c144d450297f8e86cd7ed91bb,390,2,-0.045035116,0.2773949,-0.06553113
G2P9G8,f2acf51d8c2b47524b53ed999e8de223583501db71705ec6a61e87cb4429db2f,330,6,-0.31233037,0.27780804,0.091546856
G2Q9W1,46eca9f6313c7a22db21297c48a81b13a744318d6942aa18463200f33f2ffdc5,534,4,0.009685397,0.11605458,0.0018720914
G2QVN6,2140112a816aaee7bf492a3482a2669428839ddb7707d0757326ddd42eb68ed8,556,4,0.044582877,0.18300734,0.038685314
G3B8X1,4a0cca9d41602a4b9ed85b66ab4726b3ee440e71a9a2d9fcfb896c0aadd2920b,325,4,-0.021087099,-0.056170847,-0.18617949
G3I0U4,ada25157baff1c7f2f6edb6034857065f70d4408a0f9f4026b288535c758bffc,377,0,-0.15943027,-0.11440855,0.16916904
G3MZ03,2d7d5eed2b880699075ea94f202cda2bdbffb1efb8c19fe1b819b2e0b83d3969,418,1,0.28537434,0.16061968,0.17897809
G3V9Q9,3cfa8924785aa0deaa79939080777c4f4f4a5504b6eaf6633bcd766f02e87871,321,3,0.23336107,-0.1039062,0.0057542156
G7N441,c22708dd1770b8b4bbe9a6594c4536b641032e1c8e93a9a563ef022a931a1ab2,353,3,0.19509257,0.08784095,0.093535304
G8JSD7,64e13a6d93becb9a6e90e85238814fb0444bb8f02bff827b4a8b1a8d7469d395,522,1,0.34482062,0.08877053,-0.15655993
G8RUH9,dce2834684a3cc4080cf4e742bfeb3c3474389273ffbb8acfcc51885135b6ddd,320,6,-0.15507554,0.26992273,-0.004235137
G8ZZA9,c9fd2282b11dba888596bbbb5c87d58530321b9a08651aabc1c838676b7250b6,512,1,0.5084214,0.09089218,-0.11395226
G9AJP7,d7d0cedf466622ce234447455a5603d4430693f14d2e9e144a9dfc3233a93eb8,383,6,-0.04722327,0.29106534,-0.08388807
H0VAA6,b71b6bf4949f84c5a2b5927d7c2cdcb382bf51da0fdf34d8845fedfee5ef3f7d,369,7,-0.06981966,-0.017396163,0.28747064
H0XG44,609760f11caa57bcceac5df5869766d8ac365692aee4b3823007326b801df22b,382,1,0.31009737,-0.04132318,-0.05317982
H0XH90,0c5a030d910ff5b407e28e0551f6fc5216d1e1d2139446a32a3c9be9cd865d0a,327,7,-0.017822428,-0.027945513,0.23554672
H1V3L5,4cfd36fd2eb59bc2773a4d484185255883dc812629cf7b49abb834c0c0adf9c6,542,4,0.070773154,0.06721007,-0.03599462
H2K893,7ce7165465a197f20c3b9302344080e1e2ab5d9eb5cb381ba49890b02ee5d532,422,1,0.17683306,0.33203083,-0.03636849
H2KYQ5,f0ab376fb34f4e9de38565f069b20ea49c3325b885bd3615284f11aa00d28b12,429,1,0.241728,0.045259,-0.034237407
H2PRY0,9f837ed54920d621ca178a28f95dd6eebbf444f6bbcf7b6bb9de3d612c457edd,398,7,-0.0853901,-0.08181428,0.31127596
H2QKJ8,84c00ae4d042a82885f7452c442ad02f5539c79ee4dba19a4195e2fc3c880513,388,1,0.31293568,0.00097344327,-0.021873448
H2QNJ7,1cdd4373e2ca6238c8e0e4c06929bdf2fd699b3c437332446e365d8c8e64cdb1,350,0,-0.20349424,-0.164783,0.07983896
H2RLV2,86eede813df9e4ad2e14f394593af8d8c3932e161f3b4323e7e17fce21ac45b3,359,0,-0.111434266,-0.2638252,0.11134667
H3AE91,5d8838ab53191d3b4005ddc919c70921a92857e52d439b78867dd349d8b0a59a,363,0,-0.18203731,-0.12814964,0.14238015
H6MWB6,a53c7dae0286d7dd9dfd377c8817c45ae7bdfae4afcf070872bb6f3d684e22ee,353,6,-0.05412168,0.25411284,0.004165095
H6NR95,4a157d781159b9d3f5a6719054f0ccfa253389e0146f97538fa72064e54b1f48,338,6,-0.0062763663,0.23141874,0.014254657
H6RB42,52ad2dd704ffaaa6e26499ece3786495b8f5dfc065b8510ac2559a091be78d37,415,6,-0.31166387,0.28279683,0.015962636
H6RM48,0ab9658d30ab6d5347246a910c8ca27bca6405f54398356522103d5bec92721e,321,6,-0.22057125,0.4080432,0.11114643
I1NUF5,b4de01c757fa430759b5bf4d29274fa6b899829533230a2341ac2b32729db403,517,1,0.4383188,0.15814447,-0.113726854
I1RPI4,f5e756c9eecc5e1dda06bf6628331b2c1182d2f081f33375d447ea2a70cac88b,528,4,0.14637971,0.05852375,-0.07651222
I3JCA5,63f0578158c240d118fbfd70510716d7be3736f577098d5098fd6b052b8af55f,346,3,0.1361739,-0.11623593,0.026305016
I3JS58,57e10a8001f6fe0b6129fb14da68d8d31124ff2fb1c2e86db50f563a8d34c6a6,382,3,0.038772777,-0.17614406,0.10409502
I3M7Y4,7aebbf34df31450df31dce85456f5af99a18c07303f7da6e7fa722125b603ec1,396,7,0.020387461,0.07463332,0.32113135
I4BMY0,a4b5f95a11d0a527e4c774429113510f6a6646e44d1a32e837aa93c15e4804cc,319,6,-0.14404231,0.29012677,0.007957047
J9Z9L3,f4da32d4939010276ceb5fc898a9e97b40872d6050bd1cca32a5cce666ebf9cd,445,4,0.057573963,0.11881778,-0.0971821
K0B0W7,961fd28d4c5c4262e1001067796c111ee116090420d920ff1d520af383463486,211,2,-0.16753551,-0.15580262,-0.25557572
K1QT40,fae5ea3262e3c3ff7c5eb2f00d95c2c2b08c19950906c2b178c6194f5808e865,312,3,0.14610785,-0.08035306,-0.030783363
K1X382,18a3a0ad86d155a2a48c524e377913659baee6528fd8c0a10affebd1fe5e5e20,532,4,0.0015977271,0.048136845,-0.030335594
K4FYI4,40da16a3862afa83bb7a1c244c133ff97442fd9df785df8629cdc8574d8353d6,329,0,-0.25199503,-0.079854235,-0.026841396
K4LIF9,0c15b624e5d0b449802a115cd76cde2a70d55941705b109373dd665a32cf722b,227,2,-0.24596128,0.2058439,-0.07096727
K4QZD9,131bde7ab7fbe046681966bbb696be196e56f367ed769736700a41d8182907e2,400,6,-0.35052913,0.36877003,0.0832725
K7APS9,e6d0c9f0dcc0edaf766590f83b47d128ea3036693b1b1e8c2d9ecf3cb448b272,401,7,-0.025668714,0.019812612,0.32289755
K7F466,53f533d50eb815a67a61f294d66f54771b5a740ef6bfa1b1914b3e419c490513,417,3,0.046941478,-0.16682598,0.061156813
K9VLF8,3577d4f64185161dc0f330f8ed8704a48bee2ce1ee8e67b06cf928b9b71f3e8a,505,4,-0.019658148,0.117296755,-0.098923445
K9VXN3,65236271721aebdeb13054f0a902b413decd772c64bc88948002701bff5e8b7e,469,2,-0.17300299,0.057685304,-0.0979119
K9W4W6,dde83ca5e813ec25df5582886fbd22dfb36225fd2d8c10d07c24658a19b9e461,416,4,0.014132341,0.12132756,-0.19418818
K9WEY0,e919e79842269eca490a3a264aff9b62514a29ed5750b924b7981712a03156ec,431,4,0.044697948,0.11774353,-0.18258019
K9XYC1,3cbdebe91b541ee7247841f87195139243072ad6345371ba3a2e27e444b4a518,476,2,-0.133418,0.03567118,-0.11784141
K9YM48,28735cd704726a3c747010265f5e33c0bc730833d24c4e3512a9ffc5d098509a,472,4,-0.03178773,0.02273361,-0.1686638
L0DFJ5,8bc7e3bcf2bf80af29645e46874c18451082aff184137521537db243ced0a7c4,290,6,0.075403675,0.37597796,-0.09141817
L0IM13,726df8c1766e5d7cb5e8ea0221555d1b3a3366905d605debd30ff3079208660d,209,2,-0.1365825,-0.16602309,-0.272435
L0K7L8,ea097f93b2aa7443fa2ec306e875e294e01e9cf14a9599c1834b5c508a681f25,223,2,-0.23122866,-0.059399813,-0.21527323
L7V835,c1a7124d1808f19868b9527c5dc47896baa84f0a97bc6b36366c0597d30abea6,327,6,-0.122276865,0.31285757,0.012642775
L8IBI9,93870702e9501a4350f4333899356bc106143a0e39c1f0dfdb692f25c3f84753,382,1,0.30934167,-0.052705996,-0.051835034
L9KP00,276c2998d0adc983f2ab9f0d3fbd94a06a02c5af834175046374efa8bf4294df,353,7,0.1476412,0.13020894,0.16035399
M1NL58,3a2b16cc9a02a0f067c77cc5848e5efe5a0eca9c4a2cf9aa4f6b0d3b6b0e730d,243,6,-0.28204784,0.33843464,0.047732733
M2Y9Q5,bbb53eecf0e80121f4a62edccba217f145dcf8a3e4769f7a9a453ffd88487807,320,4,0.049902704,0.059061065,-0.1405379
M3AVX3,d91df6a2a6a097e3e8e185e31bde0df5a28852504f9409185f3d24088adb6a1a,449,4,-0.069397345,0.012828606,-0.043509558
M3XNU9,36d0449a18de5adbddfca4f29e4681d5b0152d442d2376e4acfb679ad181ff23,327,7,-0.026245609,-0.025768988,0.24618186
M4A417,fa05f4f78f1565885247c542e9ba158189fa5193000e9ba8ffa1f5334273f124,337,0,-0.21657783,-0.1462232,0.06499393
M4A752,8cdfc78136f8320c8b3600897b0fae4e207840961f0e915be1d8172fbc1f0ef6,350,3,0.10735436,-0.12789047,0.108139
M4AWT0,41ab33dc47d4b97dcb66d3071739da76fb2b3beb4786f3f24e7311a9f2e4d5a4,399,3,0.119573645,-0.041640576,0.1503615
M4EQN3,c8228674f51f04243d727ac11e08284c983acb81d651ac28761639acfbb7df71,520,1,0.4461655,0.17993283,-0.13126285
M4FD58,97755f07a2b758aac34771423c85cb00ed09f3bc0d560c294f5fd723c7e7389d,521,1,0.454433,0.18252487,-0.1391026
M5W6X5,5b370dddb4dd918e742a4e214b550c4ccd3a9281888d37e9951f9deb2efb9f90,518,1,0.45597392,0.16361995,-0.14070131
O45819,b5f49c29a7b16d5620d41e44090614cd371c7570763f0f69c8222db510792d6d,300,0,-0.05698491,-0.031180756,-0.05857024
O60909,629b857b0b6117fe027d96d05f0261c2714a382b4fe46d68ec4e99b700d63372,372,7,-0.08693393,-0.008813286,0.29975802
P23336,afea2045f6fe40ce24642a4b4a26893f46c2060d415e3dfea93334631c889bc6,394,3,0.18452425,-0.11664916,0.03782161
P27129,c19767a3dfcadfe8a162408ccf761e18ab4311155ba6351d18bfdd684c25041e,338,4,0.14185652,0.006985302,-0.23159121
P34548,7e68d84099329be79839df22184d326665e3aaa51d58ca3338ce6f85c103d39b,289,3,0.1373777,-0.1302638,-0.04811896
P75302,93faa6bfdc06a5ffa241946bbe3e82a7442bff5dfea6c69848b34633eb4e4620,341,1,0.42571047,0.0763424,-0.26012176
P9WMW9,e4d1b7307626ee82bf128c8921e7ab642b3ddb3074411de4976a73e480f43785,324,6,-0.08592289,0.33730078,0.019460345
Q02A93,868150ab227f9ce328f0a4edca1506433d1084024946e9aa86e4d56bd688288f,237,2,-0.2718165,0.08835742,-0.132474
Q077R2,13176a258cad1bfd9813a883b2ae8f7bed804708488e0d9f0d4218223239ec5c,251,4,0.0092493715,-0.09404738,-0.33642107
Q0P463,193e0b6cb54288a40e5a93009baf01da6f6baac566c50f80532ab83f58299e4b,323,0,-0.2517203,-0.13277267,-0.0662816
Q0S7F7,140366a8d990681aa055ac6ba4e08d83caf41931a4d8be4d9c4aeccf7ece3ac8,417,6,-0.36328897,0.23074166,0.008513559
Q1K769,526ff986f8e638cec85527529d4f6f45f7f03cd4536ad10de219666c9ca88768,546,4,0.060519498,0.072121486,-0.032770243
Q2HPN6,5462e1d46295d259eac9ca9c8a3480db8c7ea3fbe5f11c70842e880307a66550,316,1,0.2718667,0.010430985,0.032207943
Q39AC6,45cd7886af500e45397a30257307564c035d903691c054609467b1eee1175d96,389,6,-0.038256492,0.30394173,-0.07148707
Q3A3Q6,999d4b87d39c7a231965943a2d8f49555e86a39dbfe0ad480a0be4b7ec5492b0,259,2,-0.13067202,0.15096623,-0.15859433
Q3JQA9,bd983e2a7a12cf1fff1cdbb47dd08f19e45ec045a1f6869720d7f4f70f8df1c4,393,6,-0.06924891,0.41189367,-0.010704253
Q3JX01,27385fdcab05f37fa0532d912f7db6de15213300fb2dfaee8b67c4e08647bb86,415,6,-0.036340665,0.40028477,-0.011385377
Q3U7I0,a7316588fea11401848616ae84fff93ba12579eeec9dc52686dc389769a0f365,260,3,0.059571136,-0.06447965,-0.0035106977
Q5EA87,009a2cf80d2dc1f5eec3a84505313c62190af185fdd97400ad66186e05aa80e5,396,7,0.03899003,0.05352316,0.2995972
Q5F3E5,6903bb4c4c096cd4d28bd8e3bfb5d25871c477f11f75413ecf76e8a5ede75fb9,368,1,0.3283123,-0.06049265,-0.07421177
Q5M7A1,c0d9e527a5aec2ef961dc91ec7cb339d4c5713cf6e6b0c5ffc1a5c4ecb321bd6,395,3,0.017962255,-0.1483981,0.065118454
Q5PPY8,406931f7d017ffbe3a35448f4bfea879fcbde4419d61e4fb0b14bbca3446eb77,354,3,0.099747926,-0.08675382,0.05702777
Q5U4S8,a348ecbfa37dcd792c3556e991bcbd0c5e02c06a65fb7a563544cc2af812c079,394,4,-0.035094045,-0.087656595,-0.15099874
Q5YQF3,07386b2a86f6dd480add98808c3581b2c6b26dbd7588f542260251c4a739bc14,312,6,-0.22968858,0.29160795,0.042297874
Q6DFG8,036c6874003df87ae147c87458c7d357d7a5b9b82d45bc5a2679e94cb0e32ae4,332,0,-0.2345087,-0.19033791,0.059697974
Q6DIT3,731dc7b025f3dd80dc914424ea3ae12fcd31234fedfe5ade7d906c92fc03b839,354,3,0.093848035,-0.0927268,0.05343185
Q6DRL9,463220a1a7b02d96b6035771c63f8d677cbb888af9683b852a1e9341a6ee0731,317,3,0.14244062,-0.096127346,-0.0033811503
Q6IQP1,5dc151138a89e7aa6740bf95c121b3dc51fbd1133ce0c4473fb3ccd7a92d0bd6,321,0,-0.26910177,-0.15425953,0.068717234
Q6MKV7,ebebcc78416a4a7a499bba6bdcc8229b7a9285a93dff9fbace2ddc1ac62090ff,241,2,-0.0883616,0.14398257,-0.17014095
Q6NHZ5,c822b0fc90fb35ad230168f21c5fdf3e56d60deca5d0b4f263d26132815d9370,249,6,-0.21063223,0.28785753,-0.014113327
Q6NU80,e18f9ca40f587feaae2f58820a2473865dc8977bce6276119d3f0bf2e066f6a9,498,1,0.33523184,-0.04408351,0.06767466
Q6Y288,e74ea92d52425aa7c3e931b2f9fd0d8cecc544c9caca00443f329fea75fd7f8b,498,3,0.094008975,-0.112186834,0.089025415
Q7UZK4,1bb77d8a3b891ae6e3f299508bcc5f114ad9ce066667f998b78353dbdc8e0634,433,4,0.17745392,0.049554918,-0.26265755
Q80WN6,59e66ed9933c7292ea5426e04e738f433fce176eb0441037e7fdc91ed88c859a,388,1,0.3000413,0.02033923,-0.0030365435
Q80WN8,5e3678b9591e5d0957c705cdb64a77d2ddcc3ce23227ea5a3374a0005d28f34f,395,7,0.015438043,0.059379112,0.31251243
Q812A0,6f8a2d45fdc8c39f0a69edf4aa84d6c308d83add5ad78a6f881a2fdd84f3687b,382,1,0.31623334,-0.042191852,-0.04975411
Q8YMK0,cc8b52f8c31fec70d5ee8971944a424ab62cb825ddb8457c0fc6eb67806c2901,468,2,-0.15723033,0.022228777,-0.11885398
Q946Y1,bf830cc9d1f83414282026c4e9876bbb20485be09cbbe9f1724014365c36786a,520,1,0.46560204,0.16059446,-0.14107539
Q947G8,3744e54ae7d72170060d16956b52190b5ea5292296901360287cd58b76836949,318,3,0.06596659,-0.13191037,-0.03528987
Q99PC2,8912921decbb434d039264a1a9d21d42503beee75a784717c42ee946e4686efc,393,7,0.006293192,-0.108633615,0.23373102
Q9DB25,75dc7535ecc8ae16c191c18aa374f6f6b018806d16da8726bdba0b8ca62d3fc5,324,0,-0.29056647,-0.10851971,0.010235248
Q9ET32,8b0e9315696dd5cf096f60f1e660653b8f4f26ea83090e5022279b5237735e15,348,0,-0.100411855,-0.18004288,0.15209728
Q9N290,49a449d36306143516da5989d62e8a107ab2e69af187d338189fbbdae9103f0b,327,3,0.17665364,0.07001519,0.12635171
R0F955,5f47f5cc8b1102441d0e98c657ec45a9434d319c15037e4fdc99d92dfa73ce3d,337,0,-0.044101708,-0.18170536,-0.023925709
R1DX79,d871aff5f8dcaab5e551c1eef1dbbb45482d32782d4cb055b508bfda12b78a7f,467,1,0.4858213,0.24340294,-0.09800154
R4SYW7,037b833e90e5ffe95650a944b9b01910b68b5a343b042911171b3ec832b4d30f,334,6,-0.23643559,0.31665748,0.09712094
R8BDM1,fdaf54dd83d2ef4b467c55dc52b2cd50a839cb1c55c0fc3ff43eb2a9ccab10ed,287,1,0.21178979,0.12557769,-0.05254394
R8BNP6,cb724405c97a1a77e99d598a681c4b69eba5070aea6996a375875eaa2bb86045,567,4,0.103847906,0.09007773,-0.023506342
R9UL23,12aa9508e64dc4fa156e0a3cb4340425d4aa18569f2d8a8c38ed33922d41dbdd,446,1,0.14572397,0.26768014,0.067600586
S7S3W1,ba030b3b4815b4802aec17655c25c2fb4c31811bf15bf6290ef779cf4aa81523,472,4,-0.06496803,0.14535959,-0.009352284
S9WVV7,1faa7d43edd3968f08eb58da44adf3562ff6219d876d8448f316ee0afbcfd1b1,326,3,0.17564115,-0.10338568,-0.03260266
U3D0P7,ce6677250d0e549c0e27abac6a1383c1c5d3601556b739084c306f40cc38b283,393,7,0.0051574986,0.06521076,0.3259032
U3D735,eba39983a9eef2dfab5d1b86ae4236dab90e5a67040c58ab68b0854f7687d185,354,7,-0.09690354,-0.053719,0.25709784
U3JNK6,32a23828e5a56140b28f948d8a3267ebe665689bdc25037c5e900f194fed76de,416,0,-0.00063412735,-0.11284754,0.12858514
U5QGX6,f14674e858ce69d08a93c1b41d7134e60522551c726091a96b079f6656828228,426,6,-0.037221853,0.28180537,-0.050140698
V2XFQ3,efba71525fe07f12025a3c9e22379bee2aababef1ff8c113e8d7bcf9c04b4eb2,456,4,-0.037705474,0.053905148,-0.0746319
V4LHT9,e10d67f03b568ba3dcc5e674cf26b8bf781263eebb0da96e5889384078ee7109,343,0,-0.17153619,-0.20591362,0.020837035
V4MBX4,0f5a1c807312293a336ff6980f7283b64325398aef0fedfdf77ee9ea63a43333,336,4,0.030761683,0.050177407,-0.11953214
V4RF91,8152219eb6d73ec4f5bde5dc965676892b70e23f964f4bc3225aa6f4db5d5981,314,0,-0.16005065,-0.22475927,-0.023839856
V9KU66,a1bea6ef56a8261abdedf1d6b33d5a9e92ab4e320bafd976513b3cb7ab14dc48,361,0,-0.11703201,-0.14427912,0.02201939
W0T7M6,4060efd202f0eb0d136c99de4948d5c597be238cdb3801d7a9db9a39311ea5b2,546,1,0.35087943,0.0556286,-0.16482651
W1NXR3,3e2cbffbeba3bb3dc8a393e129e812bbe8caccf02bde504015126220caa2a37c,343,0,-0.06380448,-0.18759075,-0.012616077
W1P6R8,66ebbf8a4d8e5b4aa3b4b7238ab9657828478b7b2267e843cbe2c257d075cf6b,516,1,0.4629619,0.17902659,-0.1429872
W5M4N6,42a41e788ee97ede21e6c1bd35a090d143ef98c1b5c404c6f10c99114351c86a,380,3,0.19643478,-0.047440182,0.07395438
W5M4Q9,6352ca749dbd887cc87b9795334d23343d1e2b7404bb35064064833e7088ddc9,368,7,0.051897876,0.06499781,0.26806265
W5MLQ1,6ee2956bd8aa225c0274921c878f895a482f4618e99677cbf2cb9fdf7d81e0c9,347,0,-0.24167415,-0.1844767,0.077021115
W5TEE7,2e5ce741e99d7379b3d1af106b5f89072721fd1e97a707f98717ab182fd9cd5b,318,6,-0.07938482,0.4119024,0.0631342
W5TS26,dbe3eda48091073e3ccdc720ace45be32acd53e249262dfc066a3582aa3b1932,421,6,-0.31829625,0.21257478,-0.00818462
W5XZV4,4cba99e5937726377c8d7849f83b11258685f110df9025b6aa4f31be69048fd8,251,6,-0.25830823,0.28908718,0.026255844
W6UAJ0,3725fda328674b00e390db6231c40ec4107da041db4e5c5fef57b18f27683e28,488,1,0.35025942,0.12231994,-0.1388683
W6YN13,cf1ba5f2fe84c32ebd03397770c1844c5d4d540db366b276030a2efc16a7a9bb,578,4,0.14323813,0.044373076,-0.04871405
W6ZKH1,939f923107dcbc95675022eacf74aebeff5457ab90f43e2841dae4f275a0888f,417,4,-0.062563404,0.03250706,-0.020598603
W6ZR68,da4277b7ce146f20be3a46157afb8123feb8d78a163e0a17ca0dbbd49e15aa81,572,4,0.12877779,0.054686908,-0.042173255
W7MAW5,395325fc204ba73aceb6b780d9d73a02de7c0ce250e9fa567c20424d1543c823,486,1,0.51562244,0.22292846,-0.13339609
T1G0F5,984e42aae989d2d7789028f1640359de830f55e0d6e840e724c3b15adaa88e51,356,3,0.04083557,-0.107499085,0.020451285
A0A1S3FT84,74c8cf1a77e9e5f453aa4764aefd9d3afdb1941c0c665ac588ff683e8216c47d,344,1,0.28787366,0.0011794097,-0.0023887078
A0A1V2BNB0,e16231fabad10b65b55666eb361afb07ca6988c9792707b97e2fff2ab0cb450b,327,2,-0.3129543,0.1044554,-0.15569389
A0A254U4D0,89f94f49804c4a86be82f3ff33e90f00b2fd56798ef851dab66ff1cbf35920a0,245,5,-0.305802,-0.15045674,-0.1839429
A0A2X5SKD7,9878a4f0594916f921260502dedd47982c886f450dfac81147a68a162640f16d,326,2,-0.31806526,0.09315416,-0.1887115
A0A344U850,1dff67ef3cb55c8d90e5c029cd5a6edda10df16e01dec6d32955e80b333705d5,422,6,-0.44233873,0.33604848,0.13319229
A0A3B4XIF3,47200bfdd5431dee8d1c629e0e5f6d7ba57c36b7005b4c0fd333839f42416b86,443,7,-0.013077244,-0.1151116,0.15833576
A0A3G2JML7,44741574bad9a483c996e496bdda888143cd69e547ced97d31f7f336be63afcb,249,6,-0.4339562,0.3108808,0.06791682
A0A5Q5CGB6,a887ad8dc57517f4c0aa897955c10ea0485f6653bad9fddf5343ff4cf6c44689,265,6,-0.30117014,0.22900915,-0.07458263
A0A6J1C1T0,d6fc82ee2d758e73bf480786c47019504c40d27e77fe880661989b818f1333c2,441,3,0.018057823,-0.13040785,0.00025115948
A0A7J8DEZ3,0f6b7bceaaef44ca6294cb9eae95449eaa7ac9e3733e57a9f806700a5e55daac,398,1,0.33308786,-0.032467324,-0.0416983
A0A8C0NPH0,3738fdf79c2245dbfddd0f6e96d39417c247a362db7b3abe6ce0f91e32380a85,317,1,0.38292503,0.046627153,-0.095112115
A0A8C2SVN6,9a3c12672214ff6f9fec69e10c99cd1234ebb32828ecbb9c83bf558b85045019,567,0,-0.077917635,-0.10671384,0.027544752
A0A8C7Q7F5,87e3f5d118aada0c27654e7e1b3193b1323f64b87d7c61a02ae0170483396990,596,3,0.026055388,-0.04976123,0.08734519
A0A9W4GAW6,5c0815e8bde64a14a8ca6e7647df75e93704eb09449bfe4392b6c602cb5f33ea,401,2,-0.19982441,0.041806344,-0.17488576
C6DAW6,ea2998cac760d8ebc96f3b69706765dda0423a63dd88c29f3ee8d027ed223578,327,2,-0.30294642,0.08161125,-0.1861768
D3VD30,e4527d9c6a03fe21bedfe2639e07deb7d75b1528b21fe9c9276bc82a1e010490,327,2,-0.2734896,0.049405888,-0.2124115
H9GA18,7605b3d77a85e9148720040b39c32a67b82d786fa2707978cc6d919447fd4d9b,574,3,0.0044439235,-0.13924465,0.014838169
K3VQM6,dd09cdf0c95936ab0416397af7a5ae507d875cf67caea965eaab0101dd6cf050,414,4,-0.12546451,0.03643446,-0.01192568
Q8BVG5,ae0bb9327251661121cf01f9c2c477685b4738daf648e569182c7eba40db9bba,550,3,0.08046331,-0.11302757,-0.020646615
Q8NHY0,f2fda3ba790590623305df87f9dd9239ae7692b22e6cd0e1b714a1d2b5baca99,566,3,0.22896796,-0.009886453,0.14501719
A0A1A8AWB8,cd5e1484c966c1519a2da477cde01740f07c2b279e2810699753ad2e13d031f8,326,3,0.18157917,-0.077127226,-0.032096297
A0A1U8DXV2,dda2211b055b27730919458609e5ca97a8c246897852ce869ea17c187e45b48b,523,7,0.30414551,0.035542715,0.2647921
A0A383Z9T8,5fa5297a356212c6715e7f1fcfe2041a1828582dceb115a8d5b1b0f3ca93f9c2,396,7,0.0129199065,0.063049264,0.32522082
A0A3P8VFI1,5be50f6bb91679dee2a13f01285b5880c214983fbb9c40f63cbcefec34d51d08,328,3,0.19282027,-0.09228052,-0.030486813
A0A3Q3BBY1,f95c5c10827bda97a2bbfe3deea1d13579e0b244680fa6e50be20e14ba160d08,429,3,0.22691904,0.013989179,0.20072147
A0A6P5DXL1,d52342e0d09b11fb61f6883e881eba236a37647ab603844ac3b09bae8afea22b,396,7,0.028579906,0.05596674,0.30697265
F6ZCN0,26cbd580b69350dfa97b0e0cb0e45075575abb6f0521544820f96e223b953b2a,390,7,0.04582889,0.05653545,0.26251182
Q66HH1,f6e84cb18db954147c26adce255dc1968ea9d64827a3ca1fefd568878a1194b3,344,3,0.12320909,-0.095056795,0.08199058
Q91YY2,ee284db751ddf5d278d511e714d9a6a1db7418882a0b95ddf7240bc8cd3d9be9,395,7,0.015766194,0.07692939,0.31971356
P26401,31909fe397ea19b5ba0cc05c3b968ee095b7ba21313891567bbdc24c0f846fb6,333,1,0.22560541,0.025322368,-0.2469943
A0A091S5A4,4bf6210b0ab03ef5ee2537df4e1f6db8b6956b9d493743941b82772f4259a2b0,530,3,0.071673416,-0.14002344,0.06840702
S8GAL8,7fc62c04912a4e24564d12db2d9b9b214ddf0944cdac70a6c10de4924f36fdce,241,5,-0.28760707,-0.10336455,-0.2278748
A0A1A8UCE9,04cd0602e03fd9a728a0f62df38be4ea686fe649e538ff0dc2d46cdc63186703,250,5,-0.46961698,-0.1806351,-0.12591188
A8K444,ac7b566242de054f394f878e1b4374ba3e30d74e6ac6ba30d9b608d393539fa0,523,4,0.17580599,0.0383733,-0.086530015
A0A2Y9JGQ1,f3476dea65110ad78d3a5c25b8abd1aa4364aa9f1d08ca6d18c00616b4a2ca57,386,3,0.1900377,-0.1564004,0.02871729
A0A383ZTA6,03e8e44f553ad34a571398a68c06309f076a98a78d542a539328c6061c9249fd,371,3,0.14598954,-0.16141385,0.016541861
A0A8I3W6B5,0479c29b805ed6ef8ed2d0a23a41b790ea6f7ca3ab3255ac7b29c83c4dd833e7,347,7,0.1013668,0.2125302,0.2930018
A1YGR6,e682f48c04cb34d6a3e62340ba7caf14319c5d2fee68f670f3a9a6e861c5067e,376,3,0.1427299,-0.15749152,0.041856766
A0A060YXX9,61abdef7fdf2bb37cb77d4a7b69153f35121e95e5754df2d1fa8fb4250078d6a,438,3,-0.021505391,-0.09360711,0.13531433
A0A074ZN81,29d3b395117df3f3575b1aeb83bce0f30874d30f304e8c3390792df64ba9284c,573,1,0.61635906,0.20539728,-0.052433692
A0A075MMA3,0ee32bc0414063667211fc96f64925a9831647fb255d95a5397c9bee288e593d,496,1,0.33656466,0.08082679,-0.20358795
A0A078ILX6,891a38a0bca2952900d36174a5af73289f1bac7d6e3ce7a25f37f80411e7cb8c,420,1,0.41133428,0.08211988,-0.041453075
A0A087SGF3,6bd21155bba8229313595d50fb75d5195e3bc151a11cd802cfd70192e693bc12,384,1,0.22789134,0.2155099,0.08873538
A0A087VMB0,238e4ea6accf6fe25e37215b23600af1c8b657e62888f4ed16443efc27b2f198,530,3,0.063815355,-0.14929956,0.06658736
A0A087X9E1,5b1b0a471eb76c9ff5700e848fa81791da80b8cec98fd912b78906c35769e267,440,7,-0.037068665,-0.07561496,0.17712054
A0A091IVN2,0b850b3bc9f90bc13aee2b36af2ac7b0c0844cecc778d0941dbf4bedaa0d6479,530,3,0.0667086,-0.14695616,0.070458286
A0A091PJF5,522e6ad3ca2a6ced67eae123bd7e9e7cd9a4112cfff3637477a178d052cf3f9a,530,3,0.07399954,-0.13512191,0.058810834
A0A091UZ47,da6bb27b6794a1479928e0242189b70a398dc1aae636e29043cdbb4cba362960,345,7,-0.2847337,-0.049145028,0.24125825
A0A091W4D0,9b9d285bade3b7f92c9004e17b8641a225a8a31e5819a12688bfb761fe18c223,530,3,0.06947942,-0.13912411,0.07324997
A0A093H6H9,63564d37ad19d43eea284102a0cb4aeda382d348af436bcea5b9268738063b42,270,0,-0.29664758,-0.20237659,0.15802363
A0A093JJK2,cdd7a560b9a77ceed0b5196a9af3079dd29e15a92d7749fa121ba51bfa9b066d,565,3,0.044364315,-0.1413363,0.023051227
A0A0A0A7R0,6171b17ba5f2717a762013d047e58398624e0cb644da276a667b38ebc22501fe,530,3,0.082469106,-0.1447398,0.055129167
A0A0A0K343,a960be3c5679ef485781008d90563e916cb7c8e6328fac456bbcd6c660572224,434,1,0.41799414,0.04146516,-0.061964408
A0A0C9RCP2,4de4ddd436efd771f8216b0a9e6c4fabedb3483be9c420bc6a90576f684c6da5,569,0,-0.09883599,-0.120737344,0.08144738
A0A0F2MGD1,b76b753c3f0ecfa253c30b9dc157206c9831e512630c48d5b6952c439ccb4f71,467,3,0.034282193,0.034937948,-0.010618823
A0A0H3I5U9,2ac83877620b8fc6228ab8992742742f136800dd491b25ba276bb4a074ddbff7,587,1,0.45809814,0.27035972,-0.12876214
A0A0K0J3S5,90fc7106f5fe11a1c2d169a7aea850e6d6223dd76c90d68c72299899ed2d2c29,460,1,0.3127611,-0.04162734,-0.059130635
A0A0Q9XE07,b7612f957c9643dd8825e6d8caa03d1173f971867a18af1a2a3c6f9e73836e8b,487,3,0.11591048,-0.109022096,0.020782001
A0A1A8B2C5,76071588c500c303722fc1d553b5b18ed2e5accbe332a043a3ebbee26c827299,438,3,-0.009781061,-0.09019059,0.13307786
A0A1A8U4G3,71b59a560b235234f7141b9252e79385cb20deb15715b90ff478b084486dc596,343,1,0.40732414,0.10986811,-0.03930145
A0A1A8UN74,f229c9ca1f2a36fd4c5501cf98c1a9dd99e25c504bb24502c1ae5a915617f4b5,561,3,-0.007710379,-0.068096496,0.054100335
A0A1A8URI0,94bead3061fe823fd8871945c0d756a8ab65782604f59705799829608a55ecea,563,0,-0.07565167,-0.13130933,0.034012087
A0A1A8UX64,e5d638297f97159eaaa29aeded549cab6069b7d23979dd79370a2224417a0aec,584,7,0.056582466,-0.056641303,0.20056391
A0A1E7F689,a7949e3d048333559802bf10d8e480500b2947668a3be834f33a4723b5e00013,382,1,0.29634348,0.014349972,-0.08433108
A0A1I8MXJ3,98604359c6384a3964d6dba686a2510638b709707255a6fff850c19e1fdb1f74,502,3,0.12789412,-0.16757299,0.0039842445
A0A1I8QA74,501866b29f0b60ecbab2fd884c88b456b60e46226e8b43aec21ccb2e6b3d64b9,541,3,0.19123411,-0.12003438,0.008803426
A0A1S3CG23,a751047b73901b33ee093c2af27d815eec145feb1c0d6245d8058d31f6d14d24,436,1,0.4059976,0.045482554,-0.051696073
A0A1S3DR89,58e8296b22eb0d6cb0b8eb097c7805120f027d43de3d4f09fab97570675dccc4,229,3,0.19860715,-0.15181708,-0.11173333
A0A1S3EZA8,fb79433f662393f5d678a8ea07efa7bb3bf6d97e4b2e15ae286f4302910a879a,550,3,0.07263183,-0.107011326,-0.015425013
A0A1S3F1W5,30f2f41f920b5b4af0ce67cf90acd4aa032295453a075a5ee9243f1f2abcc3b0,481,0,-0.23739034,-0.12736225,0.060673065
A0A1S3FYA2,ab902a762390d9543b995b906862402499e8e120e471c980a687616265fcffb3,532,7,0.004274453,-0.090404816,0.17382023
A0A1S3GY39,5aad67dedff8ad532a6101bdeb78a7ae9e7d91bf0f193eb1750dcffc98869f7d,214,7,-0.15837513,0.15407412,0.28223068
A0A1S3KTH0,a127696aeef98cc1207fd893a45815eec61fcf8170e55a6d53307c8eec918df1,582,7,0.010984149,-0.051607218,0.21302709
A0A1S3NP95,6baca319b44613266658a091c9e88655c55d26fbaa2d1a4043ded2a7e3167947,542,3,0.09580067,-0.03920487,0.1504961
A0A1S3RR27,d678aa9fa38085c38722548c2f3be9718d514969aaa7fec4b3a111e6b9eae031,539,3,0.14030647,-0.050405316,0.13215286
A0A1S3Y977,971790645c91fa7f0fdb8a076ddf999afebb16e339744a49ba5154667c06170c,428,1,0.40697908,0.024055986,-0.06968965
A0A1U7QFK0,d15d100ae92e8b72335316300ad9a343d40e838fb3daa61a2f51f1eafb1970fb,442,3,0.22084662,0.016859798,0.0730574
A0A1U7T5U3,d78969a5810dfa99c9645248b45362fe71abcbeaca1b6f66de8c8fd1bea74de3,330,1,0.38325843,0.09412225,-0.049882904
A0A1U7T9B2,c5083ee00f7f9da0e2596f9e8c8107cb9a5311a2f7d3277ef25cdb3bccfe1a22,370,1,0.2846003,-0.042547394,0.0009768868
A0A1U7UEZ1,654baf46f9f05b5a9ac0d391614846ad545aea979269ccaa95a93d941e025087,546,3,0.13862516,-0.07558674,0.077697955
A0A1U7UPD0,96cd86a12593d737b56bff19a4447ff593dda40cc9b552a59b1f109603bd2f2b,447,3,0.1967398,0.034699712,0.11419849
A0A1U7V453,94ea57632c4e25a0d7602cef984932b396c977084b81e0b72bf35e5f4d07fbbe,429,1,0.41138157,0.017195318,-0.07844139
A0A1U8AC64,b94e5db2f5265dbe2ded963989a8cd11464d125ee2b8050e59ad19849717e940,424,1,0.44849405,0.03733251,-0.040129807
A0A1U8CAP2,723632ad10c8f5a48ca0121fdc6edc53efb09f99e9789fe4efa09a37fa1ba73d,532,3,0.02093447,-0.09665309,0.15081914
A0A1U8D5A7,9eccd914ce8cc972f2c37044cfb0e6fc88fb974615e4acbc0b12ad13d79b7d00,551,3,0.14381395,-0.061703,0.081779905
A0A1W4WFW1,7c542fecb051214d95f8ede35de3d2d6186f4cc32595fce3060958ee4fcc9b55,394,1,0.3400991,-0.07131834,-0.08305948
A0A1W4XIW6,95abe37119b5413c3e21334c0ab49c8a4406d57dc2e71675591f1cd586c239e0,453,3,0.14130427,-0.160257,0.025424296
A0A212F0R7,d9ca46caffe51845f76466b85034b49e6d808e3798247487e91e75cca2af4fff,455,3,0.12434244,-0.0853032,0.008386586
A0A218UNE2,5afaa9c156e8dd7fa807ffe8e02557b730c96dcba870c9478f5c21021cbf9b24,530,3,0.07141841,-0.15147145,0.06404099
A0A218USX9,4840bfa79e74528028e5adb2362d2306c4d9d25539e384b6ad7f05be01b79d10,541,3,0.123434916,-0.069538444,0.090424016
A0A250YJV0,4408dca4b309877324e6d4f4c82015cc5e30a0c6bf68fe6f0bc43117fd8bf443,570,0,-0.08846916,-0.08030293,0.07186765
A0A2C9JVT8,cd9eeda3a5f6cd05562a0bb6ddf366cb906378451778b31c102c56ea8841d872,527,3,0.18065563,-0.02899,0.04089027
A0A2C9M4W7,abefe1dc1896f3c3e0be2fa5a0acdbdce5e7f32ba7ce3073890a7def58059a70,464,1,0.3414675,-0.06851106,-0.037310477
A0A2D0SRJ0,bf5280a995f689aca57f7c0031b860982013837b3b3e4252035f11f4ae6075af,546,7,0.018880198,-0.07965835,0.16541564
A0A2D0SWU1,8c271c9cfd9aabdce2753b37425773d8cc73cc0a8e5942844e34cd5825a6d0cf,454,3,0.05287787,-0.14637591,0.06725663
A0A2I4CW08,8fd94fe73a0538e0b0490a7fd3ff43326a7b711f0a2cc9c1d0492218c762ad9a,437,7,-0.059696138,-0.08245776,0.19685836
A0A2I4CXF3,ec99913d5e64db56858a53c8c910845e9553952d1c0e544b1699a53a6e6a2962,590,7,0.053491637,-0.05937878,0.18918163
A0A2J8UE93,4ea1b6a8478c86f6eec9873988de59991077139eee41602ff910c9bff4beb69f,571,0,-0.08225172,-0.10840964,0.059463594
A0A2K5CRI4,015a4c83d8ea4912561d73aeb8361f5f203b931383f6f119a6eee18948c5e588,533,0,-0.11119928,-0.14409569,0.055389255
A0A2K5EFP0,2652240fbec9615a2020c3d98a350e73fff7fb580769fe2f2fdf5375f1e6cb26,559,0,-0.063072026,-0.15413463,0.030019496
A0A2K5JB23,2eb20b63788b809870cb48985a221d066b6ac2af37e0f00792de1ff755646155,557,3,0.12951452,-0.116949394,0.063094206
A0A2K5JXQ6,ee51cf8e09d4442a744959b5420611fe6e243f6e8c485d6e0a90fecee67ea70f,558,3,-0.031154217,-0.09489013,0.05643256
A0A2K5K5T2,22c859a54579a139c83345201686d89f6af6829b5c80efc4e47033acb3fd99fa,532,3,0.03390406,-0.11119182,0.123827666
A0A2K5REY5,99c8f77f60f215dce737c09ad8bbb2a59f1471b6647fa979a918c2d25703ae21,330,1,0.40023372,0.056149535,-0.09301983
A0A2K5XAV2,585b088ac79e2daa6547d40468329ca47248c5613a193a6224a22e7acb845681,444,7,-0.10330929,0.015434395,0.24909437
A0A2K6A338,8e609107862dd92233b749ed0de5260dde637071538890a1959cb2b881484de6,302,7,0.0031681322,0.062324967,0.27646196
A0A2K6CRQ5,510950c0b3590f65e918d4f0d3eb20b038cc7f8e0178ad2fc952be0762bc340a,581,7,0.037038714,0.020119572,0.13320532
A0A2K6DPT2,a89698708a74856581479ba2df2b9cc48596cbf5a74bedcc978b64ea0dd7157d,542,3,0.13450481,-0.09330256,0.07325933
A0A2K6JR83,bf79c30ac129020baaf9275a8db759ebf5d3c3f1eee2f0ad8af301f0317e3c4f,504,0,-0.1951511,-0.1453331,0.06674248
A0A2K6NXX7,9f1feff8293c7e90320f44a825fae9eeb3c71fa17b0d238b5200c5501f5fe49f,581,7,0.043031834,0.022171833,0.1346558
A0A2K6PNC7,8e56f8dded62d2632f2659247f42b4bd4a49c6870305720678699adddd2ca919,337,1,0.41063753,0.054717533,-0.10008036
A0A2K6SHL3,faab5c5621d5a5b952182887318b9c55c0b1125ba699e2efdae8798ee672c4a2,330,1,0.39792016,0.06182923,-0.08989172
A0A2K6V0S5,a2b51da3114dd4ce6bf69fbe41e69e73d08c7fc89e1d4b9387584c26f6277cef,558,3,-0.034901954,-0.093545556,0.06789367
A0A2L2Y4G0,47178505bc173b4a2a42b2bbd4e2bc6bd7b92e20299f802a49b2d3036234f745,441,3,0.1752985,-0.089449994,0.003425708
A0A2R2MJI2,293744bb5a498cdb6f389e52234e54dedeadc0d73885117abfd05793026d6c5a,540,1,0.31355578,-0.01557038,-0.0075264745
A0A2U3VRB2,219d714d0f98282454b5b0b66bc1afcd1e690debd07386d2653e46b10810a8ce,557,3,-0.048942447,-0.07048251,0.06567796
A0A2U3WH59,c6cc56ec0dd6ec4e4d11b5646f979f807ccf6540ad6c2ec313e9ec690eb320ba,452,3,0.22930518,0.03304924,0.0581412
A0A2U3WL35,e6176bd14a38440912c4e87b517a55e29c45794f6e431b448cb9c2eba2ecf76d,557,3,0.17925934,-0.10943208,-0.0036175943
A0A2U3YEZ1,cde4abacf255f1c77076168f60c43632294a14d6e3eaf62e7a46a3cd47b507d5,321,7,-0.11538836,0.041326914,0.29000312
A0A2U3Z819,0f1a550998c92d967243d8c8b7530d8fb652b5ef69a48b5b57d034009dc33ee1,352,1,0.4482524,0.06644707,-0.082769275
A0A2U9AWZ3,11b78bc06e5d06803512e48fcaeb1b0dc8e8fe9868afdc22593abb13414a5a61,444,3,0.015930979,-0.10434038,0.12629668
A0A2Y9DAQ8,fddfb467ea25c25212ef8fb5f7ebc53a12168f24410f8b505bc031f624ffc001,448,3,0.21673676,0.0025441807,0.07546395
A0A2Y9DB37,3419d36f22fea1b8d0536eaf559a560b387e4be7e74034365409c9dccc231d9a,555,3,-0.04357664,-0.09198337,0.07765069
A0A2Y9DBC9,1fa945277f4e4d6397f11eaf66d6e298ace5776099093bbd0037c332961dab82,553,1,0.2879657,0.13453682,-0.118367985
A0A2Y9DFZ7,be8b7d46beb0bb1debdbc88478dd0227c3f974703e6d8a7d711c19437e462826,321,7,-0.13909301,0.06090165,0.3052063
A0A2Y9F1N1,fbfadddc81591be586e64cdffa47009e0f0d1e32ee8128314a3dc3f345b6e937,524,7,-0.0154361725,-0.06144348,0.1959589
A0A2Y9G4C9,429528c2a416f7d9c4d667103d45aea097e16390207ef7839692f5cc26718f0e,521,3,0.05441683,-0.14128341,-0.041609734
A0A2Y9GYW5,0a00e2c742c9a82b6844ef87c184d2ee4d16f927e8e4c2a07f17dcae6e1dac45,582,3,0.16089727,-0.07940931,-0.017353214
A0A2Y9HA08,b841c310c0370d9695fda817be7fe55bb0a6537d2fd58ebc597454366957ab95,447,7,-0.11804966,0.12058383,0.31988034
A0A2Y9HBZ1,65b7e9df78103c5a09881e03789b477d8b8924df555dc8b13b0945d465bdea3a,579,7,0.0350341,0.008303301,0.1327428
A0A2Y9HTQ9,5b903ad293ba9d4e951baf9891997604f9c1341aa5614c3aceda66c8321b826a,552,3,0.07770182,-0.12289414,-0.026963966
A0A2Y9HVG6,1172dffe3ea81ffa3a1a1a8f38a5d95518af11d780d1267213ece386708f40db,542,3,0.13978359,-0.08720766,0.076824486
A0A2Y9IKW4,674ae87292766fa2a0fc4a9e8812d99a0a097d5106514767d9425e62b9f4efa6,506,0,-0.084458366,-0.14118573,0.008289219
A0A2Y9J2D8,97b45234fca76eab9de05e6d6fd86d16cf6be010ffa6925e805f02b4960a1d5e,530,7,-0.0121605005,-0.08670882,0.18433832
A0A2Y9JT86,b2e11fc2d86d7bb2a0e3fb6fcc9ddf8608d07d7deba4b5ee69de6d979cfafc88,557,3,-0.056394048,-0.06799326,0.077871114
A0A2Y9LJN7,ccec82280d766d5bbb1fc142e5fc686d447eaf2615442f764115ccc889a41fcb,542,3,0.14615457,-0.082741305,0.06846529
A0A2Y9LM24,4ab7664a6af85b64e257f99a87e44f1aafb9624b89d38d50988a0458de8a95b2,582,3,0.15858203,-0.062932424,-0.004350077
A0A2Y9M596,b41e8874d846bfa0f9197dacfeec1d7c96d411c2799405ac0df0947f5cb0e1b8,447,7,-0.06915709,0.010448384,0.23641948
A0A2Y9MYI6,6e9ecbe655d2336cd10aa5cf7ebf7d9e280b87ba28553afe7815b277d8b4c77b,557,3,-0.045335405,-0.06280743,0.07368458
A0A2Y9QBT6,8319cec61e4ba1e085f9cae9579f18de3702be02d51d253f865874d94d4b152b,542,3,0.14434163,-0.06851619,0.0717993
A0A2Y9S782,e3b28bc177b012b3ecfe52f3d64532ecfaf6aeac61a73a3b08ba8459325d42d3,557,3,-0.0471003,-0.06467761,0.07725736
A0A340X3I4,1edd5553aed5305f459ffb1223b00ad664a3ea793e5cd1f8795b9283d70c5908,557,3,-0.05463886,-0.065758236,0.08642592
A0A340XJW7,23c1c7dfd7c94bf23d81be34d7804a643f1cefbc05906aeefcf27e306673377d,579,7,0.04659588,0.022781027,0.13432728
A0A341A9F5,aea4777724e269a873c0de1f7d0e386b9298942d4882141a24713d8a99a7c9e2,552,3,0.08342474,-0.103560604,-0.022585338
A0A341AHW7,c79d235d416e3df02f8a1b01ba8045dae266749844d1878004a689c6ab6aafa1,584,3,0.102936365,0.017562827,0.10829927
A0A341CZS2,f83f3175d126406fa53f8dfb507f678b7295e5d3b40325e8e6bb008659d0132c,598,3,0.050607122,-0.12380369,0.025207344
A0A341D2Z9,05e8603fa1e2fed78e14dcb8887f222faedd2af2dab2ada70363aabe8b759bb3,539,0,-0.09927461,-0.12679781,0.059028026
A0A383ZEF0,cb67eccdb05ba0cca6c983241b32aab6a74a62b0b76e772b5f587545dc2106bf,447,7,-0.08067428,0.020603372,0.24730596
A0A384BTJ2,af087b987a5f226201bd678ea742615e9873b50b76ccae3c95a39c868a45813d,578,3,0.15114535,-0.08872677,-0.008033163
A0A384CCG6,be7bb546ba833c2dfa751b79a5b159aa34b5bf259406a2e2b9f0e0a893673dc7,446,3,0.2048418,0.013944621,0.07671387
A0A384DBS8,67e56f87d4b016129491001ca89141d658be1bbe0b9f9640256ba9a79f3c1295,530,7,-0.0116330525,-0.096267015,0.18284646
A0A3B3I7I5,cb0d43debd6ad4ea46b7ffdd6fe95dc4d77ba75854e378457244409682c85f69,577,7,-0.044403892,0.006350854,0.18027976
A0A3B3I9B1,5d079a28b9558a5c5acc53331d43a3bb02bc934b74657a8cbb571d292750f487,344,1,0.3902277,0.10825354,-0.016365422
A0A3B3IBN5,6720ff36ad1d0f7f9c641cb38481710e214c144fa6889a73f80730214b2394c7,587,3,0.07814924,-0.05899407,0.17508021
A0A3B3U766,ceadbf3579e81b9c11dba0e0c7fc89d801cb76b929a56636d022929c48d9eab0,513,3,0.10696698,-0.08614536,0.12900013
A0A3B3VNM7,db91f1604a5ca17512e067c045116ff0e640bfabb674834cdd5d71fd1de7f988,440,7,-0.041246567,-0.074375756,0.17943233
A0A3B3YE36,6b6c80a4f64710866e44949754d10579bd9cd206b576af6ab52e22961c3d05c8,346,1,0.38628572,0.15371715,0.016617702
A0A3B4TTU6,44f882f2825c8bad6127c8e626fc073e4928d5be1a765792e4826520b50da861,443,7,-0.009763035,-0.11932271,0.15321398
A0A3B4XPF8,471e0e1253809d8606b1bf3bf411b2935e2bfd8733fe3cd6cac7c6c422cb762c,524,3,0.096990645,-0.085732445,0.14978935
A0A3B5L1Z1,6f9b37545dab5d1da37c19af6de67e57ae44702f790265f8af80f5329e00b39e,440,7,-0.046734355,-0.06421835,0.180494
A0A3B5Q9Q9,e979122c6769edbaaa55a95e503df7957c7ef68c9e0b53b1dc97672c3d1e5e0e,592,7,0.06550924,-0.06883348,0.2016726
A0A3P8UEX1,fee6441e40f5a9d50a3d92f77590575629ce60694bc3966f480471b4a1139dc0,559,0,-0.089879,-0.1016775,0.04907354
A0A3P8W0B5,3f0c1bf9f6c53b32ad83133c0b0c6f7a53ee05883033160cc4d33b2da52cc283,443,3,0.0035089273,-0.14941444,0.12235224
A0A3P8YWI8,7ab43e31be921d1b3f469a30457755f59aa34f4484eb97c77330cd3a1e1ff915,375,3,0.18459733,-0.06754582,0.10469239
A0A3P9BXB0,6a16e21b4e5cfbeb6c773e9df49a8e186e1f8d97955234498ebe6de607c2eeb6,559,0,-0.10276983,-0.11918816,0.060895335
A0A3P9BZ60,67356aacb20528093aa15d4b3574dcb118e8137302eb56107e7b0ced9c4ce467,535,3,0.10317464,-0.062175214,0.14764139
A0A3P9CP90,bbcb8e73125608ebfe13215e7072eb10c5b533d4706938edb5e37a7944ce3008,521,3,0.1473003,-0.07453897,0.10974898
A0A3P9N1K2,37924f9267538445ab3d695c4e64a66c005f3a248e9afe9f9d7c7bcdc5ad9087,537,3,0.11032901,-0.057982035,0.14946404
A0A3P9N4P7,548b272ed1cd7a07fb4e9352ef5924d6ca05c056c076bd9ca27d84e36aec2334,586,7,0.0588436,-0.055064015,0.20309006
A0A3Q0DW48,915c925edbcd2311267ab9be69ec84f7075a9f0dd6f52e0457b940f5c27ebef1,509,0,-0.10609585,-0.11346576,0.13283533
A0A3Q0INR7,83c86809b2b27550b6e665520bc83f262bdb03ebe19aad745ba46c8a1b97b8c4,458,1,0.3137743,-0.05416402,0.08937673
A0A3Q2DXK6,cc46376b29562e69dba9cb6308455df33252bf638780668cf07ca4dadc400d86,568,3,-0.061389767,-0.0817054,0.10447261
A0A3Q2GF84,673636ddb381dbcfa6d22eac95e56411ceed3f6c9e4b27501316ce73122cf4e6,347,1,0.4178534,0.115989454,-0.020263903
A0A3Q2ZE79,b14eea2bd005692a4feddce121bcd1b12b5be07cd69c424048461d71c5215f78,530,3,0.10358405,-0.04782713,0.122814626
A0A3Q3AK36,d05da250ead97e234d3595627f10b22b1e5de5ebb4090f086ca87a933342a2f7,597,7,0.063167565,-0.037610505,0.20855676
A0A3Q3BB85,47de01880b7c8a998fed7a6e2cb9d566d276074bfb6deef48bb4ae9b3ead4d9f,559,0,-0.09676924,-0.1162427,0.053589832
A0A3Q7SRB3,01e46dee2b7d6d60de83653b9d64ef7f3e4bd10bfb0f095cfc354a749addcee8,447,7,-0.055960953,0.014415553,0.2280159
A0A3Q7U1W0,9550cd060b050e3f84cf939919932fdd68e91ab0cbd5a123ce7dc070194df3ff,553,1,0.2817855,0.14144103,-0.12109709
A0A452E5V4,6a7847999c2c7dc3ff668360907f7ff0c250f45fcd0a58f6e9e8399361cfb16c,446,3,0.21593517,0.032452404,0.06352396
A0A452EEI9,94496cd0d9bc09e9cfad96b4c984e30e8c71466a326849ce7e7bccf70af41107,579,3,0.050934363,0.020901017,0.12153852
A0A455BTU2,699201b4ccdbccc985699babce075d686331c7f2637cef331650ed13e128710f,539,3,0.10192738,-0.09521422,-0.027928695
A0A4W6BYD9,11aa58707856fa2a6cfd1bbe1f98fd4ba7f6a447d16ebea08213a9298c4da3ef,443,3,-0.018375788,-0.11533118,0.13328303
A0A5G2R0V1,87d166221790f7e94555367a9edf4ea03f6e355494310eabc5c4744f19d511e0,582,3,0.1593081,-0.057784252,-0.012966049
A0A5N4EB92,50f32c1fedd0c966f8fa16d0a565a7bcc284cf28d332ada017731ad3e3895d9b,447,7,-0.07133081,0.025558408,0.24110429
A0A663LPU7,8c46e824edc23c202ca13619d38c6c7aaedddd7bf1cad76935659080dbfad697,543,3,0.13522072,-0.07158857,0.0931349
A0A663MJ99,303eafb727aa4fd2fd0846e5910fb76020aa0a1097c52ca05f1840750e0c76eb,331,1,0.4081084,0.07933661,-0.072585575
A0A668SMZ9,6ded34b3800dccc8429f0bd32127e4c5f0501f75071a3a1e4d5f6dc2457a86c5,522,3,0.12345157,-0.09026808,0.11357471
A0A669DKE8,15af64ede45ac624f86187f549eb09706672b4a0e79ba139ea8955bd183856c6,600,3,-0.016461978,-0.12090326,0.02031607
A0A670HKP1,1dfa50cf68dbafaf3c2c2f0fcb3d7c7637415742dc4a1eca91aa68f8733074ed,463,7,0.15873274,0.23142318,0.2550013
A0A670Z5R1,9a3a02495011a1bac2d62755879cd01730be843fb0e32b22e0043104d8256bf0,552,3,0.0027085696,-0.088595144,0.053731818
A0A671FA34,73ee2f3ffb6941e307f263c2122533500e4c0cbc2c9ed5a37329f26c8c2b8dfa,598,3,0.05150018,-0.12551114,0.024457136
A0A671FAU1,94d1255c5490473a32744ff0b9f5ba6bea19e16a576a0c576a616d74e78b6b61,532,3,0.04403053,-0.11562529,0.13118431
A0A671KUH8,8c3fd2a58d8d7e96bd24c214acb822fa0f264daa3bf5af7295fbfd5e182706a6,587,3,0.038745686,-0.08632823,0.0448676
A0A671MWD5,2f45303dd31e971118a61a4628117088093e595409a5a69cf1f64f0547fa1954,452,3,-0.018315129,-0.1129212,0.10307814
A0A671NY88,3cfc426a591568bbd14ed6d1163c4d6f614951d81af35f9270086407f01029f4,554,3,0.035232108,-0.08740917,0.0051089795
A0A671PIL0,5e0265920dfac1be1a5a57eeb0865e8503c6e8e71d04154e25fc8207a616660b,540,3,0.11061813,-0.04985746,0.15443408
A0A671R7F4,b2261f246a3d2986b7355e79ed21b468e62f38ad81255d62927cec28a5d5270c,541,3,0.16865261,-0.06655554,0.13881522
A0A672M032,8840787234ef6be2ab2e96dfc6b50e43c262783b3a10789b75be77d2a20a2253,587,3,0.036151875,-0.08989182,0.038414042
A0A672UDU1,c30d152a4dd1f3abba5ec799f51788f4be117937449bf5da8d713a9680516d9e,331,1,0.40824673,0.079222344,-0.07684856
A0A672UF76,17e996f87f2601149e2beb4a481056aeb0cc6b4287c11afb9eb326d1023423a8,530,3,0.087566644,-0.14707227,0.061430763
A0A673FPV5,f3d7ae2935ffcc72d0fc599ede0383347b6634898dbd5d81bed74283b7e4ab77,565,3,-0.03904402,-0.111477725,0.028279688
A0A673HCI4,e381c78d6f4a64a17c5d078c0e1aca6222b7acab02161eb4c811857f6e1cfda6,541,3,0.16069373,-0.0680652,0.13862388
A0A673I3K2,fb909b1d9bf695fa24e5a72c38cceeebbe6ab17a4409ab8115f50817db50fe9a,359,3,0.16127247,-0.03553063,0.1029729
A0A673I6B2,d4b00440c592a29774d8d8c3cf778de3166aff1087cc14da7b1128b31c3108bc,541,3,0.16793685,-0.059450652,0.1249591
A0A673KIH8,36d45306af26e18afa5196ed31fdf8d28d4fc8a019238c050b90fa05958218df,407,3,0.02713709,-0.13378364,-0.028186327
A0A673NIE3,f67dd397e923a4c9577f991803f79bbe8832399718c3bd255902d77fe6836d61,359,3,0.14946057,-0.035961993,0.11900054
A0A673VTQ5,7f7ec937c7335a259add2bb1fbd3a5417178a2c994a9bd6b3003d8ac18036769,553,3,0.014721685,-0.11124445,0.0011413207
A0A673W053,2b0225046f0e6924b4d41661a6cf3872805dd56253f1cd09b7c5902e810439be,565,7,-0.013047174,-0.07133139,0.20668463
A0A673WUI5,07af674f86bcd7e9be2a5a8d475f899d564105b77c35fbf5f00c8e6d11eeb999,348,1,0.39940602,0.2055258,-0.0145525895
A0A673YIU7,09adc652c7b486be60d22af881d7888f5ddd66e24c4e1dd9097e8d3c94330440,539,3,0.15143025,-0.038248613,0.13291436
A0A674E104,0dbb2e94e1aec35d598466c5c67dd717593a52aa08605399e208e28d0f669fbf,553,3,0.016237259,-0.10317512,0.021161241
A0A674NKR7,84a9b3e94e02ea0d7500ac5f188d2258f456c6ccfa8fcb0b780b297adf7ae844,569,3,-0.02127012,-0.06161986,0.07587607
A0A6A5G102,97319f6af6b8ed133f207e8c36df6e23507b39fc63b6386398415ec7d0cb5040,487,1,0.44831097,0.012621239,-0.066807054
A0A6A5G5Y8,eba67708c52d237c63f09adfd06f0b56d1a0d87d526c6d788e2366dad82e3d37,489,1,0.37314573,0.0082605975,-0.043208502
A0A6A5H3S1,7e42092422f19a10c413f72b47cb431606aaaf1ed862448fee9e91a88778fe7f,362,1,0.46757478,-0.041110724,-0.114650875
A0A6D2VYH9,87119277bed1b163b70479057c37f42c5ab201b44325c06efba7def479997da6,330,1,0.3963715,0.060688335,-0.09126869
A0A6D2XB95,ad35361220c0d5d993ef62037ef378e2d773538e92ad560d51842bf5f34cf51d,558,3,-0.030714048,-0.08817439,0.061526243
A0A6G0II75,4d9716bbdef6dd894ef682f98f127d7af2de0338e1323f47e7c3c7b0eb7fd887,343,1,0.39628303,0.1341695,-0.0018900604
A0A6I9HCS2,bb2f68cbe518e3cf3ff95968fc29afe31fde711a8172d656779486fb3ba94de9,502,0,-0.10717565,-0.18211123,0.054366715
A0A6I9I269,4cee5fa53b31b9e33551dc939209b3ce064e683912da361f3b5f2834a2860e1a,446,3,0.21117361,0.017379116,0.08267514
A0A6I9IRV2,401a681196823651eecdf32ecd1918a285b99a9eb3b6ddf549af5c7e4bb2d59c,582,3,0.15391015,-0.06547482,-0.0048157605
A0A6I9MV51,6270a91635df6fb6bf3c3ef06a40aa8f898be336a1501d05946c8749dfe2f118,518,3,0.0979262,-0.065693766,0.1634331
A0A6I9TDX7,3723a9fda6f1956b1b64692881fd4114e2041905ed817a5c31a734744fea33e6,425,1,0.404724,0.049268965,-0.043420043
A0A6I9ZPZ3,77f0cdff26944525b01c1f91e1c8f6eb006dc3b0d4ead6d3428eb6e7f0a00e76,542,3,0.13275458,-0.09522436,0.077744566
A0A6I9ZYN4,3f70818f75fc79784e57a040a569892c9ca1e193369dd19289dfd7c9acfc278c,531,7,0.014787721,-0.10390807,0.16386418
A0A6J0NMP6,9f41a5a8199b7d339dc730b558621002a8ce31c54d4ba2f33c096b1be3709d03,434,1,0.4493847,0.117431454,-0.031757373
A0A6J0SJZ7,064906cb56fcafe035ddcf6aa80dad76568c9e0409c7cfe52bea11e3f06ed198,499,7,0.1518129,0.29557168,0.30493656
A0A6J0Y457,3c06e950b9055fadebcdf33add5516b67d31d1a5c7cc3c7aac84ac20654ea220,571,0,-0.09598885,-0.09375062,0.072399035
A0A6J0YYK2,d41b64a6897e8cd5dff11b15b72a04f0403607e3803556d55f56e00027db5a44,446,3,0.21761139,0.03215001,0.055842455
A0A6J1GLB7,4c168e811c47444f1eba98c0c018ff2580a76cbbb29c98faa522ba7ef8b2c3f6,434,1,0.40451843,0.018114027,-0.06732615
A0A6J1HWS5,39777980b6089d01a3ebbf37e835b25db8ae7cdb1103bc0f36e29501318c0476,434,1,0.3996992,0.019046534,-0.062777005
A0A6J1HZZ7,f4b0cee8326273b3c97d31438a7ad63985bd9f4d8588ef4d66ba536dfb2ca912,441,3,0.001062014,-0.12551047,0.0012758592
A0A6J1M1F3,965c79f7aacc0b8cd30329bc6cc8e863e114c9a92eafe8856bfb2f4a8fe1cb6f,463,3,0.13697822,-0.18784165,-0.034396328
A0A6J1UBV3,d2a0aa47e852a941b0ab8417fdc0b949d78ef2b4d7f3bc69f95f88c643a6750f,565,0,-0.07190506,-0.1379303,0.02642838
A0A6J1WUL7,163788319b4807844ca8f1f890302cc70721d56e3053de2aed3aad092ee30e33,442,3,0.11901278,-0.06337397,0.014487201
A0A6J2ADY5,dfe834fa6372e8a0f5a97ce8e5fbe4e545b6c96eaecae043702f4c97f4b2b7eb,321,7,-0.1199859,0.046665203,0.30076015
A0A6J2B3J7,5f797699f9db2799d22cda6a1d6079f7a7440bb3e779c9dcd06a53bafc95bf49,446,3,0.21012793,0.024976838,0.06255375
A0A6J2B8T5,7c00c08c42ebc59163168d7ad1217ac42c2e3f0892a1f40bb132c0547d559210,599,3,0.03244096,-0.032772638,0.097037904
A0A6J2C3F6,9d009701be782c4aaf65ac0ace8dd9c0af702f2a6a3acc66f5c0b3d30666dcdb,552,1,0.31582606,0.026269417,-0.173746
A0A6J2D3I6,e62a8766e8054ed4c6cfe1065b230758da2440a2c82ac618f7e3abf3443f12f6,582,3,0.16961822,-0.07567079,-0.015085981
A0A6J2DCD4,c9706031fd085cadcc14d5ecbb4e86a9f7367aec47eb1f38b1f14c01e10690be,530,7,0.015918422,-0.10148651,0.16985121
A0A6J2DZ27,02bd4b68e1959be3554b12618efed1e98feee41979f7229d557109b01656865d,447,7,-0.075839415,0.037009597,0.26094124
A0A6J2F912,00a3800d4230b8f5a0a7b7fceea85e6fdb5b379a2d65ed073167db70f1b16e2a,552,3,0.07798724,-0.1212563,-0.026174894
A0A6J2KIV6,ad934f07fd5fe4da839927de23c8fc49254530537381539911a855c1d2ea0d83,522,3,0.22103223,-0.086386956,0.0023786565
A0A6J2N5N1,ca0a0cf836c55968ed24a50792a796dba3f6727dba81fcc72c9206780883e436,571,0,-0.09563309,-0.07986735,0.07003326
A0A6J2NAZ3,fb8b784044f7127ded8faeb66d39d2042f2865e42a52ba22589cd771f5e7341b,578,3,0.15881623,-0.09104422,-0.009282702
A0A6J2QN98,f8a7cce2231b9dbc6aede146e8441778e93cc645c0f0c4312328478d94b64699,518,3,0.13521712,-0.07942533,0.1074116
A0A6J2R3V4,770c163c14c0f6d0f14b33eb07c7100e2bfaefb347cbd9fd717c562ee223dfc7,539,3,0.09463884,-0.055661518,0.16076678
A0A6J2XAN9,78f72d59989a9dccaf70435f0592cfaeaaf7b393e0c0e05e63c6e53dba426df6,489,3,0.11351254,-0.15123951,0.0439961
A0A6J2YPY7,7b10853525f9d0dfc046d9fab85949e2323d06b7a454125ad3c2e5c2b3449113,594,3,-0.002927328,-0.19934194,-0.036982343
A0A6J3CLL9,5528f4defba25d2b2f96af84cd612b25636a4bd970faafdb9d889d4d7a4c8d95,565,0,-0.082727894,-0.10501064,0.038775638
A0A6J3D287,910fe0b9126d25b5b7e36f41a158770f7dae92412b60c66c5d7fc3c87917d93a,559,3,-0.037424218,-0.12534806,0.09708929
A0A6J3DCT3,4e508799c112e89ca830e0125a0260d41dd19a520f886acfe2be593d01c877a8,541,3,0.13122806,-0.08687433,0.072489224
A0A6J3LLG7,cd4606e8ff9370199f09ce5c8467288ae0ac10557a764b8d38baea6cdff263ee,478,3,0.069492206,-0.19814989,-0.0092658335
A0A6P3GR03,6a945dbb779926b37f324fc6473378e5a723e0f161a544e2a239440a40ecc643,330,1,0.39472267,0.069217645,-0.06625476
A0A6P3GUL3,1a3709345ec47cea49e8ea821ee8228246a13a83f90141f090cb586cb4a25cf6,582,3,0.1521203,-0.064844504,0.00573738
A0A6P3HFW9,78542a10c8708ad9ee72292a83d8be50beb0a8b6466696cb3d89a178ddde69c7,552,0,-0.06431536,-0.11992144,0.05473001
A0A6P3HYT7,6c9ebb56c286c484e481b8054ecaa450eac831a8dbfd476a2352ea0ca7c8efd7,530,3,0.09961717,-0.11195406,-0.0371084
A0A6P3I0H4,b7a6262c76dfba9841840edba03a625f88985bced45ed7841f3b1086333e65ba,500,0,-0.1420926,-0.11908852,0.074277125
A0A6P3I156,69efb7f34702f3aaae46f380418a1cb9fa7d576ef6f2f6c97dff82fe1b773ae8,538,3,0.06785864,-0.07109151,0.016867884
A0A6P3Q931,4192b5cced63ac07e8aa4f03a8af8b0d06f64afc94de317362e0e1f69dac04ba,578,3,0.1551488,-0.08747235,-0.021607688
A0A6P3QR34,4431298b5a81cbf2ab13352836342add05974f9eb6ac5134a0ffe2fe996485bb,548,3,0.075950675,-0.04334992,0.06914294
A0A6P3QYT1,eca10f75caee5f432edb254bb6b6f4325793f32b95b2ad448beb390f5b94693d,598,3,0.05590949,-0.12762693,0.020284884
A0A6P3XVU0,625b13ff3c766ada6cf62e96cd89ff7fbe10254688a941296deae0899d0d56d8,598,3,0.24433698,0.013685501,0.10718417
A0A6P4CYT1,a4a01ac0bf9468f696513e8630510a707f6f6e663ce66f9a12bfe939c5db6857,446,3,0.008304094,-0.12937412,0.021473441
A0A6P4YZ58,e0b47ef92948d7a0d0dd4d77b40df7ba8139586b3b37ba5aba8f6ada37ba5c74,448,3,0.009391428,-0.12476525,0.05675352
A0A6P5A5C1,de567832d51f8065747b48661cee81dc3cd9deafede4297e1e67219c1ea8b98f,526,3,0.16978396,-0.069252305,-0.0065141395
A0A6P5J2W2,5160cd31a249503144271395a96bb19269b41236b89c0e289210a133109b2b66,527,3,0.012876411,-0.1430362,0.11218087
A0A6P5LTC9,eef42e8427d692ff2352358786c21195da1b3f9a5292ea9a66e3b025e757e6f6,542,3,0.12080839,-0.0950037,0.08941467
A0A6P5M3A2,54f3f56698451598afa3ed3d5933f1e6513dd752ef9112e2a7f3a0c53a66f463,596,3,0.053753566,-0.14304553,0.018891685
A0A6P5PFP4,7f86993d8db88649df4fbf482214c9aa1e8515c5a19a84abebd6641c07aebe18,330,1,0.41891637,0.05417745,-0.07378213
A0A6P5QCS2,60739ddac39fb6f7e7002a92c42f90b9e19c16c0a1e382024b989bbdeb4fe543,570,0,-0.09598143,-0.088716805,0.07480365
A0A6P5RG02,0ede6867cf7207790bc841997616f29f22eb563184fea1f54a52c61579863515,550,3,0.0673314,-0.11600637,-0.018997168
A0A6P5SD66,844658854d230d1cd95a8b44614f041b2a0766cb9b708107d0ec8bac9e340b46,444,3,0.042151455,-0.122654736,0.007705796
A0A6P5XJ83,c8943bdf9b72ba6c2c55e0b5fa9f4a0e9893dafdefa959bc3edf9466bf7d6f19,430,1,0.41914326,0.027906323,-0.07607929
A0A6P6AG68,7e907eacb40398e9485dcd9f6568e4515a6d14483eecef63e0911fd83f673abb,444,3,0.023592224,-0.13289104,-0.008206214
A0A6P6C343,c6a50482a9f7b666e09afbc494c0404059a9f2d9499f2e3cab7d6c7f2f4883b7,542,3,0.13320145,-0.081657656,0.088258736
A0A6P6F8L0,15fc93a13bbf78dbec756be77ab6d6cda29021b498df1a71ff4590ede57be9e6,588,3,0.24053688,-0.020751772,0.0854911
A0A6P6HTJ7,1216f586309abf3cfec596e49cc8df0d10a3b21440e8d3af84fcd3a87e6c4978,598,3,0.053180464,-0.12704068,0.022775123
A0A6P6I353,bc04b2733815b24627ddca3afb7532b83b95de11e81313fe76be37123d8db6b3,582,3,0.16048442,-0.07876158,-0.018966088
A0A6P6I4B9,aebeb6d3a645a177a1871683002dfdd0783c51cb9ab732d632fa4bb04179ccad,552,3,0.07666872,-0.11468488,-0.035772827
A0A6P6JRX1,cdc44e4f24ab4e2fae19907a927051c6f41c56211021da8ccaf4204ee1de3252,337,1,0.39530554,0.11257767,-0.04298463
A0A6P6L7R4,77636cced64433847f16d64a3141207d5b23de6ad6a05aa13e398eed4e912932,565,3,-0.047328398,-0.10835825,0.03836653
A0A6P6LCZ1,1b19cf3fe6119263209a7838ed0244b83feb1cad588948892be603e864fc6a6e,452,3,0.00320697,-0.11063185,0.09313872
A0A6P6LKD1,da9279338fc90d3d0b86659174a1ab7a0b6ab95f0824b1bb49b636ea373a7615,563,0,-0.07945379,-0.13394079,0.10702309
A0A6P6MN52,3e7041eb17b4915ead6fcf95a8f93b4105ebf15a9ebe795067e2b4bcfcd61c40,489,0,-0.13195491,-0.15494607,0.054001972
A0A6P6NTI6,7539baf926258c18d85c2f6f45057dfcbffa6f52bf8c4dfb266a8b4c4600a244,541,3,0.14656922,-0.07833944,0.13490872
A0A6P6QA03,246c22f1aa8930775d9f8bdf1b0a1e62bfa7c48d967ee1b07eb41d932ccba294,580,7,0.013112636,-0.040226407,0.19366825
A0A6P6QIN4,8a4fe70579b1491e67d5e11ba631980f265ae474ebafdceae9e64e2172f8b356,600,3,0.044400927,-0.14297408,-0.0048343246
A0A6P6QLG4,2339b60592b7b463b4b03baa48f701fe173b7f51bcf08944b0efe788a8680df2,540,3,0.14164995,-0.04517539,0.14113176
A0A6P6RKV3,97506d78b88ece05d9e003817c1ba582b8452f2d51ea37ddddeec5ca0da50f18,554,3,0.029519489,-0.0938102,0.0003562734
A0A6P6XKD7,f38b7ecfb4cc02634ef1a762fbc6b1d21bc20b4c49d5f1cfb8d0fb65fa0df0f3,416,1,0.30037332,-0.13860282,-0.20480075
A0A6P6YFB3,b910a1f0f0e8c28908e2db10f80aef75e3aff9ec2fa5ed1c84e1dc4f3ebdb76e,450,1,0.34566584,-0.07520125,-0.15853737
A0A6P7GYN8,e33e3ddfe8927fc12a182c06b5ff948b0cadfec70a5077ff0745b3dc9f50923f,481,3,0.16078486,-0.14526173,0.0061247735
A0A6P7KSY7,015052558c7f7f03e1130f12bfc5f884205a566a21b6688aa5b2e85f095e74ef,539,3,0.10981889,-0.0602694,0.14469936
A0A6P7L187,0b8c6d851400681131b8ded4f4174f0335cd31662f625575fef1f23d9c50425c,338,1,0.3979013,0.1507863,0.0063015856
A0A6P7PRY0,f9380e84bde04a92009dc65e974eed4194aed1d9b73e7e9d985209282aaf681b,600,3,-0.039917395,-0.08358161,0.055304993
A0A6P7SIX2,b0f66ebdb0d63b364ef8052e708eb68296dc83f7510e36897772a7b391c783fa,595,3,0.12889178,-0.13696128,-0.048578482
A0A6P7X3X2,c9f83c3eb0456092a1fa2ac080ad6d5a057b3a12b03ac10a3e84734fdb342478,557,0,-0.03639493,-0.17119129,0.0055531017
A0A6P7XDJ7,860cd10be860964fd34041c57401c86a2550635a78a71f422dddbf02c84399da,483,3,0.08733865,-0.084710844,0.16248904
A0A6P7XJA6,ff2692a374cd951f6fb3ee36baa44a07748907928a4c5344af22e43ae7d6d4ce,529,3,0.06559584,-0.13702302,0.09253597
A0A6P7Z6Z3,00747fb1542ee1ebae662b6a0e376832b04d188d712e27f09c5726950716852b,434,3,0.23229857,-0.08222252,-0.036976807
A0A6P8H923,6daf5ee73444faef8113367833a403923f6818bf8b70caad473e9662a56c2d2b,559,1,0.40511143,-0.04307736,-0.087933265
A0A6P8W1Y3,b5c6d0117e966763478922455b22995644224f1b790cfa5b368c3798b96ee768,540,3,0.1018909,-0.060725614,0.1493846
A0A6P8YEP2,c20ba6d7d306dcbfca1f864a3fb309c69c09279f7544922c3f4dd9b087cd7cc2,395,0,-0.14439563,-0.1886824,0.12543623
A0A6P8YRH5,c472ec025f0da9f5b35402cc258808af26667dc10b34cf359a33ea3dfdcf290a,493,1,0.39084765,0.2274035,0.054386254
A0A6P9C065,ba6f00ee22481085e57c0bff3ec1ccf46115e35381912a4b4a79b3e5a4704bea,446,7,-0.038927194,-0.109130986,0.1573236
A0A7E5X102,8fff61cecaefecdb8bade52d68e3413467c3b746733974189c531a6c87010e8e,449,1,0.46659857,0.07152404,-0.04762559
A0A7F8RHL9,3d4a22a1072e259187ee0ae7d987c8523a7243b78e98fe6143bd203e96dea05d,274,3,0.025635244,-0.18168306,-0.0033612098
A0A7F8RVV8,c7ba3fecccb82fb257c1732c01558d094cfa68ab58e45d31c89b0636e5596e53,525,3,0.22972102,0.018769786,0.13438526
A0A7J8FJS4,ff5d276c8d62845b2ca80d9f44b3a4aac06a6ef47657be4400c7ef0d6a37460f,447,7,-0.0830722,0.030253334,0.27264285
A0A7M4EGB0,c74d5fa39f2ae6d97c2f3daacb0794d95d1852dfe714e259eba1705d7dc644df,532,3,0.050373822,-0.13563526,0.07743525
A0A7M4FM20,cf30d4bfd3ce19c491eac5fad3b383733f7a48be30a94a8273fef98c0ac3bf22,569,3,0.012939094,-0.14879094,0.024233073
A0A7M7GL65,67a913571ef2543efe6f1bf899a6e48ae0c5de09d24a06cad0d0686f19dbb9b3,480,3,0.084987655,-0.2018759,-0.026994599
A0A7M7KFE1,e5a7eb3df0ae5c6febd3dbade1608b9a811700fe3ec5d0d3bace48975b84d579,453,3,0.07844264,-0.036516093,0.030879503
A0A7M7T5A5,da261ddda094e77eae23fdf7e6c70fdf6bf5c97ec30668b0528545e6279dbba8,564,0,-0.08114414,-0.14324543,-0.003105086
A0A7M7T7R7,eeed7a5dfb47d79a0696816c7a24a5fc7b0a8b8cd935bbb496784326d8b28514,547,3,0.13554586,0.028250525,0.15461747
A0A7N4PUT6,06ae1a9f1dff52857674bb0ab58b25da1e935362deb41f8fc634ce1f80ebf9dc,552,3,0.010121247,-0.09606136,0.0932454
A0A7N5K0I0,5c88a84bba964e5f8db5f6197f5dea54798c9c9a2e17ea2d8a3ea2023360ac13,330,1,0.39930102,0.064745314,-0.08387245
A0A7N9C9A0,ceefba450326f31f974d591b2efce456852b992c081e318008d559a353624d37,552,3,0.059011158,-0.105510905,-0.003547374
A0A7U2IBR7,eb65d80b9908327284f04b8ad2d69842683123070271850c48d210b579b70bf4,570,1,0.48251197,0.18889664,-0.14543603
A0A803W8W6,12cd32eee6b2126209253af74a0f2dd4f2116c23d31638d2741dc76bb23b207a,502,0,-0.103989996,-0.18391109,0.060653586
A0A803XW10,c4a5b858086bf5f0945ed90f14208049b590dd52cbffe9051b43869bc57a331c,540,3,0.107640855,-0.088534,0.08720969
A0A803Y391,e1afaa82eeea96a9915f7511a209fdc4b724e40afaa2c0df2ff2af753bd718de,516,0,-0.14069754,-0.13643073,0.029113341
A0A8B7KFB7,8692f02ab72eed50d840182cc9e71a72cad80ef6c4fb5afa75c6c3df3ff77b35,330,1,0.39376476,0.07748624,-0.07802893
A0A8B7PLJ7,2b236b2bb6f0da9fa34b24798358b86829ee67c18e23c651d9f0f70adfa0a3ab,247,1,0.7069365,0.22679634,-0.11459111
A0A8B7PPZ1,1f498135a499d94d18684c8a70d857351a2a88711d92f3b00f9192db99c1fb2d,599,1,0.5496487,0.16309965,-0.04194896
A0A8B7PSH3,e1a3b79559d8629a0a492dc75ccbf1d93b9151c5f7b87d798b29bdc78dcdd9fa,330,1,0.39716446,0.063199475,-0.078128904
A0A8B7RV15,b48997830b757c49b7c337b0a3434bae291d48b1b492baf6c8a596a28cb78386,532,3,0.03779525,-0.12051762,0.1305308
A0A8B7RXL9,26ca4886d37971bee90bb30f7c11e16d554d4ebde1a7e91f0b3ba091c7761a14,579,3,0.061207663,-0.007017638,0.10754824
A0A8B7SXQ9,74721d058953226f353a43c7bbee89ceec01ab30915cbc2135dc2bcc6ecc4802,447,7,-0.08643747,0.014947566,0.25190362
A0A8B7SXR9,bdbf86639cbd9a0dcac60534170074a2ca2abc9477a41eccac50e88b4e4e0074,578,3,0.14339702,-0.08226773,-0.008405346
A0A8B7T0S8,6d6ecb949efab28ef51d6b1fde77cc232f6454ee5c5a6e1ae1aaca086ae1ce12,231,3,0.1734173,-0.119758226,-0.010992334
A0A8B7T6K8,da052ddc22db24d2f8b07b7bea93dcc97b468558003b543f151b4affbc795231,330,7,0.0325142,0.06220824,0.28009677
A0A8B7ZEA2,8c3bbb0b2b4aaf2ffd8b20ce6034c3ee068a4fabda5d3f5f30d9e20df6060c5e,468,3,0.22636576,0.02962323,0.048526842
A0A8B8VP60,9cb4948ededd949d7bb0fca71c57cb67875941252ba830d08dc46476b0063c44,330,1,0.39655507,0.062359843,-0.07375451
A0A8B8WDI3,a4858807ea3c0f8c52774d8fedc433a53834310314f73f6135656b1d1f3e0efc,524,7,-0.0093361875,-0.05954817,0.18491039
A0A8B8X4G3,8d2c67f32806a78648cb321172dfb7cf4489fe94a4ce79df060cd7b3827e6b3a,447,7,-0.0737009,0.025495872,0.24717522
A0A8B8Z5E4,0b0f457b5adc2bf29f496206ff77380f8a1138a168b03f1f26bfcfd8b0c734c5,553,3,0.20542972,-0.07304597,-0.015093551
A0A8B9HDA4,916e74274a180739cd9c701c10b645fb0d82e8a4aa8451d043ad28496037d950,450,3,0.023259714,-0.13900065,0.08402836
A0A8C0FVZ1,663fc47753aa006bc15f2d7b17f731ad2fb07db85b47bba6d13f5cfbbc2e5650,542,3,0.13151191,-0.07800615,0.07901453
A0A8C0HWG4,bb1515b1a2fb9c61848846535a16b82bc8a8fc4d3e041cf37e0699ba22e9c0af,579,7,0.05211388,0.023929385,0.12628818
A0A8C0L2K4,a7f911b4c47da42f461b867e4e2eac193a477466c690f742a8df50838650060c,575,7,0.006510378,0.01837966,0.13874231
A0A8C0LD09,79cc8169280ba64912d2b106ff4e706c384a0d9ab1769ed79b944d6ef78b50e0,446,3,0.20404464,0.012809728,0.07779205
A0A8C0QDR3,811486cc8da9c5ec81819ec0c12a617cf5aa7a0a3329acfa2ae85c0188f78e66,569,3,-0.022028781,-0.1494977,0.023496952
A0A8C0R8X9,c5eb28dcd325229d69cbba451c26b3fba420f7302d3b2a40846bff8cf99e44fd,571,0,-0.08250546,-0.09373969,0.060434066
A0A8C1AI89,429af870f77741a3b46391cd50117342d6eab2b36296429ebc99a1f91c9622bf,578,7,0.010274653,-0.04524296,0.19013363
A0A8C1DAX0,a637d9fcbb4c8e120388da54c4efd8c9fce12facc7d95898a06608624c4d7735,359,3,0.16942275,-0.030902687,0.11388824
A0A8C2N1K9,dac29db314e019908e6f18a7911f5c7010a22a24e65a55be1894f6cd09e8602d,582,7,0.0569137,0.029322084,0.13465005
A0A8C2WWI6,36c59d7cc1f1d4bb8fab66ba89c3eba9204f93029793803abf0c624cebae089d,583,7,-0.010373252,-0.011771439,0.14053541
A0A8C2ZCI3,c26f44e391d8bac32307e54212ed5e8d525549a9e088690fea632fb440b2b9b2,490,3,0.069994316,-0.05799184,0.16928576
A0A8C3HHZ0,ef7a3b180cd09742ab2100e11505f7cfe83d29b6648e7093358950397f2b8c86,530,3,0.04499364,-0.117723316,0.097280055
A0A8C4LIA9,a64653047526fbba706d319b27097cfa93df8fd6e39e6b247c033b759c6e92ed,552,3,0.093292706,-0.12980583,-0.04233405
A0A8C4LXB5,5b382ac370a01f730f30323c40c45cf9db4168106109f667f389615116822692,532,7,0.010655323,-0.086379126,0.17454654
A0A8C4MI33,cb824d8c6b423612d99ad1caa106a7573476233aeaf2d240ecd853f6a690e0ee,330,1,0.39820024,0.0683368,-0.09075357
A0A8C4Z4V5,63b24093525fd1f365da81cdaedcd7536d9876faf723aa07149b4835691dbd35,539,3,0.114629224,-0.015596356,0.16999814
A0A8C5UMJ7,f62dfcb1c6647ec8e5550a2a2d7d5880ea3db700954baa9e07c12483fe104eb5,559,0,-0.21518023,-0.24856299,0.05273882
A0A8C5XHD8,b772e18b7d4b7c14deb2ee85416fbd56ad0817f094a126e146ec487366f34e2b,321,7,-0.148971,0.06554553,0.32649562
A0A8C5ZXJ0,cafa964fdc43dccadd8269b091dfebca3658cbe2163d8a44a1dc82625db06134,551,3,0.04298261,-0.09677274,0.026254207
A0A8C6RBD1,afc7b87376f22d32e66905095a6187a2117a4e22a97ba945ef1a9bf1d810825a,569,0,-0.07702833,-0.091977574,0.05905964
A0A8C7BI54,4ea8f87889a5b623994718a08253c22a28d1ea5a18196814debd427f3ed9b622,598,3,0.049459357,-0.12077316,0.02127733
A0A8C7BSB4,7732cf8aaf8e37530ab9e156d7bebcd7d3859949275d4356e2c88b58035b0c05,542,3,0.12829438,-0.082605995,0.08605958
A0A8C7BWL5,f856e2a4b4250d9cfb09fa8289676c9e9241209231db25f4588f3315ab3dfb85,552,3,0.06771005,-0.11708105,-0.011839496
A0A8C7C4B4,afbc5fc7d1f8083d54796eabc735c2323c5334c7f73b595b38d230fc2ab35831,330,1,0.39595863,0.071592666,-0.07803171
A0A8C7J534,2818c4345e5f82ae1fb381edb515a5bceb41304dcfd4cc49eb04be6b1f3d8178,348,1,0.39324972,0.20127642,-0.011533543
A0A8C7RZM2,2102b6e1bb99693fc65a83431c5f5251923dc7cc9d2ae98b4908e3867034ca60,595,7,0.048171304,-0.060985018,0.19994776
A0A8C7S534,c722c086505a5f3e779c947fb926a665a7dad49a610811bd26aaa6e829c46af8,359,1,0.4067479,0.20118964,-0.016707992
A0A8C9G8V4,26523bc2fdb44141164a4ea6955b1c2cddb8815f9779bdbf668d71b275819835,447,3,0.22743873,0.014245167,0.056341533
A0A8C9H955,22d6af29149f981b32837c081bbac2ae6355dcb0b27b0cf0b440bb234d77e179,542,3,0.1257866,-0.091010414,0.08185253
A0A8C9HQX4,c0d0d3ad91ab67779c2aabab9eb4b00f42e428f5cf8347216ac54ff2a37cf3a1,532,3,0.024976099,-0.11495245,0.12832277
A0A8C9IDR2,2a1242b2d2ed8ed4283137e183423c74aaa57cf1ab0df14e0fecbc0fdd89085e,556,0,-0.24761795,-0.25736707,0.054296017
A0A8C9JFM4,d083efacb2e7243e7c49b045430576a56bf72be9558e4b4efeb3d8a9e640aa2f,542,3,0.13228151,-0.09641125,0.07733907
A0A8C9KQG1,3203e1d58302a0b4e9f911850ae93d8af2c43cd546de74c5b5f1962784d90dc7,330,1,0.403939,0.071342036,-0.07968392
A0A8C9LY37,85685e525e631e760ccb8097cd417c8874323ea28fd0973f992caff7342f6f4f,571,0,-0.08055653,-0.11416288,0.058146156
A0A8C9S1E7,2719f17929eb78f4d7bcc2b290ff940d5717081c12883080a63c70ac253e9a68,349,1,0.35431454,0.22022477,0.013353573
A0A8C9V4Y7,33e794c41b4a7f479eb70b0a83f556ab1a6ea2f657198a7baf80301a94aa2c2b,505,7,0.062436435,-0.031980608,0.19165306
A0A8C9VEI0,042f9fd51c9b1ef0f8c5bcc928f322206126a6b69175bea92d53c12ed4fa92fb,570,0,-0.065075405,-0.08691496,0.11236552
A0A8D0K2W6,544627034494ec3251b9e321d38bf8b7608ec2a484f363cea392ed304d81d5d9,542,3,0.13293123,-0.087673075,0.073416255
A0A8D0R7K7,891a940d31c2f219f9e4692060cac3697e420b383ff88e830867b05658ac5af1,557,3,-0.034146555,-0.0655931,0.06613124
A0A8D2FT77,825d4c06e64ebf4035625520b0509d489aaaef01f8fde2ce115e25035ea00325,444,7,-0.10479281,0.00841699,0.24591756
A0A8D2G1R5,037594b02d39d86a77528151b3bc7cfd2ac58ef249096922a3a7e5d6e00c630f,557,3,0.11796944,-0.11511266,0.06897349
A0A8D2IQY9,3b8103b4bd9f91aad89fbbfc72082f3d05794223225304746324830314e6dc1c,331,1,0.41700915,0.04362583,-0.0956032
A0A8D2K1J7,2c5e9cdcdc378b17ae034968b66aa0b89b14399d9b1d32dd98550044398c9543,321,7,-0.11795116,0.041012824,0.3008798
A0A8D2M3C9,91f85e707c4df7ccefdf729b84dc637e7bd5bdb3ffd18b8df1daf89a018a896e,569,0,-0.07970161,-0.10331873,0.036252417
A0A8D2MI26,7db558d71cc383013a3ee4064aaf3f4fb3810767850ea8a4979525c084657aa1,570,3,-0.015237828,-0.12331387,0.08663712
A0A8D2QHL2,4993040e8b2e2d49510045c9ef271558a87235ca5705af13bc9b5b7a8dd98183,543,3,0.12539002,-0.06992189,0.09483266
A0A8I3WXR2,6828eb182321a5ba58d7cd4accb101b755e9624fd8b4c980cc4bf281cce9c803,546,3,0.14925665,-0.08298151,0.06758936
A0A8I5N7V0,f284ebbd87a1325f6028c5b554624cb3ca361581db89d37dd609e905a38d59df,447,3,0.22654706,0.015368996,0.05643516
A0A8I6RS78,d01ea5a5a051d7c67808bf36fd8a627a6eff1e577d23a06d0caf730cc45ea483,511,3,0.1070389,-0.09566952,0.11397368
A0A8J0U8H2,4ccf4d889e9f21903b778457c01c00fda43469d0c788c5afc276e4ca2c2c5329,600,3,0.022974746,-0.1862797,-0.0040114694
A0A8J0VBD6,c4400370297e3fe74be928ca5a08a3b495c205000909c45bbc00cc6c83168509,555,3,0.02419965,-0.08177386,0.039823566
A0A8J1JL39,1a4092fe22a8348489fbabd05466337933a5e2a4311411b7d61bfe461cbcda16,560,0,-0.06375795,-0.13443325,0.033101197
A0A8J1MUH5,765a0d212c8cdfc7de792d5f46ae0af2b7239a93317984aa19c88e8b8bc9a08c,600,3,0.027375648,-0.19179775,-0.013364262
A0A8J8XXU9,39b2b22ee51e5bcd9460dc93b016bffa95582d797d54dbee290da06664772738,447,3,0.22475141,0.0132992435,0.057252605
A0A8J8YLX1,d9a90930cc9c20bce1021923de51182815e7cf7bbe70974b2efe50c107c63373,445,7,-0.094975024,0.011654527,0.24073832
A0A8M1KJA9,7d7d0c2ddae5c3cc76a741831783c330d895907e759396a3130098d15b9073c1,337,1,0.4004488,0.12742531,-0.0432144
A0A8R2G8R5,c79f22269418b5562aa534c5d52ca39644dde94c694d708ad140fba550006e94,498,3,0.18512763,-0.08978274,0.00096219336
A0A8U0MMZ3,08a745245eb86ea5159378ab1470d81fb6adb26a2c835a0b01df4943fd8734be,579,7,0.03318754,0.0069774943,0.1344903
A0A8U0PFN0,c308615bb2ed958b13b541b8bfad2288755fc3f92c1bd94726f4edc1496b3b55,536,3,0.023514127,-0.104524635,0.015337199
A0A8U0QS75,afb0bbbb3722f469ded65a0b86faae20f86480efda5385cdc3b46add0e1ec536,569,3,0.18371893,-0.023904262,0.13656299
A0A8U0THW4,ecf31674ee7db43e597cf65510bf56dc3fff6e2a4cd27809a718c38ae567e572,539,3,0.15148133,-0.03659847,0.13843079
A0A8U0TUH9,c39c4cd888e916506ca06094245ecd145187a12737d0518caf6fe9a457f602a1,524,3,0.1518553,-0.08254025,0.12348565
A0A8U0TWT2,9fc8360da631edd0863d45e4c2653f9cbbebc692e1d019c5a7563dfa273bc7a4,560,0,-0.062783286,-0.112084396,0.028669178
A0A913X5R1,8145c398fd990c80e5fde631106660485b648893a65222673f0aa0d4152adadd,472,3,0.27443904,-0.071367934,-0.027874794
A0A913XSV7,8060f4df0f2569512aaad680b9622d66682ab26a61e5805f3a598e3df05a9862,538,3,-0.02815196,-0.16334014,-0.039966345
A0A921U785,905c303a24be9255e2ba8b74a331587ae9b71018e3e3c84a42d4af2719dbead4,442,3,0.042257607,-0.12007529,0.0017964946
A0A921UKB7,3b34f3c76b0ac3e3de0749845c90463cc88a09def6612bcb1d1a27de23a3052a,453,1,0.37448227,0.16837105,0.031781875
A0A974HBM0,01c12cae2d4cbafa70e0cf267cee2e6bfabd4d691df06073220b983e69a07790,539,3,0.08157751,-0.09544325,0.1083261
A0A974HPB6,c5898087a26a75f12d62a6b14dc505ddc69fdad333bd51aa6c8d853b071ff5f0,325,1,0.37730768,0.09053497,-0.063431956
A0A9C5ZBQ7,4eebd0d277703d8f0b2191dae9ca78caea47c99dae3c4809262e140e5839b858,484,3,0.13655108,-0.18391943,-0.01068849
A0A9F2N530,08c3b57b80580cae656ffb45221bd7410d0d5c2e8712e8982201ce05c58eb83a,331,1,0.409071,0.048156835,-0.09564384
A0A9F2NHW9,58d9a0f06549c509bed626336ff43edf1df0b23ac25df87c1d6a2112570d5edb,552,1,0.31250897,0.032903053,-0.18097895
A0A9F2QXU6,821b9f1e7eeeb5375070f62d19743b30b5206c5b4bdec5b69a0eaad0ab973f01,518,3,-0.02964259,-0.11692068,0.012003212
A0A9J7ENW6,f868547b80691ed03259726ef2443a8decde9dd1ed10e4ea71233e5b05199089,451,1,0.4685294,0.07417186,-0.02832603
A0A9J7FK97,89712467f950c8111e8daab7e2786658cd726de6f7b6680d238333f5fc46e882,321,7,-0.07892595,-0.007889887,0.22828525
A0A9J7IH40,90b3b77481e8486b4a6a9cdc90094c9b50eb58175448523a3eaa78f8f2097101,547,0,-0.13395984,-0.097157314,0.060774192
A0A9J7K901,7b7bdd8a090e90d3c6369279da7f11202987c2f3a55b490a5bf732ce0ea2856f,388,3,0.13298303,-0.09157667,0.13368931
A0A9J7LYT0,9589c7872ab4f9ac85d3fd930bb322e522eab0b10eea61b080fcf583cb4c77ef,566,0,-0.04521958,-0.1771567,-0.02702885
A0A9P8IMU2,e4a738a2a5fd23d386461b197d45563c47497aa93ab67651df1392f0fbb92bc5,376,1,0.5350361,0.17761226,-0.15302646
A0A9Q8LC54,803f2a4f253a305bca0e95fb9981a43e8b6387b50682e36aef41278440585026,584,1,0.49673614,0.19316192,-0.145052
A0A9Q8UWP0,2f411b77ce208776059dd8e020649168e43d82ffd2d03ec976520bb49d421fc0,417,1,0.45756453,0.15321381,-0.14977784
A0A9Q9YR58,12a518903ae198da7fccdec2cc2c35d4952d583b4c5b9bc66782b28896c76a1c,540,3,0.15180838,-0.041028753,0.12799382
A0A9Q9Z7M3,797b7cacef13f8f91d1ff0667e8d09eada6428892efdfef84e66d9253cf1e576,580,3,0.16806252,-0.09780871,0.021359367
A0A9Q9ZJG3,d12540b6c74616ff671cbeb05b5681e55528072ea41e6b31cbbf2bb0a875794f,530,3,0.113134466,-0.07014189,0.15721391
A0A9Q9ZLW2,7bbf52931613d572ea0ee5f793460627c4cc2afd8246aab7cb8e824ccf8ea3fa,582,3,0.1538417,-0.07471634,-0.01681446
A0A9Q9ZYL0,8911a341cba9d96c863175b1e651216d24b935dd35a81c3a0b8f61d468fd038d,591,3,0.08547975,-0.17298082,-0.019385088
A0A9R0AP08,b550b83eeab6e1d4fa740610c6dac5546c6c9778f88472b0e09948b9b1eaf8ac,593,3,0.07645114,-0.18120629,0.0025715202
A0A9R1SVC8,6e933293487c975226b36e4cffd1520283d88dddec695d08d63572e86ede4bb8,521,3,0.18981718,-0.15683696,-0.029036386
A0A9R1T8C2,0b7f25f29a1cd9e5b4952f03154679c2a11f85905536b5b3f1d51b37ff328eb5,595,0,-0.11618655,-0.20612589,0.061883222
A0A9V1FV70,d99c1ddb9f0c8cd145aebdaff18a8a24092ad94eaa310388a6ff6e215a7fd03d,578,7,0.022364028,0.011421015,0.13256095
A0A9W2Y4P9,9ebde0cab2a6fd5be4581530c66de730e5f3432cb981f4b449764d9426087432,511,3,0.08390137,-0.10543427,0.14778885
A0A9W3ELM4,a2aa5b317a885017b77ffa9c199180764a0fa0a39cd75aaa402e872f788616f6,582,3,0.15161999,-0.06783699,0.0015134432
A0A9W3EWC7,348942d9e4684a2feb8a4d62f1c1241c4fe99607c1353a1c35627764fdb91fac,542,3,0.13574825,-0.06789195,0.07790004
A0A9W3FA52,f7670bdb43b1678f7baf4ae3eba8c750a33b47dbffc457a115d98f016c9d8e3b,404,3,-0.02579611,-0.11221183,0.011151439
A0A9W3GRA6,fec32d22da6a78b89419aed06cd04b48bc9b8a68c6b4bd5bdf7418afaff8e72f,533,3,0.042877104,-0.03755325,0.0870171
A0AA97IY56,f893d53a5f56c35aea26b1f39d755f784a455193d28318d1eacdd39838683603,450,7,0.122411825,0.25556055,0.2547533
A0AA97JJX5,c01484fc012b619b10c10876694dca451c559f07bed72307411d5567acd452ed,541,3,0.11980169,-0.075379945,0.079692796
A0AA97KAY4,c5c0e94dcf52735c732e1a50cb66e5ee9cfa03dccdbbb29323cf1f87d631e557,552,3,-0.017893376,-0.09658111,0.05894589
A0AA97KV32,1e2e60e08756efb3e97c1bccb4c7509bb26282c449169cf177bf23fd6f5b5f75,449,7,-0.05557919,-0.05992464,0.1879776
A0AAD7LWI5,f1a6d6c3c1c6181ff21b1b530912bde88f20196ba788138b52e51ac592a129d3,399,1,0.54274744,0.06665404,-0.09516418
A0AAD7PTZ9,d966cacd291a9f39d1b6a831a7ad72f542b4295f0912a4e52bd8ef074c26dd80,444,3,0.013604413,-0.11934425,0.016089952
A0AAE7UR95,77f38a83ecb9a16a614e31f6a772261bfa0fcc321c1f3fab96fc0c72c559c64a,565,1,0.446631,0.26810133,-0.10372609
A0AAJ6QLZ6,b040be0cc346b2f5120355b6f4b574bb7eae5994d0a8d4e296b81c73540f76f3,397,1,0.276685,0.041953754,-0.043609116
A0AAJ6V587,eb940f0d6d1143b16f54a6ca4d9a3717767957b0031b8e0eb59f7bef5a2c783e,445,3,0.02218472,-0.12848601,0.012221471
A0AAJ6VWG1,1a280be2a1c0a1bf43e84561d11c13e37d9ecbfb712423d4a747d469ce5f7855,590,3,0.01036244,-0.10268057,0.01926876
A0AAJ6YT38,9e5cde4a50bd8317c95c0b28f8f4440a498353816e5655f5bd2e1b519319c078,401,3,0.20999067,-0.17928226,-0.064255364
A0AAJ6Z1W7,30f72f7ca3bd9303bbd0df382d63b633557dcc3bb0d66d00ee8171a18680cb64,498,3,0.17173433,-0.0914171,-0.00097233354
A0AAJ7C518,1e46064e71711cafae69b2b69d54cf0bbd58d95dffa5dfea51ec26a3388a64ec,598,3,0.042048335,-0.14663722,-0.033561498
A0AAJ7C9I3,18e170db3869eb798102e5a52f63485f28ba2dae5c5aec01fc153c1e3761518f,481,3,0.08626548,-0.15437599,0.011222699
A0AAJ7LHL2,a7a0b605271f1da3c48da9696a3e7e49fec8b12a6c2c28f2b968610ed5068ed8,568,0,-0.064569816,-0.09853588,0.07284458
A0AAJ7NCQ5,53a06b78c0318fa282f7e16499e3f7a4198bf3bc29c84942b3b9b1bc2b536015,481,3,0.052808236,-0.17674878,0.018642882
A0AAJ7PTN4,a85c5475684bb8973ea47f421600c4054a6ec1e80c8393f467e4db3f61e2a9b4,565,3,-0.02104638,-0.043550946,0.08052323
A0AAJ7PZ73,0326fde99875a62590fb9d59271ca748f50fffa766d25324f3962bf10828dd10,582,7,-0.010118833,0.00945587,0.14051963
A0AAJ7R7F5,f176785c71352dbcd10f8c7396d22bda329c16fcf7f020e312cbdf70ffac9b6d,520,3,0.1241495,-0.0074373507,0.1639468
A0AAQ4PPB4,ac7911c90965b25e9cd539ea750f9a42c22e266cea598060299505323f509bda,565,0,-0.06144527,-0.10891015,0.058249332
A0AAQ5YSA8,716d240072851f111d072a84e4bde73ee93c0dcded9cfb4aac70034016353f32,532,3,0.09208682,-0.056958247,0.11739181
A0AAR5PTY7,be8c89946e1e830de5bf531849fcc2f7cd6d9c641baf1c132661a2992a129fee,527,3,0.21296164,-0.1246565,0.017204283
A0AAU9ZS35,4e95459bfdfe6fa27e558f049c18ce05f48e84564b95ba8fda4c07644ec6ecf0,442,3,0.22995777,-0.0046256795,0.06370109
A0AAX6NS33,e30b55e06c99a3d0c2ff18426f1895d43801c66cb63280c4494c7ffb482c13e6,447,3,0.2086156,0.024395801,0.102973305
A0AAX6QYF0,ca1ca0d409ae4c8b7d84cf4890c01b68627866245f8fbc9ab404c728b437e745,528,7,-0.009701537,-0.11004527,0.1569589
A0AAZ3PBS1,f8ebc712f6d74a09b7fb0d2a1765632b4bc6db2f6cfa141daff664e95e96707c,523,3,0.14306962,-0.06833478,0.12319626
A0AB32WT20,c37bb04d8a8d3bbeb40318b2c131921991840c22b74e52b0dabd6535b4a41835,437,1,0.42419156,0.03161845,-0.070246816
A3KQ03,5bf3cf991da34e53380e37bba72180c2629a4974418467b5259f1879b7771a21,541,3,0.16599135,-0.048688535,0.12817799
A4IG58,833514ae1204a9f4cb52b5e46dfe2f21b6b10ee503b1a888d00bd1b1ea910c4a,450,3,0.21630737,-0.06767174,0.009376473
A5DFJ7,d145d785b914772c1b41efec2146bde61582c5c41aa0f7fc3f04757bd9a600ff,501,4,0.0946919,-0.04779185,-0.0825712
A6KJ05,b0da9b098b9e0f27cc2cdb8d4a9e4d0ddc93ea5d6870f6185798c85955025bad,473,0,-0.10900073,-0.115447454,0.061795592
A6QLD9,fb94f8a2854f4f4cb61c99418161bbcdc3dd65cf616b94a4c29be05376705ddb,557,3,-0.038326632,-0.06481628,0.060514145
A7MBK1,7f9a2e2bc5ffdcb689a779e237e341fe62d6ee0e28651bf19299a14a63253abc,524,7,-0.022875246,-0.010776123,0.2289571
A7YY74,f6806f5d57cb8be87e5b74e974b5b8fd8bf877040392713e8f17d89d32a1a57d,578,3,0.1444234,-0.06896642,0.018776756
A9V8E2,d5ce527862f4f0f1013df9bff0c5a47033993609c0742110dba8178d78539599,350,3,0.17548293,0.00249574,0.014624333
B0D060,b12764a3a53b73191178b4f765af88a54affb649eb56da7930fefac534cab912,202,4,-0.042334016,-0.03179562,-0.087095335
B0WPN5,32b9f0c1ad17177afb0c5c95ad28c697b43930166cf575f897364908f701fc68,576,3,-0.034732375,-0.18570994,-0.028651964
B1WC59,7f0bd44efef1045cf150ea38e799fc6bf34d7f788b7629395d7c1eeeab1e73b3,329,1,0.4098503,0.047241412,-0.09056516
B4KG18,668f92c19fee895039b331d696e021a57aaa9d32599623801ae7962dd83f0558,410,1,0.33432066,-0.047000535,-0.059429687
B4LIP0,274608edec18ee1148fd73c75d01a11cea48482066337dac2f474e2a8f17ceca,463,3,0.15085751,-0.14911507,-0.017547535
B4PA50,f4b883a1ab1e334541d79c4cabc9be131e4a233225c5bb53bb8de7245df1d660,458,3,0.10387632,-0.11768676,0.0137467105
B5X4D8,400d5dc66ffff34e544cbb96d26aedc638dc6286ca8f120f70a06ac783debb97,465,3,0.23503067,-0.038555905,0.038240384
B7G5V7,2c6c7a6461964b5ae728c886ac6090dfe25ed864633d0c8d8bc547ee23d2a2c7,413,1,0.31133938,0.19431572,0.009431964
B8A6C4,2fcee6d728ed68c4fb36a1e3c5239815f2b3fa9166f85d606810b7c841fe7952,600,3,0.044104494,-0.14198814,-0.009197722
B8BZ32,8f3dbd9adabee0d3206c93465e25b56cd54efdb94b58a130c97de72206fc89c0,523,1,0.24243733,0.021685928,-0.11691894
B8BZ79,af6b0156f3090e8ccbfe4473321b5805c457aca56c3bed3506c0c9b82dd92097,323,4,0.12468937,-0.02562766,-0.10979698
C1MP34,064b3b9bcc3f4b5a1521de280a80e9e906b95dbe61b60a3629128678d14ebedb,386,1,0.14314209,0.17423882,0.05388928
D2HIE3,b28b03c8e44fe84fe2b7975cd6da1be7bb26ca382c6a6bb8e684a9d5f9958384,446,3,0.20387527,0.015325329,0.07931325
D2W3C2,cd5bb8fec8a27ecd931f43ac62b404ca4698a55033faf74ca20ea73d5ef5f777,454,1,0.63419896,0.09750941,-0.13660693
D4A5Z0,a5e5e89c7217753fbbd85c3b6f1008635750c3166567593586769121c4a19f26,542,3,0.14198525,-0.07270338,0.086142465
D8QY16,7e630d6240d5698375173aa7873d05e7406fd3ce9803de34ba71f8e6e7dd62af,429,1,0.41969368,0.13003203,-0.00530081
D8S8W9,251783fb01c3e8221be58c7f0b2bab54edb963d05a605faa6ee881da851b27f6,431,3,0.06406327,-0.071114205,-0.0045655556
E0V922,bf38d4576e721228ebb8597c66797a8450cdb4ad3dde3f73d761c91713a74ca5,417,3,0.26830292,-0.13893874,-0.07825449
E1BB36,68bf3f824048352ce6dc7600cfc8b07afbca9b4dae27f9498a54dcdd77dc2c6e,446,3,0.22049637,0.028604927,0.060297992
E2BYB2,b0b60592f704f2112f413d4620dd496dcebcc133a955809f1419d2503e2ffc91,495,3,0.049292993,-0.06737461,0.14519116
E3HCP6,0b75c2fe1f291ff5dc299c70f7961ef6e4bab069688297712bfdc465a550eb88,309,4,0.08425483,-0.17294511,-0.28030428
E3RW36,bc2804fb8c2585a1e1d0d789d084d009fdaaf8d4c87bc6a14206f5a68120cd36,498,1,0.44526142,0.17244016,-0.16375591
E7F6G2,6f45fb5c605bd035a256e9e1d58e943898c80b1f493e4a7244db2e9f84104db3,580,7,0.010668085,-0.028101977,0.20804279
E9G7M3,e032f4f85a505f177cf0f0218bcdf5112d3c2d0f1db2792ac679039bd9126ac7,451,3,0.082897864,-0.12711337,0.021021783
F1LQN1,4fcb41227157dc3ed5c62928939b1c1601eee75e491a4d4c89f2d1eb5501b225,558,3,-0.039099157,-0.09791996,0.08075758
F2TW32,4c24e897cd8b7f5eb66a6f5738ba7ec5f60cb02ca584b9b3c05fd47371f2e30f,207,1,0.69645715,0.23174855,-0.12576045
F2UNG5,7d968319bc1bc2bd59d01acc490c9db2ad82f63c42242f3cb0d17252a7e70057,442,1,0.54550153,0.3066122,-0.01682751
F4PZE4,27751b166073e9090bf0df5e08be6ecc77e1002167771e5e05503d94a7cdafad,473,1,0.39852434,0.0058850627,-0.13142467
F6R8K7,ab4b8b8a924cae0837f0d91eb60013c20e6ba9ea3e6feba650f3582d36bc23fa,525,3,-0.0013614324,-0.13513787,0.12755668
F6XFH4,e573dc14db8be1078d0258cb7fee928777ae1057aebb016a04ea1e3ad369deb3,537,0,-0.056845333,-0.1629612,0.06066595
F7AFB0,8c7a9d3666cc71f757a3a9b2d7c89c92c937a095f47da68ccf8a2ca4d3c7b521,558,3,-0.03004063,-0.083997294,0.0603329
F7B0K9,523ffff6b429488d9b0984fd6456b5dca49abf13b7605997be6223e456da0c64,571,0,-0.062749416,-0.12862967,0.028829396
F7CGA1,f7141e488298d5381c3548d725037383c7096747c8f79d4393e140630a4df669,552,3,0.09336425,-0.1275174,-0.040311895
F7EGJ8,52cad82d46f38c73f87c1f17e811b7e8d52b91840d9151b1f2828e4ed26cc2b7,447,7,-0.07880417,-0.059270468,0.18261018
F7F4X6,4d6bc4d481a8eb812067fe3d7788f8eecf109cee9ac3b8eb2c30c8ca0e2756dd,582,7,0.028928205,0.013268125,0.13462809
G1KL90,9f74cac60d5b33701ca2089dc6139773123f5ed3db06d49c457bbd2c0a00d738,450,7,-0.030919753,-0.069914944,0.16463223
G1MP06,35192e1617bb59950aedffb37945294ad7e730a802719e9397ca71a3a7810f8e,447,7,-0.07747733,0.032768805,0.24144371
G1N4T8,ad88d5b95113512be1b07f2b3c0b2f3f5e295df1ece89efd004c7c8522df2646,331,1,0.42102218,0.05509423,-0.09697966
G1PM54,00e5412ca7764ff019d79f1769f69fa35982a4dc9217fb8858d058d49e7f97ed,532,3,0.027497642,-0.11057238,0.14026807
G3R2I6,767d38d93cb1ba66108d6540b710c1c6ced1560b2482075b634eda63b2d4d495,532,3,0.03346718,-0.11480267,0.12200156
G3X3I3,131cb93d8c4ab6e4b1ca65087f217c3ca9a2c757175e1c567c9084005dfb026b,527,3,-0.00044385833,-0.12706338,0.13711084
G5AYX0,5644cb5488df91df3c36866fc93507d438a92a97900850a805f9bd2607d8124b,321,7,-0.17220859,0.07246846,0.34422955
G5BQI2,51b5a618181778e44f9078e68afd86622f31cb07c547297aab891fe569cebdaa,567,0,-0.08770121,-0.09890973,0.066810116
G5BSI8,59623925a1fa3ee6cb82fc7a3c4a31369570e5c95465a55732df20e00d0be06b,582,3,0.13341828,-0.035075672,0.03514533
H0V513,10b3dc2e7ad37984e97854c24eb9197dfe8408050ead858ea022fc93629f89a1,531,7,0.0016975784,-0.107886896,0.15654461
H0VDY2,df5428d3f81de778a12884721d253e33a4265f6fb691eeb82c8d7d3364596b27,447,3,0.23713581,0.01694884,0.079973
H0WK76,8bacf04cc1ba558f48709ac232c9bffff3bb3a85d160c22a6846edb45f6ef187,531,3,0.020317927,-0.11324472,0.15782653
H0Z1Q3,2c098752389e70350f9171bc54410f5f9b02d9b564f689940de087fb72e9f63c,530,3,0.074134685,-0.14851902,0.06488889
H0Z760,389ada5c507286d4e26b0abf6e23f4160b3a0dd6c583b1bc8905d3ff2376a1bb,543,3,0.12506144,-0.0690436,0.09759917
H0ZMJ4,a42814092290efa767ff11710ef48d0224c9719aef94cce5471c404ffa409928,570,3,-0.006464682,-0.12621339,0.06752333
H3AII7,52cbc22f5bb9e2631d042f6914e00ffae52a7b7fd96f235c8f810db7ab33d964,334,1,0.39951414,0.039770078,-0.09778748
I3M8X4,c747b3a258b6700dcd581f13e94d707374b1ae3a72446948b58022441cc9e2c1,447,3,0.21807131,0.012638101,0.068157844
I3MIM3,4bf64804bbb793a5d1cd72c62bda1e3ba4e5f4cd5c435141384cd8e23bd6e157,551,3,0.04142459,-0.10741469,0.025790617
K3XWY3,d93576e46a89f0fa06ca1a589fa0d14bf2b78e35d36966c54caec9830aea532e,442,3,0.056778863,-0.12062269,-0.0019482753
K3YSG2,eb16923227d45f40007cf941ee6aa3cae96aec7769a8a1cb80601c0e8d642413,445,1,0.38086873,0.15611021,0.01667516
K5WCZ1,74d0b5000e799d72933dcd575e637c871dfc26bb322272e2bfc8cb2806dfc432,457,4,0.033326462,-0.01883608,-0.053793658
K7LJ32,e877752309a35478376f83e1fd39bc6ed450d484c2e9220706aa332655881156,437,1,0.43322456,0.05471054,-0.056134745
L5L5C5,cb83f724a3ef0e82876e0acc49f12bd6dbcac80d28d5109d6850ac2d26b1dbbd,334,1,0.13913664,0.26385087,0.003999001
L9J9R0,58aa1e1e94e6e4e8c4bc4335a6575e73776b855e80f71184e753cc200c8f7bfb,447,3,0.22146945,0.01691498,0.066003315
M3XZL1,0e1feb2c906e021b10f1f9832cb1bf592fb148269029dba4fa133cd5bc5f1a5e,552,3,0.071943305,-0.12377358,-0.015705768
M3Z7D4,07e3d34e8ebcd408555e5d42c4d99adf3eea06680836defebb36eac0f22627b3,446,3,0.20110855,0.013472024,0.08401705
M4D9L8,e2e548cc479c6af88cf93e8641c97c8b7d2f7dd0c62b5a68d8c40c77a1fe1e96,420,1,0.41373098,0.08637512,-0.038133167
M5X5I2,41cd1181ea21c433130a97783d2524f8d10352c79cdc465a1552c1e9e7b217e1,360,1,0.32702106,0.0084499,-0.04730106
O17560,173f7875889952128334f4f52552ea4d77263c16dca3e0f1cd3751778c137835,487,1,0.35541114,-0.029370733,-0.05829257
P26572,586d19d39d3f148fc7c6dc2e84f571455cd9159e4b143f74ca2ab529cd3590c3,445,7,-0.093990706,0.027742274,0.24341501
P27115,ceb8df34e9e90fcde8940e8c00d29b539165555c4fb9b4ae6d181e57e2c587e6,447,7,-0.058053095,-0.017415337,0.20006463
Q00973,e058805b0e3b123dfb3754395d89d809b21eaa2d1881b75b14a45f76faac6279,533,7,-0.019405922,0.06654314,0.31530988
Q08C36,fbc97c02366196a976c2701490578956cc83fbd2f746c7bbe430f092c73ee5d0,332,1,0.37412265,0.12820666,-0.033160098
Q09326,0a7beb97552f2d37dbe003c35ac521313aa531de24480f5aca0c06f21ec57abe,442,3,0.2201571,0.007102204,0.06667292
Q0DWS4,a9a3c706fc4e13f52811686228a0ae3f90420d481b979528047ec92b753dcefb,464,1,0.42000425,0.1702266,0.005425319
Q55C04,a74830ede00d075e50d5f30c055c11f011e1dc383eeb4919b337258a43fc3cb1,441,1,0.6609034,-0.021610945,-0.25837734
Q5M7Q5,2d1063de02445ced93bd270905c36571fc239e25776bdd2d8fd1e18714bd8160,447,7,-0.027699364,-0.08009277,0.14693864
Q6K959,b4aa3a65535ac0f98a221be8f416b86ae4d9ee5ee29dbe1e5633f702e0f8472e,442,3,0.02915631,-0.13220662,-0.0061401324
Q6UE39,cf0c866f12b32dcfc982340561041063a014ae6a7ae36f1081e763cdfd377bc2,556,0,-0.253477,-0.25299218,0.06147054
Q7KN92,130ca581f11dd955139ce7e7b59a903db6819ffd09d13044e0e4d3d2ab16f453,403,1,0.29444984,0.012012114,0.003130496
Q7TT15,01f2fbd66b3754bdfc80b0a86ad42336d60093d1a8d16d3c6a24a1b05c1e139d,598,3,0.061561503,-0.13035297,0.0072287484
Q8BJQ9,6f892ab2e3697f4efab8cfa38b8abca097ca152b18c16ef845ddcd4b165faaa7,530,3,0.027053842,-0.09934047,0.1427441
Q8C1F4,aa64fee412dfb54c7f79e33e61826b22fa7f07e18738cfd9c43219557c1a0bd4,542,3,0.14162719,-0.05926356,0.094057254
Q8T1C6,b5ac15fad35ec375ba81ba3e0637176c449dcbf53bf109771310cf2954687d0a,423,1,0.30030942,-0.22000077,-0.25035223
Q8VXD4,c0eca7b6c54d42b44057febbab91c969ff5e45317db6487c2a303664ac786e94,446,3,0.053360205,-0.114042155,0.0033150178
Q9GUM2,45b2d0ccdffdd22e334afe1cd6204f5c0249598277d806d2b6bc01de038e70be,383,3,0.24666502,-0.039127223,0.0007366971
Q9UNA3,a7172a637b87d9e9af4617bec3614905a4ee23590e249c54364348d7acfa7312,340,3,0.2050787,-0.012340775,0.03950449
Q9VBL5,4cf88e201ea752a8b636e46b1408e2b4d550f661e6da052efce8c3cff353e00d,395,1,0.30852786,-0.037814923,-0.08028414
Q9VQK4,ba47cb066302866707d531c6b27b0781b85cbb23f69a937e022411142140e3ed,369,3,0.14961134,-0.033976197,-0.022180662
Q9VUT6,d1f2744cf196781d942cadf96307abd21ebeca2f1b1489f5af3fe5abd5904d48,590,1,0.28868505,0.0035647457,-0.075160265
R0G2R7,a771d94162f601c02d13f310b4c9b47959fa6364a7660c0a0fce252020490c3d,432,1,0.42287502,0.070255175,-0.050178662
R1C431,c2886f65741cd853551a860abb0f26c77c688ac4ac07ada32532069bef87fd08,410,1,0.32932335,0.23685081,0.07009332
R7VPG6,452081aa42f5766b5477eec641b51b8776811aa8380db1f0bb4c49e51eef1e7b,541,3,0.117220975,-0.0814849,0.09016873
S7PHM5,d6ce47d23ff10ac53558b9773a1861a10bdbc63575f23b1e54291822fe06fca8,360,3,0.10315289,-0.07038325,0.028581824
T1G0U2,fd444f9e2e4377e9405744aad0b68c92bdcbf89bdf1c25c2a3b94f21a6245119,371,1,0.30320776,-0.09808439,-0.096168995
T1KYE9,1b534326b27becf765f41b8c4c31ed620a1b0a01cfea0c143f2cdcd45987e9bc,424,3,0.0059852675,-0.1795121,-0.001048423
U3BW57,26c493be832d5cd20a66e0c11b9dcea34bf7ab27233bcce1ef4747ac01a0a9ac,578,3,0.1651406,-0.0892885,-0.0368239
U3DIB9,aebb4a15b51e2f6a6205ce960cdaa3fdf74ba4e31b0a8d4e4acee3a90f57b019,447,3,0.22188552,0.0144626135,0.06728831
U3FMG8,522f34816a89ecbf2ddae230270d2879e63662c39d81326ee6e840d1aa4a2d06,552,3,0.0605935,-0.1118108,-0.0035357273
V9KNZ7,a43fedcd289f7b0e2c9b774c3219ca45d9928d6018c578ff45c49acc2d93c7ae,537,3,0.13256487,-0.09085691,0.106646925
V9KP77,152b765db4f0af79501cd5b1ad07416439c6170a1f36b5b5007a1564b5637a8f,600,3,0.024783578,-0.15458459,-0.002431441
W2SJ62,61300fd4376c345bdaea191b5b172133fbc0741ec6fe0b3bb3722895b5a07895,425,3,0.19523987,-0.0343637,-0.017525034
W5NEG6,27a41309886037985d4bcdb1fced9518dac3a8e22be30162b9044076e1fa5425,561,0,-0.10157743,-0.10002323,0.06753908
W6UA95,d708c1a606a6b70507c69ae8c677a73e1719fe5e1d3efe8273209ee2e5bb141b,347,3,0.2020434,-0.04782809,-0.031457126
W6V1Q8,4f154d342281d9d87b40869f38327151c8ac0d763a4f850803f0557da103f08d,497,1,0.48886654,0.09083425,-0.06648031
W9RMZ9,2e9628b7fe46c3a899c6f08e4e6c180504b5a94985f33a14b766fb7950015a4e,432,1,0.4250511,0.038559895,-0.06288913
A0A158NLJ6,33c79c2ad51160a521a20c364ba916bf41e8cdef8a4fa79b9001d55e96d68a3e,253,5,-0.31370178,-0.25778624,-0.2383451
A0A6P6JJJ8,67d1ee1efabc6cd44c2c0963128d4bca8566a5cfc02e09d214057fcae630ad83,455,3,0.07552201,-0.060211193,0.14097187
A0AAE9NQM2,71304e9ceae08e9ab8e786b751056733893d268d0ea9f273aee5f6028bfbdde5,327,2,-0.28860405,0.08742897,-0.186209
A0AAJ7IRT5,785003f3c2d8cb74519b76dd99b36af8e656e5e59fd0c5e125cd92db77bca369,571,0,-0.0881981,-0.122656934,0.05298419
A0A6I9ND79,a90bf0bf519848223bea3914354b306108bb1e7e1003e62c2dc063714e142d6d,281,3,0.08152473,-0.0743353,0.114154376
A0A8U1EFR8,3e69095181009a44b278bf9a73b86594978ed5f9b05214293df64c2f6d986542,275,3,0.07157388,-0.047353014,0.12084704
A0A1Z4EPY2,2cecb74761b56207406585c2e2368e3246761b378f8b52703ee68d58d141b746,305,6,-0.023421489,0.32341132,-0.02408326
A0R5Z2,18b049dc4ef0643031c54a468a8d0ae9fda21e35c4d27454c65626651f1382a5,302,6,-0.010920942,0.32189,-0.035430077
B2HLK9,e149ebf759b38a2ecfb4eb9f2b7b3ce82797ab10d7a33e5848ed1bc8c2b20367,309,6,-0.003784012,0.30043846,-0.03417308
J9W6C3,7915f437af4f802221596d8d6fefe0d0717b544e1f4e877997e3697eb2ae60f2,323,6,0.034887835,0.3512043,-0.0066819233
P9WMX3,d94eb2a81620d2ff66f4247a4b2a7f8301ad1ff56bd48dd4ba09fb28c177ede9,304,6,-0.010186104,0.30853721,-0.043467473
A0A0E3LH85,46dd5bec2fc1f76df43933ef586bac8c36be6d1e0c4ee6ea29c31e0da27b5ce0,375,4,-0.013496492,-0.05379482,-0.31623295
A0A0F6RFN1,b2ac44de04ee4dd13148708526e9edb2eabe432fa17a91180bbc51d543ad2585,327,2,-0.2793641,0.069496624,-0.1990875
A0A151J2Z6,c68c61ef8d54ec2aa4aeeccb6c87e10644e9eee5e27a6214e4809ed158d15d1c,398,4,-0.031593952,-0.030554384,-0.09519197
A0A151X7G3,39bd0946adf6509b87bc496f0c2d43489d2e40791d1dee4340f108bfb5729ce6,349,3,0.12284829,-0.061510324,-0.025029676
A0A1B9I6L7,a80cf339dee39f512147837af79722064af0fd91aff95bf08f33aafc39a00a25,445,4,0.18821786,0.06498421,-0.13635008
A0A1I8NYW1,08cba4e9ac6bad25f024d12557c97515c3434dfb14a9963d14872b26ec8140e1,308,3,0.068840064,-0.07821725,-0.029848304
A0A1U8KZ55,d3a32196f4a32654d377fe7e8701be7386be29f78f7c82de8fc6214648f46209,239,5,-0.41992384,-0.15304555,-0.15003848
A0A223RNX1,f45841009dd385f25e61f530e1a5e6cdfbf48ab680802ab93607a295eb7b69f3,444,6,-0.05878759,0.368798,-0.0031671014
A0A2K5Q881,84f3c855b8231ef7642b702dfe0866101c0a1a7ce84029287a11c7f17197d0b6,443,7,0.040539585,-0.0024686265,0.22599714
A0A2S0WH59,4fa8449c175748303d9a16020aa08f3c2ea6849e3457255de26d56d579d75012,320,6,-0.10025764,0.27010077,-0.06529555
A0A3B4TBK8,8b3e8351f2d4aaf4885729acee5874cfb8ed35bc23f7c81fb763f9297f68b511,394,4,-0.03802068,-0.04782062,-0.108102396
A0A3P9DHD1,4cf05647af2c0650ff34af92bd5cd0494815b912be7c608d716d1b133ce969e6,353,1,0.42925474,0.13351642,-0.02089736
A0A3Q9KSZ2,fa63513d151c0f195f4df4bd10939c5d0906f549c834ad5fa9e2c2ad4beb6ac4,314,6,-0.337819,0.25418016,0.07762863
A0A447QTH7,b80e775a213a8c934634793348adf2a0c025126d9d795d9db6f224451f71ca98,327,2,-0.33117324,0.111802295,-0.1584276
A0A663EP24,9ebc713c26ca88a8e8b52d46c36e1ffc29ae15974b7b96ad1c0d152cc02ed5ba,392,1,0.30529183,0.010762318,-0.009675841
A0A673IB37,516bdd7a58b3726b1f1bfd18cd6d79baa9ecd0eac88e2bed4bc4798487306646,596,3,-0.029935494,-0.105475105,0.049721148
A0A674H5P1,a15d5be7b54d101531c8cb98757c1afb99e75ffa18b78420c13988ed55316161,377,1,0.30215916,0.06418378,0.058232144
A0A6I9UUR7,ee8a18b3f4fc46aff781852341dc272f33a144181a9338a2955d842bd157df27,366,3,0.22912149,-0.11322812,-0.11016613
A0A6I9XL28,8feafd6afd7c502ac6b1258d2971069fa5518b07a8dd5e4ebbcef4bd2c7050e3,451,3,0.10846839,-0.12237251,0.15651214
A0A6J3BA84,3426c580d99b6423da38c5d7d3ffa847ce7a436917c3a1effef255fcb745ed3b,443,7,0.018356007,-0.012070549,0.22768638
A0A6P3R2A1,cf3230937d0f52667d594dfd5e64f0a71f33b309bf575975bef6d15856fc87c9,344,3,0.16837978,-0.12416388,-0.00091224624
A0A8C2TSW7,29f55782d57185a17adf6fca30dfe673993f80eb479420b88a3aea20a2db051b,563,3,-0.016189666,-0.1255505,0.08606688
A0A8C2U2K2,2263595452c97fd0857fc49da94540bbe6e8e047e43864be1bd60aa9c7644160,355,3,0.10819717,-0.12877886,0.099884175
A0A8C3G239,f929d11f062be61d37fae21ea0af4f6a7f0a075419f1e5516921a5daaf57a7fe,399,3,0.19619273,-0.08311886,0.09393438
A0A9F5IHD5,1c1161460ff771a3b83afd14f5e765f84860658631a297e0b029a8e32c6386f5,446,7,-0.03531836,-0.09318831,0.16755632
A0AAU8BLA1,8c2029652188d637398273eb39b62d1220489bc9fb55be337bb6c3700940eb6f,332,2,-0.30500236,0.03595504,-0.2006169
A0AB72VB30,6b187da1c022baf8a2d3547e119a350c7848ef8073b4ccd54cdfc31b54bccce6,270,2,-0.19925301,0.14468461,-0.13551751
A8GDR6,cfe7cd55542288f370f9760f9fffc5d6cd7aaef6bb5b0fe7d1222364528569b0,326,2,-0.32137755,0.071447074,-0.18715635
B7LM77,e44185bb1a21fb427f62464ef8c545de6b07ac3e5c95527bb7b087816f74b96b,326,2,-0.27221206,0.04847556,-0.21757597
B7M5T6,c17a56c50b35a7a2cc8e0a047ff7de2a8845eae7f754473293ec8ee838afe40d,322,2,-0.28394884,0.041953743,-0.22058804
B9R8M8,40a1f902f4d1e0c8731b4dfe4f9808b2bdf2b8a5064a175b5d4cd3fac030ce5e,238,5,-0.42670417,-0.1467273,-0.15713948
C4L7M8,6964ebf1c061b5d9dcb539f1d7c83f0ecc5b902b420a8dbc6b2fbad20897caff,316,2,-0.12770124,0.016737714,-0.20693052
C6C761,c7a8f87360144bc931581ab1503cbec900bac8080163113558dbeca0669a6c2a,326,2,-0.3258811,0.077230826,-0.19039181
D3V1W5,dc942dfcb384cd6e60843a375b067a05c37cd6f6ac6d09f4039c17625a59c78e,325,2,-0.30617487,0.028366083,-0.21578024
G3ASX2,4e844894e67d113e6692bc8b1e9b561fa006db42c3a6d6631004d6e1d550be10,543,1,0.2917476,0.0011339297,-0.17237638
I2B7L3,216ff08d5dc97929d984b9cd44ce2d65e73d202b70e9bb09bffa15b72bc2b7b3,330,2,-0.29028034,0.09299563,-0.19852276
K1WLU3,d2c9b8c580aadad775c1ea35cc6e59f458984cb14b4d83ed85ffcbfdf53db9af,245,5,-0.43850526,-0.122523226,-0.1349942
L5JVU8,237b612d683ce17e224ae0e209f64b0111926807e8c58c93ada52af6aba69a68,447,7,-0.076861925,0.035031386,0.2701729
M2MRQ0,817a0d5601bef534d579bf1e3f392de38f33f400b4a85e84f6ad08d7c2cee8ab,532,4,0.17076176,0.12007877,-0.061563753
Q32DT4,13d89294c77f53e59f9e0186f049aa4851723d4ac71ea58327467c8c9798e765,322,2,-0.28974026,0.04302876,-0.21730506
Q599K4,ae0d2f69ddd5f7b6d411f857c5d4b5c926027ab72dc1e7ff5a9f260f954e7e95,303,3,-0.04230142,-0.060410164,0.044602882
Q8BHT6,7a254d261e9f52bee2152dbda42c92c6a5dc53955556963d508f5a4633378554,489,3,0.06299904,-0.11407368,0.09377026
Q924C0,0d801d31848dba98f95aa88ecf2d1197e79ab88685c43c28f4ba6e0b7b1b873a,447,7,-0.051323634,-0.018221335,0.20243543
Q9UBX8,1a5355696508fc0c92b1153f77fb4416c6382a8f871591b3945e3983300f2cc8,382,1,0.31150097,-0.050735317,-0.057398822
U5MR55,42ee1fb4f48aa9ea2cb0e367ceff34ac71831638b00918cf4c0eb1edbb4449dd,417,4,-0.00442485,-0.11959772,-0.2693132
V4V8U0,e8055d50a616d6411a010217e5097cd63850e4b2bc057a883054b7c9c1d0412b,245,5,-0.2473768,-0.15834872,-0.18679126
W0HV77,b5ada4f42e10f1d96ef557a3eaef7af2323a544d0d0353ebe7d100a1b90780b5,326,2,-0.3205988,0.09642263,-0.17950453
A0A0L9TV50,186d5028d0817925f414dc460cb081a90c2d9fc529e9d0c6a4d0c4e296ff2a16,432,1,0.4106477,0.0483205,-0.05610663
A0A1S3UZ84,dbdf7d135aab90d631a4032f31ed517c005e74923ff652ba7055776265bd3768,438,1,0.42173105,0.049892932,-0.06617461
A0A2C9JT86,6264ae17121d27f766880ddc7f850847546fbcfa2858a6ea965ac63f2d6fe922,275,1,0.46851483,0.03509069,-0.03280106
A0A2Y9MWW5,2a409fb19534d5c994815c84e52b774b5fe0f025b6549de787d3a1a9bcc7d1b7,446,3,0.21467741,0.03283818,0.07444833
A0A6I9SX42,34b6670543763d03c021fc23eb19096ba623a68a2464f665c4d6d94c4cee7e1f,427,1,0.41216063,0.06833789,-0.043460537
A0A6J3D4Q7,6d309a4ff6b561981378dd6e7f7733bfd4cb0099b9b1cec4dbebb9d28a01344e,451,7,0.14451738,0.16109084,0.22031985
A0A6P3UB90,defc46a6a1a4e2ff954a3e3e89959e9fbf2263df3a2451d4985d0e81c58e625a,587,3,0.24906534,-0.0072246254,0.07774888
A0A6P4CLB4,c5b3434a600075d7204336f45f5839141013df4f230be1d16251eaab3e55c2ed,441,1,0.42022812,0.060140837,-0.051842332
A0A8B8QQK6,8735351b6b918c5474794917c1c6df8f92cde3da86854cbfba6c02d006cff6a9,428,1,0.40925297,0.047291864,-0.053327993
A0A9P0CFR7,d55fe15e2e6c56d39f19676fc93bff339001fe1e9075571683d514da455c50ab,456,3,0.2664954,-0.084931105,-0.016770413
B4LSN5,b26f517c7148eae9ba16c8c00dfedb4b84f2b6b200532ddee1302696d2fc719e,370,3,0.23909965,-0.115512,-0.027703635
K7U1D4,89783807e21ab851998eec2922563121fb614aa5fc3b9d74727e1bf869b67207,446,1,0.36431047,0.1886175,0.035025578
W5LVK2,82270f2a28c7a092072894592071df1cf0e981f701e08eaf35d542cd2e2f9e0d,328,1,0.3686328,0.1290278,-0.030197384
A0A023EKR8,9f00aecfb5647f667206b99273e2c4be8164ebb910780d3af16d43e8b4445453,239,5,-0.4930932,-0.23544294,-0.18597132
A0A024SL04,37d3428c70a36c54a4ee41ddb66e43aeb9f819b8224719224741b689536e8e1e,243,5,-0.43949673,-0.16376938,-0.16131578
A0A059MQN4,4333de06a5828aa10a906e05ba0b34a6cd763ef5a42091fc0982e06d112f47a2,259,6,-0.4342999,0.22092605,-0.037532855
A0A060S055,9c35d64ea23fe5b9df36f6534bed9f5d214944f1f430c35b2f10b29ebf4c9d86,259,4,0.00889158,-0.20339471,-0.35634902
A0A067HBH9,20ea654b1440713df9193bb921add3b5e3bfaff3194c2196d40c8d1b0d46466c,242,5,-0.40420085,-0.18537769,-0.15743907
A0A075MNP2,7510ce667b9c951988af90e6ac077e9ed01c45054636aac89d7a0503f0d7c719,389,4,0.013642281,0.07223888,-0.21720931
A0A075MWX9,a991caaa27f3e5a14280df33e4c2290d17a757acc4929b1661aca714ff18e21f,390,4,0.021621697,0.10334726,-0.21635516
A0A087SDK0,b3937371d909360c5fba93b7e402010d3cc04447c486277acbd4cb26ebabec5c,245,5,-0.39644438,-0.049290657,-0.09238084
A0A0B6TVW6,29129166d6e5908b0043c02e7402bfe04c2b15378dde95544dbf2ceda79c1192,267,2,-0.24396116,0.18736413,-0.11341172
A0A0D2PR85,73f1ac7557d626ae39542f356ec987ab2d4e6d3d08559b7d9d1a4e5ded05c2c6,238,5,-0.412647,-0.17055221,-0.1717464
A0A0D3CBT3,039e29610e0bf5aaa06c7418ef7c14e809e20688f9665ecbf3f438d32af0ef11,246,5,-0.3908242,-0.17287809,-0.15401912
A0A0F6TD01,21c2858144d9e38ac26f9bf925e6b887f3be5a2f72fc14652fadb844b96c8e15,267,2,-0.20366059,0.11880258,-0.16772613
A0A0G3H253,ca390cb330273bddbc89f9a3a8dbfd7e3af5ce6632e19191ee0475395f48c3bb,262,2,-0.21144621,0.07737022,-0.1921836
A0A0K2H085,740b19caf3f93d125a9ce7f924459c7d094b3053b9b4f106a8d0c56d89774f71,271,2,-0.21266927,0.14470823,-0.13358895
A0A0L7KAV3,e884ea8621810be8f2d42e4863c53868e8f483522e0cb938be59eb367bc63572,226,5,-0.10624061,-0.22919995,-0.3575366
A0A0N1LX14,3ae15958219956cf6ce9febc1058838065b60f52a9d2f87f5a9239a6ebee61da,253,6,-0.46584204,0.1808076,-0.05838552
A0A0S3PZI6,d2e2840afb1bcfb8bd288ac681e596747176a1a09c1d92054149bbd19e92d739,389,2,-0.17510141,0.21725787,-0.10821894
A0A166IDS2,5b44bd655209beab5f6d4f82e2b287ec0f1d83be5da53b20591882e8cc7088dc,243,5,-0.39840943,-0.18156767,-0.16828936
A0A182UQE5,dce95e09dde5586a337a0b36cdc566145b483933ad5eea2b7883c018d2ea6a68,239,5,-0.4810404,-0.20748216,-0.17673571
A0A1B1ARG9,6146514a41646dd418578d68e7d1d7de2a7d7cd0688ca6ebfb245960b1e4821d,393,6,-0.14899339,0.3564374,-0.008615195
A0A1B2AC80,98004d46c89165b813fd372055c74184e1ec30715df99215a449e394a728db1f,363,6,-0.25015208,0.30313683,-0.06048532
A0A1C7D8E2,d50a1177108a0d24242c17f47c6fa6ba8b6f9ee2129197fb53f9389d6474a364,380,2,-0.21020123,0.19208866,-0.10339091
A0A1D8FXD7,9644455609bc79fc9ed538f7dcdd4313fa0de876d47865d981b81df539bda6fd,285,6,-0.34829423,0.2679939,0.04993285
A0A1D8PEA2,4169717e7d6a310106bd82136d14e7a7b3cf2c326018f90e3e67b4bfc352603b,239,5,-0.42865068,-0.16205303,-0.19397959
A0A1L7CFY4,47cb903a8777a8645c59a20354a5104caeda65b80ac06eeb2559aec934092f86,261,2,-0.28067002,0.13596238,-0.13498525
A0A1L7D364,39b18d7a392590492e4537323d00f99f5e8d666bca7742563d6b99997282e4e9,295,2,-0.16851972,0.124191456,-0.14007767
A0A1N6LW84,4be9fbd17a928062d3a2140edb626a6862cf5c2e366fdb8dacddc87488376975,236,4,-0.03343857,-0.06728979,-0.32435244
A0A1X0BZ20,a82f67bd8a2c67a5f67b897d933fa6591b66b0bb44e22864405fcecf12794e66,258,6,-0.3785715,0.22040787,-0.057852842
A0A1X1YXP9,8c8c65b5ebbefb2672144910381d4047225e9674bfaee4a5a4fd34cdbf7ab771,264,6,-0.3883431,0.2648724,-0.021034298
A0A1Z4EWW0,b1ccb0d3b5ca5eeb718943c6eb55651b2933067b850addf174a43282fd1394b4,253,6,-0.45995295,0.17207403,-0.062905475
A0A1Z4V2T6,e4aa995fc4b3ab948bee0ecabc28d47591fe2ec0f012d4fbce125591781ea49d,411,2,-0.14777803,0.03174478,-0.19995423
A0A218P6N1,5cbe52e7fe70d83c8498373ad944d0264d6198e2db7bddfa3f02fa36824bbabd,352,2,-0.24338716,-0.024491375,-0.18530396
A0A2C9JKU3,4c7c7d7eeeba7293d7d1f2bb6bb7d3f6d90696d158b278e313ff4342186055d1,240,5,-0.39868322,-0.22806504,-0.21499337
A0A2U9QYD2,0693caa9b34515a0fb4f49cf8840f6be04c9a9711ce4a882faa496f649e95c6f,264,5,-0.2874147,-0.18843189,-0.20609629
A0A2Y9FS84,c6da63c5d72823072e9f0f39b68c643d158c2ee560101e3bab166c71a3b1ef09,260,5,-0.43051234,-0.20021527,-0.09432026
A0A3Q9IX51,9cd7d1ba88d50b2bfdb78ef490ddab62f8f6a2f5d7f651ae5018c5831758268c,380,6,-0.28202793,0.22489339,-0.055321816
A0A3S9W681,c5f9c001973da9ba2377ec808eac1518c7b6569f9dff892c6159910d54307bbf,382,6,-0.2572668,0.18966164,-0.079422645
A0A448IU64,fc9c7a0c35a0082c68d0b9173efe99b771a15098b3c8bd73cb69df37fa5ff1dc,262,6,-0.35719275,0.2616022,-0.03177189
A0A452S5B2,d6efdb6120a4127c4fd77edb16ee320c77a2c2f3f8525340f105547bbbd6b5a1,260,5,-0.4498332,-0.19486499,-0.10018938
A0A484IDX6,4a50dc7ef41307fee38ee2de16a2af715f85eec5540626b2534ffab46d903cf5,416,4,0.20564052,0.02568683,-0.27502394
A0A509ALD8,0f10b5dc2ec9e0c709df8de89206a92202a56ef5ab4a44bb3fdbbe2053020838,256,4,0.044135634,-0.21076718,-0.38572043
A0A517LXE4,05fc79436f0746f86d6bfe6b101627a6dfb7667ea032a5c1116c387b102c692f,273,2,-0.03170511,0.19015355,-0.13665871
A0A517N6B8,4b683361ef57c446e9a473c2ee4fef0c48fc887a55c8a24549ae897983370d8f,286,2,-0.091945514,0.21638817,-0.15108745
A0A517P9T2,9c3eb3cf15ed80d00a7333634e0d591c4808b62c61b1a7b1ec28d1e7ebbdf749,259,6,-0.24718495,0.31252834,-0.022541376
A0A517QPJ9,09267622795e25711c77fef950dba84f34476d136dae204b264948f0e00da631,384,2,-0.1458706,0.12235368,-0.19444981
A0A517R291,3f777e6c6e22b9398f4fe2411546de39aba6ec14ac28fa58edbacd9d5272ac03,282,2,-0.077806,0.184622,-0.15360977
A0A517T4X0,abc870250bb4566031f3cb5439d01ceb502bf901accdefb057a8aafcc171b2ef,370,2,-0.04609755,0.17678323,-0.18388721
A0A517T9C2,52b1e14327ed2e65aec2d74b8eea67a2ed296ce1d61738ad48d9e650d8eef19c,271,2,-0.11896609,0.13060895,-0.20153944
A0A517VSZ5,0b0f48cefff4f502e56f243d774f06bc41977ab1a96ef4c643236bb66da52e1f,363,2,-0.14254032,0.055218827,-0.26206878
A0A518DUP3,169330add0a83233bcdebd81853fca76014a44eb269c875218340a0f3ee46ab7,397,2,-0.09824394,0.2128112,-0.1548815
A0A518HDN8,20935caa159a5d23bd51d9c9c41651cfc3ec6243b1db64e1508a99b119f63b30,393,2,-0.10489817,0.26122257,-0.08181179
A0A654LXP2,b0bd03465241d5db2cf3e19e4b9e0e14b3adcff24e36bc2bf0308341b97b2c22,409,4,0.21517223,0.0037727398,-0.29373392
A0A6G0INT4,8f917180512f67c1c87e41d0118eef66ea68b3be02c3dd996661cdfd50946bfc,250,5,-0.5022775,-0.21166503,-0.11932946
A0A6I8ULH1,83ba6c3c5cb3961921ec3255bec16553535d8516c1dd694105897d96b819fc98,241,5,-0.46479616,-0.1950897,-0.18072964
A0A6J0A1L9,8cdd4e3cde607e6012b7a2002cb46305bbab5dffc4f3af0b1f7c12a3ff9c040d,260,5,-0.43895352,-0.19282143,-0.100443274
A0A6J0SN27,cfb650e03213b2e7d31d387502cb8b3a37fed3377716da46ab063385daaffc0d,255,5,-0.18376149,-0.26099816,-0.108889736
A0A6J1IWU5,2c096c8b171b20963a9a31860f37937620feac62abec014e977a1baf38f3fbe9,242,5,-0.4139343,-0.12335908,-0.120754
A0A6N4VDN1,48940156fbda8d7f8948e6af3ca50729ee6933942247c0031012f172649f47b0,271,6,-0.30466652,0.28431162,-0.027920445
A0A6P4Z5X0,06e64e2cea980e4b41da8816f8a448e74fb1700bc4d19ae562044c2cd868b909,243,5,-0.5155358,-0.19764775,-0.123796456
A0A6P6P5B4,0775bcc9c05ed311f98c4db5a477f7ca87ce5546d103ef3daacc6e5912de28c6,250,5,-0.47629884,-0.17207032,-0.11849935
A0A6P7FRK2,601c1f17ab0073d39cc1e77cf99786f600123eb0a97ea65b463a85e07ba11d7a,273,5,-0.20636004,-0.25610524,-0.23428574
A0A7D6DV59,01f62e156713cc24c5ec10a176ec6ae74477f6f58e80bebf167521e480ef15f6,268,6,-0.33781606,0.21704319,-0.049597472
A0A7G3ZML6,a2c97d8cb9377a3990a497483f3b6f137411da7d74924e94ca4951e9ba8adf01,368,3,0.19305746,-0.038419593,-0.0962525
A0A7H0EY27,50fb256738d99b1bdf5e9ccc75a6c4beed8a1a5761d3b9eba988b267cf4c0039,412,2,-0.10136718,0.004753524,-0.23054211
A0A7H0F041,4d8c238240106cc6361bab6ab456acaf5ed0eec67a876ddd44d63044ad5604c9,266,2,-0.12649596,0.05276318,-0.18496889
A0A7H9B1J8,4d0a0051c8779693d63d9bb8018785ce44216f6f58611df6520994295dd5b595,265,2,-0.057199642,0.011514084,-0.23735033
A0A7I7SXY1,fa6c60123486b3bf48570e5b1eed687776d50225056c957082b5be3411b8fb87,257,6,-0.35599816,0.18464066,-0.107229196
A0A856MFY8,c8c2cc27ac8ff4269b6709c9422c71986b0fe56bf7dda26b2ba0e232173f2387,415,2,-0.1560043,0.041259393,-0.18928829
A0A8B7BWD3,f91be22045fd15e66b05daf78fecfe6377467eb0b05b675aa46ff5fdd17775cb,242,5,-0.4078852,-0.17014782,-0.16725089
A0A8B8ULW5,f0b8ee04a51d4116d092df5861f477096a1fecd6976b2469f589e6c1018c0867,375,1,0.252233,-0.09775692,-0.15408035
A0A8C0KYL0,f9df5ae91565e15f306d8d4ddfadbfad0fe32599684d9e5fd852075ebcb3c137,260,5,-0.44828996,-0.19426464,-0.09717609
A0A8C2ZB13,41cf1bb325c49a8120be0814d36fb963e9cbbd593430ba34d7e998d33a4b7904,250,5,-0.46929824,-0.2262761,-0.14228404
A0A8U1EXZ4,6355a36e286a2c8fa16c5ebb757489e3a683aad5e3a42344af510842402ae323,250,5,-0.4853507,-0.14707479,-0.09822477
A0A974BWP1,650dc278127ada8dafad3d38c6ea6b5db8294a40aa3742da5346fb3a4cc969c3,252,5,-0.44715858,-0.18524574,-0.11271598
A0A976IJ09,90d7c5ba9f62ac0ee7631870aae3d0d0786970aa3036959a694fd4a6f251a964,251,5,-0.2872156,-0.08862344,-0.16874777
A0A9F2R0U7,3c87de41f5ac8a895877c0bbd575a8d429706abbe88d8e4e25e54f53987d5d28,241,5,-0.48296705,-0.2099291,-0.123195276
A0AA97JBM0,531046c12ddf745f18b14bb4e6b8fa6e2b006520b2368bdf24c7dc7e64ffd721,241,5,-0.50189245,-0.21961343,-0.14237277
A0AAD1M1L1,60d2ca5bb68d88018b5544ba7cf057afd85cec676ad1d0e0cfdc0c8ab8d91c7b,268,6,-0.3292915,0.28752136,-0.03240828
A0AAJ7FH54,4704d2964575a4337ec2d7907947ca23544651634d4e2958f1101d555259b946,253,5,-0.35292122,-0.2444294,-0.2016042
A0AAJ7LX59,f68ed89459826d5713d2f3ad4c3afd5bf732a70fc2ad2ddab175848f0699471b,250,5,-0.47322252,-0.19780768,-0.121890254
A0AAR5NXU1,893ea58484da14db73e03ac38d4da105015b736f116fdc2e01588d5bef1153c7,261,5,-0.2981387,-0.21026856,-0.1673577
A0AB36CNA2,76a0d20699b6f84075bb602c0f7aa12ef5b90dda370e22c583dcfd53a45c7ce4,305,2,-0.11808383,0.13314334,-0.1348663
A0RYV6,ad5d4bae6546ffced47ed192d0045269d5c089623cb2ed58b6d4d4691c9eb526,385,2,-0.027328646,0.19479546,-0.1500295
A3LQH4,8bc8bae92bd3dc2752947a7a3f537234381976057aa58eca51fd0ebba25ad871,239,5,-0.42731622,-0.15332043,-0.19909827
A3LTY7,094cb3a4801ab82d27dced1d9fca8b848b09ca6d4f4b29bd12cd5a401255799f,405,1,0.29781407,-0.064409845,-0.12504958
A7IB53,57cf3f3a435386abc78868733cd73f824c54616dad7e5a9793e634262180edab,376,2,-0.016028045,0.13078219,-0.19245641
A7TH80,c2d73abf8ca36d9961bcff59c419dee3edd774963667e7e50df9445b64229fa2,265,4,-0.041459795,-0.0159265,-0.22988705
A8Q6F2,b3dbb90ad55e9e0b8330759a2db86075fc51f8af9ccedbc9ae15f1e286860a74,251,5,-0.25093454,-0.10083176,-0.1735382
A8XI11,832e4acde1e08e34fb58c8396ed418c5452b984b91f4cb5cccdceb1b45bbabdf,343,4,0.10692512,-0.10913902,-0.17902787
B4M901,1edfb63374174ecff28aac93a2f697dc6ceb27396b411f751e8fc662102471ab,241,5,-0.46559617,-0.21697563,-0.18816352
B5FZV4,b8d0f9e0ddeaa6a4fa008196c52212c2b2dc60e0185a4dbf3326f2cec7ff007e,242,5,-0.4716347,-0.15847412,-0.09264362
B6H4S7,24f2182d5ee1e6f147edc4cf11b77aaf6665a13c74eceeabf7049579ded9f695,245,5,-0.34271187,-0.16903077,-0.17789656
C5A7F0,c71af1c43b2729ff227d1867f2b68d6b59f30b73c11803c85b16b780569d18b9,403,2,-0.104192734,0.043288995,-0.14063236
C5CBV8,ef6a493b1884c9b4d0a0227b79fbf7a19aadb0d93fba3feb4e3841ea42ae01cb,243,6,-0.46334812,0.2133793,-0.05679552
C5DB96,212e4a40faf6151a5629065595474e6ea4faa6a942c3cf64c83bb3412bbc2835,265,2,-0.0624471,0.043213155,-0.20806774
C6A5H9,9a021b5f825c20420a8273da267405bbfe8090305fa2bab3fe193211d6edae92,351,2,-0.17594314,-0.046632573,-0.23387209
C8WXR7,369d732a78faf12ac3f6cf4fd8821c2ade2961be938ff8079d9e419cd2fd61ab,384,2,-0.10423526,0.22171336,-0.10036518
D2V2D2,29a630d5ddc9ab73b4341d0ee53f5267b154e035f440aad583592e07c5600a28,279,4,0.05683377,-0.0480745,-0.25293788
D5UPQ3,cc90229dc4884d2b1d350feefba1592fff13211c107cc02ba546897fec505b71,252,2,-0.41813022,0.11839128,-0.11420498
D7DYK0,f94f2d3e8cb5c0354fa860e9c09cfb9b44d1f1d9b67425800bb843638825b07b,413,2,-0.1354905,0.04273616,-0.18543842
F0XYV3,ed8531c57149ccee79c2563d19406bdccd5a79fe4bffe6c58fc5a3a53e46f416,240,6,-0.13712351,0.26059216,-0.05179988
F4Q7T1,f141b803d57505c0c3f327ea65abff97264db2b7d0b0ba47ad6e350a5cf60dae,255,5,-0.15537815,-0.18394193,-0.27018225
F4WW36,98f885b1fece7780f1b9bba39b5fa785e5adc331b02f9dc258f1c8d30b1965dc,253,5,-0.3258704,-0.25815296,-0.2266941
F8AGH2,4e82d60812b7ebeb980e125cfebb41827859d0a316578f4ddcc7d205ed6c1b9b,350,2,-0.24894413,0.06462255,-0.13835047
G0VCK7,c03ecaef68ad327d6f641934180010fd6546e88391ad2bedf3fb273af0341c20,375,1,0.2767614,-0.09073626,-0.16835456
G2QYX8,80c2b83c65da4e092320a39379ff8ba3f65efedc5aafd62fc987db768df79496,245,5,-0.35531342,-0.031353645,-0.116495624
G3AWH8,296dbc63b6443a9dbc508877032a799729e3a1e5b6381a50773135f40c094007,328,4,0.13672554,-0.10134983,-0.1364173
G8BXT0,2c4ecae46f6fc9b6e71459517d7dfe0d83d4965faabdc147dcbb3eed030fb541,374,1,0.258833,-0.13140537,-0.17042337
I0YKD3,b018c70a2f4cbae97160859088c5348221f73d0e66d5b2e53d1a9a57479a2c9c,243,5,-0.3520193,-0.027149312,-0.14863063
I3MNC2,803aa21aec4189907b704163acb98e539405a391b7aeadb9bd330d417217bba6,260,5,-0.44177252,-0.20126039,-0.11775585
I6URC2,323a61e97319cee38b9e6472d23ac4441c7bd205e166ca018bd2fc7df809bcd1,352,2,-0.21589632,-0.074625336,-0.22562641
J3KBQ4,826c1541dae2355ef453e93d354b0f43edfdcd5286dcfb3c042f33bb1a1910d8,277,5,-0.13583359,-0.13285545,-0.16946174
K8EKK0,9d419e4c151fcae3406bc97904d696781cfdab6e05330a3dda07144e83e2911b,275,4,0.035245456,-0.039585877,-0.15586881
K9X1C0,a35362fbdba9d2d0e8df379767920402f83095cb5e57b02b4a227fc57cbefa06,452,2,-0.026444228,0.10956339,-0.17297064
K9YPE2,44670f7ee4600886fa65415a36266f942fcb5527d8fd875a9b005680342efea9,428,4,0.0011176625,0.017319798,-0.24376638
M1AM66,3fdb6158f50df0cc0d21b676168f09fb3a03153ed4a0d8271da37e893a2003e6,238,5,-0.41858223,-0.16142306,-0.15880951
M2R1W8,aa76c03d6502131b7c4fcd74e911c62c19c0de9c5615faae94a4de533f0decdf,243,5,-0.464369,-0.19397587,-0.14340067
M3Z1H3,0cda7bc9e3193337936206c30615dcf2a35c648b5902ebdb1f7cab42a90a6e25,260,5,-0.4285617,-0.21354492,-0.118720435
M5E6D8,63a56f35ad43b2722f285860516821987feda4c3f06a16ac1364a70bf4f4949f,257,5,-0.30613458,-0.00069936813,-0.12424916
Q2VRQ9,1b1184ad78480f5660208fd96add5183088c92a693f6555933e0425dd76aa30c,228,2,-0.12607953,0.08696878,-0.1352386
Q31RY7,b198d94c1d57212679fb9c41e32c31d7c6406243125036fd67bd9f596967a563,388,2,-0.16388778,0.18704884,-0.110842526
Q4CY24,d4b953091368f2cc1c78c39f1cafc5a4168b5ba3384a1143ffc346e19c57c7f2,260,2,-0.10349082,0.06823846,-0.19802725
Q4QR31,5c3dd408712cb0db5cf4f72360211491430d9cc43977d109fa6d7f57c8c409b1,247,5,-0.48998708,-0.19039191,-0.123550735
Q5M793,2c15b0c1d13b5d3200a3d810c32bfc0dfa84614bcb59bbb5a457784a4c92ed11,247,5,-0.50289994,-0.1817047,-0.110413216
Q6CVS6,08bd739349a832bcc0f5542dafc67ce59b4060e560c7c137a65e842f6302aa32,358,3,0.1907988,-0.051252615,-0.093940355
Q6FJK4,de56da5396896403594b484485d3917e21ae4ce8080ccd13bcd19dce55764d53,441,1,0.33857936,-0.06455134,-0.12555034
Q7Q1B7,03e4a962f6cf5a54f07c4fd29db79a225ed464f3a4933c052ddbec470bd1b24c,240,5,-0.47221026,-0.21114926,-0.17687438
Q9LM93,6dba707e1cc796e24ddced012ce451fc09ba1ddd70425507769a2bb71df70e15,246,5,-0.37223217,-0.17563671,-0.17426199
Q9UZC1,de4fba85d88e09128bd1f2f17d91c6db6f97f700850b8a6ba958f5cd225a6eed,394,4,0.07817871,-0.07347366,-0.11540505
Q9V2L6,6c61bc986dc48e70a57bd3c4fe5729d54def07978ea1f8bed0dc6e09bb7dc3ad,362,2,-0.16652721,-0.030753752,-0.20577236
R1GAP3,0dcb24054bb4e44ce3d1992d53176e1a099e830a2964117686642ebb89501612,240,5,-0.4614753,-0.17429316,-0.1484216
R4M6V7,07afcc7302b859c00418cc6c3df97cbc4a11b1b889bad3a035dc5e93de939faf,281,6,-0.24357975,0.29205707,-0.0070336116
W0I9G9,e16ac84939868d13ed8e2bb4afdcea3ab20b8685d62f14b1cc7c0545d6faefc3,354,2,-0.21623991,-0.07448373,-0.22876072
W1Q9W5,ca1df49f34e8efb9a572283cc535a1905051e946855ac182266bea6f225bae2f,354,3,0.1657661,-0.07803062,-0.11359874
W6UYU8,8381bcb5b662d7da7e1a4ea8536edc46b4b32da79980082cd3d9f69f81366353,230,5,-0.24186815,-0.12465222,-0.22481057
W6ZC46,c8c34f265c4a02a52d8df0e2c4ae73178bcfcd852f8c1880c99e5bf47bf19d77,243,5,-0.43755716,-0.17351153,-0.14123058
W8NWB8,b43d9b95624d6d108965fd02618a45e07edc21a89109b5f814fd42bfb316ddff,351,2,-0.29237506,-0.004807021,-0.15804553
A0A1S2YIL1,89743e35ab6daf5d7e4caa78d4fdf1817f6abfb1c7aa6ada70c574c0e0ad3a1a,242,5,-0.4082864,-0.13821349,-0.14432754
A0A0P7UII0,b2be23bf72372460483e68ac248e8f86c08fd11c9b9aea55f75d721c25f70fe7,250,5,-0.4900533,-0.14713857,-0.1081649
A0A0D4ZY85,fae4dcade108007baeb1ada25c4591c48b7b53b340e54351d89b5d2fb7171325,326,2,-0.32744077,0.07712884,-0.18385151
A0A0H5AFW3,44fc60d7ad50c2c80e9d546e1b2fb97a952435023096948a021fb5d63f2ccae9,343,2,-0.26959875,0.1657712,-0.14331603
A0A0X1SZ90,1cd15717e1294b737532c99a5396ab1f1ba9c059c461ab18475905450671434c,337,2,-0.3140965,0.16717453,-0.1544581
A0A127MN82,fdc46e782a168d8d6a4dd01e0a0214b17cd3042c21b2ca544671a5c412dad3c4,337,2,-0.3335412,0.23488316,-0.09020959
A0A140NSM3,43219cbcc84b7be87de45c316f6827bfae3afa674bda008e5e2539e12485fe7a,330,2,-0.29786414,0.030447517,-0.20925765
A0A1I8M6H1,2398f3f7338d309073746ffcb5632a8580ba211a8d3b8c2430d4421371884690,379,0,-0.2074843,-0.14702328,0.0688152
A0A2R4NQE2,f660fc039b0a518bd0455400bbcb0e4a03a824ddbe5d46127a64666bc9c34202,327,2,-0.32344922,0.055501368,-0.19718051
A0A375AGH9,8585f813b1672dca2c97d4c3943540ccaf42f87c2a4e62a7cbff1235ee61f81c,327,2,-0.29788986,0.065109156,-0.19997716
A0A376DHH5,9534a821cf9ffe4005f509f2ad04d82049fb44db4cf928fb04e458b2a20e0bd3,326,2,-0.3374015,0.070590205,-0.17901886
A0A3Q0GQT9,2b596de4054eb7939b3143c599a0df3dc1ab6fe4a5cc955cad3dceab77220f96,569,3,0.009096794,-0.14676237,0.026861466
A0A411PHJ9,9519c34130365b1a2a472d1b7a7a91eef2929772dc5d261e6ac5f88497d45aea,330,2,-0.31493568,0.05647375,-0.1915158
A0A4X1TER4,6494ed6facea7a22752bc76256b4604b449936a678ae6286b499055a7123ddd1,552,3,0.09674431,-0.098183185,-0.027438506
A0A517RK97,44c0a203b17c79dd141a7018617ed17d0b303e591c2274d558bc75fc15000730,271,2,-0.18060935,0.12474454,-0.1320845
A0A5Q2RRD3,e47d8a4d3c853ed6454822f7ca738732d2fdbb4cbee1a2d037d52cb4d3e2186a,300,6,-0.20841654,0.35345283,0.06751154
A0A6I9NQJ7,953d887e61caae3d5f114afb780043126de70dbcdcb1a3100bd75a6dc32fc6f3,321,3,-0.051874455,-0.14288343,0.105034284
A0A6P3Y2A1,4640bd9cc9fdf93ea31e49fc4bcecd3d7b6043d96fd7a0248c914d1e596f5793,325,3,0.07242284,-0.17466055,-0.047976617
A0A8C0UM75,8cd4ec67fdbc01dba2762358ea70b7cfbd8c23a8cbab389c90edf75b3f8b2606,543,3,0.12676619,-0.07206169,0.09092888
A0A8C6EN31,002cb171b4b0b9fbf0967a2bdddc1c29b682eeaf1332e87b090edb8419958d68,321,7,-0.14010274,-0.021155685,0.22959697
A0A8D3B466,94874f5d1ef0c4ec3d99933b7f83ddf50ba3d084e1b0306dace204884459f8c6,380,3,0.028588282,-0.15173571,0.110979035
A0A9J7JAG3,5a8f4e1ffe207d3e886ac5f9cf2639ba6018aa812c96312e869493a0561d7d8c,578,3,0.13818385,-0.07436832,0.01665749
A0A9Q9W870,6d9477b7548ca724521365364a9310c7ae712c2c28fd38a786ce2b1b877314ba,594,3,0.052682754,-0.18119001,0.013950771
A0AA36KYV5,d8e1cb42e1a889ab362bbcdf9aa99c08621169df9d7bb54ec08899beb2f34117,322,2,-0.29197478,0.05678034,-0.20415705
A0AAU9ZMR8,e74b346d45752ae776b081adcd174323a80656c50c6bf3046fb9227f5c6c204b,327,7,-0.0037035309,-0.021927284,0.2246959
B0CR54,8ca0fc81062472c193e879ebc1bb5508bd7c718bb48359286aab1a9a11a350a9,424,4,-0.0064818407,0.07031887,-0.10137486
B3P6S6,2d1651d0b81de05c0d4e86a1306f9932983af27b4d6584cb41f8550d4b2d0e50,340,3,0.13993204,-0.11571435,-0.04973619
C7BHM1,566dfba4d891db3951ef6ee0849450d34baa50de26a0fddb35aeb3cefaff6946,325,2,-0.2937169,-0.007852233,-0.23607916
E1B9U7,0b69e71581b7987a89e64d7057aaf1c20ca018dc4651e19ba978dcaa3a19fe5a,598,3,0.057902634,-0.12291165,0.01362776
E8UT28,89d8f9c45d69eb0a53851caff772390c23b3cf9fccf99aa40f583359b6bc4c5e,206,2,-0.22942531,-0.14074774,-0.2354235
M4APX3,599dbc89931ed8a510224bda1499e0b3916802bf793af4ad6a332ee05bed90ec,321,3,0.07709246,-0.10874524,0.09526
Q2NRV6,2c1988a3f870f05216968eab5ed55cc483f0a113f36d3a9250feb081f9b9ed02,326,2,-0.32653552,0.10149405,-0.17686847
Q39I37,e8dc67c5f447db6f3f71a8069381bab75a845a4bffe50391d6cef1a95ee6f254,391,6,-0.017628096,0.38454705,-0.031480223
E2BSI3,80769b1a795d5b467541010717bb9f129f8d1a10c74c05280c8e6e49adba20f8,398,4,-0.02704145,-0.03893703,-0.110071935
A0A077HPU3,e3e97e7a8cac0a781e18102e179748865a71df62600baf53b17af2c360f1a523,238,6,-0.26035467,0.3465384,0.050564207
A0A089NM34,66701e80b5f81394671bb8e08ba2928a79fe221a1aecf8883aba3557784acfb3,402,6,-0.07505194,0.32749975,-0.023810867
A0A097R812,8c661bf5a5d4ebb819fa8105895f5a6a611a9c246ef36c38e23b33c330f4cb35,333,2,-0.28186467,0.024344172,-0.22288856
A0A0B6XC94,02cb110ab0ee97de8ce2e30c29af7a777330d5650ff85ae545538d74a45ca4eb,325,2,-0.30349752,0.03167968,-0.21442324
A0A0G4JQD6,e0bfc87b5f44725fc13aef0f735e992b901b5c9d5dec82e40a0dca6f44f95ba5,327,2,-0.294757,0.11311525,-0.15961345
A0A0H3H543,37ca5b0f57044f13b89918d0e22c24dba973a6dd9f4d281dc4bc43a0c985947f,327,2,-0.32669407,0.10219107,-0.15819298
A0A0H3I3Z0,2999018463e31a9d3c3b63b577ba62e5b1a7d22cae171692f0c9dc8956c41ddb,327,2,-0.2847643,0.07904589,-0.19261652
A0A0H3K060,d65a3a6bfe83302164ee94d0d718afe0f543ff525b5bcdfcc43d7f600c686795,458,2,-0.12846252,0.17965278,-0.071793325
A0A0H3NS18,80007e8001d1b43f7b529ccdfeab0fa3245ea8a82671cb75be692a43dcbb1b3f,327,2,-0.30591866,0.039579533,-0.20986266
A0A1I8M9T8,0c7d96f5955ffab6c25b25388da4d5c7f098f9d6e25be1e037429669d96ce772,328,4,-0.12430981,-0.06582524,-0.13009498
A0A1J0ABF6,db5ce4a5462391700cbf3ab3b8150a69e36c228ab7564a5164a0d10a1e332c95,443,2,-0.062182125,0.21934256,-0.0643467
A0A1S3DTB4,2d2bccc2c541d64038d5d98a391f5c74217d49269ecab850b1ee6edcede6f94f,243,5,-0.3915398,-0.24162969,-0.2074758
A0A1U7SJ06,14eabd91d6e8ab0bca3ed000ee90646a3bfca05f0d42818b3c5852465925946c,453,7,-0.08290117,-0.063341156,0.20999095
A0A1U7SWI5,e2a964b621f9f443223e3622023e4375588483413649e0f19b25a650ef31f001,355,1,0.3055695,-0.034095526,-0.023527307
A0A1U7ULV1,4d5ef4da51c3f3a8eb298a54dfc9504aec2409defef90fcb973f12c7188fc787,287,0,-0.18059374,-0.12732567,0.06788932
A0A2G0Q1R5,0a408aba1ceb4d9e55f7716bcea4870cf11fb0b8bd9634a13a12519c21026a78,325,2,-0.2809529,-0.008534648,-0.24176516
A0A2K5NM02,09e66a0a4c7efc0ebbc6459d6640cfcb53a954e740be86527e6240b2af053aa7,470,7,0.06327056,-0.08600881,0.16501102
A0A2K5RZJ8,8a8805a4fb31d0b03f053e7bd3216e45794f204abbd8a97458703ae6e7cbbd8b,323,7,-0.14212918,-0.016761512,0.22819595
A0A2K6BTA2,0f3143dd474ed3ff60b3328dd0de739877ee7b092303e787cf46e7745d1b9284,558,3,-0.030590069,-0.08666544,0.05688323
A0A2R8Z919,06df7cb0092fef8043894014c25a40d4b5951f1ab2093787774180cd29e9768d,445,7,-0.089489974,0.02763945,0.23857078
A0A2Y9FR15,3387a44746ea686d0143e78122596d701ba929404f47751843033c355a82bd50,585,7,0.26367834,0.060006585,0.25126117
A0A2Y9RG21,c5061948f2b4c6adc2342303bd1f0ac57e3c4994847d023a6db1c536b6868ee9,535,3,0.14520343,-0.08858276,0.14074877
A0A2Y9U001,d452625014b6af7ea4ae60e6477a11b658cab31428fae514cf134082847f39fe,327,2,-0.2757602,0.052077208,-0.21816805
A0A345LUU0,c8f3a24c86cc06f8ba910132f8aa9e95f1902f8df8a057a511c2e5ba801865ea,330,2,-0.31894088,0.044602923,-0.20803924
A0A345RR00,9a2beea725e89acce526633a4bf9347248e1b5b2ba3a526002d0eec7abd1b0e0,340,2,-0.28218862,0.15301096,-0.1428277
A0A348HFB7,a7ce9cf680989f6245b3212d274acb3633101d24c1f0174a952056fb553386cc,350,2,-0.18063685,0.18886794,-0.16055466
A0A3B3Z2P6,9a62f1160bec1ea52e497e7bf67c5b09a7470c3f869320c21cd5e08b63106628,382,1,0.29942068,0.015303204,-0.008689164
A0A3B6QJY8,70ff657f82354f0f7388c09f66eaa86977a5babf94697b74acd3e19c8fd64ac5,435,1,0.3350498,0.19500686,0.0528906
A0A3G1KPZ6,032523d77e0c61f70d95c5e9b6651fc564c524d81080237b15fc0283b0b15923,213,2,-0.2820621,0.025882069,-0.13480349
A0A3M3DXL1,7312b443693faa5e785123b119f7edfe820b03cd4759087f3ecc113e1bd0c100,339,2,-0.25819588,0.16449572,-0.14561129
A0A3P9AA39,99d0c269e7ecb63cf1345003c80ff055862bc0152f69f8a868eb9a57259342d1,518,7,0.09765318,-0.030952517,0.20640916
A0A480PGI2,a8d26e634a6e531d15414d00f03da82a5a79c72eddb384dea240615b8eadb43e,335,7,-0.17850675,0.1348031,0.29878616
A0A518XI75,e0a3e60e89be2546bb73d144aa561492d35e9887a3fb602fd84c8086fa6bfc8e,328,2,-0.29745236,0.10225768,-0.16806474
A0A5E6R6R5,accf513aa0e57274b41feef0b622e171cdc8af9db36cc4e575d0f6c9995e2b68,343,2,-0.2695846,0.17156707,-0.14403112
A0A663FK62,2247f710a4f99d8975528a7bdfec05befcaf78597618252b0e6559d29bcec0f3,323,7,-0.23922712,0.18522954,0.33889508
A0A670JCD2,2c63ec657666cd4355350a9bd316faf3dd2f2c4d1142ccc0fe6955d439606aab,442,3,0.13061947,-0.042290557,0.12813325
A0A674BWP5,c9b4c428362805a0d0980f365b5caaec3cec225dd2ca313e2cc93d69c208b961,335,3,-0.009565242,-0.0824853,0.05527671
A0A6B8TVF5,13fd8896a810489516d136326d6ba5b045169dca2e5010fd21c51b8615cc44b6,277,6,-0.17277221,0.3744662,0.055147793
A0A6I9XHD7,0dcaf65fd0c0804223eb7535dcd885710e6bf11162741ac7e6119cb348fe1f58,318,4,-0.16112663,-0.06051827,-0.11714443
A0A6J0ASX6,b5c301fe16f0a0203f538e8b1e47a32f57554cc4e7171ee7272f3ed0f3604a82,447,7,-0.068093926,0.020954717,0.23779495
A0A6J0YD91,3db4713f191d0ba43326270306c4dc5b63960a357239f59ea0578dc26f03d461,320,7,-0.075063474,0.029479444,0.26852205
A0A6J1TQ84,61b49f74697348e3b4c1331cb8284c8850a9af8a0df36a13ef5b33294a416b45,391,1,0.32830253,-0.0054718014,-0.035403088
A0A6J1U205,c92b154a1089b5b5e87988f9b7bc734d0eaaf76d6d0da163ca12517bb18394fd,409,3,0.067170694,-0.16262735,0.061109923
A0A6J2CT27,e9da20e1e6803db99c81bec4d59d75ba6cdde0e9666195eb93a6f54bbd68f602,542,3,0.13803756,-0.09075608,0.071180515
A0A6P3ICK5,4abbc99594fa59a7342826ce40083189016ece6264d5f6651bfe2db1773c3445,335,7,-0.14457957,0.11660651,0.27904427
A0A6P3J6V5,593ea5f0c31f36be420dc6e5d925db737518bd0d346839927ba254498e1656a2,383,7,0.01043233,-0.09380087,0.1331032
A0A6P6M4Q6,8f3101aa0822db4ff2916ce98040cc60b34f3575a519cb21c58963e6819e5068,359,3,0.17150927,-0.054753616,0.08888827
A0A6P7TCQ8,7498bfcfb141d15a427aeb4a9b0afb5c25ffc6ae2ddcb89de2f2e50a7906611a,356,0,-0.027065834,-0.18007089,-0.021031778
A0A6P9FJI1,855e1b8605c8259e452a6434be3bc2657459c6c86d8310b003300ad7cdbad8b5,364,7,0.1085241,0.014506764,0.26602185
A0A7I7WYP9,7e8b9aa855153c23dd39ae54c3e71520e72f88b1b6439cc27134432e7a06f061,315,6,-0.14151303,0.31149,0.01618901
A0A8B7GAF8,1cf41e97b32dad230c6d8882c01fb7007f9b414843767c5451a992b05610f289,598,3,0.054745395,-0.12535658,0.018034147
A0A8C0KBQ5,bc81b1840f81c536fcacebf5c1441799a8ffb0d7854f0a7d1b6769a4161b63ec,440,3,0.15889831,-0.0810403,0.098319605
A0A8C7TT37,848ed56e988d2b98f72b3ba0b0836dcd1b034d11f0d0c25e9e4e1e8fd61ffe0b,522,3,0.13813257,-0.07029495,0.13941051
A0A8C8EKL9,79ed1b08cbe80f6d05d818e0903ba6da9c5185b8a4dcdc71c5aae04a04e1f1ad,588,3,0.14636135,-0.03587944,0.0013078789
A0A8D2ETF3,80854e64794475154c9fc817057d4dd2e0dbf3320bdc1190b090cfb73d62f7e0,553,1,0.28027534,0.1434469,-0.11881968
A0A8D2M0G7,7895e9c099422c8d0b9c6b2dba9940d201cacc3e1a1ddb70f344dca9b1e14419,317,7,-0.11262629,0.039274648,0.27244288
A0A8M1GSB7,037208c1a9284cacba2e75c80001461169c912393e260312459f4fd44a0a5f92,557,0,-0.0648316,-0.07208988,0.09551126
A0A8R7PA33,98b4b4e846f926e69d60e86809858d6672d0ab9031d1b7587e6522ddd38d78ce,323,0,-0.13841484,-0.057106,0.043140214
A0A9C6TR12,012a763f8e6d7e7b9983eaf8f0d92ffad648ec1387c1afb30fcca18d114f0280,425,7,0.13371952,0.15313232,0.15531062
A0A9E6PFY2,56302af479e729df7328b758f5da7f161001ab5801216497e0a11a0f054b13ed,337,2,-0.29911926,0.16136508,-0.13960193
A0A9E6T8W6,72cb26652f02d598e858aae96e58a1c302ea7e166301cf92b980e30a8c6a65a1,341,2,-0.28302667,0.16408178,-0.13339375
A0A9F2RAR3,388a01dd15ff97d3cf4b5c774552324fd0d85df35fed13605b9910f90f42d14e,344,3,0.0069873645,-0.07634108,0.06307568
A0A9J7EFE3,62fae1aab6ca98b2a40b0608214c61fee60772dc0e9d980eacdb08f5b36793ae,304,3,0.10450755,-0.14246954,-0.049663816
A0A9Q9VDP7,be0ae3ec0d686dadb833d0ddf3baa7e37cfcf9b32f1bad8a3edeaa309aaf4ba0,316,3,0.09309222,-0.102929674,0.05734544
A0AAT9E9J1,a114d33b8345c178635252d875906d7a91842906ab13334a12ec72a96197f158,326,2,-0.32647872,0.093352854,-0.16948134
A0AAU0QEL0,6fc71788c76044ba4d25bbb3b33c06f85d8800c9178a86772c6a9c33494fa959,297,6,-0.17364597,0.32054064,-0.030568343
A0AAU7J8B8,e111dcc92abeb34b84428828d4f84ba5d2ee91a26ac0befb01eadbf932c9550a,327,2,-0.32984287,0.10173454,-0.1570174
A0AAU8TDY6,b4b68b438047653708c8294fa724e4793cd24d59ab03d21f54d86ed919eca324,344,2,-0.27359533,0.19220644,-0.12838389
A0AAX6NUX2,43965bac333c60d61f0a34226044f915aa36c6e819814f4bdb4ed397b41203af,558,3,-0.029953256,-0.09814812,0.060418032
A0ABD6VPU0,437447a25111d6e66159e40c42254fd432459d8389e17ddce914f1d0f425e91f,327,2,-0.29845947,0.08322479,-0.18437831
A4SQW8,0be4e41c6f958c5112574bb6b945f6e4f136c30a7880998c468d2edc06b865bf,325,2,-0.33262676,0.08796648,-0.18907684
A6TF99,eb871e21617899b3544e14176dafb4d998c98791fe3792e378600a9a5f2261ba,327,2,-0.32369572,0.10748518,-0.15672144
A9BEU2,417b9a2e2d5a0d8393b28e067f69bbe764c0c7f074f4a6bff3d5b4930712e8c2,393,4,0.07347743,-0.08553389,-0.19719046
B2A517,01f65d004e14e2091869d2ca1fa84183f6c885b96425be4171fb3598682bac53,231,4,-0.040165745,-0.022502875,-0.24073452
B7NNT3,d590b3ed6ceb76309cd5de5ba7a7de9ab8baddfbc8ed8bd4bb2fa8aa48de98c2,322,2,-0.28382534,0.046097446,-0.21411009
B7UFR6,e6e5ef93c5356fd81e97ea9cc9c1eb35db88936a21cf6afda9adb7d0eef570c1,322,2,-0.27676094,0.062074255,-0.20788853
C0Q070,d2c889fb258b6649f35d4fcf9b8c9669b3e5c2c019cb3274d933d230cf895798,327,2,-0.25777963,0.0773036,-0.20534211
C1N0Q7,2832f82980647096ec9195266381b349d3a11187a4ef3cb0f745fdeba874283a,506,1,0.3545574,0.35605672,-0.030922156
C5M9Q7,0252a60c1683bc3a3c747929bc32309090574d17b647030797bf4b8bc725014a,419,1,0.40707767,-0.11215109,-0.21862411
D2C0D6,d5d2e2ae8c9529c8bd57985c38d40166419aed0043680a71c8ae99a09c4d277c,327,2,-0.32343835,0.0662852,-0.19090454
D3H1C1,261f55b65924650a7eb0532ae69e4cbed40efb3292a63df358982fcfb400f74e,322,2,-0.2868298,0.043269124,-0.21732913
D6X1W8,a7d3a306a3c16a10ccadd5d49017dbad825e3d5dd0668e6d26fc169e556be9d8,370,3,0.07412009,-0.16656518,-0.033346467
E2AJY7,e2ceb8608f98605ceae3983e9b62c0b4d848c2adf58da84fafaed811a6efd824,384,3,0.11781628,-0.13978286,0.02480995
F6VPF9,c83ae81feca4277bc415443b3bbd99a7f655966f6d47f90bd454fc638f5eefd3,563,3,6.481548e-05,-0.14065202,0.00809984
F7VML5,6d251e2e9786e1b4cf5ef37d0a5c240a5345ed8cb44a156c00e80d6319ae694d,244,5,-0.3412782,-0.10266177,-0.16842987
G1KCZ6,054309e6dd7810798ad0b8061b93513b5db8b889e718cba8275683738ef3c225,343,3,0.09690419,-0.05631932,0.037934717
G3H6V4,c367fe9c1ca84028b36aa42271504eb918a67f17cd6cdde21a858171045b4300,530,3,0.02333601,-0.093934715,0.14691284
G9P4V5,f53bdd508a327cf28e3e70d5b36165da74dadb5622f91c1ec6a101920ca75b68,527,4,0.048137162,0.08669398,-0.03217157
H2AVQ6,0311a9a50a0ad8ee845ea3fb9fd07eefc79fdb07028f6d9b29ef803a7efe1d8c,400,1,0.33288303,-0.075555086,-0.16676159
I0YIK1,ac47e4a8ef83d8fbcea52db6a805ecf7f497b2d946ee551528b39e71c881aa81,316,3,0.047535356,0.08425305,0.050722748
J3YT07,2eb95650bb557cab309c73a7476d559061e8bf80e28f5e1b0163c0cb33047540,326,2,-0.111573346,0.011267512,-0.26809362
L8Y9R5,0f62da921a31d2f4f8afde7bc44683b8cb82cce100be28b0bf6e56d83eef7197,313,7,-0.14984779,0.04661972,0.30411795
M2Z5R7,14420f9fab5bebfc97886e0f315eb1b6ea1437e462ccee7e29b58af447965148,409,4,-0.0052346364,0.022200024,-0.060980543
Q0R0H6,22b05b984d73f78da458394cd5066e5626fb55145d3abc5ebed28feeffdb8c43,348,3,0.20841351,0.06453436,0.0578619
Q4S9E5,3fbdf119f2da64e09a3a86f645c3b3a42d5f949a9461d0d1094dfcbbbc2a1daf,411,3,0.17258853,0.03407572,0.1628148
Q5PNA5,a3c01f794ee886c4cf884fdadc2be7cd682b79f023bd4d3e12c52738ce851e70,327,2,-0.25899383,0.08056052,-0.20210095
Q6D2F0,9ab4930dea41f848d7ddfc8e7aa1020af2625f0660c465a69c4571900c95d5a7,327,2,-0.28823358,0.07397731,-0.19331706
Q6DEJ9,c42a3711e226ec2eabc76982cf18f9d75e1cf4002f83d319a245a61e5c8f281d,250,5,-0.47783792,-0.15776646,-0.11448925
Q75BL7,50b27282492fff186eacee56bbfda7110c66306a8728f51a6e5914381e283c68,597,1,0.45192868,0.34778538,0.114446126
Q7UC63,8b7f3eb05c19698e1dacaa13bf5e882fbb509167e3ca73cd2c7071c18f71abc5,322,2,-0.27890036,0.042070642,-0.22056161
Q8MV48,f6181fdd7492d0e7d9f999409f9eb27a3182fd6eb9331559912e813823151cd2,591,3,0.1638799,-0.016120229,-0.022138763
Q9RFR0,53c0147203a53300343ded15b092e3044b997b9c6707790578e819508ee42de5,397,1,0.32164413,0.30137262,-0.07672618
S4YN12,e0f8dc87522e0bab9f29cb948e6814952bbe4a66ba1de894a9604d71c351c03e,326,2,-0.3227442,0.08920691,-0.1783063
V4B9W1,b52ef438c163d0ef087d262df5b7bd5ca21a6a612062ca481299ad58f318add9,288,1,0.28987432,0.013503399,-0.19265755
V4L1C0,f0bde2e735d814599ab2f6653eb0321338cfcefe39cecb2d869c7b778f70d2cf,332,0,0.048355002,-0.14551078,-0.017046664
W0HLB2,6c9517eebfaa755f744b3396092157731cf037e2e3138602aefc04ba7141d9ac,326,2,-0.32884347,0.10007686,-0.173006
W0MWK7,a9020286d5270c13b15b382a10c6f8e87b022e8999aa07d06f0b7f36d9d62f78,334,2,-0.30123967,0.13959152,-0.16992037
A0A1S3L1G8,56f8b7f32d3d8ac97d58eea434faf7ed3f7b7524b1dbbe599ba11454c09015cb,355,3,0.13339914,-0.10763018,0.10885118
A0A1U7TU44,93f9d6a7f1fd3e2777a5671ef3b28bfc75e2e7d40cab3cd8529b3a2628ec1f35,369,7,-0.08023676,-0.015395892,0.30054775
A0A2D0PPE6,b484a96ed9a0d325e2024e7abbd6bc34bf17e0db2f54b5324d2f4fbd67a530ce,374,3,0.10321678,-0.06825225,0.12450111
A0A2I4CWT9,b4c1acb44a3a77c5913a67d6d712d078c574e8c6e45c46022d2cb6ee47a6dfb2,382,3,0.045042258,-0.18113519,0.07486188
A0A3P9P1T9,195d4df35cb7a3a3bc14f928b21b224124eb0f329fda708287a8859ca303d5ef,337,3,0.085079916,-0.123279445,0.16039453
A0A668T5L3,3fe4e8b761d69ea3eff2f35e137c0682711991454a0187ca907c565f6fbbbb63,356,3,0.12031786,-0.16818804,0.004813115
A0A670IZD7,f9ed17e61072ca8971b18402d7cfad18a9a6d771eb34c57b66a71d331f473021,371,7,-0.03341063,-0.117261015,0.17349315
A0A672KNQ1,48ead49b40e1b26dfc60f14f8535596197a3fe9a9541dede070d2bf9c3b064d6,358,3,0.08061711,-0.12942988,0.05370619
A0A6J1UWA2,5b25e760a647351ef361011bd9be8ca23e8dd67b9c62bdf021b2efadb3e12d3c,354,3,0.04926619,-0.12287625,0.1120412
A0A6P8TJR6,bd7394796b5c536cb281059395207e3bd7c08b48db210c659b16f8224c9d2a66,348,3,0.13432665,-0.08877484,0.06621063
A0A8C6WB78,1bc86f4dd56744cff158d8a4f063512517107ff756618211311726588341b159,370,7,-0.06697449,-0.016215937,0.28800863
A0A8C6ZZL2,b107431bcaf89581624d003f2e654f642f3b6ac2b7f28b0f9c19d6b59ef80543,400,7,-0.047783624,-0.11218439,0.27577612
A0A8D3A1I1,c699f2d1dfafb6f571569ca4a6f9c75c72df9d1df9df2c541218e39da3cad912,431,3,0.25158018,0.010535988,0.1869555
A0A8T2LWD3,7fe149816868f1e22fa82860b4b2f21d5cc953362dc9c6b89bbf45886ee10590,381,3,0.044364028,-0.1580541,0.08369133
A0A8U0TML6,381af9bc075f996eabc3ce84509757bf0caace780dd1f4178866058fa8d42474,355,3,0.11920275,-0.09422005,0.13112402
A0A8U0U3G2,1ef2f0dc57e9e74d86fe33fe29e7c1c17b639425dcaeba69a9428635c825da3b,378,3,0.012795134,-0.23154928,0.06684303
A0A974CAE2,633954a6eca745e73ab79deddf7f81a1e5bf56ec94b8910962a9096c559f809c,499,1,0.35504395,-0.038762443,0.10669955
A0AAQ5WZF9,24eae58dbd2c787f25f27dd706b88f9cb8d034c6777e3367f0957de7e9ea7d64,356,0,-0.15213133,-0.2597703,0.15239677
B3KM35,9ec9b39a14e032db811ba24a277864697f48a940eec5fabf80a5ca2998914438,344,3,0.12479414,-0.12590195,0.06303717
F6WSA5,e4726c93143e38685892e7c37b289016fd46ef1ebf54fd5f0b17fca990b7cdbf,344,3,0.14011513,-0.11374425,0.06326642
G1PJE1,455ea5970cb2ee561415069d5731d51f94a16bd753b8005c86e3c572e7efb36a,344,3,0.13820082,-0.08731338,0.038976427
G3NCV3,5c6c8d12fa78e8d604c14ece0e41d44bdfb24bbffd3e891d1ba7d30eaf476b28,342,3,0.06899859,-0.20008783,0.023333862
G3PVA8,c48066f01251f0cd1f7c0c0e5c81857bc40b0ca5c6190891bbfeb35beeac0f8a,408,3,-0.022620896,-0.20928974,0.1543226
G3U932,c56273e1c1c4c4ef14c3bcc37963b8cdd24b617f638269a0b6fca19c8901d722,369,7,-0.06904916,-0.021533439,0.28708747
H9G8D0,cfdef43166f4d867ada9d51759f90a6d558aa04e20f4944afab698ba19c8206b,462,3,0.24322735,-0.030886717,0.20546398
Q1C741,2f258b5b31796083086bef884c5498218a5a20cfb2916cbe11a0e61654640f0e,327,2,-0.28262103,0.058337227,-0.20870484
A0A1U7TS80,b2d8f94323fd6aafd6a1b9eb32a929973572ee35f95c8795284963c78229e46d,407,3,-0.028699698,-0.10922989,0.00824771
A0A024E3R8,f854d1dffddb0b7accdc60721180b7a150be8010c0d05d1e35f54fdd4461f817,339,2,-0.27558994,0.174088,-0.14562744
A0A068QRQ0,af936c08365cdc14886e0029068d8cf71a550bb4a09e67ca39c968eef666d4c0,326,2,-0.2984449,0.0453037,-0.20163779
A0A068R1Q2,3650b848088511b8e520055b21c5538c961ad7a9a24db3a7d2ba4aabc9034cac,325,2,-0.26320994,0.0067536896,-0.23563883
A0A089PTA0,eb59f54897abc74e836f0ec4585f8332b36baa370b1607f2acfbfc90481f3740,326,2,-0.306109,0.094220206,-0.17407823
A0A0D5Y0K0,824d3c1553660c0d6bcb56d43d00f95b9fa18ce31908c0a76e1d4af55ed76bea,339,2,-0.3076692,0.14657485,-0.1374415
A0A0F7LQY7,c884f4cb392df241375ffc1cd1423f3b4212a53e54f486d86166776d9ce83d77,328,2,-0.27711385,-0.018506473,-0.24314247
A0A0H3FEC2,bbb1df8d4ddedd3d32f08c87162fcd74e9a645d92bb0a5abd444935792170bd8,326,2,-0.33380836,0.068887435,-0.18249996
A0A0H3FNJ7,11b5e5fb0ddb37a5c1270a9eedad1227cb1f7d01e82ee9b4a1ae32ad77197813,327,2,-0.32585824,0.10969577,-0.15571174
A0A0K0HCA5,314730c02e297ba41365d514a649982aca791dc8a8d5c087515e1185ee687e30,327,2,-0.2566366,0.06713486,-0.20598839
A0A0M4QI62,a42ddb81d5abb2d901cd6493cae43345a89e0040e2f693e1e955d63abc4cf9af,337,2,-0.31382978,0.14568767,-0.14919882
A0A0R3A3Z3,367153256c41b37327b8f9ece6f82f82c74d74a941e2d4bd5bf7cfae7426febd,344,2,-0.26442683,0.1815782,-0.13836043
A0A0R3B6Y4,18e08850314a082a8a3a65194ad01071519bd48b93937ef4ecaa50595bd6e69f,345,2,-0.2510989,0.186019,-0.13695154
A0A0S2SLM8,7c1740b6e0239ede867e9b8a3878df8ffdc9b6c2462c21b7b394bd148894069e,326,2,-0.34701836,0.0836122,-0.18277358
A0A0T9QIG4,bacfb29fe64d8da7dd0276833584596061a23fc319d4d680afd69abdda529b82,327,2,-0.29047814,0.06073594,-0.20704247
A0A0U5LBB1,d6b691e53b8bb35104af2e21a5d7a08f6e7b604200e189456451b0e917ded347,326,2,-0.30857694,0.1111203,-0.17951934
A0A143GHL7,d01d67e2455a3d23cf23a174ed5c67ceff7e12f5c75f1ef4f4d838704bb6e524,344,2,-0.22885282,0.16784064,-0.15097341
A0A155SSI0,2b584da851474b025bf3e08aa929aee52ab4f73578d421a6ecb0bdd4d38d1bfc,327,2,-0.3217109,0.097545594,-0.16112278
A0A1J0E6S4,ba1e20f6d391482c936b6c5367e9963a1f9ebbe2547fb98a540b3cc132b33399,330,2,-0.3051763,0.049676057,-0.20767534
A0A1Y0L9V5,86a6ca9e6714936141c97b09f514657f0a7f29d4005641fec8f98a7bea92afee,327,2,-0.3004033,0.07184074,-0.19936098
A0A1Y6JG65,431d9a487a3d8ca4cc927f2de3ab569c335d91932a53498f2f9f839cde60797d,337,2,-0.27898303,0.1627763,-0.15611589
A0A2A2M7Q1,ce2341c9bc6bee26c6b3db3420d67973dc551035b15bdf6c005f59b67fe468ff,338,2,-0.2614899,0.016926825,-0.22895917
A0A2C9P7K8,c937acdf3b130570e2445f59036d450bb020aad4b0810fa4ed98fa162c470030,332,2,-0.30473435,0.036936317,-0.20222555
A0A2I5TF29,7f86ce180de947dc629e6526833576a6cc39c7b5c8bdd6c1254438dc3e037a3b,327,2,-0.30777296,0.0633646,-0.20117779
A0A2J0PIX3,d247499afae20c0d6c02b222269a3a7714ae583a998a0b2790caebe0d92f5759,327,2,-0.32429662,0.10415141,-0.1603553
A0A2K8QSN1,54a54c79ec385687850760a1b635663bbea62b0a5a1b3ec4db2e6529ad4bdf04,327,2,-0.32144278,0.073818035,-0.18475056
A0A2U8I541,6ebbdc64389620237a05c11745cc581e24e4868d4347ac3e968b5e5b535e86c3,328,2,-0.31220296,0.09264317,-0.18092933
A0A2X2E800,a6d97b9f04c0c0a57d6e19cd2f15aceea70ae64c9abf0a756c3475b80305fac6,327,2,-0.32486856,0.09756064,-0.15710264
A0A3S0XZG6,4fc903e349856da275a1fba792d51f0a936672c1aaf80882852f018fd51c67e8,327,2,-0.293311,0.07376702,-0.18962286
A0A3S4KUH7,b3b8edba7b6a92e23844af6c93b6bfd6a9601885529e2af1d0ba606fcac8ec06,326,2,-0.3147478,0.09770108,-0.17226502
A0A447L046,6f3c55d16c19cace2ffaafdae427db65c351c7139bed019f77356c284e57d847,326,2,-0.33707052,0.08851063,-0.17953679
A0A4P6WQV4,52339f156bf840abae41cc26929462bfe5d98fa611e9727f6edf070fbab68298,327,2,-0.29664996,0.08437229,-0.192538
A0A4P7KSI8,d15a3c6c73c7897903708592c511af1246767b8340f0e41207bf92f3e4a5dde1,330,2,-0.2573704,0.017108325,-0.23645619
A0A518XJP4,d1ceb1dd0c2386c17b4a2a3f37113f7d682752541513736e370560777b6d16e1,328,2,-0.29083934,0.08540565,-0.18491024
A0A5B8IKQ4,d439e6290f847a41c4f715b42652cb03040bc0457210092f4d8d5b8620d734e6,327,2,-0.319734,0.07456817,-0.18603219
A0A6G9RFN1,571d2df980f5d9f5eb2f95c4d573860cd0eac0736916baf7eefc68e785c6ee5a,326,2,-0.29758886,0.08147002,-0.17908674
A0A6I6ETQ2,e876d795b4001776e18e83a7d23c41c5db35a15b9669bc66335bf58e187d8c7a,325,2,-0.3309497,0.09801517,-0.17111865
A0A6M8MC43,aaf0c8c55ab07b42f267a6f30ad5d454e9f4f9772f8c8ae0e86a5a347783572e,337,2,-0.29797283,0.18938172,-0.123686224
A0A7D5D728,4a4176143a260970aa4163d5c1204678cbc61d035922df3bfbbdaeb53f6abe47,340,2,-0.28120172,0.16307881,-0.1500286
A0A7U4GFS7,184a79f081be0c4babbf2c9c80c964b83ad1f685e324371004f8fcab4cf73888,327,2,-0.31069094,0.05712681,-0.19925961
A0A7Z3GT48,0712edf4439e10d6268f16e0be21a4e6d5533d11b5216b71ec607f42a848615b,334,2,-0.32128742,0.18361764,-0.12976621
A0A822WXB0,3a8ef3ae65fc7edface11557f86b4dc0d321ad48c534cd17cd5ef2d744ff76b7,327,2,-0.33943167,0.12201044,-0.14206415
A0A857EYJ5,b71219c18c066ec50c3d62771c2a94576326162a733996a79bc56816155580a8,327,2,-0.31525454,0.06128742,-0.19061394
A0A8H9YWY3,001bb4555f31eb1ff1fa0326e44390f1b2fcf3b2e45b1cffe1f7cea59a9f7b3b,343,2,-0.26154307,0.16804975,-0.1434134
A0A9P1PWG6,c60bf8e82a45b23920a3b38ac05d9a023dbce18a31a09a4509e303c78ebe5f2a,327,2,-0.30697036,0.044376373,-0.20608652
A0A9X7R7K5,32bcedab060039fed9dc367d0b2211c2d1e92f4c2b8f04ea6e08fe7c00f73807,334,2,-0.32175437,0.18282403,-0.12486366
A0AA94H7M0,f6d4d011d692c2a3716a52b6caee5f99e30a1d059957e77146af42c2c6525db9,327,2,-0.30697906,0.10729375,-0.17123897
A0AA96M7Y6,9f8251d6e28371a3d4f1e24d5af719097ff5ec68f3da35e3926f97d5a49b66ff,327,2,-0.3270317,0.10900933,-0.15176687
A0AAJ5UBI7,a8c294e5eb8499fd4bb440d8b8ca9801c974fa655ce28f7cc04781628b355ad7,327,2,-0.30777362,0.094759405,-0.17601839
A0AAJ6MP43,88eee59f4ac7741ad5d91af78a8ea1db33226dceea3a41f0d6ff612a364aca0c,327,2,-0.32300597,0.107816346,-0.15783666
A0AAN0VUI1,57e8483080d0dc1ee7b6c5f7babd20633b94a323741e7ae1110294c10c8ecda2,326,2,-0.30902863,0.09163827,-0.1776415
A0AAW6S732,3487405650d5bda8c982b7d0922420f51c9718850f780246796e3c675d1554c9,327,2,-0.32543057,0.09634411,-0.15807031
A0AAW9VFX1,c303e132fc49a9b1da0c287ffb3796da8adacc211c7bbe5e01dec6a39d2758fd,330,2,-0.2975041,0.04072517,-0.2142673
A0AAX3LHY9,9deff4d9e346fd288ed319a42cd63317f1b33284694c8d5662f49bea51cdf95a,327,2,-0.31268197,0.08761761,-0.16840917
A0ABC8BDM5,956291fda785379e703931fd765561469b3f9604e0eb5fb5049adb28db1b3b78,337,2,-0.2632299,0.14228341,-0.17438704
A0ABC9IGV3,67238bd02a908fffce7f4800ea759a52519e2fb8e345df19abe6581a4a7a5d56,326,2,-0.3301773,0.084533796,-0.17626451
A0KGY7,ef1d6c272bd4e5f102cbbd3ffc089dff1103a14855f79f83690a762212499797,326,2,-0.34091014,0.086117074,-0.18698795
A6V1P1,1725924b8fc49f3ebc67a4d50380c952e667c77549eb07bfad356f907b282b1e,339,2,-0.32232055,0.27251777,-0.06670931
A9N5B3,5b8c569dc05f115e0694edbf08744cb09ed08d179d8a7aaab5f5a45e08999916,327,2,-0.25830358,0.077507265,-0.20667975
B2VBJ0,c6bcf77733fcc6ef7285bcc6dc8786a6aec1c11adae79853d32d52a01a7227e3,325,2,-0.3331512,0.09758319,-0.1738383
B4ETL6,60f6ef1babbc1554396cb32bcedf123aac2b77bd5f78a64f3eaa413f0720260a,326,2,-0.28327823,0.0016056368,-0.22772141
B5XTK8,9bbad97657731fc81bbde77310f1bca8092e91092ca72a64dd8563b5be7ecfdc,327,2,-0.3196003,0.09733763,-0.16432737
B5YX45,d0dbffe292adb70e77ebb26f3afb6dcbe9dce1576a9ddc60939c1cfd96dd22e3,322,2,-0.28886145,0.041146092,-0.2173203
B7VBN3,041c62a53a92bcb3b0496bfa6706d2d4ebeec2bf37fe8ef8e46f4cd637db88c3,339,2,-0.3209011,0.27427924,-0.06571686
C3KAD3,038823bfc4d702fb37e66fd6d80f04d5acea530aee9fe34e0ab09e6256f320a4,341,2,-0.27663755,0.17209595,-0.14074391
C4K4T3,68ac878a431adb6d7bc124d2843cb2dde0a6e25586d72ac00d3c12da9bc50197,328,2,-0.24106008,0.04396483,-0.21520738
C5BDQ5,59768d4a7d4c2eb1375a220a638ad0492a2ca997666201b693c0216d132bc443,325,2,-0.33836168,0.075383104,-0.1805622
C6CR01,5ad0e1a1d00416d59bc75469e7b6f6b09c97c3a84a2d0b06f956659ca830ee99,327,2,-0.3246273,0.075261526,-0.18417285
D8MPI6,dba613181708a7bd31fe04603718359d9ca6dfc563371487a952f48f1112e23f,326,2,-0.31935045,0.10082877,-0.16334984
E0SD05,a4147cc288c4600db64f9a52911d1acf86bbcf5b07618e2c6ecad30b6a3b11e5,327,2,-0.3223783,0.07636613,-0.1844118
E2X682,97048f3ad462072dde88f3e90d57d577e78dd801ef5a52d82ad731814979ff90,258,2,-0.20646478,0.07590335,-0.21579947
G8LJX8,c90af98b11c5cf4c2a89559622c793dabb9a5d83949b30026eb94e79ab80ecde,345,2,-0.25459248,0.102740094,-0.16533011
H3RK89,b4aa40bde05e0cf0e637174840b7083ea532e3239cf0b458862899b670283636,326,2,-0.28595746,0.076712295,-0.20151769
J3TFQ5,6cb9d643a19c76e3312578598c829379826425d98376b14620d8984051c94210,326,2,-0.28410608,0.07041398,-0.2145839
M1SWR3,3a95ab9ce6ecaf67b93f33a141adf80ab69c183876f30cb3b6e7a7ffbfb2023c,329,2,-0.292091,0.03718565,-0.195362
O52324,06618292862574890a7cc508674bd181a964e4bb3c080406e9900863ae800e40,327,2,-0.25980625,0.08004311,-0.20267883
P77757,42ee8836d323011fd6a969fa5d436c03e106ee3299275c59a475032a0cfbcb03,322,2,-0.28889316,0.044478234,-0.21797098
Q02R24,6a60b30f0dd8c71f8ec2f16d0aa4b5665032f1a20fcfe32ccaac420beb9b9fe7,339,2,-0.3189087,0.27314726,-0.06728387
Q0T2M9,c7c80982aa86e448c9b8aef00c5be846a3cda17226c3f82133a39a138422226d,322,2,-0.26953706,0.04747314,-0.22032814
Q3KCC2,ee10987ec7af808295df2b2deb025f162f1eed42b434091143bcbe576c4653d6,340,2,-0.27081028,0.1637475,-0.1409577
Q48HZ2,88c8d4bfb6de4d9ae1bbb3faba1a500a1d2dbbc1b8adda0de6dfb93201500e89,337,2,-0.26174748,0.14534557,-0.17218687
Q4KC83,06e774cf343b502e5f44b45042295608d00756cebb09029a5120f70a08bf2d55,339,2,-0.30375654,0.14457755,-0.14389348
Q4ZSZ3,897e21e784c3372479d21e7250187a10a2e50ddd5d34c29b787c94dd293881c8,337,2,-0.28398073,0.14082055,-0.17482202
Q8D342,739c8210d1ea815174327a131b2329cadb0d2d3f0c0cfdc2f08203aa98f3f8d3,323,4,0.2743774,-0.1336189,-0.3926797
Q93PD9,c3c3bfebd64ab6d3fb48f8c68b3a0ca41b3284975974621cd380ea98ecb28f0c,327,2,-0.28227067,0.058155626,-0.2100171
W8USZ4,60486966de5a2a7209ad17c45e124abfa3cf124fd96550b24e757eedb0e75ae9,345,2,-0.25668293,0.13431813,-0.15660305
A0A7I7MRK0,aeed75a1080ab1c7e0fbac576aa88d74acb9b4667a7f5f6c7930d72f83201586,309,6,-0.17559634,0.34690398,0.00027709253
A0AAU8TST3,1cd00d1b8db6bd8c0cc927b874b0fc2607ebd0df4c2d9f699c4f41b3c3035fb5,303,2,-0.205769,0.2329941,-0.076115645
A0A0A2GUH8,574ee445ec051f6095292c5b30204309c6a387a96d6c61a347419d1690bc9ed4,269,4,0.025192788,-0.035709795,-0.26652768
A0A1U7Q331,e04d1ba1bfa95c33e9563c1c19876b5c48f5269fd3bf33c2853a972aab9b95ff,570,0,-0.08445095,-0.09213234,0.05390722
A0A1Z3HHH6,4093ede07145d2e4232b008c7f418a458dab40de706b900de0933fefd82b8dc5,464,2,-0.14632727,0.1399471,-0.084361434
A0A2I4D7B6,2d8e460b18645361881d34b9ff8e69de7cb3c25c7386e7d28d9a0f9e3fc9ee13,407,7,0.10413837,-0.025056079,0.14340909
A0A2U3WVM5,310825a9e2812c55b8c91595536a3ae455951a69ca72923b48703a5981998c98,447,7,-0.07684815,0.032486003,0.26081282
A0A2U3WYZ6,6f6fcf52c7f680edd3557c52933f6ed14a239604eb0ccfb6d51e760ba0c9b897,582,3,0.17216958,-0.07141071,-0.016681738
A0A2U3XUK2,be1334e9a35dbd0fcc2ae18316eef342cdd1f27c47fadc732c6879aff84f6c87,327,7,-0.026320728,-0.024104435,0.25095704
A0A2Y9FY65,0e2901ecc436308f5628272edfda5d4396190f5f87802462a1d87c1f5ac4711e,404,1,0.50223935,-0.053131297,-0.016038124
A0A341B1G5,ba9769caa2dc924b7c5d723688a75e124049cf202039e043facf64b369f75f60,557,3,-0.036855012,-0.07204698,0.071483724
A0A379ICB2,b0008c80571d91cc38507e91c2ec9ed4424a7fa58b3a0b536336472110f3af41,303,2,-0.22256626,0.22745275,-0.07056928
A0A3L7H8K7,50bb3893d46dcd2bf28432ca3c364a5f9fd59167c34ea249ca0339f2e6df388c,542,3,0.14496204,-0.07825359,0.07702017
A0A6I9ZS92,3e3c92e7171dbca641ed72ac108ceb8b014435ad0de16e3957ffd88a59874e07,400,7,-0.04810009,-0.118372746,0.27203217
A0A6J1UZ34,c681e84d2b439cbe7f7220f8e6cabf04510a834ab5e35fc38167620ad6e50b1f,529,3,0.15848966,-0.13295968,0.024637397
A0A6J2YEH0,94f455ebcb631c186cb488ba27d836f14b126c6f3e54015f53e0fd6dccadda14,302,3,0.04672959,-0.15962934,-0.067058064
A0A715I8Q4,15ca6761923bf0170d81b23fb1878cb45e24477c5d4132b620801f475cc5cc84,314,2,-0.105554186,-0.04844619,-0.23097192
A0A7I7XKN3,d1d7379dc7b9cffd9462f26ae200be119b4fc55f5581e30ea39ec13d0c15e51a,421,6,-0.33755884,0.22851016,-0.011031591
A0A7M4ET11,266b4fc48096b4561dd2d6eebf189b25d6734bd5bb223190d4f37a7df00852f4,550,3,0.15106936,-0.058360294,0.07947584
A0A7T3FA17,969c739119aeea9eb23c3be396dc8ce6f3e213a53648f80b147be9581e95048b,456,6,-0.21925148,0.23755442,-0.002305946
A0A8B8T7B7,571127b9c7fef3398f9121cc5febe8561eb248a2142fb4d97ab376968530fb4a,556,3,-0.055647522,-0.07457592,0.06428236
A0A8C5Y3V3,6929ebc4444b581b2bef8e2296790650e51253c3ef3e0404ecb31b299db52eea,396,7,-0.091408335,-0.088560514,0.30882388
A0A8C7SHN1,c74db585f3b95a55bf3eacc3f8668be1d7cbb086516698bf2ef75c72a3016ce0,564,7,-0.014998004,-0.05730028,0.20905723
A0A8C9X781,e7bb0e245743868f931628c6c5a92d464a047796e3d660f2cb256faa3cc98b2f,539,3,0.111127816,-0.058146287,0.1523025
A0A8U0PNT6,0377fd7be2b228d725f91269d4cca46e1d4735f6fa3e4e55c3adb9d6086f8ea9,599,3,0.0150068365,-0.048907354,0.0996613
A0A922IPN3,92122c3b662e91da3bb917e3edc4f37a51353a0803e8645f1486d1f2a6d9f47a,293,1,0.2931853,0.07594657,-0.109819196
A0A974DB04,421be34c68d623b80a81af2060e0eef5947255e3b309bd47d23baac684dc211f,323,3,0.10860881,-0.106431656,0.05921632
A0AAD7QAD3,982c548ec65b6f29f5351f57bb54907ff267b8780d20f32a95f1fd2b8a14296f,338,0,-0.17089006,-0.14901213,0.04689875
A0AAP2FCN9,c1a71e1f91f45b407323f16703c80a316443ec4fc1d2fef380758c41eb01706b,326,2,-0.34004116,0.08337882,-0.17895892
C3K546,ecd432b169d04e5173118d12558cf1c81c149b21ea9c1df7155f305a9d4ff81d,303,2,-0.23850782,0.20625055,-0.07194025
D3EQY8,15515cb43b7c59e94ac1ae8ad3160abfb048438b00329a922fe303efd8a2dc19,398,2,-0.12025239,-0.01780588,-0.23279521
E2BDY8,d38d8039eb9baaeebc44f399d850d58942bc964d4a91cd0df66d6946ae1e862a,483,3,0.10990894,-0.17552511,-0.014438605
E9L011,836524f69333648e92129b8538e5ee8d4b09002b1329c1a77aa046198cad68da,432,4,0.16466151,0.08949105,-0.12765734
Q66B04,b7a73e8344785afa8db43e2ce3ceaff99589e15611cd3f370b16674db96a6b24,384,4,0.1355202,0.22965613,-0.16312513
Q7N3Q6,1e8f8bd478e6f968848a9d273a51dc8ff36e843c527c03c84e491d1927d61d97,325,2,-0.28399515,0.0006805998,-0.23450828
Q7UA40,5184a4bcd751e4efdc027208602e2c9ca8f7bb48644319076f30626a8592aa69,440,6,0.03384743,0.33863243,-0.053851943
Q8NBI6,8cecc9597a520fdbe724826b5dc8b2b714d602c5f20d858c66d480c8f24fbc9b,393,7,-0.07432687,0.011741147,0.26419356
Q8TDX6,5ab42db660375a3e0740490113b8602627e57f5f084239a564330ee925b2ae0d,532,3,0.04059344,-0.11532526,0.116930015
Q9JMK0,0dde10a0261a6658841d8a0eec965cb757faa3aeccb4490e7579e3bc157da291,388,1,0.29466525,0.030932149,0.0057506603
U3FEI7,425c9a72590b3d53ec3397c2b7db8c1f3c231463e4d424b04c1ffb864ca8c9cb,437,3,0.15327974,-0.08578688,0.101580836
W5MBD7,98bcc2b38dc2f523c4756fbef6cefa2192f8ba2a60f1ce87fb9a90e4a807e89c,381,1,0.3065388,-0.0042155455,-0.022577215
A0A075UXW8,001556c5a9826951ed6a30f1d14e0e0e6ebafb5bfa4831db112ecba3c6d19459,334,6,-0.23845743,0.31799626,0.09519931
A0A097IF93,9c638f325c0aeccc1ae30a465503d120b16c4adf9dc60c6dc2a02d9bea7f4032,246,6,-0.24780661,0.294701,1.3402157e-05
A0A1G4WY22,18c25b4df6f44ca0db10c19ca56cf38d32e1fbb421782b6e1e4f3efece81e87c,313,6,-0.17150366,0.26921818,0.0022132269
A0A1L7D3Y5,f52c6ddcc8eb918debfee3484d2bdad810e9be5d0c872eeed2091e2abe286d10,246,6,-0.25740507,0.26305893,-0.012220866
A0A4P6N0Q8,791ed5baed8ddd257086511511465c22ebe9557d71bd963ec025025e9cb445a9,229,6,-0.17572351,0.42344046,0.006716756
A0A5P8FIK9,913d101f87ffcf0e40811410a50089929f944ad3c19688944ce59585cdecfea4,233,6,-0.20183407,0.4523242,0.053763445
A0A6C0G8K2,f20963d958415980d7e2b8e3e5c8ef1a256df47866ab7847e63fe22417185e2b,281,2,-0.10050158,0.1366775,-0.008873537
A0A6F8ZGK4,deca77297ae89d370ced94f227d3b5e2640272f0b7f0692109b85468b2cf97b3,248,6,-0.15102981,0.25034618,0.01967734
A0A6M6JDA2,48636d8039147ea2c2e691dcbe3404c0ce55f183d967b2fdbd05b9be1ab78ed3,319,6,-0.28070155,0.35170949,0.106687374
A0A8D3WKJ0,7687d73751347c1ba3d5838f44b4103052869e082a62070902b0b01570c73340,316,6,-0.3313642,0.26078385,0.08806688
A0A975AXE0,84719aec3dc8f451edd7ee9fc4e0ffeb2af0e9849ff326a872c1bc83bd6fe5ca,209,4,-0.11293746,-0.15866512,-0.28835374
A0A975LDD4,e9b898b1e0c3f87d54d2313d75cc8936ef7828dd56c2766dae06949ea4b30919,267,6,-0.18919212,0.37259564,0.08915495
A0AAC9YJL0,99fa73b53bb0d77b03c260650e5cd45f1748fe99551105c8c31f82f073bb7ba5,332,6,-0.12740737,0.35123974,0.047239836
A0ABD7MSN3,e76ef56aca22e35e2bd4b5511adc0e15ab5486adb02a32d9acd68ca9e32f801c,244,6,-0.27379718,0.2606641,-0.0007202727
D5X7G5,aae8e3426116c2276767f52d56f5d16608c2643d10dc5e4d7603473a1e62f791,224,2,-0.25155237,0.005125469,-0.17374778
F6EPX2,284c49ed909d36172d007f1485e8d4aa84a1470e88cdaf7050f274df7467fdc5,317,6,-0.12526418,0.28556824,0.010352872
H6RDI4,16777827f35b53c3109a40c3278a1c4051323b288e1d68738501b62abce5ea67,312,6,-0.24839038,0.31268904,0.059428852
Q0AZD2,7745542e906b146d038fe243befca386c549cd03327f5a9ab1ed4511c78b1744,268,4,0.030441063,0.14915796,-0.115630455
A0A074ZJ86,82b01f6c88b9c18c0ef2f83533c63011787317ddd2397972eaf7f0dfe2eb9b61,245,1,0.5201795,0.15578432,-0.10346289
A0A1S3LI14,a223ba28fe1d381fe65a1b970ae3a128e00c11b638b4b1c9489bf49f1e557a05,382,1,0.32830948,0.031812858,-0.015134178
A0A2J8X4B8,3affd201e980e7e694f260a94402dcec2bdeab9b6e69ec2445f7c46555b5e0fa,532,3,0.038210828,-0.112449475,0.12681934
A0A2Y9QLT6,b43e70688743f02f906f54088563634a12020d1fca2b6a4639cb169945f58199,395,7,-0.023008473,0.014785785,0.31825995
A0A3P9CNG5,100dc191cc2e969a88eff7feaae9c51f9f9bcfa5ebb842c1cd27e3336913d259,382,1,0.31455144,-0.033104602,-0.05008552
A0A6I9WZB9,d27d967f9255e9433c3666999a6c6115fe12f2ddfe338a213f3d6a6e87503f15,327,3,0.0900075,-0.21359932,-0.083226606
A0A6I9YEB7,e1c4a21979deb291c7382965d976598ebba17f8d5b8b5ab39e1a061531d4706f,530,3,0.16167964,-0.122524954,0.008728907
A0A6M4PJC2,4edc23bb3f8a19d0c6d55433f2836283f1370e505b2cd8d26cd144877f3499ee,314,6,-0.34887028,0.24327493,0.07369766
A0A6P6NTG8,5bb0ff1fa5952547874bba24cef870b4b8dbf347224f2b0d611d49d196e46ee3,317,3,0.10658499,-0.10735023,0.04510725
A0A6P8HHR3,bb2b392e8e1a3c1026cca2f6f4c47adfe9e09fe7106be2169ff276f4d3b497f7,411,3,0.189322,-0.17051153,-0.054227352
A0A8C0JVK5,aaecf14a44fab147dff70987ad5c2284b6fba4277ff43241bf60f374c2a46489,598,3,0.049647573,-0.121566296,0.02286571
A0A9Q8VAC9,25c588858d0f609c4a9cd311d26b1ce798e0a4e43322c19a16a86273638c1d67,535,4,0.04551923,0.08157168,-0.030969342
E1ZFD4,78e11e873955479afeb4a5dd983b80676a6bb0b84c92386112124ea02359f6cd,396,1,0.38810527,0.2830949,-0.09673087
F4X1I4,8dd7589bcfabd15c23278bcd562bb508909caae48f61601e7b69509ea1c028ad,349,3,0.1253643,-0.07157775,-0.03092939
A0A0U1HPI9,d5ddb87530a9e1a0b6102f9aee6cf4bc5d8eac1ef9f984656199976aad1237ea,327,2,-0.28793588,0.052517094,-0.21101652
A0A127I1Y9,0c9d7dde4c9c2b18f7de6df0ca0f33318aa21f04c2dbaee4fe55b2df0d0d1cc6,341,2,-0.2830523,0.17290314,-0.13676248
A0A2K8PDJ2,ea1349a1344bf40c55ba05ca5bf1d519c4cf934f4544a6064b16f1a7e9160418,394,6,-0.12094767,0.3734349,0.0012391321
A0A4D6P8Q6,f2dc2935b5a487baeeb089c5e1a51cb868d81febc506cda593841697033b2351,327,2,-0.2571816,0.07650249,-0.20629992
A0A6I7DBR0,8291729e51a3bc95518c292e09cfe51132d0112d9a6766acce56182bea042322,326,2,-0.27799037,-0.0041718376,-0.23178579
A0A806XHM0,1564931fd38fa87014b878f9b9fd0299ffa69ccde5cccb7e8013f2d2c43cc6b5,327,2,-0.3220367,0.09740702,-0.17504443
A0AAC8QQQ1,fd817f9b255b4e94d6a268b3a6a79664b620e22129bfeb0e5ec02f8bb32288bf,327,2,-0.3104272,0.102124326,-0.1765568
A0AAP9KRG0,94d144aaa0add595b62e1f44a00d0649795c7ccc73dc9715105232dc8e799a80,327,2,-0.2603281,0.10342296,-0.1877788
A0AAU8P2H8,ff7e16be1251ac0b1ea80703647b52d720203567caadca9717e028d19fe02f3d,329,2,-0.32107115,0.07080315,-0.18439586
A1JPP5,c9230dc4e29a23896293beea043e181b00ac3891469f28cea3877000d701b65e,327,2,-0.30480844,0.044251025,-0.20651649
A4WAM4,418ae91027079975e4a9ea55b7b7c5ff080b64469e657367eaef258da2db3e77,327,2,-0.29690278,0.09885473,-0.17849323
A8FRR3,3660a1c66b55afe8d2050c525691104c2fe85ec12493df05a9748bf0eedaa0f5,331,2,-0.2636628,0.052702002,-0.20280105
B5R271,829102163443f0a8f3e5a065e1531f9a7d406d9dd8b2c69d7a94e4b5be6ec912,327,2,-0.2607753,0.08167048,-0.19899754
D4GER4,fcbaf404cae134a58411215d27842dff428b2fbd14fc85b9f1bc730b2048105a,326,2,-0.29062036,0.090492055,-0.20095792
Q57M56,4e83c821e1416c1d325708ae97e3282eea601f3a38f74c6e859f8e5c2d1a6845,327,2,-0.2592801,0.07656948,-0.20654768
A0A0D6HPQ6,fc2433a8e9ce66799d3e74a0c7ad21a3e873845588a84fe4813144ed7758eae9,303,6,-0.2528311,0.25724432,-0.038761538
A0A8H9YTX1,842076304c7cedc3ab6a069bf251f90b16d7fcff63b68844689295b729f7d9a2,303,2,-0.22897266,0.21586247,-0.06735264
A6V5N3,00d7b1d0c64332254c473bcb00908443df987f7f0c34c9f3e2ebe88416489113,303,6,-0.25489697,0.26727554,-0.029823644
Q54129,7ce4e1f224cb4a440e5899f2074a6603d2a3891958e039cffa060bf81f212d77,315,2,-0.089467674,-0.010693879,-0.2151653
A0A7E6CX37,31ae527d82dafeb0f4b4c7e7b9236e6cbb8ff23e2bbc703bd6e3a4a6aa689e8d,371,1,0.39039347,0.23691419,0.018330146
A0A2K6FYC7,4787f80252eb617684731204e9e917777d18f1aca59b2925e7d671cc46da3197,393,7,-0.069009796,-0.004790541,0.25071603
Q0P9C6,aaf80896d8aaa877d2de0c73b154948d81e0a90ba7cac1c83ec66edd0e0bce50,309,4,0.12925202,-0.050944358,-0.28874135
B5EXR2,c9ad8317bcd0b91ae986dfa77022f4e0a4fa2d1f878f866e39fa05fb8815ca23,314,2,-0.111356184,-0.040860057,-0.22108279
A0A7I7P438,a30f780c9be66026c49e2576615e097f08e80c2e00aae49fe43cadec583fbf77,304,6,-0.027994169,0.3302535,-0.019638663
A0A9R0P0W1,98d99df934c1df200aa19cdb59d0d020a1ec2e93354b6924b28a1ad17fb2c1ad,417,6,-0.23650233,0.30585125,0.016009187
W6ZLB1,b9e7ec9add7adda351c78be6267d3000db401268ff4f1059f551189b606f11e8,525,1,0.46799845,0.15034878,-0.17641762
A0A7N2L275,eb672aa4fb265768aa068f160917aa032830b6e57fa2d13e29165ce1732a48a2,306,0,-0.12574063,-0.22240165,-0.022185365
A0A7J8JA13,af63eaaba422e1376bfe95d830e952b743607723d844fec6322da5719cd1d2ee,326,3,0.17723122,-0.10538716,-0.03470913
A0A2D0RYW7,7f1a6acb7c2b0cb5e437eea3e00f2ca04ee4e8c835ecdc0557f563df2dce3aae,443,3,0.10437715,-0.12628163,0.11468277
A0A6J2JYH0,35a24fab404d254aadd799bf7f93af2f19b0736b05cb2d64ec9b45237614a5e9,370,1,0.27476645,-0.088418156,-0.123159
A0A8B8T5K8,54ba55d07521c779b172dd53f24b382622294e9af16a70cd1306f70124e1c712,393,7,-0.072432265,0.007896763,0.26772612
A0A8D2G7B7,e15fc454e9cb558991f7b6f63fe5f8d3dbb60d97a08ba0e05e04c7ecc65ab623,443,7,0.039545853,-0.000687041,0.23477249
A0A059ZWV0,43062fb212da26305cc054ff93d5f994ad6ec5770a5450a32e3bf8be7605226d,387,6,0.07065943,0.363755,-0.056775674
A0A177DPK9,b9d1f375cca32be060f76f27adee50e3f7358b136e8230b57a3028b81f39d5c6,565,1,0.4994266,0.17298414,-0.17423733
A0A1S3NI80,f0de5b99b4cf0e37ac60564f8a604720d99032f37af2f2ec754b819f37472980,599,3,0.010955653,-0.052890625,0.10134382
A0A2I4ARH2,0e32361a1e6f53f8ad798ec15c9865a6ed29480c6b8fde4adbd228f7cff76d60,533,3,0.102724,-0.044645,0.12769613
A0A2K5EIE9,0648037356a9d773aa6d0469347fecc34c916d280d58c15855ead9468d0a5955,532,3,0.032680478,-0.11591947,0.12411125
A0A2U3X4U6,f046b284e249fee3d1324c05a046d8a651c868fe87d907cc58f68b7821cb6436,289,7,0.1757355,0.17729574,0.27087605
A0A340X0T5,facc8228e39065967bec8dde45de4f946f20276f2584b1c03c338e0d7a9a853b,440,3,0.1410282,-0.07838468,0.1188471
A0A340X4C9,3e3bba076279a20ae719a59ee1051ed1ef6eb96ad04c9ad90f254b44c217fe14,354,7,0.18828805,0.118742235,0.13690035
A0A3Q0DNM1,4dbbaa0c7377bbe380cc904d028e12e8e2feec616e0ba1e48c0103863c718af7,318,3,0.1013543,-0.05075731,0.09976951
A0A671L138,bc06cd9f763c56f81733b2bebd17fdfc48fe22f9dd14674ab2443b531aaa0c80,316,0,-0.086258724,-0.1301511,0.05867748
A0A6G8PXE1,27a6d06750f3a7aa0b6f25a8a1ffd109bcda923811cd8e17a916d40f00040015,231,6,-0.06077044,0.4637415,0.05081183
A0A6J2CXY0,353d1cbe9f510b4d4463cdc69df04296170a2da5a54686d072fad9726eae8224,382,1,0.24875706,0.14244545,0.124083005
A0A6P3QKP8,a41101003e3937118785f2fd7e0290a35fe7bb05a80c8e624450e0d99cc4c840,369,7,-0.055832386,-0.024138028,0.27912134
A0A6P5K407,6131d355d9eed216b99ec44dc242abab73c018a4097692f7d1a947ae6dcf5a03,561,3,0.078174554,-0.12976882,0.074101225
A0A6P6ITZ2,98b06fb98f639ee6842c435c47a59b8ea4073b74bd668eac5ad47e3fe9f7cd79,596,3,-0.018405028,-0.12923825,0.035386235
A0A6P8UJB9,db3e711742fa4bcaa734eebe28dde0e53dd60bf6a9ada5e15776cc224ecb357d,333,7,-0.053826094,-0.042481814,0.09536116
A0A7G5IEG7,d06a5494fd69a74e230d395eb3d144baf75320448430b4fb23acc16046765328,476,1,0.18405227,0.45060197,-0.030313266
A0A875S4B3,68ef27cf7b6c497f4ddd78448b64221084c78abb5fc0296a4544cc2b68a1493a,569,1,0.5414933,0.027387895,-0.13155393
A0A8D2N7G9,c9af12a58153bd68d9bed766dc4c75b07a00c8eb1e976fe53a3c9c567cbc4381,392,1,0.30705255,0.00410098,-0.010032792
A0A8P0NU19,a58e863c244a0b4c1be1f8572fc6d27c614f93a70383a38c28488757d565ad72,552,0,-0.050586652,-0.121444836,0.06617013
A0A8U1BXB0,481995399db3679aabde77367036396c40b6ccfb82d7d3244b1acfd2e54af6cd,598,3,-0.009064215,-0.14436537,0.013282206
A0A913Y5Y0,114f3eca880c4364a9fe7126ca7b0b6c3478ec84c1544412b8b5a535c4c710cb,406,3,0.16499172,-0.14472349,-0.049281355
A0A9F2QZA6,8aba5f61ae3cdcae773125e1e65cb7fc0df0c25dbd19b7cb6d06b5460398b24a,410,3,0.09439785,-0.15933087,0.044862963
A0AAJ7XJ05,6f0b85a886a248ddaf95d7ca8cd86502ff3c1786de15d8cb5bd46768a9c17c12,448,7,-0.04836943,0.21434562,0.34958684
F7FTP9,56e28dc72f09a9bd4da24a28a8b60e038866cfdc3d9f09f62b606bf9685a1959,545,7,-0.09097881,-0.09239777,0.14789937
G3WQY5,bf4b9be9af5cb0efa2d8af086a5997bcb437a218614e5b831bdc335ad1686cc4,311,7,-0.009263149,-0.09192784,0.15270267
H0V5T8,e124008b78671ec71f0f483615b54480b83fa1ab3a6cb85e7f47245c127060fa,598,3,0.0573412,-0.12680188,0.019612966
J3L6W8,86b6f5c0b53162d769fe1f727ce88b7c4e31c2fc88164fe2ddb6b4e7d8af4290,517,1,0.4465283,0.16099347,-0.12211014
Q4G148,9d9ac059c9e61ac493318c464d3087b4fe054da40275c8be7087134ed0aaf4c2,440,3,0.15400226,-0.074983865,0.11139985
Q8BGT9,a9c9d51fe999c24542deed858d4d18f2efc914c8bea770831eda800cefdb2314,576,7,0.035386864,0.02583207,0.13867566
R1GSH1,780aa6fb2c73fc4f7d28cc8dd3a70546d3a0d04ad95129d14a25b1a3a0f3f60f,461,4,0.004739875,0.09934527,0.024266485
A0A151LJC7,6bdad48e1bb9088f47f3a1913a6c05825c5d34315a15616ea399b014d06cb6a3,259,4,-0.0016174262,-0.21197426,-0.36806786
A0A2U1T8I0,c3db1497296220af9665f2e05d66fa8779e6f6751455bb1caa0921d1f24ecbc8,305,2,-0.12581944,0.19903897,-0.10520767
A0A341BV18,630eb23acf06915b3a292be1cba48d9f42019d99121f6f945fc20cea5fa1e66c,260,5,-0.41478202,-0.2047161,-0.10349285
A0A5B7TX17,a0229aa11e02eabbd29f6999979f9c62d951927d8c595d2aedee2a788c06c19c,389,4,-0.004226952,-0.09236939,-0.28217423
A0A6M5YM16,729125f61785aa77d89c6f519fa927da5e44e652d339a8d8c4535056f1a02bcd,240,6,-0.23331605,0.27911156,-0.03506178
A0A7D6VDW3,58bf1adf4c566099a36469c558db60e6134d1aebc20f34371541e62c784083a1,233,2,-0.40400136,0.11086791,-0.12682845
A0A810N8I2,51be25ebd8fd0a096e9cc35aed2fa7e4655798fe6e1e5e74639f568d1126f5d1,466,6,-0.3683605,0.34761277,0.13051577
A0A8B7YG96,7782bfd3aa27d82498e39180d2080861b456ab1d1b0591b05f92ef86269b9d26,327,0,-0.21932487,-0.0859357,-0.09994311
A0A8B8VR23,86b85031aa273cb658176665c43279d681ed7826d100bf3f1871de5945d2dddd,324,0,-0.29626313,-0.104637146,-0.010468752
A0A9C6TE50,5d39294a2ea8d6fa1e8cc5286ecd511d44defed8e8ee084e0d0eb33451025161,243,5,-0.4011639,-0.16030298,-0.16035208
A0AAD1M995,683ba8ec9ffae3228366d287940d3761235e17a57058dc57d515f4154321a246,406,6,-0.3462571,0.27033275,0.013793864
A0AAX4JGU0,71a1b64b85198a77416d0c291761ec2eb606d8fe986f3c396e5cc55e2b00322b,234,4,-0.045316875,-0.09336797,-0.3532591
A9WDQ1,1e5d479d6ebb4852da48733f22b2f274a8c8fa87942f373f469966b67865a9f9,261,2,-0.2257343,0.22807,-0.072722085
B4GKH5,07f39c492eb12a1dd8b247fbb0081542c34b83b420e756fe75d7f334142517ef,241,5,-0.4635409,-0.20201372,-0.18196148
D3Q0D4,d52947d244eaac4489487d88216be14a032cbb2f15c01f792751649e9167426a,271,6,-0.116123125,0.4456312,0.0057812054
Q0SKF5,5b2a97815fe0ff68524d57208dccb2da295643381ee8d90459de044bfbb90be6,242,6,-0.5024343,0.13635294,-0.06996173
Q2KIM7,4c1d93e788f1d51eb2c28bd3c33bb2db31d3cfcf92df6156245d2bd9ae99fa84,286,0,-0.2396119,-0.114112295,0.017815117
Q2UL12,eb47b78c5af3a33008f3332ec1d3ee6371ed1a31b317790de4015f451dbb1779,245,5,-0.32051092,-0.16982554,-0.19129144
A0A0F8C726,54d77bd139982ebb770f6156f984e0eb820f08f242553901e40de7dd09f9a98d,304,7,-0.13938266,-0.008997111,0.16407402
A0A2K6P2K3,15f5c9abefa325d19d37159d6e74cfad47613d0ef08e4a0e81bec54b12c593de,358,7,-0.06744503,0.11890588,0.25138038
A0A2Y9PGU9,0dbbfd073e9a120a7d61285266ffaa960f9d9f66557a5d3b435b3e6c2c19611a,326,7,-0.15524042,0.013502375,0.26178166
A0A340WJI8,990f5de8d7039cd40683d9948403f1903f9b03d80f06a89eb4fdf8ced116732b,325,7,-0.14593993,0.0039936714,0.24962714
A0A3B4Y642,5d104e47d515a9025cf74c03fbe54e2c89049679e22cfc1ac267f00abc225ee9,304,7,-0.11833787,-0.050658893,0.1519854
A0A6I9MLW8,e7f85793265caec5036ceb1b24413a6fe068e763a0ea81832f5b13795e8bfb5a,359,3,0.07844297,-0.05418396,0.04911657
A0A8C0UYR8,074eeebf6a676e070415ac05aae59874b6bd4b6211db108236f94c293123cd3b,344,3,0.082677886,-0.06121017,0.042398408
A0A9R1T8Y2,5e6181589ef81c1806164cf8b4d6e1935fdb8a5c0932645da6ebb961e02c7f2d,367,3,0.07869525,-0.12781274,0.013207684
F6ZIQ5,dad0eb5ba5aa1b86b8d471ffc7edfdc2de818382d70d677c8c96480b5948cab1,335,7,-0.14191611,0.11785087,0.29862672
Q4SG61,c0260491b52bf4b47fb0377e3d3a0bf0106f6a0fb3e8380499c8f405e01d43e6,413,1,0.38416773,0.13938183,0.10668078
W8BLI9,d2cd499b428d71b50228c5402acecb180f2b0df964054601d00f989e07aaf417,394,1,0.37387443,-0.009407067,-0.064405866
A0A0K2AU70,0b7ff550e12991d4503af39b2745bf295a9993095042f98970ea90b406a303ff,314,6,-0.34512338,0.30155876,0.10320844
A0A1D5PSH8,f95a6c26e225aa121c5e6c0fc8701a90c11c537ef7369a0c3bdf6d91e8e136dc,373,3,-0.009798841,-0.1438538,0.15908356
A0A290Z8Q0,7a51842dcbba50521ffab479b801abb3da2439e16dc49bd8be1816e0e253702a,470,6,0.1423761,0.53966343,0.16576189
A0A2K5QMN0,03dfb33fc0d9fa0341d1caa7a8efb63124d4aae76b62fda8b9283333c65a0981,324,0,-0.3010068,-0.1358367,-0.01603836
A0A2K6Q6K3,d474814e2d9b6f854a5fadc09d45c6fd6dbbe263afce0fabc0b79801f3562546,333,0,-0.2838019,-0.15225895,0.05941339
A0A2R9B980,798a2b3510e70516949e551b55d56d91762d3e4cdc9c3333f5f85426fdfd627f,382,1,0.3114382,-0.04805511,-0.054422315
A0A384D2B6,81a03bf2bb8dafd64bce55eb3c73e74e07fb79073f759393b477e3500d7382dc,381,1,0.22551964,0.14056157,0.15436415
A0A3Q0HFS5,3e5fd9259b5cc118819aeb1a45b50e51179e00f7e38f805b547adeaea916210b,264,0,-0.13037701,-0.1577035,-0.015263342
A0A671PH45,79be492fd23dae9c1117ae1597025c156ee0eca81585427392355a6dacd249c3,329,0,-0.22809203,-0.119887,-0.052654877
A0A672MHX3,7a9d1d8895dbc14dad625e01e96ab8843f5a2b4b445d3ff51824313b7eb66a19,410,3,0.11117428,-0.053053863,0.10366026
A0A6J1CUH2,5e4ab927dec63aac22ac96b8fe545617ea1ce91bac8a2a30cb86bf4d4d2a09b0,529,1,0.47077963,0.15450965,-0.14411457
A0A6J2ED19,4f6cfbf2c6a95ae0a89b7fc213a565991a8da33f3d5ebefaa1766fd90261eb9b,446,7,0.047281746,-0.10103369,0.18242882
A0A6P5Z0Y1,f5a24d860b0503befde260e62a3544da12e45cc190be9dbdabfc9ebe591d2c78,334,4,0.012885577,0.026842391,-0.12609605
A0A6P6R4C2,951f5620aea197302124dd986d8b35da7ba6d265bb52b448f5d0c6691a222100,331,0,-0.22809999,-0.15555032,0.06099033
A0A6P8NCQ6,d4cd31ecb8f304170124bf99ea7b17bbac24d20cff9d7446b275f253836ba362,326,3,0.11225409,-0.25757664,-0.12157455
A0A6P8RAL7,c04d21fa9c5b96bb95da58fb0070fafa6940cac30ef36d4ca3d41ecaff0e6e55,554,1,0.30506605,0.07385708,0.16732243
A0A7G6E0X6,db9c7eca0409eccee75e6580d63a720f336af36e63519e514cd78ae5030529d2,210,2,-0.2547308,-0.021866696,-0.16453983
A0A7M7KNR1,fe3893e5607149e63db4fbb67596a8b123cf0427e30fffc5b08b066eda6b4608,333,4,-0.10600484,0.0410892,-0.07802254
A0A8B9DJ00,b355a292ed4737b4d974646628e950b2370260aa95d65952b4458c043e8f0b42,325,0,-0.28028244,-0.120849915,-0.010108711
A0A8D2LKX6,b864cbe9e98b944427a02d6ab9a3671557a1d6f8d02968e4d7bfcd209d4381af,323,3,0.06710774,-0.06284902,0.10840294
A0AAJ8K261,e0cb5bdf8f63f4af78d01f0a52ea1a10e28508a03b824b207087764d0f1c01a0,450,4,0.17200579,0.10670431,-0.11297696
A1TDN3,9a1813fdc4d8729ab48803089dd4826bb475d1a7608df91841a045ad7d95b731,319,6,-0.14954472,0.28049946,0.0059301187
C1F775,1c2bfdbcbcbd2fe76b20ac2e65d70934f319f363211108190e5381043d147af8,260,2,-0.13298728,0.24069402,-0.11930389
E9NRZ3,11e4a15713700ab9f4905439c460c0e627d48373b0b251ddb0aebb5500bed687,402,7,-0.05415342,-0.11688368,0.2716716
F4RCF5,a1f52749cc8d259ba68192dd1e5691a8ef38e9390ee0202439241b5cd7a277e8,438,4,0.18534882,0.0015770803,-0.21264979
Q4RE23,275a3551add88ed1a7c5de26e0d2c45e1cfe1ae7b8239c728f4201d1aee73af7,337,0,-0.18311527,-0.10929545,0.08978936
Q5R9S2,d1a950469502b027ff7b7d105a0f105624893455403615afa886e5a786405da1,353,3,0.18907307,0.10161152,0.101514295
A0A2I2Z3V9,f24c0a68de639950000459b9836f25e94ea92005064d916edf1a6cfcb6b932f1,552,3,0.060685508,-0.118907,-0.010099093
A0A2K5BYX9,3775a9cccd691ee7707622189511ef2e0878059ee40ebe28045575be6d64dc14,445,7,-0.09397726,0.020581743,0.248971
A0A2K5JKD3,d2ba6e4e7339a1d0101238057cb6f707aaa3b25c01cba189092b04468cff471d,445,7,-0.09180483,0.01776112,0.23775525
A0A2K6TVQ7,e4b81850852ec9cf8ccea7167c57d407dc86947ba7babcf0037f17b91125536f,598,3,0.05708548,-0.12637115,0.011755714
A0A2Y9J8X1,362982d95027ec217146a4465279b0637f0deead94869e54028e8c3db214dee3,598,3,0.04332549,-0.11702514,0.02360939
A0A384CIY2,ca5450468212a4ce743a204b997275a905a395a53dce7f1d5bbfdff46e96610f,542,3,0.13813096,-0.08646771,0.074908026
A0A3B5KW74,08ee360547e3e66e5e2b05f093746cc8702b5771a6cf1c8c2cebc053270ea358,513,3,0.10809696,-0.0844835,0.11089006
A0A6J0AAX9,3a13c4b8d31af1a836b0eedabbd228360c222678734a9110b24d233100c20d2f,447,7,-0.06123357,0.0039055499,0.2275571
A0A6P5LPX7,3209be3042ef8a4648bff62333242ed1f5ed9bed5dcea25d56a8d32d1034049c,563,3,-0.0045052064,-0.13950987,0.0020286378
A0A822ZX96,0f972ca738086ffabe1b6e7208122428875a2e0baa05032e771c0888786c3a7a,444,3,0.044940915,-0.10652546,-0.0048186756
A0A8C9GQG0,913345b85de51a71f0dbe79e833189bbfc9e5586710b9f7715769f9b4f0f6a35,552,3,0.061537314,-0.110534675,-0.009817654
A0A9B0F253,ed0a259efb89ebf7dad4ef918bcd0ce1bf269ca462d8e797217f08abea764453,571,0,-0.084651865,-0.120390564,0.055422846
A0A9J7DVZ7,2bee14dcbd82be45a52a825bab7ab5e7dcc45d1fe22357bba78669e86eccc4c5,442,3,0.086996146,-0.097960666,-0.00023968756
A0AAJ6VU53,5cd886ea78a33e93c30bc37e97cc8191b5cfdf27b2c15e9844c355e4f54a0fc8,437,3,0.07419755,-0.10547476,0.013009368
C0HA92,921a4117a4a31cc2573660f05e2d91bb4dfaa6b37cec946f694b79bcb31b8739,560,0,-0.06315254,-0.11600308,0.024026284
Q3KR95,d69d385eda7a1275e39077c4b0678c497e3cda7875061add135591513452306f,578,3,0.1555131,-0.06707696,-0.017211279
Q9ES89,089cfc6cd0b61d77012d6a2459a6d61609195334266668865f9d10915b76fe0e,330,1,0.40587944,0.061723538,-0.08620207
V4AMI3,149d69a48c094378dba91a46b918d7c72222eaa01df9d10a433fee11633e6ab3,271,4,0.084601566,-0.05714725,-0.16052932
A0AAJ7T5W4,38fbbc7036eee6ea557875188511ee5ed30494faed2df9fb135d31b96f91f209,302,7,-0.11616768,0.019882822,0.1421936
A5PKR1,e3b606cd24057d298b04b495e048f0c13d838031be920573fb415a4f4ed35196,563,3,0.019194715,-0.14535235,0.01706441
C6CDS5,bc2bc6661d2f00b0cef02f83258689897dd7a092dae84606310dd8d4e134bf51,573,1,0.5007342,0.08297682,-0.22246097
A0A674BRS7,1443125ec48cd2cca37f7dd73dde94dab7e07c80ec877bb4e8b49ddd247e85e8,250,5,-0.481196,-0.14576878,-0.10560891
C4LIJ4,34d66199142de5f3cf5d825fa1b6b152ee6ae352035bfdad1f19def8ea8a6c4f,272,2,-0.18862715,0.11389446,-0.1806547
D8S5L4,36ee9a1cedf978e00ef3e8753cb0cc08dc4fa9866eb2de662c219524b026e357,422,1,0.42788765,0.26533765,-0.11855872
E8R842,674f3760a88797b89e2f6570c927088bb255d1444b3f840c6e6fc18352284319,251,2,-0.17271356,0.09472952,-0.11228807
H2AMF6,547d0bf382ac3f5806981f3c32b39ccc836705b057bb3b5d6dcbba2906fc95db,369,1,0.24331324,-0.13578844,-0.16014735
Q4N498,f1f8e108d208629c2660446beb7b856c5a0920639552944a64f7806c57ed8a99,325,1,0.3885062,-0.030038549,-0.22536555
A0A6P3Q5G8,31608ab9c7f3f3afe8fd29df12da61aec339527f9f1e19b1fe55aa64a53f87fd,329,7,-0.13396071,-0.0038755357,0.23999879
Q07537,335f8ea2e11c45cd914e16e798db24bd8bec5a3a4f8fe9b6eb30dc570da3b6a5,559,0,-0.2176136,-0.2404168,0.055981427
W8BNR9,5ac91d7a61a5b9acde68f873443bb3ab877935c6b8762c09a4737ad5dee67c79,513,3,0.17446886,-0.16725452,-0.02739915
A0A8B7ND61,f269b8b52dc3eee13728f4848352fb363a0e4c536e1009028520081840c92796,238,5,-0.45957956,-0.23870257,-0.19243424
A0A124GTX7,ca5de00c2604916b185c71694b06eb13cc6b50a1ce6576ed02acf4434cb6968b,314,6,-0.30451807,0.21447589,0.04928594
F8K032,8e55ef803165f8e77dc897fa0359e7141247ca4a1b179a89fb94cc9f07e31baf,322,6,-0.34553656,0.34280586,0.13675897
A0A6J1MLY8,c8cb06cd984a8f766cea8ac4a0444cfa3b67c47525f9674ffcd4c3b6d074fb03,296,3,0.097120225,-0.14941674,-0.051447015
A0A8H9NRE3,8978a77820bd4251653816f3485b29493ed6fad73d9db4bf04eba09a1bfab144,327,2,-0.28103882,0.0720153,-0.19806251
A0AAC9VRE0,2ea289f203994c2b2dea95fdab9b2396fb14c5541939f886c099ec7d9d1742b1,344,6,-0.011296373,0.35112408,0.03050313
A0A6J1MPI0,0251d1fcde4c67d29d5e4398cb9fc0affc98c802880af0de9317f311df9b537d,347,1,0.3391739,-0.08200787,-0.06750286
A0A2Y9N9Z0,7a25bf119e21b47252e2d1b4eb036d67c2a7c548ebe213d344cf75c70d8828fb,443,7,0.016157882,-0.0064480803,0.23346107
A0A6J1LT78,7756b15460a666f0038132ba3613ad610b6414265157aca42fc50ba9cc3944f8,360,3,0.13506863,-0.12168483,-0.04274544
A0A6J2M5I5,61238f1d76d27d0a23fa96cae2d606b2ed9cdc24d05f73034becd4255c3e4dde,443,7,0.089670695,-0.07286989,0.18859436
A0A8I6THM9,d1eb500edcb8f1164f3819a5dcaf7dfa6e06039114701fd23b40af024208d81b,374,3,0.1315514,-0.08825897,-0.01888131
A0A9F2NVZ4,9435a86f1aa89c32e57d1502ec57194e4d9942f3b2da646bb81b88c892b9f1ed,354,3,0.04979645,-0.17511323,0.013976381
A0AAY5KUQ3,6ce40346feeffcad5e0288bb18f65734e20d2519623c67366325cfda003fc45a,446,3,0.18100497,-0.043919805,0.121969536
E2C236,4e02b260add4cbaa4102bf96dc50f24d7133cb336610c6a6d262234b862d433b,367,3,0.09209516,-0.10009595,-0.010896586
A0A0S2Z4Y5,15f64df8c8f0b1086f5af0ff4d37a3ace660213c44b800fd60bc9897c4870e95,260,5,-0.41244784,-0.20340995,-0.12830089
A0A340WUB8,74db7b5c85f01da4aa917ff4601b7b19d8c84c1294c2c9933407f920cf2ef3f8,571,0,-0.08682994,-0.103046514,0.059478384
A0A3Q3FBI2,a3fbd2fa018de2be0b6dded587386168c84a500417a4e6b031360398214f9f24,539,3,0.097579546,-0.03773301,0.16818766
A0A673YNE4,e11828ff1ff55f6cca7c8db4781cc8247d0bb770396fca012345365706fc0592,521,3,0.14367849,-0.06718865,0.14852531
A0A6I9HHM6,13d9045e5dc2ae0ff34da8acccb7c3e225c95d41a38352005437226fe8411c36,344,3,0.08327276,-0.054314986,0.04418881
A0A6P7P277,205e80e230cf167bc6f63a664a5d1974729f899b097d88e081a431957fbb862a,359,3,0.06490641,-0.045506895,0.056611586
A0A6P8TM85,9fb236ae997f8595cc8d09e75e6a9436dd9cce84618d3b9cba7002bc401d8305,565,0,-0.05485884,-0.12081987,0.07981424
A0A8C7UPG9,7283ba743909269d3e7dae832aadd08beef2e3e05de9a93c739a3920ad95a86d,352,3,0.08964586,-0.07557145,0.029711869
A0A9W3GNN3,95fc4426dc22f689180b199b0d700dfee8bb63bb4c3a5dd779bd6b8d9fc0d711,389,7,0.10049252,-0.00069139694,0.30506197
A0A075LW10,5ec38da2a4dc9fb91b448ef571042f04cfaa8385c67279bed5de2975c56d91a3,353,2,-0.15800175,-0.03921173,-0.23147853
A0A0D2VRX8,9d101fd739c3b14eff1771a0ac2f75dcb049c06828d6bb9e7981ed40dfd8065e,333,4,0.028248297,0.001871155,-0.15635309
A0A143QPU8,5164f541c727ee8f3ab2bdda11447c04dd8e2847d7905a49b8a2f07282ceddf9,248,2,-0.37597683,0.14844042,-0.116143845
A0A177E2T1,a60d029d9a78adba55f4aad46f8ee6783eb03d8c9d4eaf23e6527facf057caa6,416,4,-0.044286076,0.029910536,-0.021825964
A0A6H1U1I7,e42719441c5638c95b29a4c8eb485570c773967829f7f6fd9e8e48ac59821860,403,2,-0.22704092,0.10196887,-0.12794042
A0A7M7REE5,b789f1a9e15e8c999baf7adb9e6a8f2504db71bbb056a6ac1cd01f688fdb7443,242,5,-0.5020399,-0.2275289,-0.14944956
B7KDP1,f4ad7e9d70dc5c6b6519bfab73fc3cce3aa1748a820b877abb86be3844d37af2,419,2,-0.13040963,0.02664021,-0.19072673
A0A195CUZ4,c44d5f0aa233276c0d07cfa573bc1d6883e160a0153cc6aa557f08ed44592c38,349,3,0.12972195,-0.071109846,-0.03132494
A0A8C3G997,a8157ff7242f095235b0e98385d769f007c2ba9755da72be8275f4806ed573cf,333,7,-0.083370864,-0.033326972,0.123358585
A0A1B7YIQ4,a65f18a468ca126124cd4b35aef6e6fe5110189f9b2004c25e3512867762c414,297,1,0.18970183,0.18412443,-0.040367596
A0A1S3UTP8,724b7c48e8a55112202043acc5c2680a899301091e17e7d5d930a983f212750e,521,1,0.48127013,0.16353114,-0.15561347
A0A3B4V564,cdac231e10732dddea113f461d5020ecbc090ca63c4caaa4115e4e49051fa65a,382,1,0.30654505,-0.040806167,-0.051642455
A0A6I9P9V3,3cb6b175a94cdc04111fd9245ffc46192bd2c79fc54d2e6514349e5544bbc2dc,322,3,0.13671573,0.008376611,0.07881817
A0A7F5R9J0,e6491b388960ef8ddd7cfdbf6d470cb4feea27856928c4b293b88df58748d162,312,3,0.12558417,-0.17298488,-0.0769181
A0A8B7WH33,a111fb834efa1abcdd96a20eb867e73e03c2e5792b821ac48b698c03eb6dd14c,382,1,0.3178594,-0.05303925,-0.061196588
A0A8U0U5B6,254c1fdfb1d067407e22d55bfa1265435605cf9d557dbd0c05d7bbf57ac9e0e4,363,0,-0.113925144,-0.14950706,0.08637083
A0A9W8UJ08,f4b3ed66fdad055bb6c8931d3a5f32f2f73aafb237020ab11e7457fce3d59698,533,4,0.08113993,0.061648738,-0.0513438
B9RKH1,52ae3b346f58e21ba251bfcc10ce86b6a8fe965e7a697279822d3b0c18c2bd76,522,1,0.46742368,0.164161,-0.15013327
D4ARV7,28c4de54210c44dd086c0e7de9e3298e9b3d2b04c2b9bc54b3a5f3fb128dcb60,532,1,0.22549708,0.06269167,-0.06337098
F7VTZ2,4f70e274456c282b6e0a6e5542a8d6837b81a91adaab122c29e5a3b703e9ffd0,541,4,0.028480232,0.095754944,-0.0069744824
A0A0D9RVY1,68b28f50993aa98f00cb42383e8feac6c0c787158bdb830e833c5a4a8f96315a,532,3,0.039776426,-0.11408551,0.11799585
A0A177D4M9,2ffd06c286d4be1c58db7237c414c850189d074b28bbc96b5ee21bb4826abaa5,576,1,0.44079968,0.12637405,-0.16503903
A0A2I0MDY8,6ac4aff6ca662764e185e0e22ca5ab902986d7329099cc4a85bf43858edea8d2,331,1,0.41673648,0.070152946,-0.08305653
A0A2Y9KLA4,5f8735cab24b7ab30f07ef68e785640ab0ce32dfa846216272270cdfffcc787a,321,7,-0.1377033,0.03824434,0.30808687
A0A6D2VS35,aeffea20987ff994a7d16f1459ab9976bd209295079759908478cbecd9110060,552,3,0.06304798,-0.118169904,-0.010417725
A0A6I9S8U6,7ced86e98ea32954c92b4d11ebba90a683783cde802c5df50b069dd727241136,445,3,0.049848158,-0.094145246,0.010652307
A0A6P8G085,67ba4599415d5e7ea2badc35fe916bb6af4ae02dec3363ada500c5e7b57bdc9d,578,7,-0.038309067,-0.010327803,0.22620964
A0A7R7VNC4,1d4bafb9f0d8e18edac8710539cd5733b9598ba98a45fcc78c1488902ce78dcb,486,3,0.08710512,-0.0397742,-0.04812067
A0A9L0IDY6,21478b3ccf75464c4b3cddfac5e916e23c9a26eb4950bce8be28ded91e25356f,321,7,-0.14579254,0.05102773,0.3154172
A0A9R0AGB0,bedc4aadbe099b6b1c2fb221777bd9098f73e3871cee650577a565cf88fc8a00,557,0,-0.24337314,-0.21367738,0.07473171
A0A9W3D7U4,a9408bb7d97adc7e8ceed5b5cbae52a855ca0cbb58c204423528562babf73ff6,428,3,0.029711774,-0.1310861,0.01231181
A0AAJ7UGN7,25f9d17e4fd4b8444881e20178a8b6340bdfc88acafc5ab21ec4cae83517666b,310,4,-0.009279642,-0.122118585,-0.07594698
A0AAV0A7I0,488ea0113cd238c1207ebfad117c2627ebedaf56538445b1218a674db1abbd5a,578,3,0.15515253,-0.063360155,-0.0033802292
A0A0T9M4T5,c2ff74e290b94c5c32f356d80b6a7871c629bb5e16f20a9e0fbcc29d8427c85b,327,2,-0.30868396,0.07102828,-0.19128989
A0A2L1UQ36,a953ce482c57c0b72f831f7b56e5ba13e56cc4c4843339137b309f1500835570,326,2,-0.33469433,0.06898719,-0.1768146
H2IT99,30a6b726d565307bb00a67faaab467e56b75c78c223abc0a4097194abd18533e,326,2,-0.33504474,0.052850816,-0.1911277
