candidate,source_dir,dcd,final_pdb,prod_log,complex_gro,protein_pdb,ligand_pdb,em_tpr,em_trr,em_edr,status
rank001_GWHPBECS001198,neg_fix_v1_top10/rank001_GWHPBECS001198,neg_fix_v1_top10/rank001_GWHPBECS001198/outputs/prod.dcd,neg_fix_v1_top10/rank001_GWHPBECS001198/outputs/final.pdb,neg_fix_v1_top10/rank001_GWHPBECS001198/outputs/prod.log,neg_fix_v1_top10/rank001_GWHPBECS001198/work/complex.gro,neg_fix_v1_top10/rank001_GWHPBECS001198/work/protein.pdb,neg_fix_v1_top10/rank001_GWHPBECS001198/work/ligand.pdb,neg_fix_v1_top10/rank001_GWHPBECS001198/work/em.tpr,neg_fix_v1_top10/rank001_GWHPBECS001198/work/em.trr,neg_fix_v1_top10/rank001_GWHPBECS001198/work/em.edr,OK
rank002_GWHPBECS032946,neg_fix_v1_top10/rank002_GWHPBECS032946,neg_fix_v1_top10/rank002_GWHPBECS032946/outputs/prod.dcd,neg_fix_v1_top10/rank002_GWHPBECS032946/outputs/final.pdb,neg_fix_v1_top10/rank002_GWHPBECS032946/outputs/prod.log,neg_fix_v1_top10/rank002_GWHPBECS032946/work/complex.gro,neg_fix_v1_top10/rank002_GWHPBECS032946/work/protein.pdb,neg_fix_v1_top10/rank002_GWHPBECS032946/work/ligand.pdb,neg_fix_v1_top10/rank002_GWHPBECS032946/work/em.tpr,neg_fix_v1_top10/rank002_GWHPBECS032946/work/em.trr,neg_fix_v1_top10/rank002_GWHPBECS032946/work/em.edr,OK
rank003_GWHPBECS031879,neg_fix_v1_top10/rank003_GWHPBECS031879,neg_fix_v1_top10/rank003_GWHPBECS031879/outputs/prod.dcd,neg_fix_v1_top10/rank003_GWHPBECS031879/outputs/final.pdb,neg_fix_v1_top10/rank003_GWHPBECS031879/outputs/prod.log,neg_fix_v1_top10/rank003_GWHPBECS031879/work/complex.gro,neg_fix_v1_top10/rank003_GWHPBECS031879/work/protein.pdb,neg_fix_v1_top10/rank003_GWHPBECS031879/work/ligand.pdb,neg_fix_v1_top10/rank003_GWHPBECS031879/work/em.tpr,neg_fix_v1_top10/rank003_GWHPBECS031879/work/em.trr,neg_fix_v1_top10/rank003_GWHPBECS031879/work/em.edr,OK
rank004_GWHPBECS023846,neg_fix_v1_top10/rank004_GWHPBECS023846,neg_fix_v1_top10/rank004_GWHPBECS023846/outputs/prod.dcd,neg_fix_v1_top10/rank004_GWHPBECS023846/outputs/final.pdb,neg_fix_v1_top10/rank004_GWHPBECS023846/outputs/prod.log,neg_fix_v1_top10/rank004_GWHPBECS023846/work/complex.gro,neg_fix_v1_top10/rank004_GWHPBECS023846/work/protein.pdb,neg_fix_v1_top10/rank004_GWHPBECS023846/work/ligand.pdb,neg_fix_v1_top10/rank004_GWHPBECS023846/work/em.tpr,neg_fix_v1_top10/rank004_GWHPBECS023846/work/em.trr,neg_fix_v1_top10/rank004_GWHPBECS023846/work/em.edr,OK
rank005_GWHPBECS023836,neg_fix_v1_top10/rank005_GWHPBECS023836,neg_fix_v1_top10/rank005_GWHPBECS023836/outputs/prod.dcd,neg_fix_v1_top10/rank005_GWHPBECS023836/outputs/final.pdb,neg_fix_v1_top10/rank005_GWHPBECS023836/outputs/prod.log,neg_fix_v1_top10/rank005_GWHPBECS023836/work/complex.gro,neg_fix_v1_top10/rank005_GWHPBECS023836/work/protein.pdb,neg_fix_v1_top10/rank005_GWHPBECS023836/work/ligand.pdb,neg_fix_v1_top10/rank005_GWHPBECS023836/work/em.tpr,neg_fix_v1_top10/rank005_GWHPBECS023836/work/em.trr,neg_fix_v1_top10/rank005_GWHPBECS023836/work/em.edr,OK
rank006_GWHPBECS024446,neg_fix_v1_top200/rank006_GWHPBECS024446,neg_fix_v1_top200/rank006_GWHPBECS024446/outputs/prod.dcd,neg_fix_v1_top200/rank006_GWHPBECS024446/outputs/final.pdb,neg_fix_v1_top200/rank006_GWHPBECS024446/outputs/prod.log,neg_fix_v1_top200/rank006_GWHPBECS024446/work/complex.gro,neg_fix_v1_top200/rank006_GWHPBECS024446/work/protein.pdb,neg_fix_v1_top200/rank006_GWHPBECS024446/work/ligand.pdb,neg_fix_v1_top200/rank006_GWHPBECS024446/work/em.tpr,neg_fix_v1_top200/rank006_GWHPBECS024446/work/em.trr,neg_fix_v1_top200/rank006_GWHPBECS024446/work/em.edr,OK
rank007_GWHPBECS041244,neg_fix_v1_top200/rank007_GWHPBECS041244,neg_fix_v1_top200/rank007_GWHPBECS041244/outputs/prod.dcd,neg_fix_v1_top200/rank007_GWHPBECS041244/outputs/final.pdb,neg_fix_v1_top200/rank007_GWHPBECS041244/outputs/prod.log,neg_fix_v1_top200/rank007_GWHPBECS041244/work/complex.gro,neg_fix_v1_top200/rank007_GWHPBECS041244/work/protein.pdb,neg_fix_v1_top200/rank007_GWHPBECS041244/work/ligand.pdb,neg_fix_v1_top200/rank007_GWHPBECS041244/work/em.tpr,neg_fix_v1_top200/rank007_GWHPBECS041244/work/em.trr,neg_fix_v1_top200/rank007_GWHPBECS041244/work/em.edr,OK
rank008_GWHPBECS005891,neg_fix_v1_top200/rank008_GWHPBECS005891,neg_fix_v1_top200/rank008_GWHPBECS005891/outputs/prod.dcd,neg_fix_v1_top200/rank008_GWHPBECS005891/outputs/final.pdb,neg_fix_v1_top200/rank008_GWHPBECS005891/outputs/prod.log,neg_fix_v1_top200/rank008_GWHPBECS005891/work/complex.gro,neg_fix_v1_top200/rank008_GWHPBECS005891/work/protein.pdb,neg_fix_v1_top200/rank008_GWHPBECS005891/work/ligand.pdb,neg_fix_v1_top200/rank008_GWHPBECS005891/work/em.tpr,neg_fix_v1_top200/rank008_GWHPBECS005891/work/em.trr,neg_fix_v1_top200/rank008_GWHPBECS005891/work/em.edr,OK
rank009_GWHPBECS041263,neg_fix_v1_top200/rank009_GWHPBECS041263,neg_fix_v1_top200/rank009_GWHPBECS041263/outputs/prod.dcd,neg_fix_v1_top200/rank009_GWHPBECS041263/outputs/final.pdb,neg_fix_v1_top200/rank009_GWHPBECS041263/outputs/prod.log,neg_fix_v1_top200/rank009_GWHPBECS041263/work/complex.gro,neg_fix_v1_top200/rank009_GWHPBECS041263/work/protein.pdb,neg_fix_v1_top200/rank009_GWHPBECS041263/work/ligand.pdb,neg_fix_v1_top200/rank009_GWHPBECS041263/work/em.tpr,neg_fix_v1_top200/rank009_GWHPBECS041263/work/em.trr,neg_fix_v1_top200/rank009_GWHPBECS041263/work/em.edr,OK
rank010_GWHPBECS005377,neg_fix_v1_top200/rank010_GWHPBECS005377,neg_fix_v1_top200/rank010_GWHPBECS005377/outputs/prod.dcd,neg_fix_v1_top200/rank010_GWHPBECS005377/outputs/final.pdb,neg_fix_v1_top200/rank010_GWHPBECS005377/outputs/prod.log,neg_fix_v1_top200/rank010_GWHPBECS005377/work/complex.gro,neg_fix_v1_top200/rank010_GWHPBECS005377/work/protein.pdb,neg_fix_v1_top200/rank010_GWHPBECS005377/work/ligand.pdb,neg_fix_v1_top200/rank010_GWHPBECS005377/work/em.tpr,neg_fix_v1_top200/rank010_GWHPBECS005377/work/em.trr,neg_fix_v1_top200/rank010_GWHPBECS005377/work/em.edr,OK
rank011_GWHPBECS041243,neg_fix_v1_top200/rank011_GWHPBECS041243,neg_fix_v1_top200/rank011_GWHPBECS041243/outputs/prod.dcd,neg_fix_v1_top200/rank011_GWHPBECS041243/outputs/final.pdb,neg_fix_v1_top200/rank011_GWHPBECS041243/outputs/prod.log,neg_fix_v1_top200/rank011_GWHPBECS041243/work/complex.gro,neg_fix_v1_top200/rank011_GWHPBECS041243/work/protein.pdb,neg_fix_v1_top200/rank011_GWHPBECS041243/work/ligand.pdb,neg_fix_v1_top200/rank011_GWHPBECS041243/work/em.tpr,neg_fix_v1_top200/rank011_GWHPBECS041243/work/em.trr,neg_fix_v1_top200/rank011_GWHPBECS041243/work/em.edr,OK
rank012_GWHPBECS006191,neg_fix_v1_top200/rank012_GWHPBECS006191,neg_fix_v1_top200/rank012_GWHPBECS006191/outputs/prod.dcd,neg_fix_v1_top200/rank012_GWHPBECS006191/outputs/final.pdb,neg_fix_v1_top200/rank012_GWHPBECS006191/outputs/prod.log,neg_fix_v1_top200/rank012_GWHPBECS006191/work/complex.gro,neg_fix_v1_top200/rank012_GWHPBECS006191/work/protein.pdb,neg_fix_v1_top200/rank012_GWHPBECS006191/work/ligand.pdb,neg_fix_v1_top200/rank012_GWHPBECS006191/work/em.tpr,neg_fix_v1_top200/rank012_GWHPBECS006191/work/em.trr,neg_fix_v1_top200/rank012_GWHPBECS006191/work/em.edr,OK
rank013_GWHPBECS041259,neg_fix_v1_top200/rank013_GWHPBECS041259,neg_fix_v1_top200/rank013_GWHPBECS041259/outputs/prod.dcd,neg_fix_v1_top200/rank013_GWHPBECS041259/outputs/final.pdb,neg_fix_v1_top200/rank013_GWHPBECS041259/outputs/prod.log,neg_fix_v1_top200/rank013_GWHPBECS041259/work/complex.gro,neg_fix_v1_top200/rank013_GWHPBECS041259/work/protein.pdb,neg_fix_v1_top200/rank013_GWHPBECS041259/work/ligand.pdb,neg_fix_v1_top200/rank013_GWHPBECS041259/work/em.tpr,neg_fix_v1_top200/rank013_GWHPBECS041259/work/em.trr,neg_fix_v1_top200/rank013_GWHPBECS041259/work/em.edr,OK
rank014_GWHPBECS036195,neg_fix_v1_top200/rank014_GWHPBECS036195,neg_fix_v1_top200/rank014_GWHPBECS036195/outputs/prod.dcd,neg_fix_v1_top200/rank014_GWHPBECS036195/outputs/final.pdb,neg_fix_v1_top200/rank014_GWHPBECS036195/outputs/prod.log,neg_fix_v1_top200/rank014_GWHPBECS036195/work/complex.gro,neg_fix_v1_top200/rank014_GWHPBECS036195/work/protein.pdb,neg_fix_v1_top200/rank014_GWHPBECS036195/work/ligand.pdb,neg_fix_v1_top200/rank014_GWHPBECS036195/work/em.tpr,neg_fix_v1_top200/rank014_GWHPBECS036195/work/em.trr,neg_fix_v1_top200/rank014_GWHPBECS036195/work/em.edr,OK
rank015_GWHPBECS041203,neg_fix_v1_top200/rank015_GWHPBECS041203,neg_fix_v1_top200/rank015_GWHPBECS041203/outputs/prod.dcd,neg_fix_v1_top200/rank015_GWHPBECS041203/outputs/final.pdb,neg_fix_v1_top200/rank015_GWHPBECS041203/outputs/prod.log,neg_fix_v1_top200/rank015_GWHPBECS041203/work/complex.gro,neg_fix_v1_top200/rank015_GWHPBECS041203/work/protein.pdb,neg_fix_v1_top200/rank015_GWHPBECS041203/work/ligand.pdb,neg_fix_v1_top200/rank015_GWHPBECS041203/work/em.tpr,neg_fix_v1_top200/rank015_GWHPBECS041203/work/em.trr,neg_fix_v1_top200/rank015_GWHPBECS041203/work/em.edr,OK
rank016_GWHPBECS019991,neg_fix_v1_top200/rank016_GWHPBECS019991,neg_fix_v1_top200/rank016_GWHPBECS019991/outputs/prod.dcd,neg_fix_v1_top200/rank016_GWHPBECS019991/outputs/final.pdb,neg_fix_v1_top200/rank016_GWHPBECS019991/outputs/prod.log,neg_fix_v1_top200/rank016_GWHPBECS019991/work/complex.gro,neg_fix_v1_top200/rank016_GWHPBECS019991/work/protein.pdb,neg_fix_v1_top200/rank016_GWHPBECS019991/work/ligand.pdb,neg_fix_v1_top200/rank016_GWHPBECS019991/work/em.tpr,neg_fix_v1_top200/rank016_GWHPBECS019991/work/em.trr,neg_fix_v1_top200/rank016_GWHPBECS019991/work/em.edr,OK
rank017_GWHPBECS039819,neg_fix_v1_top200/rank017_GWHPBECS039819,neg_fix_v1_top200/rank017_GWHPBECS039819/outputs/prod.dcd,neg_fix_v1_top200/rank017_GWHPBECS039819/outputs/final.pdb,neg_fix_v1_top200/rank017_GWHPBECS039819/outputs/prod.log,neg_fix_v1_top200/rank017_GWHPBECS039819/work/complex.gro,neg_fix_v1_top200/rank017_GWHPBECS039819/work/protein.pdb,neg_fix_v1_top200/rank017_GWHPBECS039819/work/ligand.pdb,neg_fix_v1_top200/rank017_GWHPBECS039819/work/em.tpr,neg_fix_v1_top200/rank017_GWHPBECS039819/work/em.trr,neg_fix_v1_top200/rank017_GWHPBECS039819/work/em.edr,OK
rank018_GWHPBECS034039,neg_fix_v1_top200/rank018_GWHPBECS034039,neg_fix_v1_top200/rank018_GWHPBECS034039/outputs/prod.dcd,neg_fix_v1_top200/rank018_GWHPBECS034039/outputs/final.pdb,neg_fix_v1_top200/rank018_GWHPBECS034039/outputs/prod.log,neg_fix_v1_top200/rank018_GWHPBECS034039/work/complex.gro,neg_fix_v1_top200/rank018_GWHPBECS034039/work/protein.pdb,neg_fix_v1_top200/rank018_GWHPBECS034039/work/ligand.pdb,neg_fix_v1_top200/rank018_GWHPBECS034039/work/em.tpr,neg_fix_v1_top200/rank018_GWHPBECS034039/work/em.trr,neg_fix_v1_top200/rank018_GWHPBECS034039/work/em.edr,OK
rank019_GWHPBECS041202,neg_fix_v1_top200/rank019_GWHPBECS041202,neg_fix_v1_top200/rank019_GWHPBECS041202/outputs/prod.dcd,neg_fix_v1_top200/rank019_GWHPBECS041202/outputs/final.pdb,neg_fix_v1_top200/rank019_GWHPBECS041202/outputs/prod.log,neg_fix_v1_top200/rank019_GWHPBECS041202/work/complex.gro,neg_fix_v1_top200/rank019_GWHPBECS041202/work/protein.pdb,neg_fix_v1_top200/rank019_GWHPBECS041202/work/ligand.pdb,neg_fix_v1_top200/rank019_GWHPBECS041202/work/em.tpr,neg_fix_v1_top200/rank019_GWHPBECS041202/work/em.trr,neg_fix_v1_top200/rank019_GWHPBECS041202/work/em.edr,OK
rank020_GWHPBECS023843,neg_fix_v1_top200/rank020_GWHPBECS023843,neg_fix_v1_top200/rank020_GWHPBECS023843/outputs/prod.dcd,neg_fix_v1_top200/rank020_GWHPBECS023843/outputs/final.pdb,neg_fix_v1_top200/rank020_GWHPBECS023843/outputs/prod.log,neg_fix_v1_top200/rank020_GWHPBECS023843/work/complex.gro,neg_fix_v1_top200/rank020_GWHPBECS023843/work/protein.pdb,neg_fix_v1_top200/rank020_GWHPBECS023843/work/ligand.pdb,neg_fix_v1_top200/rank020_GWHPBECS023843/work/em.tpr,neg_fix_v1_top200/rank020_GWHPBECS023843/work/em.trr,neg_fix_v1_top200/rank020_GWHPBECS023843/work/em.edr,OK
rank021_GWHPBECS039810,neg_fix_v1_top200/rank021_GWHPBECS039810,neg_fix_v1_top200/rank021_GWHPBECS039810/outputs/prod.dcd,neg_fix_v1_top200/rank021_GWHPBECS039810/outputs/final.pdb,neg_fix_v1_top200/rank021_GWHPBECS039810/outputs/prod.log,neg_fix_v1_top200/rank021_GWHPBECS039810/work/complex.gro,neg_fix_v1_top200/rank021_GWHPBECS039810/work/protein.pdb,neg_fix_v1_top200/rank021_GWHPBECS039810/work/ligand.pdb,neg_fix_v1_top200/rank021_GWHPBECS039810/work/em.tpr,neg_fix_v1_top200/rank021_GWHPBECS039810/work/em.trr,neg_fix_v1_top200/rank021_GWHPBECS039810/work/em.edr,OK
rank022_GWHPBECS041249,neg_fix_v1_top200/rank022_GWHPBECS041249,neg_fix_v1_top200/rank022_GWHPBECS041249/outputs/prod.dcd,neg_fix_v1_top200/rank022_GWHPBECS041249/outputs/final.pdb,neg_fix_v1_top200/rank022_GWHPBECS041249/outputs/prod.log,neg_fix_v1_top200/rank022_GWHPBECS041249/work/complex.gro,neg_fix_v1_top200/rank022_GWHPBECS041249/work/protein.pdb,neg_fix_v1_top200/rank022_GWHPBECS041249/work/ligand.pdb,neg_fix_v1_top200/rank022_GWHPBECS041249/work/em.tpr,neg_fix_v1_top200/rank022_GWHPBECS041249/work/em.trr,neg_fix_v1_top200/rank022_GWHPBECS041249/work/em.edr,OK
rank023_GWHPBECS023832,neg_fix_v1_top200/rank023_GWHPBECS023832,neg_fix_v1_top200/rank023_GWHPBECS023832/outputs/prod.dcd,neg_fix_v1_top200/rank023_GWHPBECS023832/outputs/final.pdb,neg_fix_v1_top200/rank023_GWHPBECS023832/outputs/prod.log,neg_fix_v1_top200/rank023_GWHPBECS023832/work/complex.gro,neg_fix_v1_top200/rank023_GWHPBECS023832/work/protein.pdb,neg_fix_v1_top200/rank023_GWHPBECS023832/work/ligand.pdb,neg_fix_v1_top200/rank023_GWHPBECS023832/work/em.tpr,neg_fix_v1_top200/rank023_GWHPBECS023832/work/em.trr,neg_fix_v1_top200/rank023_GWHPBECS023832/work/em.edr,OK
rank024_GWHPBECS013086,neg_fix_v1_top200/rank024_GWHPBECS013086,neg_fix_v1_top200/rank024_GWHPBECS013086/outputs/prod.dcd,neg_fix_v1_top200/rank024_GWHPBECS013086/outputs/final.pdb,neg_fix_v1_top200/rank024_GWHPBECS013086/outputs/prod.log,neg_fix_v1_top200/rank024_GWHPBECS013086/work/complex.gro,neg_fix_v1_top200/rank024_GWHPBECS013086/work/protein.pdb,neg_fix_v1_top200/rank024_GWHPBECS013086/work/ligand.pdb,neg_fix_v1_top200/rank024_GWHPBECS013086/work/em.tpr,neg_fix_v1_top200/rank024_GWHPBECS013086/work/em.trr,neg_fix_v1_top200/rank024_GWHPBECS013086/work/em.edr,OK
rank025_GWHPBECS039805,neg_fix_v1_top200/rank025_GWHPBECS039805,neg_fix_v1_top200/rank025_GWHPBECS039805/outputs/prod.dcd,neg_fix_v1_top200/rank025_GWHPBECS039805/outputs/final.pdb,neg_fix_v1_top200/rank025_GWHPBECS039805/outputs/prod.log,neg_fix_v1_top200/rank025_GWHPBECS039805/work/complex.gro,neg_fix_v1_top200/rank025_GWHPBECS039805/work/protein.pdb,neg_fix_v1_top200/rank025_GWHPBECS039805/work/ligand.pdb,neg_fix_v1_top200/rank025_GWHPBECS039805/work/em.tpr,neg_fix_v1_top200/rank025_GWHPBECS039805/work/em.trr,neg_fix_v1_top200/rank025_GWHPBECS039805/work/em.edr,OK
rank026_GWHPBECS005381,neg_fix_v1_top200/rank026_GWHPBECS005381,neg_fix_v1_top200/rank026_GWHPBECS005381/outputs/prod.dcd,neg_fix_v1_top200/rank026_GWHPBECS005381/outputs/final.pdb,neg_fix_v1_top200/rank026_GWHPBECS005381/outputs/prod.log,neg_fix_v1_top200/rank026_GWHPBECS005381/work/complex.gro,neg_fix_v1_top200/rank026_GWHPBECS005381/work/protein.pdb,neg_fix_v1_top200/rank026_GWHPBECS005381/work/ligand.pdb,neg_fix_v1_top200/rank026_GWHPBECS005381/work/em.tpr,neg_fix_v1_top200/rank026_GWHPBECS005381/work/em.trr,neg_fix_v1_top200/rank026_GWHPBECS005381/work/em.edr,OK
rank027_GWHPBECS005593,neg_fix_v1_top200/rank027_GWHPBECS005593,neg_fix_v1_top200/rank027_GWHPBECS005593/outputs/prod.dcd,neg_fix_v1_top200/rank027_GWHPBECS005593/outputs/final.pdb,neg_fix_v1_top200/rank027_GWHPBECS005593/outputs/prod.log,neg_fix_v1_top200/rank027_GWHPBECS005593/work/complex.gro,neg_fix_v1_top200/rank027_GWHPBECS005593/work/protein.pdb,neg_fix_v1_top200/rank027_GWHPBECS005593/work/ligand.pdb,neg_fix_v1_top200/rank027_GWHPBECS005593/work/em.tpr,neg_fix_v1_top200/rank027_GWHPBECS005593/work/em.trr,neg_fix_v1_top200/rank027_GWHPBECS005593/work/em.edr,OK
rank028_GWHPBECS041157,neg_fix_v1_top200/rank028_GWHPBECS041157,neg_fix_v1_top200/rank028_GWHPBECS041157/outputs/prod.dcd,neg_fix_v1_top200/rank028_GWHPBECS041157/outputs/final.pdb,neg_fix_v1_top200/rank028_GWHPBECS041157/outputs/prod.log,neg_fix_v1_top200/rank028_GWHPBECS041157/work/complex.gro,neg_fix_v1_top200/rank028_GWHPBECS041157/work/protein.pdb,neg_fix_v1_top200/rank028_GWHPBECS041157/work/ligand.pdb,neg_fix_v1_top200/rank028_GWHPBECS041157/work/em.tpr,neg_fix_v1_top200/rank028_GWHPBECS041157/work/em.trr,neg_fix_v1_top200/rank028_GWHPBECS041157/work/em.edr,OK
rank029_GWHPBECS026431,neg_fix_v1_top200/rank029_GWHPBECS026431,neg_fix_v1_top200/rank029_GWHPBECS026431/outputs/prod.dcd,neg_fix_v1_top200/rank029_GWHPBECS026431/outputs/final.pdb,neg_fix_v1_top200/rank029_GWHPBECS026431/outputs/prod.log,neg_fix_v1_top200/rank029_GWHPBECS026431/work/complex.gro,neg_fix_v1_top200/rank029_GWHPBECS026431/work/protein.pdb,neg_fix_v1_top200/rank029_GWHPBECS026431/work/ligand.pdb,neg_fix_v1_top200/rank029_GWHPBECS026431/work/em.tpr,neg_fix_v1_top200/rank029_GWHPBECS026431/work/em.trr,neg_fix_v1_top200/rank029_GWHPBECS026431/work/em.edr,OK
rank030_GWHPBECS023845,neg_fix_v1_top200/rank030_GWHPBECS023845,neg_fix_v1_top200/rank030_GWHPBECS023845/outputs/prod.dcd,neg_fix_v1_top200/rank030_GWHPBECS023845/outputs/final.pdb,neg_fix_v1_top200/rank030_GWHPBECS023845/outputs/prod.log,neg_fix_v1_top200/rank030_GWHPBECS023845/work/complex.gro,neg_fix_v1_top200/rank030_GWHPBECS023845/work/protein.pdb,neg_fix_v1_top200/rank030_GWHPBECS023845/work/ligand.pdb,neg_fix_v1_top200/rank030_GWHPBECS023845/work/em.tpr,neg_fix_v1_top200/rank030_GWHPBECS023845/work/em.trr,neg_fix_v1_top200/rank030_GWHPBECS023845/work/em.edr,OK
rank031_GWHPBECS019368,neg_fix_v1_top200/rank031_GWHPBECS019368,neg_fix_v1_top200/rank031_GWHPBECS019368/outputs/prod.dcd,neg_fix_v1_top200/rank031_GWHPBECS019368/outputs/final.pdb,neg_fix_v1_top200/rank031_GWHPBECS019368/outputs/prod.log,neg_fix_v1_top200/rank031_GWHPBECS019368/work/complex.gro,neg_fix_v1_top200/rank031_GWHPBECS019368/work/protein.pdb,neg_fix_v1_top200/rank031_GWHPBECS019368/work/ligand.pdb,neg_fix_v1_top200/rank031_GWHPBECS019368/work/em.tpr,neg_fix_v1_top200/rank031_GWHPBECS019368/work/em.trr,neg_fix_v1_top200/rank031_GWHPBECS019368/work/em.edr,OK
rank032_GWHPBECS041248,neg_fix_v1_top200/rank032_GWHPBECS041248,neg_fix_v1_top200/rank032_GWHPBECS041248/outputs/prod.dcd,neg_fix_v1_top200/rank032_GWHPBECS041248/outputs/final.pdb,neg_fix_v1_top200/rank032_GWHPBECS041248/outputs/prod.log,neg_fix_v1_top200/rank032_GWHPBECS041248/work/complex.gro,neg_fix_v1_top200/rank032_GWHPBECS041248/work/protein.pdb,neg_fix_v1_top200/rank032_GWHPBECS041248/work/ligand.pdb,neg_fix_v1_top200/rank032_GWHPBECS041248/work/em.tpr,neg_fix_v1_top200/rank032_GWHPBECS041248/work/em.trr,neg_fix_v1_top200/rank032_GWHPBECS041248/work/em.edr,OK
rank033_GWHPBECS023844,neg_fix_v1_top200/rank033_GWHPBECS023844,neg_fix_v1_top200/rank033_GWHPBECS023844/outputs/prod.dcd,neg_fix_v1_top200/rank033_GWHPBECS023844/outputs/final.pdb,neg_fix_v1_top200/rank033_GWHPBECS023844/outputs/prod.log,neg_fix_v1_top200/rank033_GWHPBECS023844/work/complex.gro,neg_fix_v1_top200/rank033_GWHPBECS023844/work/protein.pdb,neg_fix_v1_top200/rank033_GWHPBECS023844/work/ligand.pdb,neg_fix_v1_top200/rank033_GWHPBECS023844/work/em.tpr,neg_fix_v1_top200/rank033_GWHPBECS023844/work/em.trr,neg_fix_v1_top200/rank033_GWHPBECS023844/work/em.edr,OK
rank034_GWHPBECS019467,neg_fix_v1_top200/rank034_GWHPBECS019467,neg_fix_v1_top200/rank034_GWHPBECS019467/outputs/prod.dcd,neg_fix_v1_top200/rank034_GWHPBECS019467/outputs/final.pdb,neg_fix_v1_top200/rank034_GWHPBECS019467/outputs/prod.log,neg_fix_v1_top200/rank034_GWHPBECS019467/work/complex.gro,neg_fix_v1_top200/rank034_GWHPBECS019467/work/protein.pdb,neg_fix_v1_top200/rank034_GWHPBECS019467/work/ligand.pdb,neg_fix_v1_top200/rank034_GWHPBECS019467/work/em.tpr,neg_fix_v1_top200/rank034_GWHPBECS019467/work/em.trr,neg_fix_v1_top200/rank034_GWHPBECS019467/work/em.edr,OK
rank035_GWHPBECS039808,neg_fix_v1_top200/rank035_GWHPBECS039808,neg_fix_v1_top200/rank035_GWHPBECS039808/outputs/prod.dcd,neg_fix_v1_top200/rank035_GWHPBECS039808/outputs/final.pdb,neg_fix_v1_top200/rank035_GWHPBECS039808/outputs/prod.log,neg_fix_v1_top200/rank035_GWHPBECS039808/work/complex.gro,neg_fix_v1_top200/rank035_GWHPBECS039808/work/protein.pdb,neg_fix_v1_top200/rank035_GWHPBECS039808/work/ligand.pdb,neg_fix_v1_top200/rank035_GWHPBECS039808/work/em.tpr,neg_fix_v1_top200/rank035_GWHPBECS039808/work/em.trr,neg_fix_v1_top200/rank035_GWHPBECS039808/work/em.edr,OK
rank036_GWHPBECS011414,neg_fix_v1_top200/rank036_GWHPBECS011414,neg_fix_v1_top200/rank036_GWHPBECS011414/outputs/prod.dcd,neg_fix_v1_top200/rank036_GWHPBECS011414/outputs/final.pdb,neg_fix_v1_top200/rank036_GWHPBECS011414/outputs/prod.log,neg_fix_v1_top200/rank036_GWHPBECS011414/work/complex.gro,neg_fix_v1_top200/rank036_GWHPBECS011414/work/protein.pdb,neg_fix_v1_top200/rank036_GWHPBECS011414/work/ligand.pdb,neg_fix_v1_top200/rank036_GWHPBECS011414/work/em.tpr,neg_fix_v1_top200/rank036_GWHPBECS011414/work/em.trr,neg_fix_v1_top200/rank036_GWHPBECS011414/work/em.edr,OK
rank037_GWHPBECS041210,neg_fix_v1_top200/rank037_GWHPBECS041210,neg_fix_v1_top200/rank037_GWHPBECS041210/outputs/prod.dcd,neg_fix_v1_top200/rank037_GWHPBECS041210/outputs/final.pdb,neg_fix_v1_top200/rank037_GWHPBECS041210/outputs/prod.log,neg_fix_v1_top200/rank037_GWHPBECS041210/work/complex.gro,neg_fix_v1_top200/rank037_GWHPBECS041210/work/protein.pdb,neg_fix_v1_top200/rank037_GWHPBECS041210/work/ligand.pdb,neg_fix_v1_top200/rank037_GWHPBECS041210/work/em.tpr,neg_fix_v1_top200/rank037_GWHPBECS041210/work/em.trr,neg_fix_v1_top200/rank037_GWHPBECS041210/work/em.edr,OK
rank038_GWHPBECS039781,neg_fix_v1_top200/rank038_GWHPBECS039781,neg_fix_v1_top200/rank038_GWHPBECS039781/outputs/prod.dcd,neg_fix_v1_top200/rank038_GWHPBECS039781/outputs/final.pdb,neg_fix_v1_top200/rank038_GWHPBECS039781/outputs/prod.log,neg_fix_v1_top200/rank038_GWHPBECS039781/work/complex.gro,neg_fix_v1_top200/rank038_GWHPBECS039781/work/protein.pdb,neg_fix_v1_top200/rank038_GWHPBECS039781/work/ligand.pdb,neg_fix_v1_top200/rank038_GWHPBECS039781/work/em.tpr,neg_fix_v1_top200/rank038_GWHPBECS039781/work/em.trr,neg_fix_v1_top200/rank038_GWHPBECS039781/work/em.edr,OK
rank039_GWHPBECS041253,neg_fix_v1_top200/rank039_GWHPBECS041253,neg_fix_v1_top200/rank039_GWHPBECS041253/outputs/prod.dcd,neg_fix_v1_top200/rank039_GWHPBECS041253/outputs/final.pdb,neg_fix_v1_top200/rank039_GWHPBECS041253/outputs/prod.log,neg_fix_v1_top200/rank039_GWHPBECS041253/work/complex.gro,neg_fix_v1_top200/rank039_GWHPBECS041253/work/protein.pdb,neg_fix_v1_top200/rank039_GWHPBECS041253/work/ligand.pdb,neg_fix_v1_top200/rank039_GWHPBECS041253/work/em.tpr,neg_fix_v1_top200/rank039_GWHPBECS041253/work/em.trr,neg_fix_v1_top200/rank039_GWHPBECS041253/work/em.edr,OK
rank040_GWHPBECS026448,neg_fix_v1_top200/rank040_GWHPBECS026448,neg_fix_v1_top200/rank040_GWHPBECS026448/outputs/prod.dcd,neg_fix_v1_top200/rank040_GWHPBECS026448/outputs/final.pdb,neg_fix_v1_top200/rank040_GWHPBECS026448/outputs/prod.log,neg_fix_v1_top200/rank040_GWHPBECS026448/work/complex.gro,neg_fix_v1_top200/rank040_GWHPBECS026448/work/protein.pdb,neg_fix_v1_top200/rank040_GWHPBECS026448/work/ligand.pdb,neg_fix_v1_top200/rank040_GWHPBECS026448/work/em.tpr,neg_fix_v1_top200/rank040_GWHPBECS026448/work/em.trr,neg_fix_v1_top200/rank040_GWHPBECS026448/work/em.edr,OK
rank041_GWHPBECS041245,neg_fix_v1_top200/rank041_GWHPBECS041245,neg_fix_v1_top200/rank041_GWHPBECS041245/outputs/prod.dcd,neg_fix_v1_top200/rank041_GWHPBECS041245/outputs/final.pdb,neg_fix_v1_top200/rank041_GWHPBECS041245/outputs/prod.log,neg_fix_v1_top200/rank041_GWHPBECS041245/work/complex.gro,neg_fix_v1_top200/rank041_GWHPBECS041245/work/protein.pdb,neg_fix_v1_top200/rank041_GWHPBECS041245/work/ligand.pdb,neg_fix_v1_top200/rank041_GWHPBECS041245/work/em.tpr,neg_fix_v1_top200/rank041_GWHPBECS041245/work/em.trr,neg_fix_v1_top200/rank041_GWHPBECS041245/work/em.edr,OK
rank042_GWHPBECS041247,neg_fix_v1_top200/rank042_GWHPBECS041247,neg_fix_v1_top200/rank042_GWHPBECS041247/outputs/prod.dcd,neg_fix_v1_top200/rank042_GWHPBECS041247/outputs/final.pdb,neg_fix_v1_top200/rank042_GWHPBECS041247/outputs/prod.log,neg_fix_v1_top200/rank042_GWHPBECS041247/work/complex.gro,neg_fix_v1_top200/rank042_GWHPBECS041247/work/protein.pdb,neg_fix_v1_top200/rank042_GWHPBECS041247/work/ligand.pdb,neg_fix_v1_top200/rank042_GWHPBECS041247/work/em.tpr,neg_fix_v1_top200/rank042_GWHPBECS041247/work/em.trr,neg_fix_v1_top200/rank042_GWHPBECS041247/work/em.edr,OK
rank043_GWHPBECS041246,neg_fix_v1_top200/rank043_GWHPBECS041246,neg_fix_v1_top200/rank043_GWHPBECS041246/outputs/prod.dcd,neg_fix_v1_top200/rank043_GWHPBECS041246/outputs/final.pdb,neg_fix_v1_top200/rank043_GWHPBECS041246/outputs/prod.log,neg_fix_v1_top200/rank043_GWHPBECS041246/work/complex.gro,neg_fix_v1_top200/rank043_GWHPBECS041246/work/protein.pdb,neg_fix_v1_top200/rank043_GWHPBECS041246/work/ligand.pdb,neg_fix_v1_top200/rank043_GWHPBECS041246/work/em.tpr,neg_fix_v1_top200/rank043_GWHPBECS041246/work/em.trr,neg_fix_v1_top200/rank043_GWHPBECS041246/work/em.edr,OK
rank044_GWHPBECS014754,neg_fix_v1_top200/rank044_GWHPBECS014754,neg_fix_v1_top200/rank044_GWHPBECS014754/outputs/prod.dcd,neg_fix_v1_top200/rank044_GWHPBECS014754/outputs/final.pdb,neg_fix_v1_top200/rank044_GWHPBECS014754/outputs/prod.log,neg_fix_v1_top200/rank044_GWHPBECS014754/work/complex.gro,neg_fix_v1_top200/rank044_GWHPBECS014754/work/protein.pdb,neg_fix_v1_top200/rank044_GWHPBECS014754/work/ligand.pdb,neg_fix_v1_top200/rank044_GWHPBECS014754/work/em.tpr,neg_fix_v1_top200/rank044_GWHPBECS014754/work/em.trr,neg_fix_v1_top200/rank044_GWHPBECS014754/work/em.edr,OK
rank045_GWHPBECS026466,neg_fix_v1_top200/rank045_GWHPBECS026466,neg_fix_v1_top200/rank045_GWHPBECS026466/outputs/prod.dcd,neg_fix_v1_top200/rank045_GWHPBECS026466/outputs/final.pdb,neg_fix_v1_top200/rank045_GWHPBECS026466/outputs/prod.log,neg_fix_v1_top200/rank045_GWHPBECS026466/work/complex.gro,neg_fix_v1_top200/rank045_GWHPBECS026466/work/protein.pdb,neg_fix_v1_top200/rank045_GWHPBECS026466/work/ligand.pdb,neg_fix_v1_top200/rank045_GWHPBECS026466/work/em.tpr,neg_fix_v1_top200/rank045_GWHPBECS026466/work/em.trr,neg_fix_v1_top200/rank045_GWHPBECS026466/work/em.edr,OK
rank046_GWHPBECS019985,neg_fix_v1_top200/rank046_GWHPBECS019985,neg_fix_v1_top200/rank046_GWHPBECS019985/outputs/prod.dcd,neg_fix_v1_top200/rank046_GWHPBECS019985/outputs/final.pdb,neg_fix_v1_top200/rank046_GWHPBECS019985/outputs/prod.log,neg_fix_v1_top200/rank046_GWHPBECS019985/work/complex.gro,neg_fix_v1_top200/rank046_GWHPBECS019985/work/protein.pdb,neg_fix_v1_top200/rank046_GWHPBECS019985/work/ligand.pdb,neg_fix_v1_top200/rank046_GWHPBECS019985/work/em.tpr,neg_fix_v1_top200/rank046_GWHPBECS019985/work/em.trr,neg_fix_v1_top200/rank046_GWHPBECS019985/work/em.edr,OK
rank047_GWHPBECS039807,neg_fix_v1_top200/rank047_GWHPBECS039807,neg_fix_v1_top200/rank047_GWHPBECS039807/outputs/prod.dcd,neg_fix_v1_top200/rank047_GWHPBECS039807/outputs/final.pdb,neg_fix_v1_top200/rank047_GWHPBECS039807/outputs/prod.log,neg_fix_v1_top200/rank047_GWHPBECS039807/work/complex.gro,neg_fix_v1_top200/rank047_GWHPBECS039807/work/protein.pdb,neg_fix_v1_top200/rank047_GWHPBECS039807/work/ligand.pdb,neg_fix_v1_top200/rank047_GWHPBECS039807/work/em.tpr,neg_fix_v1_top200/rank047_GWHPBECS039807/work/em.trr,neg_fix_v1_top200/rank047_GWHPBECS039807/work/em.edr,OK
rank048_GWHPBECS019398,neg_fix_v1_top200/rank048_GWHPBECS019398,neg_fix_v1_top200/rank048_GWHPBECS019398/outputs/prod.dcd,neg_fix_v1_top200/rank048_GWHPBECS019398/outputs/final.pdb,neg_fix_v1_top200/rank048_GWHPBECS019398/outputs/prod.log,neg_fix_v1_top200/rank048_GWHPBECS019398/work/complex.gro,neg_fix_v1_top200/rank048_GWHPBECS019398/work/protein.pdb,neg_fix_v1_top200/rank048_GWHPBECS019398/work/ligand.pdb,neg_fix_v1_top200/rank048_GWHPBECS019398/work/em.tpr,neg_fix_v1_top200/rank048_GWHPBECS019398/work/em.trr,neg_fix_v1_top200/rank048_GWHPBECS019398/work/em.edr,OK
rank049_GWHPBECS039312,neg_fix_v1_top200/rank049_GWHPBECS039312,neg_fix_v1_top200/rank049_GWHPBECS039312/outputs/prod.dcd,neg_fix_v1_top200/rank049_GWHPBECS039312/outputs/final.pdb,neg_fix_v1_top200/rank049_GWHPBECS039312/outputs/prod.log,neg_fix_v1_top200/rank049_GWHPBECS039312/work/complex.gro,neg_fix_v1_top200/rank049_GWHPBECS039312/work/protein.pdb,neg_fix_v1_top200/rank049_GWHPBECS039312/work/ligand.pdb,neg_fix_v1_top200/rank049_GWHPBECS039312/work/em.tpr,neg_fix_v1_top200/rank049_GWHPBECS039312/work/em.trr,neg_fix_v1_top200/rank049_GWHPBECS039312/work/em.edr,OK
rank050_GWHPBECS026452,neg_fix_v1_top200/rank050_GWHPBECS026452,neg_fix_v1_top200/rank050_GWHPBECS026452/outputs/prod.dcd,neg_fix_v1_top200/rank050_GWHPBECS026452/outputs/final.pdb,neg_fix_v1_top200/rank050_GWHPBECS026452/outputs/prod.log,neg_fix_v1_top200/rank050_GWHPBECS026452/work/complex.gro,neg_fix_v1_top200/rank050_GWHPBECS026452/work/protein.pdb,neg_fix_v1_top200/rank050_GWHPBECS026452/work/ligand.pdb,neg_fix_v1_top200/rank050_GWHPBECS026452/work/em.tpr,neg_fix_v1_top200/rank050_GWHPBECS026452/work/em.trr,neg_fix_v1_top200/rank050_GWHPBECS026452/work/em.edr,OK
rank051_GWHPBECS039310,neg_fix_v1_top200/rank051_GWHPBECS039310,neg_fix_v1_top200/rank051_GWHPBECS039310/outputs/prod.dcd,neg_fix_v1_top200/rank051_GWHPBECS039310/outputs/final.pdb,neg_fix_v1_top200/rank051_GWHPBECS039310/outputs/prod.log,neg_fix_v1_top200/rank051_GWHPBECS039310/work/complex.gro,neg_fix_v1_top200/rank051_GWHPBECS039310/work/protein.pdb,neg_fix_v1_top200/rank051_GWHPBECS039310/work/ligand.pdb,neg_fix_v1_top200/rank051_GWHPBECS039310/work/em.tpr,neg_fix_v1_top200/rank051_GWHPBECS039310/work/em.trr,neg_fix_v1_top200/rank051_GWHPBECS039310/work/em.edr,OK
rank052_GWHPBECS023839,neg_fix_v1_top200/rank052_GWHPBECS023839,neg_fix_v1_top200/rank052_GWHPBECS023839/outputs/prod.dcd,neg_fix_v1_top200/rank052_GWHPBECS023839/outputs/final.pdb,neg_fix_v1_top200/rank052_GWHPBECS023839/outputs/prod.log,neg_fix_v1_top200/rank052_GWHPBECS023839/work/complex.gro,neg_fix_v1_top200/rank052_GWHPBECS023839/work/protein.pdb,neg_fix_v1_top200/rank052_GWHPBECS023839/work/ligand.pdb,neg_fix_v1_top200/rank052_GWHPBECS023839/work/em.tpr,neg_fix_v1_top200/rank052_GWHPBECS023839/work/em.trr,neg_fix_v1_top200/rank052_GWHPBECS023839/work/em.edr,OK
rank053_GWHPBECS039792,neg_fix_v1_top200/rank053_GWHPBECS039792,neg_fix_v1_top200/rank053_GWHPBECS039792/outputs/prod.dcd,neg_fix_v1_top200/rank053_GWHPBECS039792/outputs/final.pdb,neg_fix_v1_top200/rank053_GWHPBECS039792/outputs/prod.log,neg_fix_v1_top200/rank053_GWHPBECS039792/work/complex.gro,neg_fix_v1_top200/rank053_GWHPBECS039792/work/protein.pdb,neg_fix_v1_top200/rank053_GWHPBECS039792/work/ligand.pdb,neg_fix_v1_top200/rank053_GWHPBECS039792/work/em.tpr,neg_fix_v1_top200/rank053_GWHPBECS039792/work/em.trr,neg_fix_v1_top200/rank053_GWHPBECS039792/work/em.edr,OK
rank054_GWHPBECS019468,neg_fix_v1_top200/rank054_GWHPBECS019468,neg_fix_v1_top200/rank054_GWHPBECS019468/outputs/prod.dcd,neg_fix_v1_top200/rank054_GWHPBECS019468/outputs/final.pdb,neg_fix_v1_top200/rank054_GWHPBECS019468/outputs/prod.log,neg_fix_v1_top200/rank054_GWHPBECS019468/work/complex.gro,neg_fix_v1_top200/rank054_GWHPBECS019468/work/protein.pdb,neg_fix_v1_top200/rank054_GWHPBECS019468/work/ligand.pdb,neg_fix_v1_top200/rank054_GWHPBECS019468/work/em.tpr,neg_fix_v1_top200/rank054_GWHPBECS019468/work/em.trr,neg_fix_v1_top200/rank054_GWHPBECS019468/work/em.edr,OK
rank055_GWHPBECS039787,neg_fix_v1_top200/rank055_GWHPBECS039787,neg_fix_v1_top200/rank055_GWHPBECS039787/outputs/prod.dcd,neg_fix_v1_top200/rank055_GWHPBECS039787/outputs/final.pdb,neg_fix_v1_top200/rank055_GWHPBECS039787/outputs/prod.log,neg_fix_v1_top200/rank055_GWHPBECS039787/work/complex.gro,neg_fix_v1_top200/rank055_GWHPBECS039787/work/protein.pdb,neg_fix_v1_top200/rank055_GWHPBECS039787/work/ligand.pdb,neg_fix_v1_top200/rank055_GWHPBECS039787/work/em.tpr,neg_fix_v1_top200/rank055_GWHPBECS039787/work/em.trr,neg_fix_v1_top200/rank055_GWHPBECS039787/work/em.edr,OK
rank056_GWHPBECS041167,neg_fix_v1_top200/rank056_GWHPBECS041167,neg_fix_v1_top200/rank056_GWHPBECS041167/outputs/prod.dcd,neg_fix_v1_top200/rank056_GWHPBECS041167/outputs/final.pdb,neg_fix_v1_top200/rank056_GWHPBECS041167/outputs/prod.log,neg_fix_v1_top200/rank056_GWHPBECS041167/work/complex.gro,neg_fix_v1_top200/rank056_GWHPBECS041167/work/protein.pdb,neg_fix_v1_top200/rank056_GWHPBECS041167/work/ligand.pdb,neg_fix_v1_top200/rank056_GWHPBECS041167/work/em.tpr,neg_fix_v1_top200/rank056_GWHPBECS041167/work/em.trr,neg_fix_v1_top200/rank056_GWHPBECS041167/work/em.edr,OK
rank057_GWHPBECS026435,neg_fix_v1_top200/rank057_GWHPBECS026435,neg_fix_v1_top200/rank057_GWHPBECS026435/outputs/prod.dcd,neg_fix_v1_top200/rank057_GWHPBECS026435/outputs/final.pdb,neg_fix_v1_top200/rank057_GWHPBECS026435/outputs/prod.log,neg_fix_v1_top200/rank057_GWHPBECS026435/work/complex.gro,neg_fix_v1_top200/rank057_GWHPBECS026435/work/protein.pdb,neg_fix_v1_top200/rank057_GWHPBECS026435/work/ligand.pdb,neg_fix_v1_top200/rank057_GWHPBECS026435/work/em.tpr,neg_fix_v1_top200/rank057_GWHPBECS026435/work/em.trr,neg_fix_v1_top200/rank057_GWHPBECS026435/work/em.edr,OK
rank058_GWHPBECS042661,neg_fix_v1_top200/rank058_GWHPBECS042661,neg_fix_v1_top200/rank058_GWHPBECS042661/outputs/prod.dcd,neg_fix_v1_top200/rank058_GWHPBECS042661/outputs/final.pdb,neg_fix_v1_top200/rank058_GWHPBECS042661/outputs/prod.log,neg_fix_v1_top200/rank058_GWHPBECS042661/work/complex.gro,neg_fix_v1_top200/rank058_GWHPBECS042661/work/protein.pdb,neg_fix_v1_top200/rank058_GWHPBECS042661/work/ligand.pdb,neg_fix_v1_top200/rank058_GWHPBECS042661/work/em.tpr,neg_fix_v1_top200/rank058_GWHPBECS042661/work/em.trr,neg_fix_v1_top200/rank058_GWHPBECS042661/work/em.edr,OK
rank059_GWHPBECS039789,neg_fix_v1_top200/rank059_GWHPBECS039789,neg_fix_v1_top200/rank059_GWHPBECS039789/outputs/prod.dcd,neg_fix_v1_top200/rank059_GWHPBECS039789/outputs/final.pdb,neg_fix_v1_top200/rank059_GWHPBECS039789/outputs/prod.log,neg_fix_v1_top200/rank059_GWHPBECS039789/work/complex.gro,neg_fix_v1_top200/rank059_GWHPBECS039789/work/protein.pdb,neg_fix_v1_top200/rank059_GWHPBECS039789/work/ligand.pdb,neg_fix_v1_top200/rank059_GWHPBECS039789/work/em.tpr,neg_fix_v1_top200/rank059_GWHPBECS039789/work/em.trr,neg_fix_v1_top200/rank059_GWHPBECS039789/work/em.edr,OK
rank060_GWHPBECS041209,neg_fix_v1_top200/rank060_GWHPBECS041209,neg_fix_v1_top200/rank060_GWHPBECS041209/outputs/prod.dcd,neg_fix_v1_top200/rank060_GWHPBECS041209/outputs/final.pdb,neg_fix_v1_top200/rank060_GWHPBECS041209/outputs/prod.log,neg_fix_v1_top200/rank060_GWHPBECS041209/work/complex.gro,neg_fix_v1_top200/rank060_GWHPBECS041209/work/protein.pdb,neg_fix_v1_top200/rank060_GWHPBECS041209/work/ligand.pdb,neg_fix_v1_top200/rank060_GWHPBECS041209/work/em.tpr,neg_fix_v1_top200/rank060_GWHPBECS041209/work/em.trr,neg_fix_v1_top200/rank060_GWHPBECS041209/work/em.edr,OK
rank061_GWHPBECS039311,neg_fix_v1_top200/rank061_GWHPBECS039311,neg_fix_v1_top200/rank061_GWHPBECS039311/outputs/prod.dcd,neg_fix_v1_top200/rank061_GWHPBECS039311/outputs/final.pdb,neg_fix_v1_top200/rank061_GWHPBECS039311/outputs/prod.log,neg_fix_v1_top200/rank061_GWHPBECS039311/work/complex.gro,neg_fix_v1_top200/rank061_GWHPBECS039311/work/protein.pdb,neg_fix_v1_top200/rank061_GWHPBECS039311/work/ligand.pdb,neg_fix_v1_top200/rank061_GWHPBECS039311/work/em.tpr,neg_fix_v1_top200/rank061_GWHPBECS039311/work/em.trr,neg_fix_v1_top200/rank061_GWHPBECS039311/work/em.edr,OK
rank062_GWHPBECS023914,neg_fix_v1_top200/rank062_GWHPBECS023914,neg_fix_v1_top200/rank062_GWHPBECS023914/outputs/prod.dcd,neg_fix_v1_top200/rank062_GWHPBECS023914/outputs/final.pdb,neg_fix_v1_top200/rank062_GWHPBECS023914/outputs/prod.log,neg_fix_v1_top200/rank062_GWHPBECS023914/work/complex.gro,neg_fix_v1_top200/rank062_GWHPBECS023914/work/protein.pdb,neg_fix_v1_top200/rank062_GWHPBECS023914/work/ligand.pdb,neg_fix_v1_top200/rank062_GWHPBECS023914/work/em.tpr,neg_fix_v1_top200/rank062_GWHPBECS023914/work/em.trr,neg_fix_v1_top200/rank062_GWHPBECS023914/work/em.edr,OK
rank063_GWHPBECS010871,neg_fix_v1_top200/rank063_GWHPBECS010871,neg_fix_v1_top200/rank063_GWHPBECS010871/outputs/prod.dcd,neg_fix_v1_top200/rank063_GWHPBECS010871/outputs/final.pdb,neg_fix_v1_top200/rank063_GWHPBECS010871/outputs/prod.log,neg_fix_v1_top200/rank063_GWHPBECS010871/work/complex.gro,neg_fix_v1_top200/rank063_GWHPBECS010871/work/protein.pdb,neg_fix_v1_top200/rank063_GWHPBECS010871/work/ligand.pdb,neg_fix_v1_top200/rank063_GWHPBECS010871/work/em.tpr,neg_fix_v1_top200/rank063_GWHPBECS010871/work/em.trr,neg_fix_v1_top200/rank063_GWHPBECS010871/work/em.edr,OK
rank064_GWHPBECS026429,neg_fix_v1_top200/rank064_GWHPBECS026429,neg_fix_v1_top200/rank064_GWHPBECS026429/outputs/prod.dcd,neg_fix_v1_top200/rank064_GWHPBECS026429/outputs/final.pdb,neg_fix_v1_top200/rank064_GWHPBECS026429/outputs/prod.log,neg_fix_v1_top200/rank064_GWHPBECS026429/work/complex.gro,neg_fix_v1_top200/rank064_GWHPBECS026429/work/protein.pdb,neg_fix_v1_top200/rank064_GWHPBECS026429/work/ligand.pdb,neg_fix_v1_top200/rank064_GWHPBECS026429/work/em.tpr,neg_fix_v1_top200/rank064_GWHPBECS026429/work/em.trr,neg_fix_v1_top200/rank064_GWHPBECS026429/work/em.edr,OK
rank065_GWHPBECS011179,neg_fix_v1_top200/rank065_GWHPBECS011179,neg_fix_v1_top200/rank065_GWHPBECS011179/outputs/prod.dcd,neg_fix_v1_top200/rank065_GWHPBECS011179/outputs/final.pdb,neg_fix_v1_top200/rank065_GWHPBECS011179/outputs/prod.log,neg_fix_v1_top200/rank065_GWHPBECS011179/work/complex.gro,neg_fix_v1_top200/rank065_GWHPBECS011179/work/protein.pdb,neg_fix_v1_top200/rank065_GWHPBECS011179/work/ligand.pdb,neg_fix_v1_top200/rank065_GWHPBECS011179/work/em.tpr,neg_fix_v1_top200/rank065_GWHPBECS011179/work/em.trr,neg_fix_v1_top200/rank065_GWHPBECS011179/work/em.edr,OK
rank066_GWHPBECS010870,neg_fix_v1_top200/rank066_GWHPBECS010870,neg_fix_v1_top200/rank066_GWHPBECS010870/outputs/prod.dcd,neg_fix_v1_top200/rank066_GWHPBECS010870/outputs/final.pdb,neg_fix_v1_top200/rank066_GWHPBECS010870/outputs/prod.log,neg_fix_v1_top200/rank066_GWHPBECS010870/work/complex.gro,neg_fix_v1_top200/rank066_GWHPBECS010870/work/protein.pdb,neg_fix_v1_top200/rank066_GWHPBECS010870/work/ligand.pdb,neg_fix_v1_top200/rank066_GWHPBECS010870/work/em.tpr,neg_fix_v1_top200/rank066_GWHPBECS010870/work/em.trr,neg_fix_v1_top200/rank066_GWHPBECS010870/work/em.edr,OK
rank067_GWHPBECS041207,neg_fix_v1_top200/rank067_GWHPBECS041207,neg_fix_v1_top200/rank067_GWHPBECS041207/outputs/prod.dcd,neg_fix_v1_top200/rank067_GWHPBECS041207/outputs/final.pdb,neg_fix_v1_top200/rank067_GWHPBECS041207/outputs/prod.log,neg_fix_v1_top200/rank067_GWHPBECS041207/work/complex.gro,neg_fix_v1_top200/rank067_GWHPBECS041207/work/protein.pdb,neg_fix_v1_top200/rank067_GWHPBECS041207/work/ligand.pdb,neg_fix_v1_top200/rank067_GWHPBECS041207/work/em.tpr,neg_fix_v1_top200/rank067_GWHPBECS041207/work/em.trr,neg_fix_v1_top200/rank067_GWHPBECS041207/work/em.edr,OK
rank068_GWHPBECS026436,neg_fix_v1_top200/rank068_GWHPBECS026436,neg_fix_v1_top200/rank068_GWHPBECS026436/outputs/prod.dcd,neg_fix_v1_top200/rank068_GWHPBECS026436/outputs/final.pdb,neg_fix_v1_top200/rank068_GWHPBECS026436/outputs/prod.log,neg_fix_v1_top200/rank068_GWHPBECS026436/work/complex.gro,neg_fix_v1_top200/rank068_GWHPBECS026436/work/protein.pdb,neg_fix_v1_top200/rank068_GWHPBECS026436/work/ligand.pdb,neg_fix_v1_top200/rank068_GWHPBECS026436/work/em.tpr,neg_fix_v1_top200/rank068_GWHPBECS026436/work/em.trr,neg_fix_v1_top200/rank068_GWHPBECS026436/work/em.edr,OK
rank069_GWHPBECS010789,neg_fix_v1_top200/rank069_GWHPBECS010789,neg_fix_v1_top200/rank069_GWHPBECS010789/outputs/prod.dcd,neg_fix_v1_top200/rank069_GWHPBECS010789/outputs/final.pdb,neg_fix_v1_top200/rank069_GWHPBECS010789/outputs/prod.log,neg_fix_v1_top200/rank069_GWHPBECS010789/work/complex.gro,neg_fix_v1_top200/rank069_GWHPBECS010789/work/protein.pdb,neg_fix_v1_top200/rank069_GWHPBECS010789/work/ligand.pdb,neg_fix_v1_top200/rank069_GWHPBECS010789/work/em.tpr,neg_fix_v1_top200/rank069_GWHPBECS010789/work/em.trr,neg_fix_v1_top200/rank069_GWHPBECS010789/work/em.edr,OK
rank070_GWHPBECS006410,neg_fix_v1_top200/rank070_GWHPBECS006410,neg_fix_v1_top200/rank070_GWHPBECS006410/outputs/prod.dcd,neg_fix_v1_top200/rank070_GWHPBECS006410/outputs/final.pdb,neg_fix_v1_top200/rank070_GWHPBECS006410/outputs/prod.log,neg_fix_v1_top200/rank070_GWHPBECS006410/work/complex.gro,neg_fix_v1_top200/rank070_GWHPBECS006410/work/protein.pdb,neg_fix_v1_top200/rank070_GWHPBECS006410/work/ligand.pdb,neg_fix_v1_top200/rank070_GWHPBECS006410/work/em.tpr,neg_fix_v1_top200/rank070_GWHPBECS006410/work/em.trr,neg_fix_v1_top200/rank070_GWHPBECS006410/work/em.edr,OK
rank071_GWHPBECS039799,neg_fix_v1_top200/rank071_GWHPBECS039799,neg_fix_v1_top200/rank071_GWHPBECS039799/outputs/prod.dcd,neg_fix_v1_top200/rank071_GWHPBECS039799/outputs/final.pdb,neg_fix_v1_top200/rank071_GWHPBECS039799/outputs/prod.log,neg_fix_v1_top200/rank071_GWHPBECS039799/work/complex.gro,neg_fix_v1_top200/rank071_GWHPBECS039799/work/protein.pdb,neg_fix_v1_top200/rank071_GWHPBECS039799/work/ligand.pdb,neg_fix_v1_top200/rank071_GWHPBECS039799/work/em.tpr,neg_fix_v1_top200/rank071_GWHPBECS039799/work/em.trr,neg_fix_v1_top200/rank071_GWHPBECS039799/work/em.edr,OK
rank072_GWHPBECS019993,neg_fix_v1_top200/rank072_GWHPBECS019993,neg_fix_v1_top200/rank072_GWHPBECS019993/outputs/prod.dcd,neg_fix_v1_top200/rank072_GWHPBECS019993/outputs/final.pdb,neg_fix_v1_top200/rank072_GWHPBECS019993/outputs/prod.log,neg_fix_v1_top200/rank072_GWHPBECS019993/work/complex.gro,neg_fix_v1_top200/rank072_GWHPBECS019993/work/protein.pdb,neg_fix_v1_top200/rank072_GWHPBECS019993/work/ligand.pdb,neg_fix_v1_top200/rank072_GWHPBECS019993/work/em.tpr,neg_fix_v1_top200/rank072_GWHPBECS019993/work/em.trr,neg_fix_v1_top200/rank072_GWHPBECS019993/work/em.edr,OK
rank073_GWHPBECS005716,neg_fix_v1_top200/rank073_GWHPBECS005716,neg_fix_v1_top200/rank073_GWHPBECS005716/outputs/prod.dcd,neg_fix_v1_top200/rank073_GWHPBECS005716/outputs/final.pdb,neg_fix_v1_top200/rank073_GWHPBECS005716/outputs/prod.log,neg_fix_v1_top200/rank073_GWHPBECS005716/work/complex.gro,neg_fix_v1_top200/rank073_GWHPBECS005716/work/protein.pdb,neg_fix_v1_top200/rank073_GWHPBECS005716/work/ligand.pdb,neg_fix_v1_top200/rank073_GWHPBECS005716/work/em.tpr,neg_fix_v1_top200/rank073_GWHPBECS005716/work/em.trr,neg_fix_v1_top200/rank073_GWHPBECS005716/work/em.edr,OK
rank074_GWHPBECS039786,neg_fix_v1_top200/rank074_GWHPBECS039786,neg_fix_v1_top200/rank074_GWHPBECS039786/outputs/prod.dcd,neg_fix_v1_top200/rank074_GWHPBECS039786/outputs/final.pdb,neg_fix_v1_top200/rank074_GWHPBECS039786/outputs/prod.log,neg_fix_v1_top200/rank074_GWHPBECS039786/work/complex.gro,neg_fix_v1_top200/rank074_GWHPBECS039786/work/protein.pdb,neg_fix_v1_top200/rank074_GWHPBECS039786/work/ligand.pdb,neg_fix_v1_top200/rank074_GWHPBECS039786/work/em.tpr,neg_fix_v1_top200/rank074_GWHPBECS039786/work/em.trr,neg_fix_v1_top200/rank074_GWHPBECS039786/work/em.edr,OK
rank075_GWHPBECS026013,neg_fix_v1_top200/rank075_GWHPBECS026013,neg_fix_v1_top200/rank075_GWHPBECS026013/outputs/prod.dcd,neg_fix_v1_top200/rank075_GWHPBECS026013/outputs/final.pdb,neg_fix_v1_top200/rank075_GWHPBECS026013/outputs/prod.log,neg_fix_v1_top200/rank075_GWHPBECS026013/work/complex.gro,neg_fix_v1_top200/rank075_GWHPBECS026013/work/protein.pdb,neg_fix_v1_top200/rank075_GWHPBECS026013/work/ligand.pdb,neg_fix_v1_top200/rank075_GWHPBECS026013/work/em.tpr,neg_fix_v1_top200/rank075_GWHPBECS026013/work/em.trr,neg_fix_v1_top200/rank075_GWHPBECS026013/work/em.edr,OK
rank076_GWHPBECS019981,neg_fix_v1_top200/rank076_GWHPBECS019981,neg_fix_v1_top200/rank076_GWHPBECS019981/outputs/prod.dcd,neg_fix_v1_top200/rank076_GWHPBECS019981/outputs/final.pdb,neg_fix_v1_top200/rank076_GWHPBECS019981/outputs/prod.log,neg_fix_v1_top200/rank076_GWHPBECS019981/work/complex.gro,neg_fix_v1_top200/rank076_GWHPBECS019981/work/protein.pdb,neg_fix_v1_top200/rank076_GWHPBECS019981/work/ligand.pdb,neg_fix_v1_top200/rank076_GWHPBECS019981/work/em.tpr,neg_fix_v1_top200/rank076_GWHPBECS019981/work/em.trr,neg_fix_v1_top200/rank076_GWHPBECS019981/work/em.edr,OK
rank077_GWHPBECS023837,neg_fix_v1_top200/rank077_GWHPBECS023837,neg_fix_v1_top200/rank077_GWHPBECS023837/outputs/prod.dcd,neg_fix_v1_top200/rank077_GWHPBECS023837/outputs/final.pdb,neg_fix_v1_top200/rank077_GWHPBECS023837/outputs/prod.log,neg_fix_v1_top200/rank077_GWHPBECS023837/work/complex.gro,neg_fix_v1_top200/rank077_GWHPBECS023837/work/protein.pdb,neg_fix_v1_top200/rank077_GWHPBECS023837/work/ligand.pdb,neg_fix_v1_top200/rank077_GWHPBECS023837/work/em.tpr,neg_fix_v1_top200/rank077_GWHPBECS023837/work/em.trr,neg_fix_v1_top200/rank077_GWHPBECS023837/work/em.edr,OK
rank078_GWHPBECS039811,neg_fix_v1_top200/rank078_GWHPBECS039811,neg_fix_v1_top200/rank078_GWHPBECS039811/outputs/prod.dcd,neg_fix_v1_top200/rank078_GWHPBECS039811/outputs/final.pdb,neg_fix_v1_top200/rank078_GWHPBECS039811/outputs/prod.log,neg_fix_v1_top200/rank078_GWHPBECS039811/work/complex.gro,neg_fix_v1_top200/rank078_GWHPBECS039811/work/protein.pdb,neg_fix_v1_top200/rank078_GWHPBECS039811/work/ligand.pdb,neg_fix_v1_top200/rank078_GWHPBECS039811/work/em.tpr,neg_fix_v1_top200/rank078_GWHPBECS039811/work/em.trr,neg_fix_v1_top200/rank078_GWHPBECS039811/work/em.edr,OK
rank079_GWHPBECS023850,neg_fix_v1_top200/rank079_GWHPBECS023850,neg_fix_v1_top200/rank079_GWHPBECS023850/outputs/prod.dcd,neg_fix_v1_top200/rank079_GWHPBECS023850/outputs/final.pdb,neg_fix_v1_top200/rank079_GWHPBECS023850/outputs/prod.log,neg_fix_v1_top200/rank079_GWHPBECS023850/work/complex.gro,neg_fix_v1_top200/rank079_GWHPBECS023850/work/protein.pdb,neg_fix_v1_top200/rank079_GWHPBECS023850/work/ligand.pdb,neg_fix_v1_top200/rank079_GWHPBECS023850/work/em.tpr,neg_fix_v1_top200/rank079_GWHPBECS023850/work/em.trr,neg_fix_v1_top200/rank079_GWHPBECS023850/work/em.edr,OK
rank080_GWHPBECS013157,neg_fix_v1_top200/rank080_GWHPBECS013157,neg_fix_v1_top200/rank080_GWHPBECS013157/outputs/prod.dcd,neg_fix_v1_top200/rank080_GWHPBECS013157/outputs/final.pdb,neg_fix_v1_top200/rank080_GWHPBECS013157/outputs/prod.log,neg_fix_v1_top200/rank080_GWHPBECS013157/work/complex.gro,neg_fix_v1_top200/rank080_GWHPBECS013157/work/protein.pdb,neg_fix_v1_top200/rank080_GWHPBECS013157/work/ligand.pdb,neg_fix_v1_top200/rank080_GWHPBECS013157/work/em.tpr,neg_fix_v1_top200/rank080_GWHPBECS013157/work/em.trr,neg_fix_v1_top200/rank080_GWHPBECS013157/work/em.edr,OK
rank081_GWHPBECS034414,neg_fix_v1_top200/rank081_GWHPBECS034414,neg_fix_v1_top200/rank081_GWHPBECS034414/outputs/prod.dcd,neg_fix_v1_top200/rank081_GWHPBECS034414/outputs/final.pdb,neg_fix_v1_top200/rank081_GWHPBECS034414/outputs/prod.log,neg_fix_v1_top200/rank081_GWHPBECS034414/work/complex.gro,neg_fix_v1_top200/rank081_GWHPBECS034414/work/protein.pdb,neg_fix_v1_top200/rank081_GWHPBECS034414/work/ligand.pdb,neg_fix_v1_top200/rank081_GWHPBECS034414/work/em.tpr,neg_fix_v1_top200/rank081_GWHPBECS034414/work/em.trr,neg_fix_v1_top200/rank081_GWHPBECS034414/work/em.edr,OK
rank082_GWHPBECS005886,neg_fix_v1_top200/rank082_GWHPBECS005886,neg_fix_v1_top200/rank082_GWHPBECS005886/outputs/prod.dcd,neg_fix_v1_top200/rank082_GWHPBECS005886/outputs/final.pdb,neg_fix_v1_top200/rank082_GWHPBECS005886/outputs/prod.log,neg_fix_v1_top200/rank082_GWHPBECS005886/work/complex.gro,neg_fix_v1_top200/rank082_GWHPBECS005886/work/protein.pdb,neg_fix_v1_top200/rank082_GWHPBECS005886/work/ligand.pdb,neg_fix_v1_top200/rank082_GWHPBECS005886/work/em.tpr,neg_fix_v1_top200/rank082_GWHPBECS005886/work/em.trr,neg_fix_v1_top200/rank082_GWHPBECS005886/work/em.edr,OK
rank083_GWHPBECS005717,neg_fix_v1_top200/rank083_GWHPBECS005717,neg_fix_v1_top200/rank083_GWHPBECS005717/outputs/prod.dcd,neg_fix_v1_top200/rank083_GWHPBECS005717/outputs/final.pdb,neg_fix_v1_top200/rank083_GWHPBECS005717/outputs/prod.log,neg_fix_v1_top200/rank083_GWHPBECS005717/work/complex.gro,neg_fix_v1_top200/rank083_GWHPBECS005717/work/protein.pdb,neg_fix_v1_top200/rank083_GWHPBECS005717/work/ligand.pdb,neg_fix_v1_top200/rank083_GWHPBECS005717/work/em.tpr,neg_fix_v1_top200/rank083_GWHPBECS005717/work/em.trr,neg_fix_v1_top200/rank083_GWHPBECS005717/work/em.edr,OK
rank084_GWHPBECS039817,neg_fix_v1_top200/rank084_GWHPBECS039817,neg_fix_v1_top200/rank084_GWHPBECS039817/outputs/prod.dcd,neg_fix_v1_top200/rank084_GWHPBECS039817/outputs/final.pdb,neg_fix_v1_top200/rank084_GWHPBECS039817/outputs/prod.log,neg_fix_v1_top200/rank084_GWHPBECS039817/work/complex.gro,neg_fix_v1_top200/rank084_GWHPBECS039817/work/protein.pdb,neg_fix_v1_top200/rank084_GWHPBECS039817/work/ligand.pdb,neg_fix_v1_top200/rank084_GWHPBECS039817/work/em.tpr,neg_fix_v1_top200/rank084_GWHPBECS039817/work/em.trr,neg_fix_v1_top200/rank084_GWHPBECS039817/work/em.edr,OK
rank085_GWHPBECS010867,neg_fix_v1_top200/rank085_GWHPBECS010867,neg_fix_v1_top200/rank085_GWHPBECS010867/outputs/prod.dcd,neg_fix_v1_top200/rank085_GWHPBECS010867/outputs/final.pdb,neg_fix_v1_top200/rank085_GWHPBECS010867/outputs/prod.log,neg_fix_v1_top200/rank085_GWHPBECS010867/work/complex.gro,neg_fix_v1_top200/rank085_GWHPBECS010867/work/protein.pdb,neg_fix_v1_top200/rank085_GWHPBECS010867/work/ligand.pdb,neg_fix_v1_top200/rank085_GWHPBECS010867/work/em.tpr,neg_fix_v1_top200/rank085_GWHPBECS010867/work/em.trr,neg_fix_v1_top200/rank085_GWHPBECS010867/work/em.edr,OK
rank086_GWHPBECS012285,neg_fix_v1_top200/rank086_GWHPBECS012285,neg_fix_v1_top200/rank086_GWHPBECS012285/outputs/prod.dcd,neg_fix_v1_top200/rank086_GWHPBECS012285/outputs/final.pdb,neg_fix_v1_top200/rank086_GWHPBECS012285/outputs/prod.log,neg_fix_v1_top200/rank086_GWHPBECS012285/work/complex.gro,neg_fix_v1_top200/rank086_GWHPBECS012285/work/protein.pdb,neg_fix_v1_top200/rank086_GWHPBECS012285/work/ligand.pdb,neg_fix_v1_top200/rank086_GWHPBECS012285/work/em.tpr,neg_fix_v1_top200/rank086_GWHPBECS012285/work/em.trr,neg_fix_v1_top200/rank086_GWHPBECS012285/work/em.edr,OK
rank087_GWHPBECS012286,neg_fix_v1_top200/rank087_GWHPBECS012286,neg_fix_v1_top200/rank087_GWHPBECS012286/outputs/prod.dcd,neg_fix_v1_top200/rank087_GWHPBECS012286/outputs/final.pdb,neg_fix_v1_top200/rank087_GWHPBECS012286/outputs/prod.log,neg_fix_v1_top200/rank087_GWHPBECS012286/work/complex.gro,neg_fix_v1_top200/rank087_GWHPBECS012286/work/protein.pdb,neg_fix_v1_top200/rank087_GWHPBECS012286/work/ligand.pdb,neg_fix_v1_top200/rank087_GWHPBECS012286/work/em.tpr,neg_fix_v1_top200/rank087_GWHPBECS012286/work/em.trr,neg_fix_v1_top200/rank087_GWHPBECS012286/work/em.edr,OK
rank088_GWHPBECS023852,neg_fix_v1_top200/rank088_GWHPBECS023852,neg_fix_v1_top200/rank088_GWHPBECS023852/outputs/prod.dcd,neg_fix_v1_top200/rank088_GWHPBECS023852/outputs/final.pdb,neg_fix_v1_top200/rank088_GWHPBECS023852/outputs/prod.log,neg_fix_v1_top200/rank088_GWHPBECS023852/work/complex.gro,neg_fix_v1_top200/rank088_GWHPBECS023852/work/protein.pdb,neg_fix_v1_top200/rank088_GWHPBECS023852/work/ligand.pdb,neg_fix_v1_top200/rank088_GWHPBECS023852/work/em.tpr,neg_fix_v1_top200/rank088_GWHPBECS023852/work/em.trr,neg_fix_v1_top200/rank088_GWHPBECS023852/work/em.edr,OK
rank089_GWHPBECS013743,neg_fix_v1_top200/rank089_GWHPBECS013743,neg_fix_v1_top200/rank089_GWHPBECS013743/outputs/prod.dcd,neg_fix_v1_top200/rank089_GWHPBECS013743/outputs/final.pdb,neg_fix_v1_top200/rank089_GWHPBECS013743/outputs/prod.log,neg_fix_v1_top200/rank089_GWHPBECS013743/work/complex.gro,neg_fix_v1_top200/rank089_GWHPBECS013743/work/protein.pdb,neg_fix_v1_top200/rank089_GWHPBECS013743/work/ligand.pdb,neg_fix_v1_top200/rank089_GWHPBECS013743/work/em.tpr,neg_fix_v1_top200/rank089_GWHPBECS013743/work/em.trr,neg_fix_v1_top200/rank089_GWHPBECS013743/work/em.edr,OK
rank090_GWHPBECS005108,neg_fix_v1_top200/rank090_GWHPBECS005108,neg_fix_v1_top200/rank090_GWHPBECS005108/outputs/prod.dcd,neg_fix_v1_top200/rank090_GWHPBECS005108/outputs/final.pdb,neg_fix_v1_top200/rank090_GWHPBECS005108/outputs/prod.log,neg_fix_v1_top200/rank090_GWHPBECS005108/work/complex.gro,neg_fix_v1_top200/rank090_GWHPBECS005108/work/protein.pdb,neg_fix_v1_top200/rank090_GWHPBECS005108/work/ligand.pdb,neg_fix_v1_top200/rank090_GWHPBECS005108/work/em.tpr,neg_fix_v1_top200/rank090_GWHPBECS005108/work/em.trr,neg_fix_v1_top200/rank090_GWHPBECS005108/work/em.edr,OK
rank091_GWHPBECS012315,neg_fix_v1_top200/rank091_GWHPBECS012315,neg_fix_v1_top200/rank091_GWHPBECS012315/outputs/prod.dcd,neg_fix_v1_top200/rank091_GWHPBECS012315/outputs/final.pdb,neg_fix_v1_top200/rank091_GWHPBECS012315/outputs/prod.log,neg_fix_v1_top200/rank091_GWHPBECS012315/work/complex.gro,neg_fix_v1_top200/rank091_GWHPBECS012315/work/protein.pdb,neg_fix_v1_top200/rank091_GWHPBECS012315/work/ligand.pdb,neg_fix_v1_top200/rank091_GWHPBECS012315/work/em.tpr,neg_fix_v1_top200/rank091_GWHPBECS012315/work/em.trr,neg_fix_v1_top200/rank091_GWHPBECS012315/work/em.edr,OK
rank092_GWHPBECS026493,neg_fix_v1_top200/rank092_GWHPBECS026493,neg_fix_v1_top200/rank092_GWHPBECS026493/outputs/prod.dcd,neg_fix_v1_top200/rank092_GWHPBECS026493/outputs/final.pdb,neg_fix_v1_top200/rank092_GWHPBECS026493/outputs/prod.log,neg_fix_v1_top200/rank092_GWHPBECS026493/work/complex.gro,neg_fix_v1_top200/rank092_GWHPBECS026493/work/protein.pdb,neg_fix_v1_top200/rank092_GWHPBECS026493/work/ligand.pdb,neg_fix_v1_top200/rank092_GWHPBECS026493/work/em.tpr,neg_fix_v1_top200/rank092_GWHPBECS026493/work/em.trr,neg_fix_v1_top200/rank092_GWHPBECS026493/work/em.edr,OK
rank093_GWHPBECS005718,neg_fix_v1_top200/rank093_GWHPBECS005718,neg_fix_v1_top200/rank093_GWHPBECS005718/outputs/prod.dcd,neg_fix_v1_top200/rank093_GWHPBECS005718/outputs/final.pdb,neg_fix_v1_top200/rank093_GWHPBECS005718/outputs/prod.log,neg_fix_v1_top200/rank093_GWHPBECS005718/work/complex.gro,neg_fix_v1_top200/rank093_GWHPBECS005718/work/protein.pdb,neg_fix_v1_top200/rank093_GWHPBECS005718/work/ligand.pdb,neg_fix_v1_top200/rank093_GWHPBECS005718/work/em.tpr,neg_fix_v1_top200/rank093_GWHPBECS005718/work/em.trr,neg_fix_v1_top200/rank093_GWHPBECS005718/work/em.edr,OK
rank094_GWHPBECS025961,neg_fix_v1_top200/rank094_GWHPBECS025961,neg_fix_v1_top200/rank094_GWHPBECS025961/outputs/prod.dcd,neg_fix_v1_top200/rank094_GWHPBECS025961/outputs/final.pdb,neg_fix_v1_top200/rank094_GWHPBECS025961/outputs/prod.log,neg_fix_v1_top200/rank094_GWHPBECS025961/work/complex.gro,neg_fix_v1_top200/rank094_GWHPBECS025961/work/protein.pdb,neg_fix_v1_top200/rank094_GWHPBECS025961/work/ligand.pdb,neg_fix_v1_top200/rank094_GWHPBECS025961/work/em.tpr,neg_fix_v1_top200/rank094_GWHPBECS025961/work/em.trr,neg_fix_v1_top200/rank094_GWHPBECS025961/work/em.edr,OK
rank095_GWHPBECS041382,neg_fix_v1_top200/rank095_GWHPBECS041382,neg_fix_v1_top200/rank095_GWHPBECS041382/outputs/prod.dcd,neg_fix_v1_top200/rank095_GWHPBECS041382/outputs/final.pdb,neg_fix_v1_top200/rank095_GWHPBECS041382/outputs/prod.log,neg_fix_v1_top200/rank095_GWHPBECS041382/work/complex.gro,neg_fix_v1_top200/rank095_GWHPBECS041382/work/protein.pdb,neg_fix_v1_top200/rank095_GWHPBECS041382/work/ligand.pdb,neg_fix_v1_top200/rank095_GWHPBECS041382/work/em.tpr,neg_fix_v1_top200/rank095_GWHPBECS041382/work/em.trr,neg_fix_v1_top200/rank095_GWHPBECS041382/work/em.edr,OK
rank096_GWHPBECS025373,neg_fix_v1_top200/rank096_GWHPBECS025373,neg_fix_v1_top200/rank096_GWHPBECS025373/outputs/prod.dcd,neg_fix_v1_top200/rank096_GWHPBECS025373/outputs/final.pdb,neg_fix_v1_top200/rank096_GWHPBECS025373/outputs/prod.log,neg_fix_v1_top200/rank096_GWHPBECS025373/work/complex.gro,neg_fix_v1_top200/rank096_GWHPBECS025373/work/protein.pdb,neg_fix_v1_top200/rank096_GWHPBECS025373/work/ligand.pdb,neg_fix_v1_top200/rank096_GWHPBECS025373/work/em.tpr,neg_fix_v1_top200/rank096_GWHPBECS025373/work/em.trr,neg_fix_v1_top200/rank096_GWHPBECS025373/work/em.edr,OK
rank097_GWHPBECS013088,neg_fix_v1_top200/rank097_GWHPBECS013088,neg_fix_v1_top200/rank097_GWHPBECS013088/outputs/prod.dcd,neg_fix_v1_top200/rank097_GWHPBECS013088/outputs/final.pdb,neg_fix_v1_top200/rank097_GWHPBECS013088/outputs/prod.log,neg_fix_v1_top200/rank097_GWHPBECS013088/work/complex.gro,neg_fix_v1_top200/rank097_GWHPBECS013088/work/protein.pdb,neg_fix_v1_top200/rank097_GWHPBECS013088/work/ligand.pdb,neg_fix_v1_top200/rank097_GWHPBECS013088/work/em.tpr,neg_fix_v1_top200/rank097_GWHPBECS013088/work/em.trr,neg_fix_v1_top200/rank097_GWHPBECS013088/work/em.edr,OK
rank098_GWHPBECS028344,neg_fix_v1_top200/rank098_GWHPBECS028344,neg_fix_v1_top200/rank098_GWHPBECS028344/outputs/prod.dcd,neg_fix_v1_top200/rank098_GWHPBECS028344/outputs/final.pdb,neg_fix_v1_top200/rank098_GWHPBECS028344/outputs/prod.log,neg_fix_v1_top200/rank098_GWHPBECS028344/work/complex.gro,neg_fix_v1_top200/rank098_GWHPBECS028344/work/protein.pdb,neg_fix_v1_top200/rank098_GWHPBECS028344/work/ligand.pdb,neg_fix_v1_top200/rank098_GWHPBECS028344/work/em.tpr,neg_fix_v1_top200/rank098_GWHPBECS028344/work/em.trr,neg_fix_v1_top200/rank098_GWHPBECS028344/work/em.edr,OK
rank099_GWHPBECS019951,neg_fix_v1_top200/rank099_GWHPBECS019951,neg_fix_v1_top200/rank099_GWHPBECS019951/outputs/prod.dcd,neg_fix_v1_top200/rank099_GWHPBECS019951/outputs/final.pdb,neg_fix_v1_top200/rank099_GWHPBECS019951/outputs/prod.log,neg_fix_v1_top200/rank099_GWHPBECS019951/work/complex.gro,neg_fix_v1_top200/rank099_GWHPBECS019951/work/protein.pdb,neg_fix_v1_top200/rank099_GWHPBECS019951/work/ligand.pdb,neg_fix_v1_top200/rank099_GWHPBECS019951/work/em.tpr,neg_fix_v1_top200/rank099_GWHPBECS019951/work/em.trr,neg_fix_v1_top200/rank099_GWHPBECS019951/work/em.edr,OK
rank100_GWHPBECS025958,neg_fix_v1_top200/rank100_GWHPBECS025958,neg_fix_v1_top200/rank100_GWHPBECS025958/outputs/prod.dcd,neg_fix_v1_top200/rank100_GWHPBECS025958/outputs/final.pdb,neg_fix_v1_top200/rank100_GWHPBECS025958/outputs/prod.log,neg_fix_v1_top200/rank100_GWHPBECS025958/work/complex.gro,neg_fix_v1_top200/rank100_GWHPBECS025958/work/protein.pdb,neg_fix_v1_top200/rank100_GWHPBECS025958/work/ligand.pdb,neg_fix_v1_top200/rank100_GWHPBECS025958/work/em.tpr,neg_fix_v1_top200/rank100_GWHPBECS025958/work/em.trr,neg_fix_v1_top200/rank100_GWHPBECS025958/work/em.edr,OK
rank101_GWHPBECS012442,neg_fix_v1_top200/rank101_GWHPBECS012442,neg_fix_v1_top200/rank101_GWHPBECS012442/outputs/prod.dcd,neg_fix_v1_top200/rank101_GWHPBECS012442/outputs/final.pdb,neg_fix_v1_top200/rank101_GWHPBECS012442/outputs/prod.log,neg_fix_v1_top200/rank101_GWHPBECS012442/work/complex.gro,neg_fix_v1_top200/rank101_GWHPBECS012442/work/protein.pdb,neg_fix_v1_top200/rank101_GWHPBECS012442/work/ligand.pdb,neg_fix_v1_top200/rank101_GWHPBECS012442/work/em.tpr,neg_fix_v1_top200/rank101_GWHPBECS012442/work/em.trr,neg_fix_v1_top200/rank101_GWHPBECS012442/work/em.edr,OK
rank102_GWHPBECS005721,neg_fix_v1_top200/rank102_GWHPBECS005721,neg_fix_v1_top200/rank102_GWHPBECS005721/outputs/prod.dcd,neg_fix_v1_top200/rank102_GWHPBECS005721/outputs/final.pdb,neg_fix_v1_top200/rank102_GWHPBECS005721/outputs/prod.log,neg_fix_v1_top200/rank102_GWHPBECS005721/work/complex.gro,neg_fix_v1_top200/rank102_GWHPBECS005721/work/protein.pdb,neg_fix_v1_top200/rank102_GWHPBECS005721/work/ligand.pdb,neg_fix_v1_top200/rank102_GWHPBECS005721/work/em.tpr,neg_fix_v1_top200/rank102_GWHPBECS005721/work/em.trr,neg_fix_v1_top200/rank102_GWHPBECS005721/work/em.edr,OK
rank103_GWHPBECS041304,neg_fix_v1_top200/rank103_GWHPBECS041304,neg_fix_v1_top200/rank103_GWHPBECS041304/outputs/prod.dcd,neg_fix_v1_top200/rank103_GWHPBECS041304/outputs/final.pdb,neg_fix_v1_top200/rank103_GWHPBECS041304/outputs/prod.log,neg_fix_v1_top200/rank103_GWHPBECS041304/work/complex.gro,neg_fix_v1_top200/rank103_GWHPBECS041304/work/protein.pdb,neg_fix_v1_top200/rank103_GWHPBECS041304/work/ligand.pdb,neg_fix_v1_top200/rank103_GWHPBECS041304/work/em.tpr,neg_fix_v1_top200/rank103_GWHPBECS041304/work/em.trr,neg_fix_v1_top200/rank103_GWHPBECS041304/work/em.edr,OK
rank104_GWHPBECS012324,neg_fix_v1_top200/rank104_GWHPBECS012324,neg_fix_v1_top200/rank104_GWHPBECS012324/outputs/prod.dcd,neg_fix_v1_top200/rank104_GWHPBECS012324/outputs/final.pdb,neg_fix_v1_top200/rank104_GWHPBECS012324/outputs/prod.log,neg_fix_v1_top200/rank104_GWHPBECS012324/work/complex.gro,neg_fix_v1_top200/rank104_GWHPBECS012324/work/protein.pdb,neg_fix_v1_top200/rank104_GWHPBECS012324/work/ligand.pdb,neg_fix_v1_top200/rank104_GWHPBECS012324/work/em.tpr,neg_fix_v1_top200/rank104_GWHPBECS012324/work/em.trr,neg_fix_v1_top200/rank104_GWHPBECS012324/work/em.edr,OK
rank105_GWHPBECS013089,neg_fix_v1_top200/rank105_GWHPBECS013089,neg_fix_v1_top200/rank105_GWHPBECS013089/outputs/prod.dcd,neg_fix_v1_top200/rank105_GWHPBECS013089/outputs/final.pdb,neg_fix_v1_top200/rank105_GWHPBECS013089/outputs/prod.log,neg_fix_v1_top200/rank105_GWHPBECS013089/work/complex.gro,neg_fix_v1_top200/rank105_GWHPBECS013089/work/protein.pdb,neg_fix_v1_top200/rank105_GWHPBECS013089/work/ligand.pdb,neg_fix_v1_top200/rank105_GWHPBECS013089/work/em.tpr,neg_fix_v1_top200/rank105_GWHPBECS013089/work/em.trr,neg_fix_v1_top200/rank105_GWHPBECS013089/work/em.edr,OK
rank106_GWHPBECS025966,neg_fix_v1_top200/rank106_GWHPBECS025966,neg_fix_v1_top200/rank106_GWHPBECS025966/outputs/prod.dcd,neg_fix_v1_top200/rank106_GWHPBECS025966/outputs/final.pdb,neg_fix_v1_top200/rank106_GWHPBECS025966/outputs/prod.log,neg_fix_v1_top200/rank106_GWHPBECS025966/work/complex.gro,neg_fix_v1_top200/rank106_GWHPBECS025966/work/protein.pdb,neg_fix_v1_top200/rank106_GWHPBECS025966/work/ligand.pdb,neg_fix_v1_top200/rank106_GWHPBECS025966/work/em.tpr,neg_fix_v1_top200/rank106_GWHPBECS025966/work/em.trr,neg_fix_v1_top200/rank106_GWHPBECS025966/work/em.edr,OK
rank107_GWHPBECS010868,neg_fix_v1_top200/rank107_GWHPBECS010868,neg_fix_v1_top200/rank107_GWHPBECS010868/outputs/prod.dcd,neg_fix_v1_top200/rank107_GWHPBECS010868/outputs/final.pdb,neg_fix_v1_top200/rank107_GWHPBECS010868/outputs/prod.log,neg_fix_v1_top200/rank107_GWHPBECS010868/work/complex.gro,neg_fix_v1_top200/rank107_GWHPBECS010868/work/protein.pdb,neg_fix_v1_top200/rank107_GWHPBECS010868/work/ligand.pdb,neg_fix_v1_top200/rank107_GWHPBECS010868/work/em.tpr,neg_fix_v1_top200/rank107_GWHPBECS010868/work/em.trr,neg_fix_v1_top200/rank107_GWHPBECS010868/work/em.edr,OK
rank108_GWHPBECS014891,neg_fix_v1_top200/rank108_GWHPBECS014891,neg_fix_v1_top200/rank108_GWHPBECS014891/outputs/prod.dcd,neg_fix_v1_top200/rank108_GWHPBECS014891/outputs/final.pdb,neg_fix_v1_top200/rank108_GWHPBECS014891/outputs/prod.log,neg_fix_v1_top200/rank108_GWHPBECS014891/work/complex.gro,neg_fix_v1_top200/rank108_GWHPBECS014891/work/protein.pdb,neg_fix_v1_top200/rank108_GWHPBECS014891/work/ligand.pdb,neg_fix_v1_top200/rank108_GWHPBECS014891/work/em.tpr,neg_fix_v1_top200/rank108_GWHPBECS014891/work/em.trr,neg_fix_v1_top200/rank108_GWHPBECS014891/work/em.edr,OK
rank109_GWHPBECS026007,neg_fix_v1_top200/rank109_GWHPBECS026007,neg_fix_v1_top200/rank109_GWHPBECS026007/outputs/prod.dcd,neg_fix_v1_top200/rank109_GWHPBECS026007/outputs/final.pdb,neg_fix_v1_top200/rank109_GWHPBECS026007/outputs/prod.log,neg_fix_v1_top200/rank109_GWHPBECS026007/work/complex.gro,neg_fix_v1_top200/rank109_GWHPBECS026007/work/protein.pdb,neg_fix_v1_top200/rank109_GWHPBECS026007/work/ligand.pdb,neg_fix_v1_top200/rank109_GWHPBECS026007/work/em.tpr,neg_fix_v1_top200/rank109_GWHPBECS026007/work/em.trr,neg_fix_v1_top200/rank109_GWHPBECS026007/work/em.edr,OK
rank110_GWHPBECS026010,neg_fix_v1_top200/rank110_GWHPBECS026010,neg_fix_v1_top200/rank110_GWHPBECS026010/outputs/prod.dcd,neg_fix_v1_top200/rank110_GWHPBECS026010/outputs/final.pdb,neg_fix_v1_top200/rank110_GWHPBECS026010/outputs/prod.log,neg_fix_v1_top200/rank110_GWHPBECS026010/work/complex.gro,neg_fix_v1_top200/rank110_GWHPBECS026010/work/protein.pdb,neg_fix_v1_top200/rank110_GWHPBECS026010/work/ligand.pdb,neg_fix_v1_top200/rank110_GWHPBECS026010/work/em.tpr,neg_fix_v1_top200/rank110_GWHPBECS026010/work/em.trr,neg_fix_v1_top200/rank110_GWHPBECS026010/work/em.edr,OK
rank111_GWHPBECS007006,neg_fix_v1_top200/rank111_GWHPBECS007006,neg_fix_v1_top200/rank111_GWHPBECS007006/outputs/prod.dcd,neg_fix_v1_top200/rank111_GWHPBECS007006/outputs/final.pdb,neg_fix_v1_top200/rank111_GWHPBECS007006/outputs/prod.log,neg_fix_v1_top200/rank111_GWHPBECS007006/work/complex.gro,neg_fix_v1_top200/rank111_GWHPBECS007006/work/protein.pdb,neg_fix_v1_top200/rank111_GWHPBECS007006/work/ligand.pdb,neg_fix_v1_top200/rank111_GWHPBECS007006/work/em.tpr,neg_fix_v1_top200/rank111_GWHPBECS007006/work/em.trr,neg_fix_v1_top200/rank111_GWHPBECS007006/work/em.edr,OK
rank112_GWHPBECS025037,neg_fix_v1_top200/rank112_GWHPBECS025037,neg_fix_v1_top200/rank112_GWHPBECS025037/outputs/prod.dcd,neg_fix_v1_top200/rank112_GWHPBECS025037/outputs/final.pdb,neg_fix_v1_top200/rank112_GWHPBECS025037/outputs/prod.log,neg_fix_v1_top200/rank112_GWHPBECS025037/work/complex.gro,neg_fix_v1_top200/rank112_GWHPBECS025037/work/protein.pdb,neg_fix_v1_top200/rank112_GWHPBECS025037/work/ligand.pdb,neg_fix_v1_top200/rank112_GWHPBECS025037/work/em.tpr,neg_fix_v1_top200/rank112_GWHPBECS025037/work/em.trr,neg_fix_v1_top200/rank112_GWHPBECS025037/work/em.edr,OK
rank113_GWHPBECS007575,neg_fix_v1_top200/rank113_GWHPBECS007575,neg_fix_v1_top200/rank113_GWHPBECS007575/outputs/prod.dcd,neg_fix_v1_top200/rank113_GWHPBECS007575/outputs/final.pdb,neg_fix_v1_top200/rank113_GWHPBECS007575/outputs/prod.log,neg_fix_v1_top200/rank113_GWHPBECS007575/work/complex.gro,neg_fix_v1_top200/rank113_GWHPBECS007575/work/protein.pdb,neg_fix_v1_top200/rank113_GWHPBECS007575/work/ligand.pdb,neg_fix_v1_top200/rank113_GWHPBECS007575/work/em.tpr,neg_fix_v1_top200/rank113_GWHPBECS007575/work/em.trr,neg_fix_v1_top200/rank113_GWHPBECS007575/work/em.edr,OK
rank114_GWHPBECS026009,neg_fix_v1_top200/rank114_GWHPBECS026009,neg_fix_v1_top200/rank114_GWHPBECS026009/outputs/prod.dcd,neg_fix_v1_top200/rank114_GWHPBECS026009/outputs/final.pdb,neg_fix_v1_top200/rank114_GWHPBECS026009/outputs/prod.log,neg_fix_v1_top200/rank114_GWHPBECS026009/work/complex.gro,neg_fix_v1_top200/rank114_GWHPBECS026009/work/protein.pdb,neg_fix_v1_top200/rank114_GWHPBECS026009/work/ligand.pdb,neg_fix_v1_top200/rank114_GWHPBECS026009/work/em.tpr,neg_fix_v1_top200/rank114_GWHPBECS026009/work/em.trr,neg_fix_v1_top200/rank114_GWHPBECS026009/work/em.edr,OK
rank115_GWHPBECS012284,neg_fix_v1_top200/rank115_GWHPBECS012284,neg_fix_v1_top200/rank115_GWHPBECS012284/outputs/prod.dcd,neg_fix_v1_top200/rank115_GWHPBECS012284/outputs/final.pdb,neg_fix_v1_top200/rank115_GWHPBECS012284/outputs/prod.log,neg_fix_v1_top200/rank115_GWHPBECS012284/work/complex.gro,neg_fix_v1_top200/rank115_GWHPBECS012284/work/protein.pdb,neg_fix_v1_top200/rank115_GWHPBECS012284/work/ligand.pdb,neg_fix_v1_top200/rank115_GWHPBECS012284/work/em.tpr,neg_fix_v1_top200/rank115_GWHPBECS012284/work/em.trr,neg_fix_v1_top200/rank115_GWHPBECS012284/work/em.edr,OK
rank116_GWHPBECS006520,neg_fix_v1_top200/rank116_GWHPBECS006520,neg_fix_v1_top200/rank116_GWHPBECS006520/outputs/prod.dcd,neg_fix_v1_top200/rank116_GWHPBECS006520/outputs/final.pdb,neg_fix_v1_top200/rank116_GWHPBECS006520/outputs/prod.log,neg_fix_v1_top200/rank116_GWHPBECS006520/work/complex.gro,neg_fix_v1_top200/rank116_GWHPBECS006520/work/protein.pdb,neg_fix_v1_top200/rank116_GWHPBECS006520/work/ligand.pdb,neg_fix_v1_top200/rank116_GWHPBECS006520/work/em.tpr,neg_fix_v1_top200/rank116_GWHPBECS006520/work/em.trr,neg_fix_v1_top200/rank116_GWHPBECS006520/work/em.edr,OK
rank117_GWHPBECS041305,neg_fix_v1_top200/rank117_GWHPBECS041305,neg_fix_v1_top200/rank117_GWHPBECS041305/outputs/prod.dcd,neg_fix_v1_top200/rank117_GWHPBECS041305/outputs/final.pdb,neg_fix_v1_top200/rank117_GWHPBECS041305/outputs/prod.log,neg_fix_v1_top200/rank117_GWHPBECS041305/work/complex.gro,neg_fix_v1_top200/rank117_GWHPBECS041305/work/protein.pdb,neg_fix_v1_top200/rank117_GWHPBECS041305/work/ligand.pdb,neg_fix_v1_top200/rank117_GWHPBECS041305/work/em.tpr,neg_fix_v1_top200/rank117_GWHPBECS041305/work/em.trr,neg_fix_v1_top200/rank117_GWHPBECS041305/work/em.edr,OK
rank118_GWHPBECS026005,neg_fix_v1_top200/rank118_GWHPBECS026005,neg_fix_v1_top200/rank118_GWHPBECS026005/outputs/prod.dcd,neg_fix_v1_top200/rank118_GWHPBECS026005/outputs/final.pdb,neg_fix_v1_top200/rank118_GWHPBECS026005/outputs/prod.log,neg_fix_v1_top200/rank118_GWHPBECS026005/work/complex.gro,neg_fix_v1_top200/rank118_GWHPBECS026005/work/protein.pdb,neg_fix_v1_top200/rank118_GWHPBECS026005/work/ligand.pdb,neg_fix_v1_top200/rank118_GWHPBECS026005/work/em.tpr,neg_fix_v1_top200/rank118_GWHPBECS026005/work/em.trr,neg_fix_v1_top200/rank118_GWHPBECS026005/work/em.edr,OK
rank119_GWHPBECS026453,neg_fix_v1_top200/rank119_GWHPBECS026453,neg_fix_v1_top200/rank119_GWHPBECS026453/outputs/prod.dcd,neg_fix_v1_top200/rank119_GWHPBECS026453/outputs/final.pdb,neg_fix_v1_top200/rank119_GWHPBECS026453/outputs/prod.log,neg_fix_v1_top200/rank119_GWHPBECS026453/work/complex.gro,neg_fix_v1_top200/rank119_GWHPBECS026453/work/protein.pdb,neg_fix_v1_top200/rank119_GWHPBECS026453/work/ligand.pdb,neg_fix_v1_top200/rank119_GWHPBECS026453/work/em.tpr,neg_fix_v1_top200/rank119_GWHPBECS026453/work/em.trr,neg_fix_v1_top200/rank119_GWHPBECS026453/work/em.edr,OK
rank120_GWHPBECS010761,neg_fix_v1_top200/rank120_GWHPBECS010761,neg_fix_v1_top200/rank120_GWHPBECS010761/outputs/prod.dcd,neg_fix_v1_top200/rank120_GWHPBECS010761/outputs/final.pdb,neg_fix_v1_top200/rank120_GWHPBECS010761/outputs/prod.log,neg_fix_v1_top200/rank120_GWHPBECS010761/work/complex.gro,neg_fix_v1_top200/rank120_GWHPBECS010761/work/protein.pdb,neg_fix_v1_top200/rank120_GWHPBECS010761/work/ligand.pdb,neg_fix_v1_top200/rank120_GWHPBECS010761/work/em.tpr,neg_fix_v1_top200/rank120_GWHPBECS010761/work/em.trr,neg_fix_v1_top200/rank120_GWHPBECS010761/work/em.edr,OK
rank121_GWHPBECS012437,neg_fix_v1_top200/rank121_GWHPBECS012437,neg_fix_v1_top200/rank121_GWHPBECS012437/outputs/prod.dcd,neg_fix_v1_top200/rank121_GWHPBECS012437/outputs/final.pdb,neg_fix_v1_top200/rank121_GWHPBECS012437/outputs/prod.log,neg_fix_v1_top200/rank121_GWHPBECS012437/work/complex.gro,neg_fix_v1_top200/rank121_GWHPBECS012437/work/protein.pdb,neg_fix_v1_top200/rank121_GWHPBECS012437/work/ligand.pdb,neg_fix_v1_top200/rank121_GWHPBECS012437/work/em.tpr,neg_fix_v1_top200/rank121_GWHPBECS012437/work/em.trr,neg_fix_v1_top200/rank121_GWHPBECS012437/work/em.edr,OK
rank122_GWHPBECS012322,neg_fix_v1_top200/rank122_GWHPBECS012322,neg_fix_v1_top200/rank122_GWHPBECS012322/outputs/prod.dcd,neg_fix_v1_top200/rank122_GWHPBECS012322/outputs/final.pdb,neg_fix_v1_top200/rank122_GWHPBECS012322/outputs/prod.log,neg_fix_v1_top200/rank122_GWHPBECS012322/work/complex.gro,neg_fix_v1_top200/rank122_GWHPBECS012322/work/protein.pdb,neg_fix_v1_top200/rank122_GWHPBECS012322/work/ligand.pdb,neg_fix_v1_top200/rank122_GWHPBECS012322/work/em.tpr,neg_fix_v1_top200/rank122_GWHPBECS012322/work/em.trr,neg_fix_v1_top200/rank122_GWHPBECS012322/work/em.edr,OK
rank123_GWHPBECS010760,neg_fix_v1_top200/rank123_GWHPBECS010760,neg_fix_v1_top200/rank123_GWHPBECS010760/outputs/prod.dcd,neg_fix_v1_top200/rank123_GWHPBECS010760/outputs/final.pdb,neg_fix_v1_top200/rank123_GWHPBECS010760/outputs/prod.log,neg_fix_v1_top200/rank123_GWHPBECS010760/work/complex.gro,neg_fix_v1_top200/rank123_GWHPBECS010760/work/protein.pdb,neg_fix_v1_top200/rank123_GWHPBECS010760/work/ligand.pdb,neg_fix_v1_top200/rank123_GWHPBECS010760/work/em.tpr,neg_fix_v1_top200/rank123_GWHPBECS010760/work/em.trr,neg_fix_v1_top200/rank123_GWHPBECS010760/work/em.edr,OK
rank124_GWHPBECS004330,neg_fix_v1_top200/rank124_GWHPBECS004330,neg_fix_v1_top200/rank124_GWHPBECS004330/outputs/prod.dcd,neg_fix_v1_top200/rank124_GWHPBECS004330/outputs/final.pdb,neg_fix_v1_top200/rank124_GWHPBECS004330/outputs/prod.log,neg_fix_v1_top200/rank124_GWHPBECS004330/work/complex.gro,neg_fix_v1_top200/rank124_GWHPBECS004330/work/protein.pdb,neg_fix_v1_top200/rank124_GWHPBECS004330/work/ligand.pdb,neg_fix_v1_top200/rank124_GWHPBECS004330/work/em.tpr,neg_fix_v1_top200/rank124_GWHPBECS004330/work/em.trr,neg_fix_v1_top200/rank124_GWHPBECS004330/work/em.edr,OK
rank125_GWHPBECS034731,neg_fix_v1_top200/rank125_GWHPBECS034731,neg_fix_v1_top200/rank125_GWHPBECS034731/outputs/prod.dcd,neg_fix_v1_top200/rank125_GWHPBECS034731/outputs/final.pdb,neg_fix_v1_top200/rank125_GWHPBECS034731/outputs/prod.log,neg_fix_v1_top200/rank125_GWHPBECS034731/work/complex.gro,neg_fix_v1_top200/rank125_GWHPBECS034731/work/protein.pdb,neg_fix_v1_top200/rank125_GWHPBECS034731/work/ligand.pdb,neg_fix_v1_top200/rank125_GWHPBECS034731/work/em.tpr,neg_fix_v1_top200/rank125_GWHPBECS034731/work/em.trr,neg_fix_v1_top200/rank125_GWHPBECS034731/work/em.edr,OK
rank126_GWHPBECS009693,neg_fix_v1_top200/rank126_GWHPBECS009693,neg_fix_v1_top200/rank126_GWHPBECS009693/outputs/prod.dcd,neg_fix_v1_top200/rank126_GWHPBECS009693/outputs/final.pdb,neg_fix_v1_top200/rank126_GWHPBECS009693/outputs/prod.log,neg_fix_v1_top200/rank126_GWHPBECS009693/work/complex.gro,neg_fix_v1_top200/rank126_GWHPBECS009693/work/protein.pdb,neg_fix_v1_top200/rank126_GWHPBECS009693/work/ligand.pdb,neg_fix_v1_top200/rank126_GWHPBECS009693/work/em.tpr,neg_fix_v1_top200/rank126_GWHPBECS009693/work/em.trr,neg_fix_v1_top200/rank126_GWHPBECS009693/work/em.edr,OK
rank127_GWHPBECS002895,neg_fix_v1_top200/rank127_GWHPBECS002895,neg_fix_v1_top200/rank127_GWHPBECS002895/outputs/prod.dcd,neg_fix_v1_top200/rank127_GWHPBECS002895/outputs/final.pdb,neg_fix_v1_top200/rank127_GWHPBECS002895/outputs/prod.log,neg_fix_v1_top200/rank127_GWHPBECS002895/work/complex.gro,neg_fix_v1_top200/rank127_GWHPBECS002895/work/protein.pdb,neg_fix_v1_top200/rank127_GWHPBECS002895/work/ligand.pdb,neg_fix_v1_top200/rank127_GWHPBECS002895/work/em.tpr,neg_fix_v1_top200/rank127_GWHPBECS002895/work/em.trr,neg_fix_v1_top200/rank127_GWHPBECS002895/work/em.edr,OK
rank128_GWHPBECS015470,neg_fix_v1_top200/rank128_GWHPBECS015470,neg_fix_v1_top200/rank128_GWHPBECS015470/outputs/prod.dcd,neg_fix_v1_top200/rank128_GWHPBECS015470/outputs/final.pdb,neg_fix_v1_top200/rank128_GWHPBECS015470/outputs/prod.log,neg_fix_v1_top200/rank128_GWHPBECS015470/work/complex.gro,neg_fix_v1_top200/rank128_GWHPBECS015470/work/protein.pdb,neg_fix_v1_top200/rank128_GWHPBECS015470/work/ligand.pdb,neg_fix_v1_top200/rank128_GWHPBECS015470/work/em.tpr,neg_fix_v1_top200/rank128_GWHPBECS015470/work/em.trr,neg_fix_v1_top200/rank128_GWHPBECS015470/work/em.edr,OK
rank129_GWHPBECS024319,neg_fix_v1_top200/rank129_GWHPBECS024319,neg_fix_v1_top200/rank129_GWHPBECS024319/outputs/prod.dcd,neg_fix_v1_top200/rank129_GWHPBECS024319/outputs/final.pdb,neg_fix_v1_top200/rank129_GWHPBECS024319/outputs/prod.log,neg_fix_v1_top200/rank129_GWHPBECS024319/work/complex.gro,neg_fix_v1_top200/rank129_GWHPBECS024319/work/protein.pdb,neg_fix_v1_top200/rank129_GWHPBECS024319/work/ligand.pdb,neg_fix_v1_top200/rank129_GWHPBECS024319/work/em.tpr,neg_fix_v1_top200/rank129_GWHPBECS024319/work/em.trr,neg_fix_v1_top200/rank129_GWHPBECS024319/work/em.edr,OK
rank130_GWHPBECS026447,neg_fix_v1_top200/rank130_GWHPBECS026447,neg_fix_v1_top200/rank130_GWHPBECS026447/outputs/prod.dcd,neg_fix_v1_top200/rank130_GWHPBECS026447/outputs/final.pdb,neg_fix_v1_top200/rank130_GWHPBECS026447/outputs/prod.log,neg_fix_v1_top200/rank130_GWHPBECS026447/work/complex.gro,neg_fix_v1_top200/rank130_GWHPBECS026447/work/protein.pdb,neg_fix_v1_top200/rank130_GWHPBECS026447/work/ligand.pdb,neg_fix_v1_top200/rank130_GWHPBECS026447/work/em.tpr,neg_fix_v1_top200/rank130_GWHPBECS026447/work/em.trr,neg_fix_v1_top200/rank130_GWHPBECS026447/work/em.edr,OK
rank131_GWHPBECS007574,neg_fix_v1_top200/rank131_GWHPBECS007574,neg_fix_v1_top200/rank131_GWHPBECS007574/outputs/prod.dcd,neg_fix_v1_top200/rank131_GWHPBECS007574/outputs/final.pdb,neg_fix_v1_top200/rank131_GWHPBECS007574/outputs/prod.log,neg_fix_v1_top200/rank131_GWHPBECS007574/work/complex.gro,neg_fix_v1_top200/rank131_GWHPBECS007574/work/protein.pdb,neg_fix_v1_top200/rank131_GWHPBECS007574/work/ligand.pdb,neg_fix_v1_top200/rank131_GWHPBECS007574/work/em.tpr,neg_fix_v1_top200/rank131_GWHPBECS007574/work/em.trr,neg_fix_v1_top200/rank131_GWHPBECS007574/work/em.edr,OK
rank132_GWHPBECS030111,neg_fix_v1_top200/rank132_GWHPBECS030111,neg_fix_v1_top200/rank132_GWHPBECS030111/outputs/prod.dcd,neg_fix_v1_top200/rank132_GWHPBECS030111/outputs/final.pdb,neg_fix_v1_top200/rank132_GWHPBECS030111/outputs/prod.log,neg_fix_v1_top200/rank132_GWHPBECS030111/work/complex.gro,neg_fix_v1_top200/rank132_GWHPBECS030111/work/protein.pdb,neg_fix_v1_top200/rank132_GWHPBECS030111/work/ligand.pdb,neg_fix_v1_top200/rank132_GWHPBECS030111/work/em.tpr,neg_fix_v1_top200/rank132_GWHPBECS030111/work/em.trr,neg_fix_v1_top200/rank132_GWHPBECS030111/work/em.edr,OK
rank133_GWHPBECS026441,neg_fix_v1_top200/rank133_GWHPBECS026441,neg_fix_v1_top200/rank133_GWHPBECS026441/outputs/prod.dcd,neg_fix_v1_top200/rank133_GWHPBECS026441/outputs/final.pdb,neg_fix_v1_top200/rank133_GWHPBECS026441/outputs/prod.log,neg_fix_v1_top200/rank133_GWHPBECS026441/work/complex.gro,neg_fix_v1_top200/rank133_GWHPBECS026441/work/protein.pdb,neg_fix_v1_top200/rank133_GWHPBECS026441/work/ligand.pdb,neg_fix_v1_top200/rank133_GWHPBECS026441/work/em.tpr,neg_fix_v1_top200/rank133_GWHPBECS026441/work/em.trr,neg_fix_v1_top200/rank133_GWHPBECS026441/work/em.edr,OK
rank134_GWHPBECS005379,neg_fix_v1_top200/rank134_GWHPBECS005379,neg_fix_v1_top200/rank134_GWHPBECS005379/outputs/prod.dcd,neg_fix_v1_top200/rank134_GWHPBECS005379/outputs/final.pdb,neg_fix_v1_top200/rank134_GWHPBECS005379/outputs/prod.log,neg_fix_v1_top200/rank134_GWHPBECS005379/work/complex.gro,neg_fix_v1_top200/rank134_GWHPBECS005379/work/protein.pdb,neg_fix_v1_top200/rank134_GWHPBECS005379/work/ligand.pdb,neg_fix_v1_top200/rank134_GWHPBECS005379/work/em.tpr,neg_fix_v1_top200/rank134_GWHPBECS005379/work/em.trr,neg_fix_v1_top200/rank134_GWHPBECS005379/work/em.edr,OK
rank135_GWHPBECS026438,neg_fix_v1_top200/rank135_GWHPBECS026438,neg_fix_v1_top200/rank135_GWHPBECS026438/outputs/prod.dcd,neg_fix_v1_top200/rank135_GWHPBECS026438/outputs/final.pdb,neg_fix_v1_top200/rank135_GWHPBECS026438/outputs/prod.log,neg_fix_v1_top200/rank135_GWHPBECS026438/work/complex.gro,neg_fix_v1_top200/rank135_GWHPBECS026438/work/protein.pdb,neg_fix_v1_top200/rank135_GWHPBECS026438/work/ligand.pdb,neg_fix_v1_top200/rank135_GWHPBECS026438/work/em.tpr,neg_fix_v1_top200/rank135_GWHPBECS026438/work/em.trr,neg_fix_v1_top200/rank135_GWHPBECS026438/work/em.edr,OK
rank136_GWHPBECS012488,neg_fix_v1_top200/rank136_GWHPBECS012488,neg_fix_v1_top200/rank136_GWHPBECS012488/outputs/prod.dcd,neg_fix_v1_top200/rank136_GWHPBECS012488/outputs/final.pdb,neg_fix_v1_top200/rank136_GWHPBECS012488/outputs/prod.log,neg_fix_v1_top200/rank136_GWHPBECS012488/work/complex.gro,neg_fix_v1_top200/rank136_GWHPBECS012488/work/protein.pdb,neg_fix_v1_top200/rank136_GWHPBECS012488/work/ligand.pdb,neg_fix_v1_top200/rank136_GWHPBECS012488/work/em.tpr,neg_fix_v1_top200/rank136_GWHPBECS012488/work/em.trr,neg_fix_v1_top200/rank136_GWHPBECS012488/work/em.edr,OK
rank137_GWHPBECS040946,neg_fix_v1_top200/rank137_GWHPBECS040946,neg_fix_v1_top200/rank137_GWHPBECS040946/outputs/prod.dcd,neg_fix_v1_top200/rank137_GWHPBECS040946/outputs/final.pdb,neg_fix_v1_top200/rank137_GWHPBECS040946/outputs/prod.log,neg_fix_v1_top200/rank137_GWHPBECS040946/work/complex.gro,neg_fix_v1_top200/rank137_GWHPBECS040946/work/protein.pdb,neg_fix_v1_top200/rank137_GWHPBECS040946/work/ligand.pdb,neg_fix_v1_top200/rank137_GWHPBECS040946/work/em.tpr,neg_fix_v1_top200/rank137_GWHPBECS040946/work/em.trr,neg_fix_v1_top200/rank137_GWHPBECS040946/work/em.edr,OK
rank138_GWHPBECS012298,neg_fix_v1_top200/rank138_GWHPBECS012298,neg_fix_v1_top200/rank138_GWHPBECS012298/outputs/prod.dcd,neg_fix_v1_top200/rank138_GWHPBECS012298/outputs/final.pdb,neg_fix_v1_top200/rank138_GWHPBECS012298/outputs/prod.log,neg_fix_v1_top200/rank138_GWHPBECS012298/work/complex.gro,neg_fix_v1_top200/rank138_GWHPBECS012298/work/protein.pdb,neg_fix_v1_top200/rank138_GWHPBECS012298/work/ligand.pdb,neg_fix_v1_top200/rank138_GWHPBECS012298/work/em.tpr,neg_fix_v1_top200/rank138_GWHPBECS012298/work/em.trr,neg_fix_v1_top200/rank138_GWHPBECS012298/work/em.edr,OK
rank139_GWHPBECS010875,neg_fix_v1_top200/rank139_GWHPBECS010875,neg_fix_v1_top200/rank139_GWHPBECS010875/outputs/prod.dcd,neg_fix_v1_top200/rank139_GWHPBECS010875/outputs/final.pdb,neg_fix_v1_top200/rank139_GWHPBECS010875/outputs/prod.log,neg_fix_v1_top200/rank139_GWHPBECS010875/work/complex.gro,neg_fix_v1_top200/rank139_GWHPBECS010875/work/protein.pdb,neg_fix_v1_top200/rank139_GWHPBECS010875/work/ligand.pdb,neg_fix_v1_top200/rank139_GWHPBECS010875/work/em.tpr,neg_fix_v1_top200/rank139_GWHPBECS010875/work/em.trr,neg_fix_v1_top200/rank139_GWHPBECS010875/work/em.edr,OK
rank140_GWHPBECS011561,neg_fix_v1_top200/rank140_GWHPBECS011561,neg_fix_v1_top200/rank140_GWHPBECS011561/outputs/prod.dcd,neg_fix_v1_top200/rank140_GWHPBECS011561/outputs/final.pdb,neg_fix_v1_top200/rank140_GWHPBECS011561/outputs/prod.log,neg_fix_v1_top200/rank140_GWHPBECS011561/work/complex.gro,neg_fix_v1_top200/rank140_GWHPBECS011561/work/protein.pdb,neg_fix_v1_top200/rank140_GWHPBECS011561/work/ligand.pdb,neg_fix_v1_top200/rank140_GWHPBECS011561/work/em.tpr,neg_fix_v1_top200/rank140_GWHPBECS011561/work/em.trr,neg_fix_v1_top200/rank140_GWHPBECS011561/work/em.edr,OK
rank141_GWHPBECS041598,neg_fix_v1_top200/rank141_GWHPBECS041598,neg_fix_v1_top200/rank141_GWHPBECS041598/outputs/prod.dcd,neg_fix_v1_top200/rank141_GWHPBECS041598/outputs/final.pdb,neg_fix_v1_top200/rank141_GWHPBECS041598/outputs/prod.log,neg_fix_v1_top200/rank141_GWHPBECS041598/work/complex.gro,neg_fix_v1_top200/rank141_GWHPBECS041598/work/protein.pdb,neg_fix_v1_top200/rank141_GWHPBECS041598/work/ligand.pdb,neg_fix_v1_top200/rank141_GWHPBECS041598/work/em.tpr,neg_fix_v1_top200/rank141_GWHPBECS041598/work/em.trr,neg_fix_v1_top200/rank141_GWHPBECS041598/work/em.edr,OK
rank142_GWHPBECS010874,neg_fix_v1_top200/rank142_GWHPBECS010874,neg_fix_v1_top200/rank142_GWHPBECS010874/outputs/prod.dcd,neg_fix_v1_top200/rank142_GWHPBECS010874/outputs/final.pdb,neg_fix_v1_top200/rank142_GWHPBECS010874/outputs/prod.log,neg_fix_v1_top200/rank142_GWHPBECS010874/work/complex.gro,neg_fix_v1_top200/rank142_GWHPBECS010874/work/protein.pdb,neg_fix_v1_top200/rank142_GWHPBECS010874/work/ligand.pdb,neg_fix_v1_top200/rank142_GWHPBECS010874/work/em.tpr,neg_fix_v1_top200/rank142_GWHPBECS010874/work/em.trr,neg_fix_v1_top200/rank142_GWHPBECS010874/work/em.edr,OK
rank143_GWHPBECS012282,neg_fix_v1_top200/rank143_GWHPBECS012282,neg_fix_v1_top200/rank143_GWHPBECS012282/outputs/prod.dcd,neg_fix_v1_top200/rank143_GWHPBECS012282/outputs/final.pdb,neg_fix_v1_top200/rank143_GWHPBECS012282/outputs/prod.log,neg_fix_v1_top200/rank143_GWHPBECS012282/work/complex.gro,neg_fix_v1_top200/rank143_GWHPBECS012282/work/protein.pdb,neg_fix_v1_top200/rank143_GWHPBECS012282/work/ligand.pdb,neg_fix_v1_top200/rank143_GWHPBECS012282/work/em.tpr,neg_fix_v1_top200/rank143_GWHPBECS012282/work/em.trr,neg_fix_v1_top200/rank143_GWHPBECS012282/work/em.edr,OK
rank144_GWHPBECS013075,neg_fix_v1_top200/rank144_GWHPBECS013075,neg_fix_v1_top200/rank144_GWHPBECS013075/outputs/prod.dcd,neg_fix_v1_top200/rank144_GWHPBECS013075/outputs/final.pdb,neg_fix_v1_top200/rank144_GWHPBECS013075/outputs/prod.log,neg_fix_v1_top200/rank144_GWHPBECS013075/work/complex.gro,neg_fix_v1_top200/rank144_GWHPBECS013075/work/protein.pdb,neg_fix_v1_top200/rank144_GWHPBECS013075/work/ligand.pdb,neg_fix_v1_top200/rank144_GWHPBECS013075/work/em.tpr,neg_fix_v1_top200/rank144_GWHPBECS013075/work/em.trr,neg_fix_v1_top200/rank144_GWHPBECS013075/work/em.edr,OK
rank145_GWHPBECS040957,neg_fix_v1_top200/rank145_GWHPBECS040957,neg_fix_v1_top200/rank145_GWHPBECS040957/outputs/prod.dcd,neg_fix_v1_top200/rank145_GWHPBECS040957/outputs/final.pdb,neg_fix_v1_top200/rank145_GWHPBECS040957/outputs/prod.log,neg_fix_v1_top200/rank145_GWHPBECS040957/work/complex.gro,neg_fix_v1_top200/rank145_GWHPBECS040957/work/protein.pdb,neg_fix_v1_top200/rank145_GWHPBECS040957/work/ligand.pdb,neg_fix_v1_top200/rank145_GWHPBECS040957/work/em.tpr,neg_fix_v1_top200/rank145_GWHPBECS040957/work/em.trr,neg_fix_v1_top200/rank145_GWHPBECS040957/work/em.edr,OK
rank146_GWHPBECS004648,neg_fix_v1_top200/rank146_GWHPBECS004648,neg_fix_v1_top200/rank146_GWHPBECS004648/outputs/prod.dcd,neg_fix_v1_top200/rank146_GWHPBECS004648/outputs/final.pdb,neg_fix_v1_top200/rank146_GWHPBECS004648/outputs/prod.log,neg_fix_v1_top200/rank146_GWHPBECS004648/work/complex.gro,neg_fix_v1_top200/rank146_GWHPBECS004648/work/protein.pdb,neg_fix_v1_top200/rank146_GWHPBECS004648/work/ligand.pdb,neg_fix_v1_top200/rank146_GWHPBECS004648/work/em.tpr,neg_fix_v1_top200/rank146_GWHPBECS004648/work/em.trr,neg_fix_v1_top200/rank146_GWHPBECS004648/work/em.edr,OK
rank147_GWHPBECS013084,neg_fix_v1_top200/rank147_GWHPBECS013084,neg_fix_v1_top200/rank147_GWHPBECS013084/outputs/prod.dcd,neg_fix_v1_top200/rank147_GWHPBECS013084/outputs/final.pdb,neg_fix_v1_top200/rank147_GWHPBECS013084/outputs/prod.log,neg_fix_v1_top200/rank147_GWHPBECS013084/work/complex.gro,neg_fix_v1_top200/rank147_GWHPBECS013084/work/protein.pdb,neg_fix_v1_top200/rank147_GWHPBECS013084/work/ligand.pdb,neg_fix_v1_top200/rank147_GWHPBECS013084/work/em.tpr,neg_fix_v1_top200/rank147_GWHPBECS013084/work/em.trr,neg_fix_v1_top200/rank147_GWHPBECS013084/work/em.edr,OK
rank148_GWHPBECS036196,neg_fix_v1_top200/rank148_GWHPBECS036196,neg_fix_v1_top200/rank148_GWHPBECS036196/outputs/prod.dcd,neg_fix_v1_top200/rank148_GWHPBECS036196/outputs/final.pdb,neg_fix_v1_top200/rank148_GWHPBECS036196/outputs/prod.log,neg_fix_v1_top200/rank148_GWHPBECS036196/work/complex.gro,neg_fix_v1_top200/rank148_GWHPBECS036196/work/protein.pdb,neg_fix_v1_top200/rank148_GWHPBECS036196/work/ligand.pdb,neg_fix_v1_top200/rank148_GWHPBECS036196/work/em.tpr,neg_fix_v1_top200/rank148_GWHPBECS036196/work/em.trr,neg_fix_v1_top200/rank148_GWHPBECS036196/work/em.edr,OK
rank149_GWHPBECS013085,neg_fix_v1_top200/rank149_GWHPBECS013085,neg_fix_v1_top200/rank149_GWHPBECS013085/outputs/prod.dcd,neg_fix_v1_top200/rank149_GWHPBECS013085/outputs/final.pdb,neg_fix_v1_top200/rank149_GWHPBECS013085/outputs/prod.log,neg_fix_v1_top200/rank149_GWHPBECS013085/work/complex.gro,neg_fix_v1_top200/rank149_GWHPBECS013085/work/protein.pdb,neg_fix_v1_top200/rank149_GWHPBECS013085/work/ligand.pdb,neg_fix_v1_top200/rank149_GWHPBECS013085/work/em.tpr,neg_fix_v1_top200/rank149_GWHPBECS013085/work/em.trr,neg_fix_v1_top200/rank149_GWHPBECS013085/work/em.edr,OK
rank150_GWHPBECS026461,neg_fix_v1_top200/rank150_GWHPBECS026461,neg_fix_v1_top200/rank150_GWHPBECS026461/outputs/prod.dcd,neg_fix_v1_top200/rank150_GWHPBECS026461/outputs/final.pdb,neg_fix_v1_top200/rank150_GWHPBECS026461/outputs/prod.log,neg_fix_v1_top200/rank150_GWHPBECS026461/work/complex.gro,neg_fix_v1_top200/rank150_GWHPBECS026461/work/protein.pdb,neg_fix_v1_top200/rank150_GWHPBECS026461/work/ligand.pdb,neg_fix_v1_top200/rank150_GWHPBECS026461/work/em.tpr,neg_fix_v1_top200/rank150_GWHPBECS026461/work/em.trr,neg_fix_v1_top200/rank150_GWHPBECS026461/work/em.edr,OK
rank151_GWHPBECS026006,neg_fix_v1_top200/rank151_GWHPBECS026006,neg_fix_v1_top200/rank151_GWHPBECS026006/outputs/prod.dcd,neg_fix_v1_top200/rank151_GWHPBECS026006/outputs/final.pdb,neg_fix_v1_top200/rank151_GWHPBECS026006/outputs/prod.log,neg_fix_v1_top200/rank151_GWHPBECS026006/work/complex.gro,neg_fix_v1_top200/rank151_GWHPBECS026006/work/protein.pdb,neg_fix_v1_top200/rank151_GWHPBECS026006/work/ligand.pdb,neg_fix_v1_top200/rank151_GWHPBECS026006/work/em.tpr,neg_fix_v1_top200/rank151_GWHPBECS026006/work/em.trr,neg_fix_v1_top200/rank151_GWHPBECS026006/work/em.edr,OK
rank152_GWHPBECS013156,neg_fix_v1_top200/rank152_GWHPBECS013156,neg_fix_v1_top200/rank152_GWHPBECS013156/outputs/prod.dcd,neg_fix_v1_top200/rank152_GWHPBECS013156/outputs/final.pdb,neg_fix_v1_top200/rank152_GWHPBECS013156/outputs/prod.log,neg_fix_v1_top200/rank152_GWHPBECS013156/work/complex.gro,neg_fix_v1_top200/rank152_GWHPBECS013156/work/protein.pdb,neg_fix_v1_top200/rank152_GWHPBECS013156/work/ligand.pdb,neg_fix_v1_top200/rank152_GWHPBECS013156/work/em.tpr,neg_fix_v1_top200/rank152_GWHPBECS013156/work/em.trr,neg_fix_v1_top200/rank152_GWHPBECS013156/work/em.edr,OK
rank153_GWHPBECS010872,neg_fix_v1_top200/rank153_GWHPBECS010872,neg_fix_v1_top200/rank153_GWHPBECS010872/outputs/prod.dcd,neg_fix_v1_top200/rank153_GWHPBECS010872/outputs/final.pdb,neg_fix_v1_top200/rank153_GWHPBECS010872/outputs/prod.log,neg_fix_v1_top200/rank153_GWHPBECS010872/work/complex.gro,neg_fix_v1_top200/rank153_GWHPBECS010872/work/protein.pdb,neg_fix_v1_top200/rank153_GWHPBECS010872/work/ligand.pdb,neg_fix_v1_top200/rank153_GWHPBECS010872/work/em.tpr,neg_fix_v1_top200/rank153_GWHPBECS010872/work/em.trr,neg_fix_v1_top200/rank153_GWHPBECS010872/work/em.edr,OK
rank154_GWHPBECS012121,neg_fix_v1_top200/rank154_GWHPBECS012121,neg_fix_v1_top200/rank154_GWHPBECS012121/outputs/prod.dcd,neg_fix_v1_top200/rank154_GWHPBECS012121/outputs/final.pdb,neg_fix_v1_top200/rank154_GWHPBECS012121/outputs/prod.log,neg_fix_v1_top200/rank154_GWHPBECS012121/work/complex.gro,neg_fix_v1_top200/rank154_GWHPBECS012121/work/protein.pdb,neg_fix_v1_top200/rank154_GWHPBECS012121/work/ligand.pdb,neg_fix_v1_top200/rank154_GWHPBECS012121/work/em.tpr,neg_fix_v1_top200/rank154_GWHPBECS012121/work/em.trr,neg_fix_v1_top200/rank154_GWHPBECS012121/work/em.edr,OK
rank155_GWHPBECS019983,neg_fix_v1_top200/rank155_GWHPBECS019983,neg_fix_v1_top200/rank155_GWHPBECS019983/outputs/prod.dcd,neg_fix_v1_top200/rank155_GWHPBECS019983/outputs/final.pdb,neg_fix_v1_top200/rank155_GWHPBECS019983/outputs/prod.log,neg_fix_v1_top200/rank155_GWHPBECS019983/work/complex.gro,neg_fix_v1_top200/rank155_GWHPBECS019983/work/protein.pdb,neg_fix_v1_top200/rank155_GWHPBECS019983/work/ligand.pdb,neg_fix_v1_top200/rank155_GWHPBECS019983/work/em.tpr,neg_fix_v1_top200/rank155_GWHPBECS019983/work/em.trr,neg_fix_v1_top200/rank155_GWHPBECS019983/work/em.edr,OK
rank156_GWHPBECS018535,neg_fix_v1_top200/rank156_GWHPBECS018535,neg_fix_v1_top200/rank156_GWHPBECS018535/outputs/prod.dcd,neg_fix_v1_top200/rank156_GWHPBECS018535/outputs/final.pdb,neg_fix_v1_top200/rank156_GWHPBECS018535/outputs/prod.log,neg_fix_v1_top200/rank156_GWHPBECS018535/work/complex.gro,neg_fix_v1_top200/rank156_GWHPBECS018535/work/protein.pdb,neg_fix_v1_top200/rank156_GWHPBECS018535/work/ligand.pdb,neg_fix_v1_top200/rank156_GWHPBECS018535/work/em.tpr,neg_fix_v1_top200/rank156_GWHPBECS018535/work/em.trr,neg_fix_v1_top200/rank156_GWHPBECS018535/work/em.edr,OK
rank157_GWHPBECS013082,neg_fix_v1_top200/rank157_GWHPBECS013082,neg_fix_v1_top200/rank157_GWHPBECS013082/outputs/prod.dcd,neg_fix_v1_top200/rank157_GWHPBECS013082/outputs/final.pdb,neg_fix_v1_top200/rank157_GWHPBECS013082/outputs/prod.log,neg_fix_v1_top200/rank157_GWHPBECS013082/work/complex.gro,neg_fix_v1_top200/rank157_GWHPBECS013082/work/protein.pdb,neg_fix_v1_top200/rank157_GWHPBECS013082/work/ligand.pdb,neg_fix_v1_top200/rank157_GWHPBECS013082/work/em.tpr,neg_fix_v1_top200/rank157_GWHPBECS013082/work/em.trr,neg_fix_v1_top200/rank157_GWHPBECS013082/work/em.edr,OK
rank158_GWHPBECS013070,neg_fix_v1_top200/rank158_GWHPBECS013070,neg_fix_v1_top200/rank158_GWHPBECS013070/outputs/prod.dcd,neg_fix_v1_top200/rank158_GWHPBECS013070/outputs/final.pdb,neg_fix_v1_top200/rank158_GWHPBECS013070/outputs/prod.log,neg_fix_v1_top200/rank158_GWHPBECS013070/work/complex.gro,neg_fix_v1_top200/rank158_GWHPBECS013070/work/protein.pdb,neg_fix_v1_top200/rank158_GWHPBECS013070/work/ligand.pdb,neg_fix_v1_top200/rank158_GWHPBECS013070/work/em.tpr,neg_fix_v1_top200/rank158_GWHPBECS013070/work/em.trr,neg_fix_v1_top200/rank158_GWHPBECS013070/work/em.edr,OK
rank159_GWHPBECS036889,neg_fix_v1_top200/rank159_GWHPBECS036889,neg_fix_v1_top200/rank159_GWHPBECS036889/outputs/prod.dcd,neg_fix_v1_top200/rank159_GWHPBECS036889/outputs/final.pdb,neg_fix_v1_top200/rank159_GWHPBECS036889/outputs/prod.log,neg_fix_v1_top200/rank159_GWHPBECS036889/work/complex.gro,neg_fix_v1_top200/rank159_GWHPBECS036889/work/protein.pdb,neg_fix_v1_top200/rank159_GWHPBECS036889/work/ligand.pdb,neg_fix_v1_top200/rank159_GWHPBECS036889/work/em.tpr,neg_fix_v1_top200/rank159_GWHPBECS036889/work/em.trr,neg_fix_v1_top200/rank159_GWHPBECS036889/work/em.edr,OK
rank160_GWHPBECS011560,neg_fix_v1_top200/rank160_GWHPBECS011560,neg_fix_v1_top200/rank160_GWHPBECS011560/outputs/prod.dcd,neg_fix_v1_top200/rank160_GWHPBECS011560/outputs/final.pdb,neg_fix_v1_top200/rank160_GWHPBECS011560/outputs/prod.log,neg_fix_v1_top200/rank160_GWHPBECS011560/work/complex.gro,neg_fix_v1_top200/rank160_GWHPBECS011560/work/protein.pdb,neg_fix_v1_top200/rank160_GWHPBECS011560/work/ligand.pdb,neg_fix_v1_top200/rank160_GWHPBECS011560/work/em.tpr,neg_fix_v1_top200/rank160_GWHPBECS011560/work/em.trr,neg_fix_v1_top200/rank160_GWHPBECS011560/work/em.edr,OK
rank161_GWHPBECS013067,neg_fix_v1_top200/rank161_GWHPBECS013067,neg_fix_v1_top200/rank161_GWHPBECS013067/outputs/prod.dcd,neg_fix_v1_top200/rank161_GWHPBECS013067/outputs/final.pdb,neg_fix_v1_top200/rank161_GWHPBECS013067/outputs/prod.log,neg_fix_v1_top200/rank161_GWHPBECS013067/work/complex.gro,neg_fix_v1_top200/rank161_GWHPBECS013067/work/protein.pdb,neg_fix_v1_top200/rank161_GWHPBECS013067/work/ligand.pdb,neg_fix_v1_top200/rank161_GWHPBECS013067/work/em.tpr,neg_fix_v1_top200/rank161_GWHPBECS013067/work/em.trr,neg_fix_v1_top200/rank161_GWHPBECS013067/work/em.edr,OK
rank162_GWHPBECS034593,neg_fix_v1_top200/rank162_GWHPBECS034593,neg_fix_v1_top200/rank162_GWHPBECS034593/outputs/prod.dcd,neg_fix_v1_top200/rank162_GWHPBECS034593/outputs/final.pdb,neg_fix_v1_top200/rank162_GWHPBECS034593/outputs/prod.log,neg_fix_v1_top200/rank162_GWHPBECS034593/work/complex.gro,neg_fix_v1_top200/rank162_GWHPBECS034593/work/protein.pdb,neg_fix_v1_top200/rank162_GWHPBECS034593/work/ligand.pdb,neg_fix_v1_top200/rank162_GWHPBECS034593/work/em.tpr,neg_fix_v1_top200/rank162_GWHPBECS034593/work/em.trr,neg_fix_v1_top200/rank162_GWHPBECS034593/work/em.edr,OK
rank163_GWHPBECS026464,neg_fix_v1_top200/rank163_GWHPBECS026464,neg_fix_v1_top200/rank163_GWHPBECS026464/outputs/prod.dcd,neg_fix_v1_top200/rank163_GWHPBECS026464/outputs/final.pdb,neg_fix_v1_top200/rank163_GWHPBECS026464/outputs/prod.log,neg_fix_v1_top200/rank163_GWHPBECS026464/work/complex.gro,neg_fix_v1_top200/rank163_GWHPBECS026464/work/protein.pdb,neg_fix_v1_top200/rank163_GWHPBECS026464/work/ligand.pdb,neg_fix_v1_top200/rank163_GWHPBECS026464/work/em.tpr,neg_fix_v1_top200/rank163_GWHPBECS026464/work/em.trr,neg_fix_v1_top200/rank163_GWHPBECS026464/work/em.edr,OK
rank164_GWHPBECS013074,neg_fix_v1_top200/rank164_GWHPBECS013074,neg_fix_v1_top200/rank164_GWHPBECS013074/outputs/prod.dcd,neg_fix_v1_top200/rank164_GWHPBECS013074/outputs/final.pdb,neg_fix_v1_top200/rank164_GWHPBECS013074/outputs/prod.log,neg_fix_v1_top200/rank164_GWHPBECS013074/work/complex.gro,neg_fix_v1_top200/rank164_GWHPBECS013074/work/protein.pdb,neg_fix_v1_top200/rank164_GWHPBECS013074/work/ligand.pdb,neg_fix_v1_top200/rank164_GWHPBECS013074/work/em.tpr,neg_fix_v1_top200/rank164_GWHPBECS013074/work/em.trr,neg_fix_v1_top200/rank164_GWHPBECS013074/work/em.edr,OK
rank165_GWHPBECS013087,neg_fix_v1_top200/rank165_GWHPBECS013087,neg_fix_v1_top200/rank165_GWHPBECS013087/outputs/prod.dcd,neg_fix_v1_top200/rank165_GWHPBECS013087/outputs/final.pdb,neg_fix_v1_top200/rank165_GWHPBECS013087/outputs/prod.log,neg_fix_v1_top200/rank165_GWHPBECS013087/work/complex.gro,neg_fix_v1_top200/rank165_GWHPBECS013087/work/protein.pdb,neg_fix_v1_top200/rank165_GWHPBECS013087/work/ligand.pdb,neg_fix_v1_top200/rank165_GWHPBECS013087/work/em.tpr,neg_fix_v1_top200/rank165_GWHPBECS013087/work/em.trr,neg_fix_v1_top200/rank165_GWHPBECS013087/work/em.edr,OK
rank166_GWHPBECS026810,neg_fix_v1_top200/rank166_GWHPBECS026810,neg_fix_v1_top200/rank166_GWHPBECS026810/outputs/prod.dcd,neg_fix_v1_top200/rank166_GWHPBECS026810/outputs/final.pdb,neg_fix_v1_top200/rank166_GWHPBECS026810/outputs/prod.log,neg_fix_v1_top200/rank166_GWHPBECS026810/work/complex.gro,neg_fix_v1_top200/rank166_GWHPBECS026810/work/protein.pdb,neg_fix_v1_top200/rank166_GWHPBECS026810/work/ligand.pdb,neg_fix_v1_top200/rank166_GWHPBECS026810/work/em.tpr,neg_fix_v1_top200/rank166_GWHPBECS026810/work/em.trr,neg_fix_v1_top200/rank166_GWHPBECS026810/work/em.edr,OK
rank167_GWHPBECS005719,neg_fix_v1_top200/rank167_GWHPBECS005719,neg_fix_v1_top200/rank167_GWHPBECS005719/outputs/prod.dcd,neg_fix_v1_top200/rank167_GWHPBECS005719/outputs/final.pdb,neg_fix_v1_top200/rank167_GWHPBECS005719/outputs/prod.log,neg_fix_v1_top200/rank167_GWHPBECS005719/work/complex.gro,neg_fix_v1_top200/rank167_GWHPBECS005719/work/protein.pdb,neg_fix_v1_top200/rank167_GWHPBECS005719/work/ligand.pdb,neg_fix_v1_top200/rank167_GWHPBECS005719/work/em.tpr,neg_fix_v1_top200/rank167_GWHPBECS005719/work/em.trr,neg_fix_v1_top200/rank167_GWHPBECS005719/work/em.edr,OK
rank168_GWHPBECS016597,neg_fix_v1_top200/rank168_GWHPBECS016597,neg_fix_v1_top200/rank168_GWHPBECS016597/outputs/prod.dcd,neg_fix_v1_top200/rank168_GWHPBECS016597/outputs/final.pdb,neg_fix_v1_top200/rank168_GWHPBECS016597/outputs/prod.log,neg_fix_v1_top200/rank168_GWHPBECS016597/work/complex.gro,neg_fix_v1_top200/rank168_GWHPBECS016597/work/protein.pdb,neg_fix_v1_top200/rank168_GWHPBECS016597/work/ligand.pdb,neg_fix_v1_top200/rank168_GWHPBECS016597/work/em.tpr,neg_fix_v1_top200/rank168_GWHPBECS016597/work/em.trr,neg_fix_v1_top200/rank168_GWHPBECS016597/work/em.edr,OK
rank169_GWHPBECS039806,neg_fix_v1_top200/rank169_GWHPBECS039806,neg_fix_v1_top200/rank169_GWHPBECS039806/outputs/prod.dcd,neg_fix_v1_top200/rank169_GWHPBECS039806/outputs/final.pdb,neg_fix_v1_top200/rank169_GWHPBECS039806/outputs/prod.log,neg_fix_v1_top200/rank169_GWHPBECS039806/work/complex.gro,neg_fix_v1_top200/rank169_GWHPBECS039806/work/protein.pdb,neg_fix_v1_top200/rank169_GWHPBECS039806/work/ligand.pdb,neg_fix_v1_top200/rank169_GWHPBECS039806/work/em.tpr,neg_fix_v1_top200/rank169_GWHPBECS039806/work/em.trr,neg_fix_v1_top200/rank169_GWHPBECS039806/work/em.edr,OK
rank170_GWHPBECS013069,neg_fix_v1_top200/rank170_GWHPBECS013069,neg_fix_v1_top200/rank170_GWHPBECS013069/outputs/prod.dcd,neg_fix_v1_top200/rank170_GWHPBECS013069/outputs/final.pdb,neg_fix_v1_top200/rank170_GWHPBECS013069/outputs/prod.log,neg_fix_v1_top200/rank170_GWHPBECS013069/work/complex.gro,neg_fix_v1_top200/rank170_GWHPBECS013069/work/protein.pdb,neg_fix_v1_top200/rank170_GWHPBECS013069/work/ligand.pdb,neg_fix_v1_top200/rank170_GWHPBECS013069/work/em.tpr,neg_fix_v1_top200/rank170_GWHPBECS013069/work/em.trr,neg_fix_v1_top200/rank170_GWHPBECS013069/work/em.edr,OK
rank171_GWHPBECS015068,neg_fix_v1_top200/rank171_GWHPBECS015068,neg_fix_v1_top200/rank171_GWHPBECS015068/outputs/prod.dcd,neg_fix_v1_top200/rank171_GWHPBECS015068/outputs/final.pdb,neg_fix_v1_top200/rank171_GWHPBECS015068/outputs/prod.log,neg_fix_v1_top200/rank171_GWHPBECS015068/work/complex.gro,neg_fix_v1_top200/rank171_GWHPBECS015068/work/protein.pdb,neg_fix_v1_top200/rank171_GWHPBECS015068/work/ligand.pdb,neg_fix_v1_top200/rank171_GWHPBECS015068/work/em.tpr,neg_fix_v1_top200/rank171_GWHPBECS015068/work/em.trr,neg_fix_v1_top200/rank171_GWHPBECS015068/work/em.edr,OK
rank172_GWHPBECS012288,neg_fix_v1_top200/rank172_GWHPBECS012288,neg_fix_v1_top200/rank172_GWHPBECS012288/outputs/prod.dcd,neg_fix_v1_top200/rank172_GWHPBECS012288/outputs/final.pdb,neg_fix_v1_top200/rank172_GWHPBECS012288/outputs/prod.log,neg_fix_v1_top200/rank172_GWHPBECS012288/work/complex.gro,neg_fix_v1_top200/rank172_GWHPBECS012288/work/protein.pdb,neg_fix_v1_top200/rank172_GWHPBECS012288/work/ligand.pdb,neg_fix_v1_top200/rank172_GWHPBECS012288/work/em.tpr,neg_fix_v1_top200/rank172_GWHPBECS012288/work/em.trr,neg_fix_v1_top200/rank172_GWHPBECS012288/work/em.edr,OK
rank173_GWHPBECS041038,neg_fix_v1_top200/rank173_GWHPBECS041038,neg_fix_v1_top200/rank173_GWHPBECS041038/outputs/prod.dcd,neg_fix_v1_top200/rank173_GWHPBECS041038/outputs/final.pdb,neg_fix_v1_top200/rank173_GWHPBECS041038/outputs/prod.log,neg_fix_v1_top200/rank173_GWHPBECS041038/work/complex.gro,neg_fix_v1_top200/rank173_GWHPBECS041038/work/protein.pdb,neg_fix_v1_top200/rank173_GWHPBECS041038/work/ligand.pdb,neg_fix_v1_top200/rank173_GWHPBECS041038/work/em.tpr,neg_fix_v1_top200/rank173_GWHPBECS041038/work/em.trr,neg_fix_v1_top200/rank173_GWHPBECS041038/work/em.edr,OK
rank174_GWHPBECS041332,neg_fix_v1_top200/rank174_GWHPBECS041332,neg_fix_v1_top200/rank174_GWHPBECS041332/outputs/prod.dcd,neg_fix_v1_top200/rank174_GWHPBECS041332/outputs/final.pdb,neg_fix_v1_top200/rank174_GWHPBECS041332/outputs/prod.log,neg_fix_v1_top200/rank174_GWHPBECS041332/work/complex.gro,neg_fix_v1_top200/rank174_GWHPBECS041332/work/protein.pdb,neg_fix_v1_top200/rank174_GWHPBECS041332/work/ligand.pdb,neg_fix_v1_top200/rank174_GWHPBECS041332/work/em.tpr,neg_fix_v1_top200/rank174_GWHPBECS041332/work/em.trr,neg_fix_v1_top200/rank174_GWHPBECS041332/work/em.edr,OK
rank175_GWHPBECS012287,neg_fix_v1_top200/rank175_GWHPBECS012287,neg_fix_v1_top200/rank175_GWHPBECS012287/outputs/prod.dcd,neg_fix_v1_top200/rank175_GWHPBECS012287/outputs/final.pdb,neg_fix_v1_top200/rank175_GWHPBECS012287/outputs/prod.log,neg_fix_v1_top200/rank175_GWHPBECS012287/work/complex.gro,neg_fix_v1_top200/rank175_GWHPBECS012287/work/protein.pdb,neg_fix_v1_top200/rank175_GWHPBECS012287/work/ligand.pdb,neg_fix_v1_top200/rank175_GWHPBECS012287/work/em.tpr,neg_fix_v1_top200/rank175_GWHPBECS012287/work/em.trr,neg_fix_v1_top200/rank175_GWHPBECS012287/work/em.edr,OK
rank176_GWHPBECS010756,neg_fix_v1_top200/rank176_GWHPBECS010756,neg_fix_v1_top200/rank176_GWHPBECS010756/outputs/prod.dcd,neg_fix_v1_top200/rank176_GWHPBECS010756/outputs/final.pdb,neg_fix_v1_top200/rank176_GWHPBECS010756/outputs/prod.log,neg_fix_v1_top200/rank176_GWHPBECS010756/work/complex.gro,neg_fix_v1_top200/rank176_GWHPBECS010756/work/protein.pdb,neg_fix_v1_top200/rank176_GWHPBECS010756/work/ligand.pdb,neg_fix_v1_top200/rank176_GWHPBECS010756/work/em.tpr,neg_fix_v1_top200/rank176_GWHPBECS010756/work/em.trr,neg_fix_v1_top200/rank176_GWHPBECS010756/work/em.edr,OK
rank177_GWHPBECS004454,neg_fix_v1_top200/rank177_GWHPBECS004454,neg_fix_v1_top200/rank177_GWHPBECS004454/outputs/prod.dcd,neg_fix_v1_top200/rank177_GWHPBECS004454/outputs/final.pdb,neg_fix_v1_top200/rank177_GWHPBECS004454/outputs/prod.log,neg_fix_v1_top200/rank177_GWHPBECS004454/work/complex.gro,neg_fix_v1_top200/rank177_GWHPBECS004454/work/protein.pdb,neg_fix_v1_top200/rank177_GWHPBECS004454/work/ligand.pdb,neg_fix_v1_top200/rank177_GWHPBECS004454/work/em.tpr,neg_fix_v1_top200/rank177_GWHPBECS004454/work/em.trr,neg_fix_v1_top200/rank177_GWHPBECS004454/work/em.edr,OK
rank178_GWHPBECS025353,neg_fix_v1_top200/rank178_GWHPBECS025353,neg_fix_v1_top200/rank178_GWHPBECS025353/outputs/prod.dcd,neg_fix_v1_top200/rank178_GWHPBECS025353/outputs/final.pdb,neg_fix_v1_top200/rank178_GWHPBECS025353/outputs/prod.log,neg_fix_v1_top200/rank178_GWHPBECS025353/work/complex.gro,neg_fix_v1_top200/rank178_GWHPBECS025353/work/protein.pdb,neg_fix_v1_top200/rank178_GWHPBECS025353/work/ligand.pdb,neg_fix_v1_top200/rank178_GWHPBECS025353/work/em.tpr,neg_fix_v1_top200/rank178_GWHPBECS025353/work/em.trr,neg_fix_v1_top200/rank178_GWHPBECS025353/work/em.edr,OK
rank179_GWHPBECS008682,neg_fix_v1_top200/rank179_GWHPBECS008682,neg_fix_v1_top200/rank179_GWHPBECS008682/outputs/prod.dcd,neg_fix_v1_top200/rank179_GWHPBECS008682/outputs/final.pdb,neg_fix_v1_top200/rank179_GWHPBECS008682/outputs/prod.log,neg_fix_v1_top200/rank179_GWHPBECS008682/work/complex.gro,neg_fix_v1_top200/rank179_GWHPBECS008682/work/protein.pdb,neg_fix_v1_top200/rank179_GWHPBECS008682/work/ligand.pdb,neg_fix_v1_top200/rank179_GWHPBECS008682/work/em.tpr,neg_fix_v1_top200/rank179_GWHPBECS008682/work/em.trr,neg_fix_v1_top200/rank179_GWHPBECS008682/work/em.edr,OK
rank180_GWHPBECS004661,neg_fix_v1_top200/rank180_GWHPBECS004661,neg_fix_v1_top200/rank180_GWHPBECS004661/outputs/prod.dcd,neg_fix_v1_top200/rank180_GWHPBECS004661/outputs/final.pdb,neg_fix_v1_top200/rank180_GWHPBECS004661/outputs/prod.log,neg_fix_v1_top200/rank180_GWHPBECS004661/work/complex.gro,neg_fix_v1_top200/rank180_GWHPBECS004661/work/protein.pdb,neg_fix_v1_top200/rank180_GWHPBECS004661/work/ligand.pdb,neg_fix_v1_top200/rank180_GWHPBECS004661/work/em.tpr,neg_fix_v1_top200/rank180_GWHPBECS004661/work/em.trr,neg_fix_v1_top200/rank180_GWHPBECS004661/work/em.edr,OK
rank181_GWHPBECS019994,neg_fix_v1_top200/rank181_GWHPBECS019994,neg_fix_v1_top200/rank181_GWHPBECS019994/outputs/prod.dcd,neg_fix_v1_top200/rank181_GWHPBECS019994/outputs/final.pdb,neg_fix_v1_top200/rank181_GWHPBECS019994/outputs/prod.log,neg_fix_v1_top200/rank181_GWHPBECS019994/work/complex.gro,neg_fix_v1_top200/rank181_GWHPBECS019994/work/protein.pdb,neg_fix_v1_top200/rank181_GWHPBECS019994/work/ligand.pdb,neg_fix_v1_top200/rank181_GWHPBECS019994/work/em.tpr,neg_fix_v1_top200/rank181_GWHPBECS019994/work/em.trr,neg_fix_v1_top200/rank181_GWHPBECS019994/work/em.edr,OK
rank182_GWHPBECS007003,neg_fix_v1_top200/rank182_GWHPBECS007003,neg_fix_v1_top200/rank182_GWHPBECS007003/outputs/prod.dcd,neg_fix_v1_top200/rank182_GWHPBECS007003/outputs/final.pdb,neg_fix_v1_top200/rank182_GWHPBECS007003/outputs/prod.log,neg_fix_v1_top200/rank182_GWHPBECS007003/work/complex.gro,neg_fix_v1_top200/rank182_GWHPBECS007003/work/protein.pdb,neg_fix_v1_top200/rank182_GWHPBECS007003/work/ligand.pdb,neg_fix_v1_top200/rank182_GWHPBECS007003/work/em.tpr,neg_fix_v1_top200/rank182_GWHPBECS007003/work/em.trr,neg_fix_v1_top200/rank182_GWHPBECS007003/work/em.edr,OK
rank183_GWHPBECS019871,neg_fix_v1_top200/rank183_GWHPBECS019871,neg_fix_v1_top200/rank183_GWHPBECS019871/outputs/prod.dcd,neg_fix_v1_top200/rank183_GWHPBECS019871/outputs/final.pdb,neg_fix_v1_top200/rank183_GWHPBECS019871/outputs/prod.log,neg_fix_v1_top200/rank183_GWHPBECS019871/work/complex.gro,neg_fix_v1_top200/rank183_GWHPBECS019871/work/protein.pdb,neg_fix_v1_top200/rank183_GWHPBECS019871/work/ligand.pdb,neg_fix_v1_top200/rank183_GWHPBECS019871/work/em.tpr,neg_fix_v1_top200/rank183_GWHPBECS019871/work/em.trr,neg_fix_v1_top200/rank183_GWHPBECS019871/work/em.edr,OK
rank184_ON569258,neg_fix_v1_top200/rank184_ON569258,neg_fix_v1_top200/rank184_ON569258/outputs/prod.dcd,neg_fix_v1_top200/rank184_ON569258/outputs/final.pdb,neg_fix_v1_top200/rank184_ON569258/outputs/prod.log,neg_fix_v1_top200/rank184_ON569258/work/complex.gro,neg_fix_v1_top200/rank184_ON569258/work/protein.pdb,neg_fix_v1_top200/rank184_ON569258/work/ligand.pdb,neg_fix_v1_top200/rank184_ON569258/work/em.tpr,neg_fix_v1_top200/rank184_ON569258/work/em.trr,neg_fix_v1_top200/rank184_ON569258/work/em.edr,OK
rank185_GWHPBECS012325,neg_fix_v1_top200/rank185_GWHPBECS012325,neg_fix_v1_top200/rank185_GWHPBECS012325/outputs/prod.dcd,neg_fix_v1_top200/rank185_GWHPBECS012325/outputs/final.pdb,neg_fix_v1_top200/rank185_GWHPBECS012325/outputs/prod.log,neg_fix_v1_top200/rank185_GWHPBECS012325/work/complex.gro,neg_fix_v1_top200/rank185_GWHPBECS012325/work/protein.pdb,neg_fix_v1_top200/rank185_GWHPBECS012325/work/ligand.pdb,neg_fix_v1_top200/rank185_GWHPBECS012325/work/em.tpr,neg_fix_v1_top200/rank185_GWHPBECS012325/work/em.trr,neg_fix_v1_top200/rank185_GWHPBECS012325/work/em.edr,OK
rank186_GWHPBECS002781,neg_fix_v1_top200/rank186_GWHPBECS002781,neg_fix_v1_top200/rank186_GWHPBECS002781/outputs/prod.dcd,neg_fix_v1_top200/rank186_GWHPBECS002781/outputs/final.pdb,neg_fix_v1_top200/rank186_GWHPBECS002781/outputs/prod.log,neg_fix_v1_top200/rank186_GWHPBECS002781/work/complex.gro,neg_fix_v1_top200/rank186_GWHPBECS002781/work/protein.pdb,neg_fix_v1_top200/rank186_GWHPBECS002781/work/ligand.pdb,neg_fix_v1_top200/rank186_GWHPBECS002781/work/em.tpr,neg_fix_v1_top200/rank186_GWHPBECS002781/work/em.trr,neg_fix_v1_top200/rank186_GWHPBECS002781/work/em.edr,OK
rank187_GWHPBECS026592,neg_fix_v1_top200/rank187_GWHPBECS026592,neg_fix_v1_top200/rank187_GWHPBECS026592/outputs/prod.dcd,neg_fix_v1_top200/rank187_GWHPBECS026592/outputs/final.pdb,neg_fix_v1_top200/rank187_GWHPBECS026592/outputs/prod.log,neg_fix_v1_top200/rank187_GWHPBECS026592/work/complex.gro,neg_fix_v1_top200/rank187_GWHPBECS026592/work/protein.pdb,neg_fix_v1_top200/rank187_GWHPBECS026592/work/ligand.pdb,neg_fix_v1_top200/rank187_GWHPBECS026592/work/em.tpr,neg_fix_v1_top200/rank187_GWHPBECS026592/work/em.trr,neg_fix_v1_top200/rank187_GWHPBECS026592/work/em.edr,OK
rank188_GWHPBECS020861,neg_fix_v1_top200/rank188_GWHPBECS020861,neg_fix_v1_top200/rank188_GWHPBECS020861/outputs/prod.dcd,neg_fix_v1_top200/rank188_GWHPBECS020861/outputs/final.pdb,neg_fix_v1_top200/rank188_GWHPBECS020861/outputs/prod.log,neg_fix_v1_top200/rank188_GWHPBECS020861/work/complex.gro,neg_fix_v1_top200/rank188_GWHPBECS020861/work/protein.pdb,neg_fix_v1_top200/rank188_GWHPBECS020861/work/ligand.pdb,neg_fix_v1_top200/rank188_GWHPBECS020861/work/em.tpr,neg_fix_v1_top200/rank188_GWHPBECS020861/work/em.trr,neg_fix_v1_top200/rank188_GWHPBECS020861/work/em.edr,OK
rank189_GWHPBECS034592,neg_fix_v1_top200/rank189_GWHPBECS034592,neg_fix_v1_top200/rank189_GWHPBECS034592/outputs/prod.dcd,neg_fix_v1_top200/rank189_GWHPBECS034592/outputs/final.pdb,neg_fix_v1_top200/rank189_GWHPBECS034592/outputs/prod.log,neg_fix_v1_top200/rank189_GWHPBECS034592/work/complex.gro,neg_fix_v1_top200/rank189_GWHPBECS034592/work/protein.pdb,neg_fix_v1_top200/rank189_GWHPBECS034592/work/ligand.pdb,neg_fix_v1_top200/rank189_GWHPBECS034592/work/em.tpr,neg_fix_v1_top200/rank189_GWHPBECS034592/work/em.trr,neg_fix_v1_top200/rank189_GWHPBECS034592/work/em.edr,OK
rank190_GWHPBECS026589,neg_fix_v1_top200/rank190_GWHPBECS026589,neg_fix_v1_top200/rank190_GWHPBECS026589/outputs/prod.dcd,neg_fix_v1_top200/rank190_GWHPBECS026589/outputs/final.pdb,neg_fix_v1_top200/rank190_GWHPBECS026589/outputs/prod.log,neg_fix_v1_top200/rank190_GWHPBECS026589/work/complex.gro,neg_fix_v1_top200/rank190_GWHPBECS026589/work/protein.pdb,neg_fix_v1_top200/rank190_GWHPBECS026589/work/ligand.pdb,neg_fix_v1_top200/rank190_GWHPBECS026589/work/em.tpr,neg_fix_v1_top200/rank190_GWHPBECS026589/work/em.trr,neg_fix_v1_top200/rank190_GWHPBECS026589/work/em.edr,OK
rank191_GWHPBECS039809,neg_fix_v1_top200/rank191_GWHPBECS039809,neg_fix_v1_top200/rank191_GWHPBECS039809/outputs/prod.dcd,neg_fix_v1_top200/rank191_GWHPBECS039809/outputs/final.pdb,neg_fix_v1_top200/rank191_GWHPBECS039809/outputs/prod.log,neg_fix_v1_top200/rank191_GWHPBECS039809/work/complex.gro,neg_fix_v1_top200/rank191_GWHPBECS039809/work/protein.pdb,neg_fix_v1_top200/rank191_GWHPBECS039809/work/ligand.pdb,neg_fix_v1_top200/rank191_GWHPBECS039809/work/em.tpr,neg_fix_v1_top200/rank191_GWHPBECS039809/work/em.trr,neg_fix_v1_top200/rank191_GWHPBECS039809/work/em.edr,OK
rank192_GWHPBECS039788,neg_fix_v1_top200/rank192_GWHPBECS039788,neg_fix_v1_top200/rank192_GWHPBECS039788/outputs/prod.dcd,neg_fix_v1_top200/rank192_GWHPBECS039788/outputs/final.pdb,neg_fix_v1_top200/rank192_GWHPBECS039788/outputs/prod.log,neg_fix_v1_top200/rank192_GWHPBECS039788/work/complex.gro,neg_fix_v1_top200/rank192_GWHPBECS039788/work/protein.pdb,neg_fix_v1_top200/rank192_GWHPBECS039788/work/ligand.pdb,neg_fix_v1_top200/rank192_GWHPBECS039788/work/em.tpr,neg_fix_v1_top200/rank192_GWHPBECS039788/work/em.trr,neg_fix_v1_top200/rank192_GWHPBECS039788/work/em.edr,OK
rank193_GWHPBECS019961,neg_fix_v1_top200/rank193_GWHPBECS019961,neg_fix_v1_top200/rank193_GWHPBECS019961/outputs/prod.dcd,neg_fix_v1_top200/rank193_GWHPBECS019961/outputs/final.pdb,neg_fix_v1_top200/rank193_GWHPBECS019961/outputs/prod.log,neg_fix_v1_top200/rank193_GWHPBECS019961/work/complex.gro,neg_fix_v1_top200/rank193_GWHPBECS019961/work/protein.pdb,neg_fix_v1_top200/rank193_GWHPBECS019961/work/ligand.pdb,neg_fix_v1_top200/rank193_GWHPBECS019961/work/em.tpr,neg_fix_v1_top200/rank193_GWHPBECS019961/work/em.trr,neg_fix_v1_top200/rank193_GWHPBECS019961/work/em.edr,OK
rank194_GWHPBECS012328,neg_fix_v1_top200/rank194_GWHPBECS012328,neg_fix_v1_top200/rank194_GWHPBECS012328/outputs/prod.dcd,neg_fix_v1_top200/rank194_GWHPBECS012328/outputs/final.pdb,neg_fix_v1_top200/rank194_GWHPBECS012328/outputs/prod.log,neg_fix_v1_top200/rank194_GWHPBECS012328/work/complex.gro,neg_fix_v1_top200/rank194_GWHPBECS012328/work/protein.pdb,neg_fix_v1_top200/rank194_GWHPBECS012328/work/ligand.pdb,neg_fix_v1_top200/rank194_GWHPBECS012328/work/em.tpr,neg_fix_v1_top200/rank194_GWHPBECS012328/work/em.trr,neg_fix_v1_top200/rank194_GWHPBECS012328/work/em.edr,OK
rank195_GWHPBECS004647,neg_fix_v1_top200/rank195_GWHPBECS004647,neg_fix_v1_top200/rank195_GWHPBECS004647/outputs/prod.dcd,neg_fix_v1_top200/rank195_GWHPBECS004647/outputs/final.pdb,neg_fix_v1_top200/rank195_GWHPBECS004647/outputs/prod.log,neg_fix_v1_top200/rank195_GWHPBECS004647/work/complex.gro,neg_fix_v1_top200/rank195_GWHPBECS004647/work/protein.pdb,neg_fix_v1_top200/rank195_GWHPBECS004647/work/ligand.pdb,neg_fix_v1_top200/rank195_GWHPBECS004647/work/em.tpr,neg_fix_v1_top200/rank195_GWHPBECS004647/work/em.trr,neg_fix_v1_top200/rank195_GWHPBECS004647/work/em.edr,OK
rank196_GWHPBECS004456,neg_fix_v1_top200/rank196_GWHPBECS004456,neg_fix_v1_top200/rank196_GWHPBECS004456/outputs/prod.dcd,neg_fix_v1_top200/rank196_GWHPBECS004456/outputs/final.pdb,neg_fix_v1_top200/rank196_GWHPBECS004456/outputs/prod.log,neg_fix_v1_top200/rank196_GWHPBECS004456/work/complex.gro,neg_fix_v1_top200/rank196_GWHPBECS004456/work/protein.pdb,neg_fix_v1_top200/rank196_GWHPBECS004456/work/ligand.pdb,neg_fix_v1_top200/rank196_GWHPBECS004456/work/em.tpr,neg_fix_v1_top200/rank196_GWHPBECS004456/work/em.trr,neg_fix_v1_top200/rank196_GWHPBECS004456/work/em.edr,OK
rank197_GWHPBECS006544,neg_fix_v1_top200/rank197_GWHPBECS006544,neg_fix_v1_top200/rank197_GWHPBECS006544/outputs/prod.dcd,neg_fix_v1_top200/rank197_GWHPBECS006544/outputs/final.pdb,neg_fix_v1_top200/rank197_GWHPBECS006544/outputs/prod.log,neg_fix_v1_top200/rank197_GWHPBECS006544/work/complex.gro,neg_fix_v1_top200/rank197_GWHPBECS006544/work/protein.pdb,neg_fix_v1_top200/rank197_GWHPBECS006544/work/ligand.pdb,neg_fix_v1_top200/rank197_GWHPBECS006544/work/em.tpr,neg_fix_v1_top200/rank197_GWHPBECS006544/work/em.trr,neg_fix_v1_top200/rank197_GWHPBECS006544/work/em.edr,OK
rank198_GWHPBECS019953,neg_fix_v1_top200/rank198_GWHPBECS019953,neg_fix_v1_top200/rank198_GWHPBECS019953/outputs/prod.dcd,neg_fix_v1_top200/rank198_GWHPBECS019953/outputs/final.pdb,neg_fix_v1_top200/rank198_GWHPBECS019953/outputs/prod.log,neg_fix_v1_top200/rank198_GWHPBECS019953/work/complex.gro,neg_fix_v1_top200/rank198_GWHPBECS019953/work/protein.pdb,neg_fix_v1_top200/rank198_GWHPBECS019953/work/ligand.pdb,neg_fix_v1_top200/rank198_GWHPBECS019953/work/em.tpr,neg_fix_v1_top200/rank198_GWHPBECS019953/work/em.trr,neg_fix_v1_top200/rank198_GWHPBECS019953/work/em.edr,OK
rank199_GWHPBECS002782,neg_fix_v1_top200/rank199_GWHPBECS002782,neg_fix_v1_top200/rank199_GWHPBECS002782/outputs/prod.dcd,neg_fix_v1_top200/rank199_GWHPBECS002782/outputs/final.pdb,neg_fix_v1_top200/rank199_GWHPBECS002782/outputs/prod.log,neg_fix_v1_top200/rank199_GWHPBECS002782/work/complex.gro,neg_fix_v1_top200/rank199_GWHPBECS002782/work/protein.pdb,neg_fix_v1_top200/rank199_GWHPBECS002782/work/ligand.pdb,neg_fix_v1_top200/rank199_GWHPBECS002782/work/em.tpr,neg_fix_v1_top200/rank199_GWHPBECS002782/work/em.trr,neg_fix_v1_top200/rank199_GWHPBECS002782/work/em.edr,OK
rank200_GWHPBECS041035,neg_fix_v1_top200/rank200_GWHPBECS041035,neg_fix_v1_top200/rank200_GWHPBECS041035/outputs/prod.dcd,neg_fix_v1_top200/rank200_GWHPBECS041035/outputs/final.pdb,neg_fix_v1_top200/rank200_GWHPBECS041035/outputs/prod.log,neg_fix_v1_top200/rank200_GWHPBECS041035/work/complex.gro,neg_fix_v1_top200/rank200_GWHPBECS041035/work/protein.pdb,neg_fix_v1_top200/rank200_GWHPBECS041035/work/ligand.pdb,neg_fix_v1_top200/rank200_GWHPBECS041035/work/em.tpr,neg_fix_v1_top200/rank200_GWHPBECS041035/work/em.trr,neg_fix_v1_top200/rank200_GWHPBECS041035/work/em.edr,OK
