nohup: 忽略输入
[protein_embedding] mode=esmc protein_dim=1152
[finetune] {"finetune_mode": "full", "total_parameters": 3391242, "trainable_parameters": 3391242, "frozen_parameters": 0, "trainable_fraction": 1.0, "trainable_parameter_names": ["encoder.fc.weight", "encoder.fc.bias", "encoder.blocks.0.attention.w_q.weight", "encoder.blocks.0.attention.w_k.weight", "encoder.blocks.0.attention.w_v.weight", "encoder.blocks.0.attention.w_o.weight", "encoder.blocks.0.addnorm1.layer_norm.weight", "encoder.blocks.0.addnorm1.layer_norm.bias", "encoder.blocks.0.ffn.linear1.weight", "encoder.blocks.0.ffn.linear1.bias", "encoder.blocks.0.ffn.linear2.weight", "encoder.blocks.0.ffn.linear2.bias", "encoder.blocks.0.addnorm2.layer_norm.weight", "encoder.blocks.0.addnorm2.layer_norm.bias", "encoder.blocks.1.attention.w_q.weight", "encoder.blocks.1.attention.w_k.weight", "encoder.blocks.1.attention.w_v.weight", "encoder.blocks.1.attention.w_o.weight", "encoder.blocks.1.addnorm1.layer_norm.weight", "encoder.blocks.1.addnorm1.layer_norm.bias", "encoder.blocks.1.ffn.linear1.weight", "encoder.blocks.1.ffn.linear1.bias", "encoder.blocks.1.ffn.linear2.weight", "encoder.blocks.1.ffn.linear2.bias", "encoder.blocks.1.addnorm2.layer_norm.weight", "encoder.blocks.1.addnorm2.layer_norm.bias", "encoder.blocks.2.attention.w_q.weight", "encoder.blocks.2.attention.w_k.weight", "encoder.blocks.2.attention.w_v.weight", "encoder.blocks.2.attention.w_o.weight", "encoder.blocks.2.addnorm1.layer_norm.weight", "encoder.blocks.2.addnorm1.layer_norm.bias", "encoder.blocks.2.ffn.linear1.weight", "encoder.blocks.2.ffn.linear1.bias", "encoder.blocks.2.ffn.linear2.weight", "encoder.blocks.2.ffn.linear2.bias", "encoder.blocks.2.addnorm2.layer_norm.weight", "encoder.blocks.2.addnorm2.layer_norm.bias", "encoder.blocks.3.attention.w_q.weight", "encoder.blocks.3.attention.w_k.weight", "encoder.blocks.3.attention.w_v.weight", "encoder.blocks.3.attention.w_o.weight", "encoder.blocks.3.addnorm1.layer_norm.weight", "encoder.blocks.3.addnorm1.layer_norm.bias", "encoder.blocks.3.ffn.linear1.weight", "encoder.blocks.3.ffn.linear1.bias", "encoder.blocks.3.ffn.linear2.weight", "encoder.blocks.3.ffn.linear2.bias", "encoder.blocks.3.addnorm2.layer_norm.weight", "encoder.blocks.3.addnorm2.layer_norm.bias", "encoder.blocks.4.attention.w_q.weight", "encoder.blocks.4.attention.w_k.weight", "encoder.blocks.4.attention.w_v.weight", "encoder.blocks.4.attention.w_o.weight", "encoder.blocks.4.addnorm1.layer_norm.weight", "encoder.blocks.4.addnorm1.layer_norm.bias", "encoder.blocks.4.ffn.linear1.weight", "encoder.blocks.4.ffn.linear1.bias", "encoder.blocks.4.ffn.linear2.weight", "encoder.blocks.4.ffn.linear2.bias", "encoder.blocks.4.addnorm2.layer_norm.weight", "encoder.blocks.4.addnorm2.layer_norm.bias", "encoder.blocks.5.attention.w_q.weight", "encoder.blocks.5.attention.w_k.weight", "encoder.blocks.5.attention.w_v.weight", "encoder.blocks.5.attention.w_o.weight", "encoder.blocks.5.addnorm1.layer_norm.weight", "encoder.blocks.5.addnorm1.layer_norm.bias", "encoder.blocks.5.ffn.linear1.weight", "encoder.blocks.5.ffn.linear1.bias", "encoder.blocks.5.ffn.linear2.weight", "encoder.blocks.5.ffn.linear2.bias", "encoder.blocks.5.addnorm2.layer_norm.weight", "encoder.blocks.5.addnorm2.layer_norm.bias", "encoder.blocks.6.attention.w_q.weight", "encoder.blocks.6.attention.w_k.weight", "encoder.blocks.6.attention.w_v.weight", "encoder.blocks.6.attention.w_o.weight", "encoder.blocks.6.addnorm1.layer_norm.weight", "encoder.blocks.6.addnorm1.layer_norm.bias", "encoder.blocks.6.ffn.linear1.weight", "encoder.blocks.6.ffn.linear1.bias", "encoder.blocks.6.ffn.linear2.weight", "encoder.blocks.6.ffn.linear2.bias", "encoder.blocks.6.addnorm2.layer_norm.weight", "encoder.blocks.6.addnorm2.layer_norm.bias", "encoder.blocks.7.attention.w_q.weight", "encoder.blocks.7.attention.w_k.weight", "encoder.blocks.7.attention.w_v.weight", "encoder.blocks.7.attention.w_o.weight", "encoder.blocks.7.addnorm1.layer_norm.weight", "encoder.blocks.7.addnorm1.layer_norm.bias", "encoder.blocks.7.ffn.linear1.weight", "encoder.blocks.7.ffn.linear1.bias", "encoder.blocks.7.ffn.linear2.weight", "encoder.blocks.7.ffn.linear2.bias", "encoder.blocks.7.addnorm2.layer_norm.weight", "encoder.blocks.7.addnorm2.layer_norm.bias", "encoder.blocks.8.attention.w_q.weight", "encoder.blocks.8.attention.w_k.weight", "encoder.blocks.8.attention.w_v.weight", "encoder.blocks.8.attention.w_o.weight", "encoder.blocks.8.addnorm1.layer_norm.weight", "encoder.blocks.8.addnorm1.layer_norm.bias", "encoder.blocks.8.ffn.linear1.weight", "encoder.blocks.8.ffn.linear1.bias", "encoder.blocks.8.ffn.linear2.weight", "encoder.blocks.8.ffn.linear2.bias", "encoder.blocks.8.addnorm2.layer_norm.weight", "encoder.blocks.8.addnorm2.layer_norm.bias", "encoder.blocks.9.attention.w_q.weight", "encoder.blocks.9.attention.w_k.weight", "encoder.blocks.9.attention.w_v.weight", "encoder.blocks.9.attention.w_o.weight", "encoder.blocks.9.addnorm1.layer_norm.weight", "encoder.blocks.9.addnorm1.layer_norm.bias", "encoder.blocks.9.ffn.linear1.weight", "encoder.blocks.9.ffn.linear1.bias", "encoder.blocks.9.ffn.linear2.weight", "encoder.blocks.9.ffn.linear2.bias", "encoder.blocks.9.addnorm2.layer_norm.weight", "encoder.blocks.9.addnorm2.layer_norm.bias", "encoder.blocks.10.attention.w_q.weight", "encoder.blocks.10.attention.w_k.weight", "encoder.blocks.10.attention.w_v.weight", "encoder.blocks.10.attention.w_o.weight", "encoder.blocks.10.addnorm1.layer_norm.weight", "encoder.blocks.10.addnorm1.layer_norm.bias", "encoder.blocks.10.ffn.linear1.weight", "encoder.blocks.10.ffn.linear1.bias", "encoder.blocks.10.ffn.linear2.weight", "encoder.blocks.10.ffn.linear2.bias", "encoder.blocks.10.addnorm2.layer_norm.weight", "encoder.blocks.10.addnorm2.layer_norm.bias", "encoder.blocks.11.attention.w_q.weight", "encoder.blocks.11.attention.w_k.weight", "encoder.blocks.11.attention.w_v.weight", "encoder.blocks.11.attention.w_o.weight", "encoder.blocks.11.addnorm1.layer_norm.weight", "encoder.blocks.11.addnorm1.layer_norm.bias", "encoder.blocks.11.ffn.linear1.weight", "encoder.blocks.11.ffn.linear1.bias", "encoder.blocks.11.ffn.linear2.weight", "encoder.blocks.11.ffn.linear2.bias", "encoder.blocks.11.addnorm2.layer_norm.weight", "encoder.blocks.11.addnorm2.layer_norm.bias", "decoder.weight_1", "decoder.weight_2", "decoder.fc.weight", "decoder.fc.bias", "decoder.blocks.0.attention1.w_q.weight", "decoder.blocks.0.attention1.w_k.weight", "decoder.blocks.0.attention1.w_v.weight", "decoder.blocks.0.attention1.w_o.weight", "decoder.blocks.0.attention2.w_q.weight", "decoder.blocks.0.attention2.w_k.weight", "decoder.blocks.0.attention2.w_v.weight", "decoder.blocks.0.attention2.w_o.weight", "decoder.blocks.0.addnorm1.layer_norm.weight", "decoder.blocks.0.addnorm1.layer_norm.bias", "decoder.blocks.0.addnorm2.layer_norm.weight", "decoder.blocks.0.addnorm2.layer_norm.bias", "decoder.blocks.0.ffn.linear1.weight", "decoder.blocks.0.ffn.linear1.bias", "decoder.blocks.0.ffn.linear2.weight", "decoder.blocks.0.ffn.linear2.bias", "decoder.blocks.0.addnorm3.layer_norm.weight", "decoder.blocks.0.addnorm3.layer_norm.bias", "decoder.blocks.1.attention1.w_q.weight", "decoder.blocks.1.attention1.w_k.weight", "decoder.blocks.1.attention1.w_v.weight", "decoder.blocks.1.attention1.w_o.weight", "decoder.blocks.1.attention2.w_q.weight", "decoder.blocks.1.attention2.w_k.weight", "decoder.blocks.1.attention2.w_v.weight", "decoder.blocks.1.attention2.w_o.weight", "decoder.blocks.1.addnorm1.layer_norm.weight", "decoder.blocks.1.addnorm1.layer_norm.bias", "decoder.blocks.1.addnorm2.layer_norm.weight", "decoder.blocks.1.addnorm2.layer_norm.bias", "decoder.blocks.1.ffn.linear1.weight", "decoder.blocks.1.ffn.linear1.bias", "decoder.blocks.1.ffn.linear2.weight", "decoder.blocks.1.ffn.linear2.bias", "decoder.blocks.1.addnorm3.layer_norm.weight", "decoder.blocks.1.addnorm3.layer_norm.bias", "decoder.blocks.2.attention1.w_q.weight", "decoder.blocks.2.attention1.w_k.weight", "decoder.blocks.2.attention1.w_v.weight", "decoder.blocks.2.attention1.w_o.weight", "decoder.blocks.2.attention2.w_q.weight", "decoder.blocks.2.attention2.w_k.weight", "decoder.blocks.2.attention2.w_v.weight", "decoder.blocks.2.attention2.w_o.weight", "decoder.blocks.2.addnorm1.layer_norm.weight", "decoder.blocks.2.addnorm1.layer_norm.bias", "decoder.blocks.2.addnorm2.layer_norm.weight", "decoder.blocks.2.addnorm2.layer_norm.bias", "decoder.blocks.2.ffn.linear1.weight", "decoder.blocks.2.ffn.linear1.bias", "decoder.blocks.2.ffn.linear2.weight", "decoder.blocks.2.ffn.linear2.bias", "decoder.blocks.2.addnorm3.layer_norm.weight", "decoder.blocks.2.addnorm3.layer_norm.bias", "decoder.blocks.3.attention1.w_q.weight", "decoder.blocks.3.attention1.w_k.weight", "decoder.blocks.3.attention1.w_v.weight", "decoder.blocks.3.attention1.w_o.weight", "decoder.blocks.3.attention2.w_q.weight", "decoder.blocks.3.attention2.w_k.weight", "decoder.blocks.3.attention2.w_v.weight", "decoder.blocks.3.attention2.w_o.weight", "decoder.blocks.3.addnorm1.layer_norm.weight", "decoder.blocks.3.addnorm1.layer_norm.bias", "decoder.blocks.3.addnorm2.layer_norm.weight", "decoder.blocks.3.addnorm2.layer_norm.bias", "decoder.blocks.3.ffn.linear1.weight", "decoder.blocks.3.ffn.linear1.bias", "decoder.blocks.3.ffn.linear2.weight", "decoder.blocks.3.ffn.linear2.bias", "decoder.blocks.3.addnorm3.layer_norm.weight", "decoder.blocks.3.addnorm3.layer_norm.bias", "decoder.blocks.4.attention1.w_q.weight", "decoder.blocks.4.attention1.w_k.weight", "decoder.blocks.4.attention1.w_v.weight", "decoder.blocks.4.attention1.w_o.weight", "decoder.blocks.4.attention2.w_q.weight", "decoder.blocks.4.attention2.w_k.weight", "decoder.blocks.4.attention2.w_v.weight", "decoder.blocks.4.attention2.w_o.weight", "decoder.blocks.4.addnorm1.layer_norm.weight", "decoder.blocks.4.addnorm1.layer_norm.bias", "decoder.blocks.4.addnorm2.layer_norm.weight", "decoder.blocks.4.addnorm2.layer_norm.bias", "decoder.blocks.4.ffn.linear1.weight", "decoder.blocks.4.ffn.linear1.bias", "decoder.blocks.4.ffn.linear2.weight", "decoder.blocks.4.ffn.linear2.bias", "decoder.blocks.4.addnorm3.layer_norm.weight", "decoder.blocks.4.addnorm3.layer_norm.bias", "decoder.blocks.5.attention1.w_q.weight", "decoder.blocks.5.attention1.w_k.weight", "decoder.blocks.5.attention1.w_v.weight", "decoder.blocks.5.attention1.w_o.weight", "decoder.blocks.5.attention2.w_q.weight", "decoder.blocks.5.attention2.w_k.weight", "decoder.blocks.5.attention2.w_v.weight", "decoder.blocks.5.attention2.w_o.weight", "decoder.blocks.5.addnorm1.layer_norm.weight", "decoder.blocks.5.addnorm1.layer_norm.bias", "decoder.blocks.5.addnorm2.layer_norm.weight", "decoder.blocks.5.addnorm2.layer_norm.bias", "decoder.blocks.5.ffn.linear1.weight", "decoder.blocks.5.ffn.linear1.bias", "decoder.blocks.5.ffn.linear2.weight", "decoder.blocks.5.ffn.linear2.bias", "decoder.blocks.5.addnorm3.layer_norm.weight", "decoder.blocks.5.addnorm3.layer_norm.bias", "decoder.blocks.6.attention1.w_q.weight", "decoder.blocks.6.attention1.w_k.weight", "decoder.blocks.6.attention1.w_v.weight", "decoder.blocks.6.attention1.w_o.weight", "decoder.blocks.6.attention2.w_q.weight", "decoder.blocks.6.attention2.w_k.weight", "decoder.blocks.6.attention2.w_v.weight", "decoder.blocks.6.attention2.w_o.weight", "decoder.blocks.6.addnorm1.layer_norm.weight", "decoder.blocks.6.addnorm1.layer_norm.bias", "decoder.blocks.6.addnorm2.layer_norm.weight", "decoder.blocks.6.addnorm2.layer_norm.bias", "decoder.blocks.6.ffn.linear1.weight", "decoder.blocks.6.ffn.linear1.bias", "decoder.blocks.6.ffn.linear2.weight", "decoder.blocks.6.ffn.linear2.bias", "decoder.blocks.6.addnorm3.layer_norm.weight", "decoder.blocks.6.addnorm3.layer_norm.bias", "decoder.blocks.7.attention1.w_q.weight", "decoder.blocks.7.attention1.w_k.weight", "decoder.blocks.7.attention1.w_v.weight", "decoder.blocks.7.attention1.w_o.weight", "decoder.blocks.7.attention2.w_q.weight", "decoder.blocks.7.attention2.w_k.weight", "decoder.blocks.7.attention2.w_v.weight", "decoder.blocks.7.attention2.w_o.weight", "decoder.blocks.7.addnorm1.layer_norm.weight", "decoder.blocks.7.addnorm1.layer_norm.bias", "decoder.blocks.7.addnorm2.layer_norm.weight", "decoder.blocks.7.addnorm2.layer_norm.bias", "decoder.blocks.7.ffn.linear1.weight", "decoder.blocks.7.ffn.linear1.bias", "decoder.blocks.7.ffn.linear2.weight", "decoder.blocks.7.ffn.linear2.bias", "decoder.blocks.7.addnorm3.layer_norm.weight", "decoder.blocks.7.addnorm3.layer_norm.bias", "decoder.blocks.8.attention1.w_q.weight", "decoder.blocks.8.attention1.w_k.weight", "decoder.blocks.8.attention1.w_v.weight", "decoder.blocks.8.attention1.w_o.weight", "decoder.blocks.8.attention2.w_q.weight", "decoder.blocks.8.attention2.w_k.weight", "decoder.blocks.8.attention2.w_v.weight", "decoder.blocks.8.attention2.w_o.weight", "decoder.blocks.8.addnorm1.layer_norm.weight", "decoder.blocks.8.addnorm1.layer_norm.bias", "decoder.blocks.8.addnorm2.layer_norm.weight", "decoder.blocks.8.addnorm2.layer_norm.bias", "decoder.blocks.8.ffn.linear1.weight", "decoder.blocks.8.ffn.linear1.bias", "decoder.blocks.8.ffn.linear2.weight", "decoder.blocks.8.ffn.linear2.bias", "decoder.blocks.8.addnorm3.layer_norm.weight", "decoder.blocks.8.addnorm3.layer_norm.bias", "decoder.blocks.9.attention1.w_q.weight", "decoder.blocks.9.attention1.w_k.weight", "decoder.blocks.9.attention1.w_v.weight", "decoder.blocks.9.attention1.w_o.weight", "decoder.blocks.9.attention2.w_q.weight", "decoder.blocks.9.attention2.w_k.weight", "decoder.blocks.9.attention2.w_v.weight", "decoder.blocks.9.attention2.w_o.weight", "decoder.blocks.9.addnorm1.layer_norm.weight", "decoder.blocks.9.addnorm1.layer_norm.bias", "decoder.blocks.9.addnorm2.layer_norm.weight", "decoder.blocks.9.addnorm2.layer_norm.bias", "decoder.blocks.9.ffn.linear1.weight", "decoder.blocks.9.ffn.linear1.bias", "decoder.blocks.9.ffn.linear2.weight", "decoder.blocks.9.ffn.linear2.bias", "decoder.blocks.9.addnorm3.layer_norm.weight", "decoder.blocks.9.addnorm3.layer_norm.bias", "decoder.blocks.10.attention1.w_q.weight", "decoder.blocks.10.attention1.w_k.weight", "decoder.blocks.10.attention1.w_v.weight", "decoder.blocks.10.attention1.w_o.weight", "decoder.blocks.10.attention2.w_q.weight", "decoder.blocks.10.attention2.w_k.weight", "decoder.blocks.10.attention2.w_v.weight", "decoder.blocks.10.attention2.w_o.weight", "decoder.blocks.10.addnorm1.layer_norm.weight", "decoder.blocks.10.addnorm1.layer_norm.bias", "decoder.blocks.10.addnorm2.layer_norm.weight", "decoder.blocks.10.addnorm2.layer_norm.bias", "decoder.blocks.10.ffn.linear1.weight", "decoder.blocks.10.ffn.linear1.bias", "decoder.blocks.10.ffn.linear2.weight", "decoder.blocks.10.ffn.linear2.bias", "decoder.blocks.10.addnorm3.layer_norm.weight", "decoder.blocks.10.addnorm3.layer_norm.bias", "decoder.blocks.11.attention1.w_q.weight", "decoder.blocks.11.attention1.w_k.weight", "decoder.blocks.11.attention1.w_v.weight", "decoder.blocks.11.attention1.w_o.weight", "decoder.blocks.11.attention2.w_q.weight", "decoder.blocks.11.attention2.w_k.weight", "decoder.blocks.11.attention2.w_v.weight", "decoder.blocks.11.attention2.w_o.weight", "decoder.blocks.11.addnorm1.layer_norm.weight", "decoder.blocks.11.addnorm1.layer_norm.bias", "decoder.blocks.11.addnorm2.layer_norm.weight", "decoder.blocks.11.addnorm2.layer_norm.bias", "decoder.blocks.11.ffn.linear1.weight", "decoder.blocks.11.ffn.linear1.bias", "decoder.blocks.11.ffn.linear2.weight", "decoder.blocks.11.ffn.linear2.bias", "decoder.blocks.11.addnorm3.layer_norm.weight", "decoder.blocks.11.addnorm3.layer_norm.bias", "decoder.dense1.weight", "decoder.dense1.bias", "decoder.dense2.weight", "decoder.dense2.bias", "decoder.dense3.weight", "decoder.dense3.bias"]}
/home/jnz/AIGT_esmc/code/EPPGT_repro/src/eppgt_repro/training.py:882: FutureWarning: `torch.cuda.amp.GradScaler(args...)` is deprecated. Please use `torch.amp.GradScaler('cuda', args...)` instead.
  scaler = torch.cuda.amp.GradScaler(enabled=(config.train.amp and runtime.device.type == "cuda"))
[train] epoch=0 step=10/782 loss=0.76917 cls=0.70157 rank=0.37246 pairs=192
[train] epoch=0 step=20/782 loss=0.60890 cls=0.69270 rank=0.26740 pairs=192
[train] epoch=0 step=30/782 loss=0.61577 cls=0.67969 rank=0.27458 pairs=207
[train] epoch=0 step=40/782 loss=0.51870 cls=0.68622 rank=0.20856 pairs=31
[train] epoch=0 step=50/782 loss=0.81756 cls=0.71389 rank=0.40226 pairs=207
[train] epoch=0 step=60/782 loss=0.65923 cls=0.70280 rank=0.29893 pairs=31
[train] epoch=0 step=70/782 loss=0.65120 cls=0.69121 rank=0.29589 pairs=175
[train] epoch=0 step=80/782 loss=0.72790 cls=0.70689 rank=0.34389 pairs=240
[train] epoch=0 step=90/782 loss=0.66075 cls=0.69217 rank=0.30207 pairs=207
[train] epoch=0 step=100/782 loss=0.63947 cls=0.68215 rank=0.28988 pairs=135
[train] epoch=0 step=110/782 loss=0.63065 cls=0.68532 rank=0.28337 pairs=156
[train] epoch=0 step=120/782 loss=0.66027 cls=0.68655 rank=0.30287 pairs=135
[train] epoch=0 step=130/782 loss=0.64699 cls=0.68890 rank=0.29354 pairs=156
[train] epoch=0 step=140/782 loss=0.65723 cls=0.69365 rank=0.29943 pairs=192
[train] epoch=0 step=150/782 loss=0.92310 cls=0.70780 rank=0.47384 pairs=31
[train] epoch=0 step=160/782 loss=0.74361 cls=0.70803 rank=0.35413 pairs=31
[train] epoch=0 step=170/782 loss=0.54027 cls=0.66845 rank=0.22649 pairs=156
[train] epoch=0 step=180/782 loss=0.57355 cls=0.67878 rank=0.24661 pairs=240
[train] epoch=0 step=190/782 loss=0.34635 cls=0.64778 rank=0.10135 pairs=3
[train] epoch=0 step=200/782 loss=0.73870 cls=0.71288 rank=0.34989 pairs=207
[train] epoch=0 step=210/782 loss=0.70943 cls=0.72382 rank=0.32819 pairs=87
[train] epoch=0 step=220/782 loss=0.56920 cls=0.72262 rank=0.23494 pairs=60
[train] epoch=0 step=230/782 loss=0.66244 cls=0.68848 rank=0.30393 pairs=207
[train] epoch=0 step=240/782 loss=0.48261 cls=0.65635 rank=0.19047 pairs=220
[train] epoch=0 step=250/782 loss=0.67155 cls=0.68178 rank=0.31134 pairs=192
[train] epoch=0 step=260/782 loss=0.80390 cls=0.67917 rank=0.40010 pairs=3
[train] epoch=0 step=270/782 loss=0.79595 cls=0.74416 rank=0.38180 pairs=112
[train] epoch=0 step=280/782 loss=0.55913 cls=0.72250 rank=0.22825 pairs=87
[train] epoch=0 step=290/782 loss=0.58524 cls=0.67628 rank=0.25490 pairs=84
[train] epoch=0 step=300/782 loss=0.21957 cls=0.73190 rank=0.00000 pairs=0
[train] epoch=0 step=310/782 loss=0.61555 cls=0.66295 rank=0.27778 pairs=175
[train] epoch=0 step=320/782 loss=0.33714 cls=0.66422 rank=0.09192 pairs=87
[train] epoch=0 step=330/782 loss=0.54176 cls=0.67454 rank=0.22627 pairs=207
[train] epoch=0 step=340/782 loss=1.10235 cls=0.68676 rank=0.59754 pairs=112
[train] epoch=0 step=350/782 loss=0.46979 cls=0.63848 rank=0.18550 pairs=156
[train] epoch=0 step=360/782 loss=0.63732 cls=0.66991 rank=0.29090 pairs=192
[train] epoch=0 step=370/782 loss=0.40836 cls=0.64213 rank=0.14382 pairs=156
[train] epoch=0 step=380/782 loss=0.30877 cls=0.60645 rank=0.08456 pairs=192
[train] epoch=0 step=390/782 loss=0.28756 cls=0.68394 rank=0.05492 pairs=31
[train] epoch=0 step=400/782 loss=0.57411 cls=0.68950 rank=0.24484 pairs=240
[train] epoch=0 step=410/782 loss=0.33943 cls=0.64305 rank=0.09768 pairs=175
[train] epoch=0 step=420/782 loss=0.47272 cls=0.62992 rank=0.18916 pairs=192
[train] epoch=0 step=430/782 loss=0.17504 cls=0.57533 rank=0.00163 pairs=31
[train] epoch=0 step=440/782 loss=0.41173 cls=0.70797 rank=0.13289 pairs=175
[train] epoch=0 step=450/782 loss=0.40353 cls=0.73366 rank=0.12229 pairs=135
[train] epoch=0 step=460/782 loss=0.36040 cls=0.61539 rank=0.11719 pairs=255
[train] epoch=0 step=470/782 loss=0.70949 cls=0.69763 rank=0.33347 pairs=207
[train] epoch=0 step=480/782 loss=0.42850 cls=0.69864 rank=0.14594 pairs=87
[train] epoch=0 step=490/782 loss=0.33223 cls=0.62840 rank=0.09581 pairs=247
[train] epoch=0 step=500/782 loss=0.35693 cls=0.65570 rank=0.10681 pairs=175
[train] epoch=0 step=510/782 loss=0.29717 cls=0.57859 rank=0.08240 pairs=175
[train] epoch=0 step=520/782 loss=0.34823 cls=0.58882 rank=0.11439 pairs=192
[train] epoch=0 step=530/782 loss=0.46568 cls=0.64999 rank=0.18046 pairs=255
[train] epoch=0 step=540/782 loss=0.37466 cls=0.71322 rank=0.10713 pairs=135
[train] epoch=0 step=550/782 loss=0.70973 cls=0.69420 rank=0.33431 pairs=28
[train] epoch=0 step=560/782 loss=1.17174 cls=0.72540 rank=0.63608 pairs=3
[train] epoch=0 step=570/782 loss=1.19234 cls=0.76695 rank=0.64150 pairs=3
[train] epoch=0 step=580/782 loss=0.80262 cls=0.71346 rank=0.39239 pairs=220
[train] epoch=0 step=590/782 loss=0.38829 cls=0.67568 rank=0.12372 pairs=240
[train] epoch=0 step=600/782 loss=0.50988 cls=0.77573 rank=0.18478 pairs=156
[train] epoch=0 step=610/782 loss=0.23501 cls=0.60841 rank=0.03499 pairs=66
[train] epoch=0 step=620/782 loss=0.35479 cls=0.60514 rank=0.11550 pairs=207
[train] epoch=0 step=630/782 loss=0.29313 cls=0.57578 rank=0.08027 pairs=220
[train] epoch=0 step=640/782 loss=0.57987 cls=0.64844 rank=0.25689 pairs=207
[train] epoch=0 step=650/782 loss=0.96434 cls=0.65503 rank=0.51189 pairs=175
[train] epoch=0 step=660/782 loss=0.62914 cls=0.73663 rank=0.27210 pairs=156
[train] epoch=0 step=670/782 loss=0.23863 cls=0.53145 rank=0.05280 pairs=156
[train] epoch=0 step=680/782 loss=0.19093 cls=0.61294 rank=0.00470 pairs=31
[train] epoch=0 step=690/782 loss=0.25280 cls=0.63051 rank=0.04243 pairs=112
[train] epoch=0 step=700/782 loss=0.15834 cls=0.52779 rank=0.00000 pairs=3
[train] epoch=0 step=710/782 loss=0.51406 cls=0.60576 rank=0.22156 pairs=112
[train] epoch=0 step=720/782 loss=0.63771 cls=0.72052 rank=0.28104 pairs=27
[train] epoch=0 step=730/782 loss=0.44969 cls=0.59615 rank=0.18057 pairs=175
[train] epoch=0 step=740/782 loss=0.33539 cls=0.62253 rank=0.09909 pairs=252
[train] epoch=0 step=750/782 loss=0.17599 cls=0.49284 rank=0.01876 pairs=135
[train] epoch=0 step=760/782 loss=0.14567 cls=0.48558 rank=0.00000 pairs=31
[train] epoch=0 step=770/782 loss=0.32036 cls=0.69859 rank=0.07386 pairs=175
[train] epoch=0 step=780/782 loss=0.27226 cls=0.46489 rank=0.08853 pairs=87
[eval] epoch=0 {"epoch": 0, "train_loss": 0.5172822591216365, "train_classification_loss": 0.6618676029098773, "train_ranking_loss": 0.21248131303630177, "train_ranking_pairs": 104368, "val_loss": 0.5727667842879735, "auroc": 0.8588332620422519, "auprc": 0.8261898131134022, "precision": 0.685886875343218, "recall": 0.9238165680473372, "ranking_group_count": 67.0, "ranking_valid_group_count": 67.0, "ranking_mean_group_size": 42.47761194029851, "ranking_median_group_size": 4.0, "ranking_mean_positive_count": 20.17910447761194, "mean_group_auroc": 0.5218691202048376, "top1_hit": 0.29850746268656714, "top5_hit": 0.9253731343283582, "top10_hit": 0.9402985074626866, "top50_hit": 1.0, "top100_hit": 1.0, "mrr": 0.5218740967071683, "ndcg": 0.6665156191981387, "mean_positive_rank": 3.5074626865671643, "external_loss": 0.5639984162760453, "external_auroc": 0.8658556530272081, "external_auprc": 0.8352710873305388, "external_precision": 0.7040586245772266, "external_recall": 0.924500370096225, "external_ranking_group_count": 66.0, "external_ranking_valid_group_count": 66.0, "external_ranking_mean_group_size": 43.03030303030303, "external_ranking_median_group_size": 4.0, "external_ranking_mean_positive_count": 20.46969696969697, "external_mean_group_auroc": 0.5130692703085565, "external_top1_hit": 0.3333333333333333, "external_top5_hit": 0.9242424242424242, "external_top10_hit": 0.9545454545454546, "external_top50_hit": 1.0, "external_top100_hit": 1.0, "external_mrr": 0.5300264550264551, "external_ndcg": 0.6672870789716325, "external_mean_positive_rank": 3.393939393939394, "best_metric": "mrr", "best_metric_value": 0.5300264550264551, "best_metric_source": "external"}
[train] epoch=1 step=10/782 loss=0.17624 cls=0.53492 rank=0.01051 pairs=135
[train] epoch=1 step=20/782 loss=0.94215 cls=0.89266 rank=0.44957 pairs=192
[train] epoch=1 step=30/782 loss=0.35981 cls=0.56526 rank=0.12682 pairs=252
[train] epoch=1 step=40/782 loss=1.67071 cls=0.78685 rank=0.95643 pairs=3
[train] epoch=1 step=50/782 loss=0.65761 cls=0.89421 rank=0.25957 pairs=175
[train] epoch=1 step=60/782 loss=0.43369 cls=0.47156 rank=0.19482 pairs=87
[train] epoch=1 step=70/782 loss=0.11445 cls=0.38151 rank=0.00000 pairs=0
[train] epoch=1 step=80/782 loss=0.58234 cls=0.53532 rank=0.28116 pairs=60
[train] epoch=1 step=90/782 loss=0.34229 cls=0.67840 rank=0.09251 pairs=175
[train] epoch=1 step=100/782 loss=1.70650 cls=0.98176 rank=0.94132 pairs=192
[train] epoch=1 step=110/782 loss=0.64781 cls=0.86089 rank=0.25969 pairs=231
[train] epoch=1 step=120/782 loss=0.35723 cls=0.60307 rank=0.11754 pairs=231
[train] epoch=1 step=130/782 loss=0.94621 cls=0.64491 rank=0.50182 pairs=3
[train] epoch=1 step=140/782 loss=0.10079 cls=0.33595 rank=0.00000 pairs=0
[train] epoch=1 step=150/782 loss=0.15263 cls=0.47301 rank=0.00715 pairs=192
[train] epoch=1 step=160/782 loss=0.12944 cls=0.43145 rank=0.00000 pairs=112
[train] epoch=1 step=170/782 loss=0.76467 cls=1.16380 rank=0.27702 pairs=135
[train] epoch=1 step=180/782 loss=0.23884 cls=0.50172 rank=0.05888 pairs=240
[train] epoch=1 step=190/782 loss=0.11362 cls=0.36183 rank=0.00338 pairs=247
[train] epoch=1 step=200/782 loss=0.17013 cls=0.49202 rank=0.01502 pairs=175
[train] epoch=1 step=210/782 loss=0.49883 cls=0.50799 rank=0.23095 pairs=60
[train] epoch=1 step=220/782 loss=0.29139 cls=0.59823 rank=0.07461 pairs=247
[train] epoch=1 step=230/782 loss=0.10454 cls=0.34663 rank=0.00037 pairs=87
[train] epoch=1 step=240/782 loss=0.12851 cls=0.42837 rank=0.00000 pairs=207
[train] epoch=1 step=250/782 loss=0.14214 cls=0.35892 rank=0.02297 pairs=175
[train] epoch=1 step=260/782 loss=0.48154 cls=0.62149 rank=0.19673 pairs=231
[train] epoch=1 step=270/782 loss=0.09837 cls=0.28694 rank=0.00819 pairs=60
[train] epoch=1 step=280/782 loss=0.26724 cls=0.58526 rank=0.06111 pairs=255
[train] epoch=1 step=290/782 loss=1.06383 cls=0.77899 rank=0.55342 pairs=247
[train] epoch=1 step=300/782 loss=0.19964 cls=0.55589 rank=0.02191 pairs=84
[train] epoch=1 step=310/782 loss=0.06843 cls=0.22811 rank=0.00000 pairs=60
[train] epoch=1 step=320/782 loss=0.20079 cls=0.43125 rank=0.04761 pairs=220
[train] epoch=1 step=330/782 loss=0.12280 cls=0.27758 rank=0.02635 pairs=60
[train] epoch=1 step=340/782 loss=0.96894 cls=0.64094 rank=0.51777 pairs=3
[train] epoch=1 step=350/782 loss=0.15157 cls=0.45460 rank=0.01013 pairs=220
[train] epoch=1 step=360/782 loss=0.06500 cls=0.21668 rank=0.00000 pairs=112
[train] epoch=1 step=370/782 loss=0.18007 cls=0.42179 rank=0.03569 pairs=192
[train] epoch=1 step=380/782 loss=0.58247 cls=1.36717 rank=0.11488 pairs=207
[train] epoch=1 step=390/782 loss=0.47260 cls=1.02384 rank=0.11030 pairs=112
[train] epoch=1 step=400/782 loss=0.24616 cls=0.50410 rank=0.06329 pairs=207
[train] epoch=1 step=410/782 loss=1.25013 cls=0.67681 rank=0.69806 pairs=192
[train] epoch=1 step=420/782 loss=0.14913 cls=0.24042 rank=0.05133 pairs=60
[train] epoch=1 step=430/782 loss=0.17193 cls=0.42886 rank=0.02885 pairs=175
[train] epoch=1 step=440/782 loss=0.11857 cls=0.36376 rank=0.00629 pairs=175
[train] epoch=1 step=450/782 loss=0.05451 cls=0.18172 rank=0.00000 pairs=31
[train] epoch=1 step=460/782 loss=0.10194 cls=0.33980 rank=0.00000 pairs=175
[train] epoch=1 step=470/782 loss=0.24233 cls=0.53334 rank=0.05488 pairs=3
[train] epoch=1 step=480/782 loss=1.89391 cls=0.69113 rank=1.12438 pairs=112
[train] epoch=1 step=490/782 loss=1.08820 cls=0.72551 rank=0.58037 pairs=156
[train] epoch=1 step=500/782 loss=0.30309 cls=0.27307 rank=0.14744 pairs=60
[train] epoch=1 step=510/782 loss=0.11587 cls=0.36696 rank=0.00385 pairs=156
[train] epoch=1 step=520/782 loss=0.14603 cls=0.44084 rank=0.00919 pairs=175
[train] epoch=1 step=530/782 loss=0.09177 cls=0.30590 rank=0.00000 pairs=240
[train] epoch=1 step=540/782 loss=0.09231 cls=0.30770 rank=0.00000 pairs=192
[train] epoch=1 step=550/782 loss=0.04705 cls=0.15682 rank=0.00000 pairs=31
[train] epoch=1 step=560/782 loss=0.41691 cls=0.22190 rank=0.23356 pairs=31
[train] epoch=1 step=570/782 loss=0.19993 cls=0.38421 rank=0.05644 pairs=175
[train] epoch=1 step=580/782 loss=0.12250 cls=0.40835 rank=0.00000 pairs=3
[train] epoch=1 step=590/782 loss=0.11802 cls=0.39340 rank=0.00000 pairs=3
[train] epoch=1 step=600/782 loss=0.12662 cls=0.36558 rank=0.01130 pairs=240
[train] epoch=1 step=610/782 loss=0.62714 cls=0.55814 rank=0.30646 pairs=12
[train] epoch=1 step=620/782 loss=0.09181 cls=0.30604 rank=0.00000 pairs=156
[train] epoch=1 step=630/782 loss=0.07821 cls=0.26068 rank=0.00000 pairs=156
[train] epoch=1 step=640/782 loss=0.09843 cls=0.30287 rank=0.00505 pairs=207
[train] epoch=1 step=650/782 loss=0.06765 cls=0.22550 rank=0.00000 pairs=175
[train] epoch=1 step=660/782 loss=0.18016 cls=0.50952 rank=0.01820 pairs=220
[train] epoch=1 step=670/782 loss=1.92273 cls=0.92088 rank=1.09764 pairs=175
[train] epoch=1 step=680/782 loss=0.77948 cls=1.23471 rank=0.27271 pairs=207
[train] epoch=1 step=690/782 loss=0.04262 cls=0.14207 rank=0.00000 pairs=87
[train] epoch=1 step=700/782 loss=0.13995 cls=0.46600 rank=0.00010 pairs=231
[train] epoch=1 step=710/782 loss=0.04837 cls=0.16125 rank=0.00000 pairs=112
[train] epoch=1 step=720/782 loss=0.66223 cls=0.67162 rank=0.30716 pairs=3
[train] epoch=1 step=730/782 loss=0.08626 cls=0.26852 rank=0.00380 pairs=207
[train] epoch=1 step=740/782 loss=0.20724 cls=0.55965 rank=0.02623 pairs=207
[train] epoch=1 step=750/782 loss=0.10629 cls=0.35429 rank=0.00000 pairs=3
[train] epoch=1 step=760/782 loss=0.09279 cls=0.26894 rank=0.00807 pairs=192
[train] epoch=1 step=770/782 loss=1.23569 cls=0.72670 rank=0.67845 pairs=3
[train] epoch=1 step=780/782 loss=0.06869 cls=0.22896 rank=0.00000 pairs=156
[eval] epoch=1 {"epoch": 1, "train_loss": 0.30987824373979317, "train_classification_loss": 0.4971720791455763, "train_ranking_loss": 0.10715107605289172, "train_ranking_pairs": 104569, "val_loss": 0.43464228814534545, "auroc": 0.9229749372242421, "auprc": 0.9162630084147619, "precision": 0.8161073825503355, "recall": 0.8994082840236687, "ranking_group_count": 67.0, "ranking_valid_group_count": 67.0, "ranking_mean_group_size": 42.47761194029851, "ranking_median_group_size": 4.0, "ranking_mean_positive_count": 20.17910447761194, "mean_group_auroc": 0.7517341406692098, "top1_hit": 0.5373134328358209, "top5_hit": 0.9402985074626866, "top10_hit": 0.9701492537313433, "top50_hit": 1.0, "top100_hit": 1.0, "mrr": 0.7054575606814413, "ndcg": 0.7951456507449284, "mean_positive_rank": 2.5223880597014925, "external_loss": 0.42118543487199595, "external_auroc": 0.9267184619109095, "external_auprc": 0.9211643324117266, "external_precision": 0.8242055442866801, "external_recall": 0.9022945965951147, "external_ranking_group_count": 66.0, "external_ranking_valid_group_count": 66.0, "external_ranking_mean_group_size": 43.03030303030303, "external_ranking_median_group_size": 4.0, "external_ranking_mean_positive_count": 20.46969696969697, "external_mean_group_auroc": 0.7370533713786378, "external_top1_hit": 0.5454545454545454, "external_top5_hit": 0.9393939393939394, "external_top10_hit": 0.9545454545454546, "external_top50_hit": 1.0, "external_top100_hit": 1.0, "external_mrr": 0.7101534828807556, "external_ndcg": 0.7965985623804958, "external_mean_positive_rank": 2.393939393939394, "best_metric": "mrr", "best_metric_value": 0.7101534828807556, "best_metric_source": "external"}
[train] epoch=2 step=10/782 loss=0.52630 cls=0.54831 rank=0.24121 pairs=255
[train] epoch=2 step=20/782 loss=0.10963 cls=0.34372 rank=0.00434 pairs=240
[train] epoch=2 step=30/782 loss=0.06104 cls=0.20347 rank=0.00000 pairs=0
[train] epoch=2 step=40/782 loss=0.16651 cls=0.55504 rank=0.00000 pairs=3
[train] epoch=2 step=50/782 loss=0.44070 cls=0.37105 rank=0.21959 pairs=175
[train] epoch=2 step=60/782 loss=5.02297 cls=2.12972 rank=2.92270 pairs=3
[train] epoch=2 step=70/782 loss=0.53026 cls=0.21710 rank=0.31009 pairs=31
[train] epoch=2 step=80/782 loss=0.16668 cls=0.45242 rank=0.02064 pairs=220
[train] epoch=2 step=90/782 loss=0.03926 cls=0.13086 rank=0.00000 pairs=60
[train] epoch=2 step=100/782 loss=0.05298 cls=0.17661 rank=0.00000 pairs=135
[train] epoch=2 step=110/782 loss=0.08368 cls=0.27892 rank=0.00000 pairs=156
[train] epoch=2 step=120/782 loss=0.04344 cls=0.14480 rank=0.00000 pairs=156
[train] epoch=2 step=130/782 loss=0.17574 cls=0.35277 rank=0.04661 pairs=207
[train] epoch=2 step=140/782 loss=0.12931 cls=0.27169 rank=0.03187 pairs=175
[train] epoch=2 step=150/782 loss=2.12728 cls=0.83100 rank=1.25199 pairs=175
[train] epoch=2 step=160/782 loss=0.05571 cls=0.18568 rank=0.00000 pairs=87
[train] epoch=2 step=170/782 loss=0.19474 cls=0.52362 rank=0.02510 pairs=240
[train] epoch=2 step=180/782 loss=0.06595 cls=0.21982 rank=0.00000 pairs=0
[train] epoch=2 step=190/782 loss=0.24528 cls=0.69314 rank=0.02489 pairs=240
[train] epoch=2 step=200/782 loss=0.05153 cls=0.17176 rank=0.00000 pairs=112
[train] epoch=2 step=210/782 loss=3.02232 cls=1.83959 rank=1.64696 pairs=192
[train] epoch=2 step=220/782 loss=0.64342 cls=1.37610 rank=0.15373 pairs=207
[train] epoch=2 step=230/782 loss=0.23293 cls=0.59768 rank=0.03575 pairs=135
[train] epoch=2 step=240/782 loss=0.04250 cls=0.14168 rank=0.00000 pairs=60
[train] epoch=2 step=250/782 loss=0.10142 cls=0.33805 rank=0.00000 pairs=3
[train] epoch=2 step=260/782 loss=0.56812 cls=1.53739 rank=0.07127 pairs=220
[train] epoch=2 step=270/782 loss=1.86986 cls=1.62936 rank=0.92070 pairs=3
[train] epoch=2 step=280/782 loss=0.22205 cls=0.29160 rank=0.08971 pairs=156
[train] epoch=2 step=290/782 loss=0.04318 cls=0.14393 rank=0.00000 pairs=175
[train] epoch=2 step=300/782 loss=0.04307 cls=0.14356 rank=0.00000 pairs=135
[train] epoch=2 step=310/782 loss=0.04726 cls=0.15754 rank=0.00000 pairs=60
[train] epoch=2 step=320/782 loss=0.04793 cls=0.15976 rank=0.00000 pairs=175
[train] epoch=2 step=330/782 loss=0.48302 cls=0.59738 rank=0.20254 pairs=3
[train] epoch=2 step=340/782 loss=0.08472 cls=0.25706 rank=0.00506 pairs=207
[train] epoch=2 step=350/782 loss=0.04662 cls=0.15540 rank=0.00000 pairs=231
[train] epoch=2 step=360/782 loss=0.03797 cls=0.12657 rank=0.00000 pairs=60
[train] epoch=2 step=370/782 loss=0.50123 cls=0.30669 rank=0.27282 pairs=60
[train] epoch=2 step=380/782 loss=0.03803 cls=0.12676 rank=0.00000 pairs=31
[train] epoch=2 step=390/782 loss=0.08465 cls=0.21778 rank=0.01288 pairs=156
[train] epoch=2 step=400/782 loss=0.04516 cls=0.15054 rank=0.00000 pairs=31
[train] epoch=2 step=410/782 loss=0.04615 cls=0.15384 rank=0.00000 pairs=156
[train] epoch=2 step=420/782 loss=0.37675 cls=0.51450 rank=0.14827 pairs=247
[train] epoch=2 step=430/782 loss=0.05172 cls=0.17241 rank=0.00000 pairs=87
[train] epoch=2 step=440/782 loss=0.04160 cls=0.13866 rank=0.00000 pairs=192
[train] epoch=2 step=450/782 loss=0.38706 cls=0.55111 rank=0.14782 pairs=207
[train] epoch=2 step=460/782 loss=0.05348 cls=0.17828 rank=0.00000 pairs=192
[train] epoch=2 step=470/782 loss=2.47890 cls=1.21957 rank=1.40868 pairs=220
[train] epoch=2 step=480/782 loss=0.11067 cls=0.36436 rank=0.00091 pairs=231
[train] epoch=2 step=490/782 loss=0.05337 cls=0.17789 rank=0.00000 pairs=207
[train] epoch=2 step=500/782 loss=0.17651 cls=0.34178 rank=0.04931 pairs=207
[train] epoch=2 step=510/782 loss=0.06632 cls=0.22105 rank=0.00000 pairs=156
[train] epoch=2 step=520/782 loss=0.05434 cls=0.18112 rank=0.00000 pairs=135
[train] epoch=2 step=530/782 loss=0.44453 cls=0.86647 rank=0.12306 pairs=207
[train] epoch=2 step=540/782 loss=0.05370 cls=0.17901 rank=0.00000 pairs=60
[train] epoch=2 step=550/782 loss=0.32658 cls=0.35700 rank=0.14632 pairs=156
[train] epoch=2 step=560/782 loss=0.04549 cls=0.15165 rank=0.00000 pairs=0
[train] epoch=2 step=570/782 loss=0.09486 cls=0.20289 rank=0.02266 pairs=60
[train] epoch=2 step=580/782 loss=0.11808 cls=0.39359 rank=0.00000 pairs=3
[train] epoch=2 step=590/782 loss=0.04853 cls=0.16175 rank=0.00000 pairs=156
[train] epoch=2 step=600/782 loss=0.67616 cls=0.53337 rank=0.34410 pairs=207
[train] epoch=2 step=610/782 loss=1.53778 cls=2.40811 rank=0.54356 pairs=135
[train] epoch=2 step=620/782 loss=0.09451 cls=0.26920 rank=0.00917 pairs=207
[train] epoch=2 step=630/782 loss=0.07036 cls=0.23455 rank=0.00000 pairs=192
[train] epoch=2 step=640/782 loss=0.27928 cls=0.70699 rank=0.04479 pairs=231
[train] epoch=2 step=650/782 loss=0.20881 cls=0.48986 rank=0.04123 pairs=192
[train] epoch=2 step=660/782 loss=0.04172 cls=0.13906 rank=0.00000 pairs=60
[train] epoch=2 step=670/782 loss=0.09154 cls=0.30513 rank=0.00000 pairs=256
[train] epoch=2 step=680/782 loss=0.09551 cls=0.31837 rank=0.00000 pairs=175
[train] epoch=2 step=690/782 loss=0.05592 cls=0.18641 rank=0.00000 pairs=156
[train] epoch=2 step=700/782 loss=0.04171 cls=0.13904 rank=0.00000 pairs=31
[train] epoch=2 step=710/782 loss=0.89565 cls=1.47055 rank=0.30299 pairs=64
[train] epoch=2 step=720/782 loss=0.03882 cls=0.12941 rank=0.00000 pairs=156
[train] epoch=2 step=730/782 loss=0.04464 cls=0.14879 rank=0.00000 pairs=207
[train] epoch=2 step=740/782 loss=0.07227 cls=0.19777 rank=0.00863 pairs=112
[train] epoch=2 step=750/782 loss=0.32777 cls=0.54014 rank=0.11048 pairs=112
[train] epoch=2 step=760/782 loss=0.05503 cls=0.18342 rank=0.00000 pairs=135
[train] epoch=2 step=770/782 loss=0.04717 cls=0.15722 rank=0.00000 pairs=247
[train] epoch=2 step=780/782 loss=0.71521 cls=1.36015 rank=0.20478 pairs=192
[eval] epoch=2 {"epoch": 2, "train_loss": 0.29406818777966387, "train_classification_loss": 0.39476424036271146, "train_ranking_loss": 0.11709260801128571, "train_ranking_pairs": 104965, "val_loss": 0.45397935990958843, "auroc": 0.9314281286883234, "auprc": 0.9211329351935406, "precision": 0.8007736943907157, "recall": 0.9186390532544378, "ranking_group_count": 67.0, "ranking_valid_group_count": 67.0, "ranking_mean_group_size": 42.47761194029851, "ranking_median_group_size": 4.0, "ranking_mean_positive_count": 20.17910447761194, "mean_group_auroc": 0.8146640757237035, "top1_hit": 0.6119402985074627, "top5_hit": 0.9402985074626866, "top10_hit": 0.9850746268656716, "top50_hit": 1.0, "top100_hit": 1.0, "mrr": 0.7584513330781988, "ndcg": 0.8405828160533567, "mean_positive_rank": 2.1641791044776117, "external_loss": 0.4389012269151043, "external_auroc": 0.9365340898640362, "external_auprc": 0.9271367237932768, "external_precision": 0.8063063063063063, "external_recall": 0.927461139896373, "external_ranking_group_count": 66.0, "external_ranking_valid_group_count": 66.0, "external_ranking_mean_group_size": 43.03030303030303, "external_ranking_median_group_size": 4.0, "external_ranking_mean_positive_count": 20.46969696969697, "external_mean_group_auroc": 0.8314128133363864, "external_top1_hit": 0.6666666666666666, "external_top5_hit": 0.9545454545454546, "external_top10_hit": 0.9848484848484849, "external_top50_hit": 1.0, "external_top100_hit": 1.0, "external_mrr": 0.7851731601731602, "external_ndcg": 0.8604628717760171, "external_mean_positive_rank": 1.9090909090909092, "best_metric": "mrr", "best_metric_value": 0.7851731601731602, "best_metric_source": "external"}
[train] epoch=3 step=10/782 loss=0.14518 cls=0.48393 rank=0.00000 pairs=3
[train] epoch=3 step=20/782 loss=0.39596 cls=0.25798 rank=0.21238 pairs=112
[train] epoch=3 step=30/782 loss=0.15965 cls=0.31725 rank=0.04298 pairs=247
[train] epoch=3 step=40/782 loss=0.03985 cls=0.13284 rank=0.00000 pairs=192
[train] epoch=3 step=50/782 loss=0.06149 cls=0.20497 rank=0.00000 pairs=192
[train] epoch=3 step=60/782 loss=0.05629 cls=0.17892 rank=0.00174 pairs=60
[train] epoch=3 step=70/782 loss=0.08858 cls=0.28945 rank=0.00116 pairs=240
[train] epoch=3 step=80/782 loss=0.18617 cls=0.57612 rank=0.00889 pairs=231
[train] epoch=3 step=90/782 loss=0.07985 cls=0.24571 rank=0.00409 pairs=207
[train] epoch=3 step=100/782 loss=0.68689 cls=1.91200 rank=0.07553 pairs=175
[train] epoch=3 step=110/782 loss=0.04043 cls=0.13475 rank=0.00000 pairs=112
[train] epoch=3 step=120/782 loss=0.03640 cls=0.12132 rank=0.00000 pairs=156
[train] epoch=3 step=130/782 loss=0.03720 cls=0.12400 rank=0.00000 pairs=220
[train] epoch=3 step=140/782 loss=0.11333 cls=0.37777 rank=0.00000 pairs=4
[train] epoch=3 step=150/782 loss=0.14476 cls=0.30456 rank=0.03560 pairs=32
[train] epoch=3 step=160/782 loss=0.11456 cls=0.28974 rank=0.01843 pairs=192
[train] epoch=3 step=170/782 loss=0.03601 cls=0.12003 rank=0.00000 pairs=60
[train] epoch=3 step=180/782 loss=0.03613 cls=0.12043 rank=0.00000 pairs=31
[train] epoch=3 step=190/782 loss=0.03824 cls=0.12745 rank=0.00000 pairs=87
[train] epoch=3 step=200/782 loss=0.05673 cls=0.18909 rank=0.00000 pairs=135
[train] epoch=3 step=210/782 loss=0.23442 cls=0.33859 rank=0.08856 pairs=252
[train] epoch=3 step=220/782 loss=0.09732 cls=0.27401 rank=0.01008 pairs=156
[train] epoch=3 step=230/782 loss=0.04036 cls=0.13454 rank=0.00000 pairs=192
[train] epoch=3 step=240/782 loss=0.16168 cls=0.46358 rank=0.01507 pairs=231
[train] epoch=3 step=250/782 loss=0.04707 cls=0.15689 rank=0.00000 pairs=175
[train] epoch=3 step=260/782 loss=3.73957 cls=1.21889 rank=2.24927 pairs=192
[train] epoch=3 step=270/782 loss=0.08318 cls=0.21375 rank=0.01270 pairs=175
[train] epoch=3 step=280/782 loss=0.06796 cls=0.22654 rank=0.00000 pairs=3
[train] epoch=3 step=290/782 loss=1.48287 cls=0.99674 rank=0.78923 pairs=207
[train] epoch=3 step=300/782 loss=0.08170 cls=0.25797 rank=0.00287 pairs=240
[train] epoch=3 step=310/782 loss=1.11945 cls=0.88711 rank=0.56888 pairs=3
[train] epoch=3 step=320/782 loss=0.03593 cls=0.11976 rank=0.00000 pairs=31
[train] epoch=3 step=330/782 loss=0.21631 cls=0.35599 rank=0.07301 pairs=48
[train] epoch=3 step=340/782 loss=0.03640 cls=0.12132 rank=0.00000 pairs=156
[train] epoch=3 step=350/782 loss=0.84463 cls=0.52943 rank=0.45720 pairs=135
[train] epoch=3 step=360/782 loss=0.04315 cls=0.14383 rank=0.00000 pairs=31
[train] epoch=3 step=370/782 loss=0.17673 cls=0.32083 rank=0.05365 pairs=192
[train] epoch=3 step=380/782 loss=0.50968 cls=0.47528 rank=0.24473 pairs=192
[train] epoch=3 step=390/782 loss=0.04167 cls=0.13889 rank=0.00000 pairs=192
[train] epoch=3 step=400/782 loss=0.12870 cls=0.42900 rank=0.00000 pairs=3
[train] epoch=3 step=410/782 loss=0.10197 cls=0.33988 rank=0.00000 pairs=0
[train] epoch=3 step=420/782 loss=0.22374 cls=0.74579 rank=0.00000 pairs=3
[train] epoch=3 step=430/782 loss=0.03630 cls=0.12099 rank=0.00000 pairs=3
[train] epoch=3 step=440/782 loss=0.04060 cls=0.13534 rank=0.00000 pairs=175
[train] epoch=3 step=450/782 loss=0.03668 cls=0.12227 rank=0.00000 pairs=87
[train] epoch=3 step=460/782 loss=0.03807 cls=0.12690 rank=0.00000 pairs=60
[train] epoch=3 step=470/782 loss=0.03699 cls=0.12332 rank=0.00000 pairs=231
[train] epoch=3 step=480/782 loss=0.26061 cls=0.23698 rank=0.12634 pairs=192
[train] epoch=3 step=490/782 loss=0.12497 cls=0.41262 rank=0.00079 pairs=256
[train] epoch=3 step=500/782 loss=0.05748 cls=0.19162 rank=0.00000 pairs=135
[train] epoch=3 step=510/782 loss=0.13634 cls=0.45448 rank=0.00000 pairs=192
[train] epoch=3 step=520/782 loss=0.11879 cls=0.24457 rank=0.03028 pairs=207
[train] epoch=3 step=530/782 loss=0.13313 cls=0.44377 rank=0.00000 pairs=3
[train] epoch=3 step=540/782 loss=0.11397 cls=0.29967 rank=0.01605 pairs=220
[train] epoch=3 step=550/782 loss=0.03633 cls=0.12108 rank=0.00000 pairs=247
[train] epoch=3 step=560/782 loss=1.08527 cls=0.81289 rank=0.56094 pairs=3
[train] epoch=3 step=570/782 loss=0.10556 cls=0.35185 rank=0.00000 pairs=3
[train] epoch=3 step=580/782 loss=0.03656 cls=0.12187 rank=0.00000 pairs=87
[train] epoch=3 step=590/782 loss=0.05692 cls=0.18972 rank=0.00000 pairs=135
[train] epoch=3 step=600/782 loss=0.08870 cls=0.23261 rank=0.01261 pairs=192
[train] epoch=3 step=610/782 loss=0.05196 cls=0.17320 rank=0.00000 pairs=240
[train] epoch=3 step=620/782 loss=0.03783 cls=0.12609 rank=0.00000 pairs=220
[train] epoch=3 step=630/782 loss=0.24561 cls=0.81869 rank=0.00000 pairs=3
[train] epoch=3 step=640/782 loss=0.84904 cls=1.17550 rank=0.33092 pairs=3
[train] epoch=3 step=650/782 loss=0.07120 cls=0.23735 rank=0.00000 pairs=231
[train] epoch=3 step=660/782 loss=0.04509 cls=0.15032 rank=0.00000 pairs=3
[train] epoch=3 step=670/782 loss=0.04206 cls=0.14019 rank=0.00000 pairs=156
[train] epoch=3 step=680/782 loss=0.03608 cls=0.12028 rank=0.00000 pairs=135
[train] epoch=3 step=690/782 loss=12.62689 cls=3.64412 rank=7.68911 pairs=27
[train] epoch=3 step=700/782 loss=0.03632 cls=0.12106 rank=0.00000 pairs=156
[train] epoch=3 step=710/782 loss=0.05273 cls=0.17576 rank=0.00000 pairs=60
[train] epoch=3 step=720/782 loss=0.04500 cls=0.15002 rank=0.00000 pairs=175
[train] epoch=3 step=730/782 loss=0.12110 cls=0.35630 rank=0.00948 pairs=255
[train] epoch=3 step=740/782 loss=0.03696 cls=0.12321 rank=0.00000 pairs=175
[train] epoch=3 step=750/782 loss=0.06731 cls=0.22436 rank=0.00000 pairs=175
[train] epoch=3 step=760/782 loss=0.08555 cls=0.28518 rank=0.00000 pairs=112
[train] epoch=3 step=770/782 loss=0.03594 cls=0.11980 rank=0.00000 pairs=175
[train] epoch=3 step=780/782 loss=0.19896 cls=0.35358 rank=0.06192 pairs=135
[eval] epoch=3 {"epoch": 3, "train_loss": 0.19486841116549244, "train_classification_loss": 0.30976826237939326, "train_ranking_loss": 0.06795861891855474, "train_ranking_pairs": 104424, "val_loss": 0.2481073668240998, "auroc": 0.9833857124751472, "auprc": 0.9791893495838759, "precision": 0.9228571428571428, "recall": 0.9556213017751479, "ranking_group_count": 67.0, "ranking_valid_group_count": 67.0, "ranking_mean_group_size": 42.47761194029851, "ranking_median_group_size": 4.0, "ranking_mean_positive_count": 20.17910447761194, "mean_group_auroc": 0.8757715620301308, "top1_hit": 0.7611940298507462, "top5_hit": 0.9552238805970149, "top10_hit": 1.0, "top50_hit": 1.0, "top100_hit": 1.0, "mrr": 0.8388651978204217, "ndcg": 0.8979875602366169, "mean_positive_rank": 1.6865671641791045, "external_loss": 0.23832704492018256, "external_auroc": 0.9849873660234266, "external_auprc": 0.9815906888916665, "external_precision": 0.9292351679771265, "external_recall": 0.9622501850481125, "external_ranking_group_count": 66.0, "external_ranking_valid_group_count": 66.0, "external_ranking_mean_group_size": 43.03030303030303, "external_ranking_median_group_size": 4.0, "external_ranking_mean_positive_count": 20.46969696969697, "external_mean_group_auroc": 0.8904361725406282, "external_top1_hit": 0.803030303030303, "external_top5_hit": 0.9848484848484849, "external_top10_hit": 1.0, "external_top50_hit": 1.0, "external_top100_hit": 1.0, "external_mrr": 0.8696127946127946, "external_ndcg": 0.918372052797985, "external_mean_positive_rank": 1.5151515151515151, "best_metric": "mrr", "best_metric_value": 0.8696127946127946, "best_metric_source": "external"}
[train] epoch=4 step=10/782 loss=0.03680 cls=0.12266 rank=0.00000 pairs=240
[train] epoch=4 step=20/782 loss=0.03576 cls=0.11922 rank=0.00000 pairs=135
[train] epoch=4 step=30/782 loss=0.03643 cls=0.12143 rank=0.00000 pairs=220
[train] epoch=4 step=40/782 loss=0.09001 cls=0.30003 rank=0.00000 pairs=108
[train] epoch=4 step=50/782 loss=0.30230 cls=0.96779 rank=0.00797 pairs=207
[train] epoch=4 step=60/782 loss=0.04373 cls=0.14576 rank=0.00000 pairs=87
[train] epoch=4 step=70/782 loss=0.04253 cls=0.14175 rank=0.00000 pairs=135
[train] epoch=4 step=80/782 loss=0.18941 cls=0.38430 rank=0.04941 pairs=207
[train] epoch=4 step=90/782 loss=0.04243 cls=0.14142 rank=0.00000 pairs=192
[train] epoch=4 step=100/782 loss=0.03637 cls=0.12123 rank=0.00000 pairs=207
[train] epoch=4 step=110/782 loss=0.03598 cls=0.11995 rank=0.00000 pairs=112
[train] epoch=4 step=120/782 loss=0.05228 cls=0.17426 rank=0.00000 pairs=156
[train] epoch=4 step=130/782 loss=0.03635 cls=0.12117 rank=0.00000 pairs=240
[train] epoch=4 step=140/782 loss=0.04616 cls=0.15388 rank=0.00000 pairs=255
[train] epoch=4 step=150/782 loss=0.03635 cls=0.12116 rank=0.00000 pairs=192
[train] epoch=4 step=160/782 loss=0.03619 cls=0.12065 rank=0.00000 pairs=207
[train] epoch=4 step=170/782 loss=0.05637 cls=0.18791 rank=0.00000 pairs=60
[train] epoch=4 step=180/782 loss=0.05075 cls=0.16917 rank=0.00000 pairs=240
[train] epoch=4 step=190/782 loss=0.05308 cls=0.17695 rank=0.00000 pairs=60
[train] epoch=4 step=200/782 loss=0.04489 cls=0.14962 rank=0.00000 pairs=0
[train] epoch=4 step=210/782 loss=0.03718 cls=0.12393 rank=0.00000 pairs=175
[train] epoch=4 step=220/782 loss=0.04253 cls=0.14177 rank=0.00000 pairs=175
[train] epoch=4 step=230/782 loss=0.03646 cls=0.12152 rank=0.00000 pairs=207
[train] epoch=4 step=240/782 loss=0.03579 cls=0.11930 rank=0.00000 pairs=135
[train] epoch=4 step=250/782 loss=0.05478 cls=0.18261 rank=0.00000 pairs=231
[train] epoch=4 step=260/782 loss=0.98195 cls=0.86716 rank=0.48120 pairs=175
[train] epoch=4 step=270/782 loss=0.05096 cls=0.16987 rank=0.00000 pairs=175
[train] epoch=4 step=280/782 loss=0.04105 cls=0.13682 rank=0.00000 pairs=247
[train] epoch=4 step=290/782 loss=0.03591 cls=0.11971 rank=0.00000 pairs=220
[train] epoch=4 step=300/782 loss=0.09637 cls=0.24870 rank=0.01451 pairs=220
[train] epoch=4 step=310/782 loss=1.11351 cls=0.81887 rank=0.57857 pairs=175
[train] epoch=4 step=320/782 loss=0.12459 cls=0.31521 rank=0.02002 pairs=87
[train] epoch=4 step=330/782 loss=0.03689 cls=0.12295 rank=0.00000 pairs=31
[train] epoch=4 step=340/782 loss=0.14635 cls=0.36953 rank=0.02366 pairs=175
[train] epoch=4 step=350/782 loss=0.15861 cls=0.36704 rank=0.03233 pairs=220
[train] epoch=4 step=360/782 loss=0.08424 cls=0.26812 rank=0.00254 pairs=192
[train] epoch=4 step=370/782 loss=0.13697 cls=0.37573 rank=0.01617 pairs=240
[train] epoch=4 step=380/782 loss=0.04107 cls=0.13691 rank=0.00000 pairs=60
[train] epoch=4 step=390/782 loss=0.04806 cls=0.16019 rank=0.00000 pairs=31
[train] epoch=4 step=400/782 loss=0.03591 cls=0.11970 rank=0.00000 pairs=87
[train] epoch=4 step=410/782 loss=0.03658 cls=0.12194 rank=0.00000 pairs=175
[train] epoch=4 step=420/782 loss=0.72796 cls=0.54260 rank=0.37679 pairs=175
[train] epoch=4 step=430/782 loss=0.05293 cls=0.17643 rank=0.00000 pairs=112
[train] epoch=4 step=440/782 loss=2.10239 cls=1.12827 rank=1.17594 pairs=27
[train] epoch=4 step=450/782 loss=0.06431 cls=0.20836 rank=0.00120 pairs=220
[train] epoch=4 step=460/782 loss=0.03737 cls=0.12457 rank=0.00000 pairs=192
[train] epoch=4 step=470/782 loss=0.05021 cls=0.16735 rank=0.00000 pairs=3
[train] epoch=4 step=480/782 loss=0.03656 cls=0.12188 rank=0.00000 pairs=112
[train] epoch=4 step=490/782 loss=0.03950 cls=0.13166 rank=0.00000 pairs=112
[train] epoch=4 step=500/782 loss=0.10443 cls=0.34811 rank=0.00000 pairs=192
[train] epoch=4 step=510/782 loss=0.04948 cls=0.16493 rank=0.00000 pairs=3
[train] epoch=4 step=520/782 loss=0.03919 cls=0.13064 rank=0.00000 pairs=3
[train] epoch=4 step=530/782 loss=0.03581 cls=0.11938 rank=0.00000 pairs=0
[train] epoch=4 step=540/782 loss=0.04487 cls=0.14958 rank=0.00000 pairs=3
[train] epoch=4 step=550/782 loss=0.03869 cls=0.12897 rank=0.00000 pairs=60
[train] epoch=4 step=560/782 loss=0.20649 cls=0.68831 rank=0.00000 pairs=3
[train] epoch=4 step=570/782 loss=0.05470 cls=0.18234 rank=0.00000 pairs=0
[train] epoch=4 step=580/782 loss=0.04710 cls=0.15699 rank=0.00000 pairs=156
[train] epoch=4 step=590/782 loss=0.05613 cls=0.18710 rank=0.00000 pairs=112
[train] epoch=4 step=600/782 loss=0.27446 cls=0.82177 rank=0.01862 pairs=3
[train] epoch=4 step=610/782 loss=0.09904 cls=0.33013 rank=0.00000 pairs=156
[train] epoch=4 step=620/782 loss=0.03823 cls=0.12743 rank=0.00000 pairs=231
[train] epoch=4 step=630/782 loss=0.04348 cls=0.14492 rank=0.00000 pairs=3
[train] epoch=4 step=640/782 loss=0.05865 cls=0.19549 rank=0.00000 pairs=87
[train] epoch=4 step=650/782 loss=0.08069 cls=0.19524 rank=0.01474 pairs=156
[train] epoch=4 step=660/782 loss=0.03543 cls=0.11809 rank=0.00000 pairs=3
[train] epoch=4 step=670/782 loss=0.05134 cls=0.17114 rank=0.00000 pairs=60
[train] epoch=4 step=680/782 loss=0.04641 cls=0.15471 rank=0.00000 pairs=135
[train] epoch=4 step=690/782 loss=0.04099 cls=0.13663 rank=0.00000 pairs=31
[train] epoch=4 step=700/782 loss=0.47286 cls=0.74025 rank=0.16719 pairs=3
[train] epoch=4 step=710/782 loss=1.92799 cls=0.99040 rank=1.08725 pairs=147
[train] epoch=4 step=720/782 loss=0.04025 cls=0.13415 rank=0.00000 pairs=3
[train] epoch=4 step=730/782 loss=0.03578 cls=0.11926 rank=0.00000 pairs=192
[train] epoch=4 step=740/782 loss=1.01770 cls=0.64603 rank=0.54926 pairs=192
[train] epoch=4 step=750/782 loss=0.10906 cls=0.36353 rank=0.00000 pairs=156
[train] epoch=4 step=760/782 loss=0.06929 cls=0.21801 rank=0.00259 pairs=156
[train] epoch=4 step=770/782 loss=0.05113 cls=0.17043 rank=0.00000 pairs=31
[train] epoch=4 step=780/782 loss=0.03858 cls=0.12860 rank=0.00000 pairs=112
[eval] epoch=4 {"epoch": 4, "train_loss": 0.1340417464542428, "train_classification_loss": 0.2533266085305722, "train_ranking_loss": 0.03869584051463707, "train_ranking_pairs": 104771, "val_loss": 0.20870657090309716, "auroc": 0.9934328041950842, "auprc": 0.9914295275509881, "precision": 0.9229181004817619, "recall": 0.9918639053254438, "ranking_group_count": 67.0, "ranking_valid_group_count": 67.0, "ranking_mean_group_size": 42.47761194029851, "ranking_median_group_size": 4.0, "ranking_mean_positive_count": 20.17910447761194, "mean_group_auroc": 0.9215882665923927, "top1_hit": 0.8059701492537313, "top5_hit": 0.9850746268656716, "top10_hit": 1.0, "top50_hit": 1.0, "top100_hit": 1.0, "mrr": 0.8889481165600569, "ndcg": 0.9277242460311221, "mean_positive_rank": 1.328358208955224, "external_loss": 0.20975602604973484, "external_auroc": 0.9919582986808269, "external_auprc": 0.9907474318108298, "external_precision": 0.9266435986159169, "external_recall": 0.9911176905995559, "external_ranking_group_count": 66.0, "external_ranking_valid_group_count": 66.0, "external_ranking_mean_group_size": 43.03030303030303, "external_ranking_median_group_size": 4.0, "external_ranking_mean_positive_count": 20.46969696969697, "external_mean_group_auroc": 0.9153423819483607, "external_top1_hit": 0.8939393939393939, "external_top5_hit": 1.0, "external_top10_hit": 1.0, "external_top50_hit": 1.0, "external_top100_hit": 1.0, "external_mrr": 0.9305555555555555, "external_ndcg": 0.9435661649826594, "external_mean_positive_rank": 1.2272727272727273, "best_metric": "mrr", "best_metric_value": 0.9305555555555555, "best_metric_source": "external"}
[train] epoch=5 step=10/782 loss=0.03718 cls=0.12393 rank=0.00000 pairs=156
[train] epoch=5 step=20/782 loss=0.03582 cls=0.11939 rank=0.00000 pairs=240
[train] epoch=5 step=30/782 loss=0.03588 cls=0.11961 rank=0.00000 pairs=0
[train] epoch=5 step=40/782 loss=0.04927 cls=0.16424 rank=0.00000 pairs=3
[train] epoch=5 step=50/782 loss=0.55753 cls=1.42162 rank=0.08736 pairs=255
[train] epoch=5 step=60/782 loss=0.03666 cls=0.12219 rank=0.00000 pairs=156
[train] epoch=5 step=70/782 loss=0.09196 cls=0.26367 rank=0.00857 pairs=156
[train] epoch=5 step=80/782 loss=0.04052 cls=0.13508 rank=0.00000 pairs=255
[train] epoch=5 step=90/782 loss=0.13167 cls=0.25201 rank=0.03738 pairs=192
[train] epoch=5 step=100/782 loss=0.03686 cls=0.12287 rank=0.00000 pairs=207
[train] epoch=5 step=110/782 loss=0.11914 cls=0.29604 rank=0.02022 pairs=192
[train] epoch=5 step=120/782 loss=0.09101 cls=0.20305 rank=0.02006 pairs=31
[train] epoch=5 step=130/782 loss=0.03617 cls=0.12055 rank=0.00000 pairs=31
[train] epoch=5 step=140/782 loss=0.03578 cls=0.11928 rank=0.00000 pairs=240
[train] epoch=5 step=150/782 loss=0.03629 cls=0.12095 rank=0.00000 pairs=156
[train] epoch=5 step=160/782 loss=0.03607 cls=0.12024 rank=0.00000 pairs=112
[train] epoch=5 step=170/782 loss=0.03765 cls=0.12550 rank=0.00000 pairs=87
[train] epoch=5 step=180/782 loss=0.09892 cls=0.32973 rank=0.00000 pairs=3
[train] epoch=5 step=190/782 loss=0.19014 cls=0.40813 rank=0.04513 pairs=156
[train] epoch=5 step=200/782 loss=0.04115 cls=0.13718 rank=0.00000 pairs=175
[train] epoch=5 step=210/782 loss=0.16065 cls=0.53551 rank=0.00000 pairs=3
[train] epoch=5 step=220/782 loss=0.04228 cls=0.14095 rank=0.00000 pairs=3
[train] epoch=5 step=230/782 loss=0.03556 cls=0.11855 rank=0.00000 pairs=175
[train] epoch=5 step=240/782 loss=0.03930 cls=0.13101 rank=0.00000 pairs=135
[train] epoch=5 step=250/782 loss=0.03649 cls=0.12163 rank=0.00000 pairs=207
[train] epoch=5 step=260/782 loss=0.05364 cls=0.17879 rank=0.00000 pairs=175
[train] epoch=5 step=270/782 loss=0.10216 cls=0.33614 rank=0.00088 pairs=220
[train] epoch=5 step=280/782 loss=0.03719 cls=0.12398 rank=0.00000 pairs=112
[train] epoch=5 step=290/782 loss=0.25528 cls=0.48098 rank=0.07399 pairs=256
[train] epoch=5 step=300/782 loss=0.04945 cls=0.16484 rank=0.00000 pairs=3
[train] epoch=5 step=310/782 loss=0.04817 cls=0.16057 rank=0.00000 pairs=220
[train] epoch=5 step=320/782 loss=0.03599 cls=0.11998 rank=0.00000 pairs=231
[train] epoch=5 step=330/782 loss=0.05524 cls=0.18412 rank=0.00000 pairs=60
[train] epoch=5 step=340/782 loss=0.31560 cls=0.41274 rank=0.12785 pairs=247
[train] epoch=5 step=350/782 loss=0.03654 cls=0.12180 rank=0.00000 pairs=60
[train] epoch=5 step=360/782 loss=0.25514 cls=0.77516 rank=0.01506 pairs=175
[train] epoch=5 step=370/782 loss=0.04052 cls=0.13506 rank=0.00000 pairs=60
[train] epoch=5 step=380/782 loss=0.03909 cls=0.13030 rank=0.00000 pairs=207
[train] epoch=5 step=390/782 loss=0.03633 cls=0.12109 rank=0.00000 pairs=175
[train] epoch=5 step=400/782 loss=0.17127 cls=0.25326 rank=0.06353 pairs=220
[train] epoch=5 step=410/782 loss=0.03618 cls=0.12058 rank=0.00000 pairs=31
[train] epoch=5 step=420/782 loss=0.36143 cls=1.04853 rank=0.03125 pairs=192
[train] epoch=5 step=430/782 loss=0.03845 cls=0.12818 rank=0.00000 pairs=156
[train] epoch=5 step=440/782 loss=0.04099 cls=0.13665 rank=0.00000 pairs=66
[train] epoch=5 step=450/782 loss=0.78409 cls=1.61585 rank=0.19956 pairs=207
[train] epoch=5 step=460/782 loss=0.07308 cls=0.21413 rank=0.00589 pairs=220
[train] epoch=5 step=470/782 loss=0.62483 cls=0.69304 rank=0.27794 pairs=175
[train] epoch=5 step=480/782 loss=0.03553 cls=0.11844 rank=0.00000 pairs=60
[train] epoch=5 step=490/782 loss=0.26800 cls=0.35972 rank=0.10672 pairs=12
[train] epoch=5 step=500/782 loss=0.03558 cls=0.11859 rank=0.00000 pairs=207
[train] epoch=5 step=510/782 loss=0.03559 cls=0.11863 rank=0.00000 pairs=192
[train] epoch=5 step=520/782 loss=0.07701 cls=0.25670 rank=0.00000 pairs=247
[train] epoch=5 step=530/782 loss=0.03716 cls=0.12386 rank=0.00000 pairs=0
[train] epoch=5 step=540/782 loss=0.18127 cls=0.55264 rank=0.01032 pairs=207
[train] epoch=5 step=550/782 loss=0.13452 cls=0.33688 rank=0.02231 pairs=252
[train] epoch=5 step=560/782 loss=0.07706 cls=0.19746 rank=0.01188 pairs=135
[train] epoch=5 step=570/782 loss=0.03551 cls=0.11836 rank=0.00000 pairs=220
[train] epoch=5 step=580/782 loss=0.04308 cls=0.14359 rank=0.00000 pairs=192
[train] epoch=5 step=590/782 loss=0.04449 cls=0.14830 rank=0.00000 pairs=0
[train] epoch=5 step=600/782 loss=0.05989 cls=0.19963 rank=0.00000 pairs=135
[train] epoch=5 step=610/782 loss=0.53041 cls=0.73826 rank=0.20596 pairs=3
[train] epoch=5 step=620/782 loss=0.04044 cls=0.13479 rank=0.00000 pairs=240
[train] epoch=5 step=630/782 loss=0.03653 cls=0.12177 rank=0.00000 pairs=156
[train] epoch=5 step=640/782 loss=0.03590 cls=0.11968 rank=0.00000 pairs=156
[train] epoch=5 step=650/782 loss=0.03576 cls=0.11921 rank=0.00000 pairs=220
[train] epoch=5 step=660/782 loss=0.13079 cls=0.26486 rank=0.03422 pairs=135
[train] epoch=5 step=670/782 loss=0.03609 cls=0.12029 rank=0.00000 pairs=175
[train] epoch=5 step=680/782 loss=0.03613 cls=0.12045 rank=0.00000 pairs=192
[train] epoch=5 step=690/782 loss=0.03631 cls=0.12103 rank=0.00000 pairs=3
[train] epoch=5 step=700/782 loss=0.06832 cls=0.22775 rank=0.00000 pairs=135
[train] epoch=5 step=710/782 loss=0.04220 cls=0.14065 rank=0.00000 pairs=3
[train] epoch=5 step=720/782 loss=0.05149 cls=0.17164 rank=0.00000 pairs=175
[train] epoch=5 step=730/782 loss=0.20074 cls=0.44916 rank=0.04400 pairs=135
[train] epoch=5 step=740/782 loss=0.09378 cls=0.29622 rank=0.00327 pairs=240
[train] epoch=5 step=750/782 loss=0.98373 cls=0.67868 rank=0.52008 pairs=3
[train] epoch=5 step=760/782 loss=0.39496 cls=1.21217 rank=0.02087 pairs=192
[train] epoch=5 step=770/782 loss=0.05149 cls=0.17164 rank=0.00000 pairs=207
[train] epoch=5 step=780/782 loss=0.13012 cls=0.27433 rank=0.03188 pairs=220
[eval] epoch=5 {"epoch": 5, "train_loss": 0.11898484364466279, "train_classification_loss": 0.23658330168474015, "train_ranking_loss": 0.03200656644215637, "train_ranking_pairs": 104490, "val_loss": 0.20304762391414094, "auroc": 0.9938189642197983, "auprc": 0.9920036405924672, "precision": 0.9697199091597275, "recall": 0.9474852071005917, "ranking_group_count": 67.0, "ranking_valid_group_count": 67.0, "ranking_mean_group_size": 42.47761194029851, "ranking_median_group_size": 4.0, "ranking_mean_positive_count": 20.17910447761194, "mean_group_auroc": 0.8889177992498529, "top1_hit": 0.7611940298507462, "top5_hit": 0.9850746268656716, "top10_hit": 1.0, "top50_hit": 1.0, "top100_hit": 1.0, "mrr": 0.8571073205401564, "ndcg": 0.9032097269758949, "mean_positive_rank": 1.462686567164179, "external_loss": 0.21067350607522775, "external_auroc": 0.9931272459919498, "external_auprc": 0.9912084664647335, "external_precision": 0.9651778955336866, "external_recall": 0.9437453737971873, "external_ranking_group_count": 66.0, "external_ranking_valid_group_count": 66.0, "external_ranking_mean_group_size": 43.03030303030303, "external_ranking_median_group_size": 4.0, "external_ranking_mean_positive_count": 20.46969696969697, "external_mean_group_auroc": 0.9187388802139179, "external_top1_hit": 0.8636363636363636, "external_top5_hit": 0.9848484848484849, "external_top10_hit": 1.0, "external_top50_hit": 1.0, "external_top100_hit": 1.0, "external_mrr": 0.91504329004329, "external_ndcg": 0.9377161323260391, "external_mean_positive_rank": 1.303030303030303, "best_metric": "mrr", "best_metric_value": 0.91504329004329, "best_metric_source": "external"}
[train] epoch=6 step=10/782 loss=0.03726 cls=0.12419 rank=0.00000 pairs=87
[train] epoch=6 step=20/782 loss=0.03628 cls=0.12094 rank=0.00000 pairs=31
[train] epoch=6 step=30/782 loss=0.03589 cls=0.11965 rank=0.00000 pairs=220
[train] epoch=6 step=40/782 loss=0.03648 cls=0.12161 rank=0.00000 pairs=207
[train] epoch=6 step=50/782 loss=0.03618 cls=0.12061 rank=0.00000 pairs=135
[train] epoch=6 step=60/782 loss=0.05271 cls=0.16663 rank=0.00182 pairs=112
[train] epoch=6 step=70/782 loss=0.03552 cls=0.11841 rank=0.00000 pairs=3
[train] epoch=6 step=80/782 loss=0.08123 cls=0.19659 rank=0.01484 pairs=87
[train] epoch=6 step=90/782 loss=0.03752 cls=0.12507 rank=0.00000 pairs=31
[train] epoch=6 step=100/782 loss=0.60722 cls=0.75909 rank=0.25299 pairs=3
[train] epoch=6 step=110/782 loss=0.24048 cls=0.34734 rank=0.09085 pairs=240
[train] epoch=6 step=120/782 loss=0.03703 cls=0.12343 rank=0.00000 pairs=0
[train] epoch=6 step=130/782 loss=0.04751 cls=0.15835 rank=0.00000 pairs=220
[train] epoch=6 step=140/782 loss=0.04345 cls=0.14484 rank=0.00000 pairs=3
[train] epoch=6 step=150/782 loss=0.03592 cls=0.11974 rank=0.00000 pairs=220
[train] epoch=6 step=160/782 loss=0.05926 cls=0.19754 rank=0.00000 pairs=207
[train] epoch=6 step=170/782 loss=0.03934 cls=0.13113 rank=0.00000 pairs=3
[train] epoch=6 step=180/782 loss=0.09580 cls=0.22172 rank=0.01952 pairs=135
[train] epoch=6 step=190/782 loss=0.04389 cls=0.14630 rank=0.00000 pairs=220
[train] epoch=6 step=200/782 loss=0.03853 cls=0.12844 rank=0.00000 pairs=247
[train] epoch=6 step=210/782 loss=0.19674 cls=0.29584 rank=0.07199 pairs=112
[train] epoch=6 step=220/782 loss=0.04563 cls=0.15211 rank=0.00000 pairs=3
[train] epoch=6 step=230/782 loss=0.03579 cls=0.11929 rank=0.00000 pairs=87
[train] epoch=6 step=240/782 loss=0.14093 cls=0.43100 rank=0.00775 pairs=207
[train] epoch=6 step=250/782 loss=0.03578 cls=0.11926 rank=0.00000 pairs=87
[train] epoch=6 step=260/782 loss=0.03853 cls=0.12844 rank=0.00000 pairs=0
[train] epoch=6 step=270/782 loss=0.03631 cls=0.12102 rank=0.00000 pairs=175
[train] epoch=6 step=280/782 loss=0.03561 cls=0.11870 rank=0.00000 pairs=0
[train] epoch=6 step=290/782 loss=0.10033 cls=0.23059 rank=0.02077 pairs=156
[train] epoch=6 step=300/782 loss=0.05444 cls=0.18147 rank=0.00000 pairs=192
[train] epoch=6 step=310/782 loss=0.03639 cls=0.12130 rank=0.00000 pairs=60
[train] epoch=6 step=320/782 loss=0.08960 cls=0.28782 rank=0.00217 pairs=240
[train] epoch=6 step=330/782 loss=0.17688 cls=0.29426 rank=0.05907 pairs=192
[train] epoch=6 step=340/782 loss=0.05317 cls=0.17435 rank=0.00058 pairs=207
[train] epoch=6 step=350/782 loss=0.03530 cls=0.11766 rank=0.00000 pairs=3
[train] epoch=6 step=360/782 loss=0.04745 cls=0.15817 rank=0.00000 pairs=27
[train] epoch=6 step=370/782 loss=0.23241 cls=0.70763 rank=0.01341 pairs=3
[train] epoch=6 step=380/782 loss=0.03769 cls=0.12562 rank=0.00000 pairs=192
[train] epoch=6 step=390/782 loss=0.04933 cls=0.16443 rank=0.00000 pairs=48
[train] epoch=6 step=400/782 loss=0.03613 cls=0.12042 rank=0.00000 pairs=112
[train] epoch=6 step=410/782 loss=0.04004 cls=0.13348 rank=0.00000 pairs=31
[train] epoch=6 step=420/782 loss=0.03572 cls=0.11907 rank=0.00000 pairs=60
[train] epoch=6 step=430/782 loss=0.08100 cls=0.27001 rank=0.00000 pairs=175
[train] epoch=6 step=440/782 loss=0.11046 cls=0.36819 rank=0.00000 pairs=3
[train] epoch=6 step=450/782 loss=0.10387 cls=0.34623 rank=0.00000 pairs=156
[train] epoch=6 step=460/782 loss=0.27559 cls=0.32584 rank=0.11856 pairs=247
[train] epoch=6 step=470/782 loss=0.06230 cls=0.19041 rank=0.00345 pairs=192
[train] epoch=6 step=480/782 loss=0.03954 cls=0.13179 rank=0.00000 pairs=60
[train] epoch=6 step=490/782 loss=0.03560 cls=0.11867 rank=0.00000 pairs=247
[train] epoch=6 step=500/782 loss=0.03608 cls=0.12025 rank=0.00000 pairs=207
[train] epoch=6 step=510/782 loss=0.03562 cls=0.11873 rank=0.00000 pairs=175
[train] epoch=6 step=520/782 loss=0.53835 cls=1.43628 rank=0.07164 pairs=60
[train] epoch=6 step=530/782 loss=0.03760 cls=0.12534 rank=0.00000 pairs=87
[train] epoch=6 step=540/782 loss=3.47598 cls=1.49024 rank=2.01927 pairs=3
[train] epoch=6 step=550/782 loss=0.03614 cls=0.12046 rank=0.00000 pairs=175
[train] epoch=6 step=560/782 loss=0.03579 cls=0.11932 rank=0.00000 pairs=175
[train] epoch=6 step=570/782 loss=0.05478 cls=0.17896 rank=0.00073 pairs=255
[train] epoch=6 step=580/782 loss=0.03581 cls=0.11936 rank=0.00000 pairs=135
[train] epoch=6 step=590/782 loss=0.05304 cls=0.17680 rank=0.00000 pairs=70
[train] epoch=6 step=600/782 loss=0.05008 cls=0.16694 rank=0.00000 pairs=231
[train] epoch=6 step=610/782 loss=0.05804 cls=0.19348 rank=0.00000 pairs=207
[train] epoch=6 step=620/782 loss=0.03582 cls=0.11939 rank=0.00000 pairs=175
[train] epoch=6 step=630/782 loss=0.03568 cls=0.11893 rank=0.00000 pairs=175
[train] epoch=6 step=640/782 loss=0.07072 cls=0.21612 rank=0.00392 pairs=175
[train] epoch=6 step=650/782 loss=0.03884 cls=0.12947 rank=0.00000 pairs=192
[train] epoch=6 step=660/782 loss=0.16174 cls=0.53913 rank=0.00000 pairs=0
[train] epoch=6 step=670/782 loss=0.24591 cls=0.23350 rank=0.11724 pairs=175
[train] epoch=6 step=680/782 loss=0.23643 cls=0.78811 rank=0.00000 pairs=3
[train] epoch=6 step=690/782 loss=0.03558 cls=0.11860 rank=0.00000 pairs=3
[train] epoch=6 step=700/782 loss=0.08102 cls=0.27008 rank=0.00000 pairs=207
[train] epoch=6 step=710/782 loss=0.13172 cls=0.43908 rank=0.00000 pairs=87
[train] epoch=6 step=720/782 loss=0.12997 cls=0.29466 rank=0.02771 pairs=220
[train] epoch=6 step=730/782 loss=0.08984 cls=0.27971 rank=0.00395 pairs=135
[train] epoch=6 step=740/782 loss=0.06068 cls=0.20227 rank=0.00000 pairs=156
[train] epoch=6 step=750/782 loss=0.03682 cls=0.12272 rank=0.00000 pairs=207
[train] epoch=6 step=760/782 loss=0.03598 cls=0.11993 rank=0.00000 pairs=255
[train] epoch=6 step=770/782 loss=0.12414 cls=0.38550 rank=0.00566 pairs=87
[train] epoch=6 step=780/782 loss=0.03594 cls=0.11981 rank=0.00000 pairs=156
[eval] epoch=6 {"epoch": 6, "train_loss": 0.110456111997981, "train_classification_loss": 0.22097310313259116, "train_ranking_loss": 0.029442785532069936, "train_ranking_pairs": 104076, "val_loss": 0.17733909567727726, "auroc": 0.9954938095577577, "auprc": 0.994117805456375, "precision": 0.9692307692307692, "recall": 0.9785502958579881, "ranking_group_count": 67.0, "ranking_valid_group_count": 67.0, "ranking_mean_group_size": 42.47761194029851, "ranking_median_group_size": 4.0, "ranking_mean_positive_count": 20.17910447761194, "mean_group_auroc": 0.9287057383406767, "top1_hit": 0.835820895522388, "top5_hit": 0.9850746268656716, "top10_hit": 1.0, "top50_hit": 1.0, "top100_hit": 1.0, "mrr": 0.9092039800995025, "ndcg": 0.9335790901266686, "mean_positive_rank": 1.2537313432835822, "external_loss": 0.1813719113108138, "external_auroc": 0.9945696021999971, "external_auprc": 0.9938442380638972, "external_precision": 0.964963503649635, "external_recall": 0.9785344189489267, "external_ranking_group_count": 66.0, "external_ranking_valid_group_count": 66.0, "external_ranking_mean_group_size": 43.03030303030303, "external_ranking_median_group_size": 4.0, "external_ranking_mean_positive_count": 20.46969696969697, "external_mean_group_auroc": 0.9502447147759647, "external_top1_hit": 0.9090909090909091, "external_top5_hit": 1.0, "external_top10_hit": 1.0, "external_top50_hit": 1.0, "external_top100_hit": 1.0, "external_mrr": 0.9507575757575758, "external_ndcg": 0.958935032387629, "external_mean_positive_rank": 1.121212121212121, "best_metric": "mrr", "best_metric_value": 0.9507575757575758, "best_metric_source": "external"}
[train] epoch=7 step=10/782 loss=0.03566 cls=0.11888 rank=0.00000 pairs=156
[train] epoch=7 step=20/782 loss=0.03594 cls=0.11981 rank=0.00000 pairs=220
[train] epoch=7 step=30/782 loss=0.04385 cls=0.14615 rank=0.00000 pairs=156
[train] epoch=7 step=40/782 loss=0.03589 cls=0.11964 rank=0.00000 pairs=192
[train] epoch=7 step=50/782 loss=0.03573 cls=0.11912 rank=0.00000 pairs=220
[train] epoch=7 step=60/782 loss=0.03759 cls=0.12531 rank=0.00000 pairs=3
[train] epoch=7 step=70/782 loss=0.03577 cls=0.11925 rank=0.00000 pairs=156
[train] epoch=7 step=80/782 loss=0.05528 cls=0.18425 rank=0.00000 pairs=220
[train] epoch=7 step=90/782 loss=0.04008 cls=0.13359 rank=0.00000 pairs=207
[train] epoch=7 step=100/782 loss=0.03750 cls=0.12502 rank=0.00000 pairs=87
[train] epoch=7 step=110/782 loss=0.03671 cls=0.12237 rank=0.00000 pairs=3
[train] epoch=7 step=120/782 loss=0.04220 cls=0.14066 rank=0.00000 pairs=240
[train] epoch=7 step=130/782 loss=0.03585 cls=0.11951 rank=0.00000 pairs=112
[train] epoch=7 step=140/782 loss=0.06052 cls=0.20174 rank=0.00000 pairs=175
[train] epoch=7 step=150/782 loss=0.04021 cls=0.13403 rank=0.00000 pairs=255
[train] epoch=7 step=160/782 loss=0.03599 cls=0.11997 rank=0.00000 pairs=220
[train] epoch=7 step=170/782 loss=0.03626 cls=0.12087 rank=0.00000 pairs=31
[train] epoch=7 step=180/782 loss=0.03553 cls=0.11843 rank=0.00000 pairs=135
[train] epoch=7 step=190/782 loss=0.11595 cls=0.21640 rank=0.03402 pairs=156
[train] epoch=7 step=200/782 loss=0.03576 cls=0.11921 rank=0.00000 pairs=220
[train] epoch=7 step=210/782 loss=0.62125 cls=1.59153 rank=0.09586 pairs=220
[train] epoch=7 step=220/782 loss=0.04207 cls=0.14023 rank=0.00000 pairs=3
[train] epoch=7 step=230/782 loss=0.03588 cls=0.11961 rank=0.00000 pairs=220
[train] epoch=7 step=240/782 loss=0.03555 cls=0.11851 rank=0.00000 pairs=156
[train] epoch=7 step=250/782 loss=0.04813 cls=0.16045 rank=0.00000 pairs=87
[train] epoch=7 step=260/782 loss=0.27844 cls=0.88590 rank=0.00844 pairs=220
[train] epoch=7 step=270/782 loss=0.03552 cls=0.11841 rank=0.00000 pairs=60
[train] epoch=7 step=280/782 loss=0.43486 cls=0.81932 rank=0.12604 pairs=3
[train] epoch=7 step=290/782 loss=0.03774 cls=0.12579 rank=0.00000 pairs=3
[train] epoch=7 step=300/782 loss=0.03558 cls=0.11859 rank=0.00000 pairs=231
[train] epoch=7 step=310/782 loss=0.03565 cls=0.11885 rank=0.00000 pairs=175
[train] epoch=7 step=320/782 loss=0.03977 cls=0.13258 rank=0.00000 pairs=135
[train] epoch=7 step=330/782 loss=0.03555 cls=0.11851 rank=0.00000 pairs=60
[train] epoch=7 step=340/782 loss=0.03575 cls=0.11917 rank=0.00000 pairs=87
[train] epoch=7 step=350/782 loss=0.03561 cls=0.11870 rank=0.00000 pairs=207
[train] epoch=7 step=360/782 loss=0.03561 cls=0.11870 rank=0.00000 pairs=175
[train] epoch=7 step=370/782 loss=0.03582 cls=0.11940 rank=0.00000 pairs=60
[train] epoch=7 step=380/782 loss=0.03566 cls=0.11887 rank=0.00000 pairs=156
[train] epoch=7 step=390/782 loss=0.06272 cls=0.20907 rank=0.00000 pairs=247
[train] epoch=7 step=400/782 loss=0.03574 cls=0.11914 rank=0.00000 pairs=220
[train] epoch=7 step=410/782 loss=0.03574 cls=0.11915 rank=0.00000 pairs=192
[train] epoch=7 step=420/782 loss=0.03564 cls=0.11879 rank=0.00000 pairs=192
[train] epoch=7 step=430/782 loss=0.06005 cls=0.20017 rank=0.00000 pairs=31
[train] epoch=7 step=440/782 loss=0.03575 cls=0.11917 rank=0.00000 pairs=135
[train] epoch=7 step=450/782 loss=0.17091 cls=0.52153 rank=0.00963 pairs=175
[train] epoch=7 step=460/782 loss=0.13139 cls=0.26734 rank=0.03413 pairs=135
[train] epoch=7 step=470/782 loss=0.05458 cls=0.18193 rank=0.00000 pairs=31
[train] epoch=7 step=480/782 loss=0.04261 cls=0.14202 rank=0.00000 pairs=175
[train] epoch=7 step=490/782 loss=0.19835 cls=0.25616 rank=0.08100 pairs=156
[train] epoch=7 step=500/782 loss=0.03628 cls=0.12093 rank=0.00000 pairs=31
[train] epoch=7 step=510/782 loss=0.03601 cls=0.12004 rank=0.00000 pairs=112
[train] epoch=7 step=520/782 loss=0.03583 cls=0.11943 rank=0.00000 pairs=192
[train] epoch=7 step=530/782 loss=0.03644 cls=0.12148 rank=0.00000 pairs=60
[train] epoch=7 step=540/782 loss=0.13053 cls=0.43510 rank=0.00000 pairs=255
[train] epoch=7 step=550/782 loss=0.04632 cls=0.15441 rank=0.00000 pairs=3
[train] epoch=7 step=560/782 loss=0.03595 cls=0.11982 rank=0.00000 pairs=175
[train] epoch=7 step=570/782 loss=0.03565 cls=0.11884 rank=0.00000 pairs=156
[train] epoch=7 step=580/782 loss=2.16737 cls=0.97149 rank=1.25062 pairs=3
[train] epoch=7 step=590/782 loss=0.03669 cls=0.12230 rank=0.00000 pairs=220
[train] epoch=7 step=600/782 loss=0.03845 cls=0.12818 rank=0.00000 pairs=175
[train] epoch=7 step=610/782 loss=0.03578 cls=0.11927 rank=0.00000 pairs=135
[train] epoch=7 step=620/782 loss=0.03580 cls=0.11932 rank=0.00000 pairs=247
[train] epoch=7 step=630/782 loss=0.03580 cls=0.11935 rank=0.00000 pairs=156
[train] epoch=7 step=640/782 loss=0.03579 cls=0.11930 rank=0.00000 pairs=135
[train] epoch=7 step=650/782 loss=0.07301 cls=0.23710 rank=0.00126 pairs=240
[train] epoch=7 step=660/782 loss=0.04768 cls=0.15893 rank=0.00000 pairs=112
[train] epoch=7 step=670/782 loss=0.03559 cls=0.11865 rank=0.00000 pairs=220
[train] epoch=7 step=680/782 loss=0.03586 cls=0.11954 rank=0.00000 pairs=192
[train] epoch=7 step=690/782 loss=0.09746 cls=0.32485 rank=0.00000 pairs=207
[train] epoch=7 step=700/782 loss=0.03607 cls=0.12022 rank=0.00000 pairs=60
[train] epoch=7 step=710/782 loss=0.03650 cls=0.12166 rank=0.00000 pairs=31
[train] epoch=7 step=720/782 loss=0.03577 cls=0.11923 rank=0.00000 pairs=112
[train] epoch=7 step=730/782 loss=0.03555 cls=0.11851 rank=0.00000 pairs=175
[train] epoch=7 step=740/782 loss=0.03596 cls=0.11986 rank=0.00000 pairs=156
[train] epoch=7 step=750/782 loss=0.03564 cls=0.11880 rank=0.00000 pairs=207
[train] epoch=7 step=760/782 loss=0.03622 cls=0.12072 rank=0.00000 pairs=247
[train] epoch=7 step=770/782 loss=0.03718 cls=0.12393 rank=0.00000 pairs=15
[train] epoch=7 step=780/782 loss=0.38619 cls=0.85046 rank=0.08737 pairs=3
[eval] epoch=7 {"epoch": 7, "train_loss": 0.09386382748944097, "train_classification_loss": 0.20235542229387535, "train_ranking_loss": 0.022104799029499914, "train_ranking_pairs": 104928, "val_loss": 0.18581148940161427, "auroc": 0.9958413535800005, "auprc": 0.9948387066332303, "precision": 0.9688888888888889, "recall": 0.9674556213017751, "ranking_group_count": 67.0, "ranking_valid_group_count": 67.0, "ranking_mean_group_size": 42.47761194029851, "ranking_median_group_size": 4.0, "ranking_mean_positive_count": 20.17910447761194, "mean_group_auroc": 0.9305809698630452, "top1_hit": 0.8208955223880597, "top5_hit": 1.0, "top10_hit": 1.0, "top50_hit": 1.0, "top100_hit": 1.0, "mrr": 0.8997512437810946, "ndcg": 0.9331090490714755, "mean_positive_rank": 1.2686567164179106, "external_loss": 0.18699124635944903, "external_auroc": 0.9950716803561673, "external_auprc": 0.9938866991331716, "external_precision": 0.9647058823529412, "external_recall": 0.9711324944485566, "external_ranking_group_count": 66.0, "external_ranking_valid_group_count": 66.0, "external_ranking_mean_group_size": 43.03030303030303, "external_ranking_median_group_size": 4.0, "external_ranking_mean_positive_count": 20.46969696969697, "external_mean_group_auroc": 0.9490734456219232, "external_top1_hit": 0.9090909090909091, "external_top5_hit": 1.0, "external_top10_hit": 1.0, "external_top50_hit": 1.0, "external_top100_hit": 1.0, "external_mrr": 0.9482323232323232, "external_ndcg": 0.9586271561700566, "external_mean_positive_rank": 1.1363636363636365, "best_metric": "mrr", "best_metric_value": 0.9482323232323232, "best_metric_source": "external"}
[train] epoch=8 step=10/782 loss=0.03564 cls=0.11880 rank=0.00000 pairs=60
[train] epoch=8 step=20/782 loss=0.03641 cls=0.12137 rank=0.00000 pairs=60
[train] epoch=8 step=30/782 loss=0.37280 cls=1.15667 rank=0.01720 pairs=255
[train] epoch=8 step=40/782 loss=0.03563 cls=0.11878 rank=0.00000 pairs=112
[train] epoch=8 step=50/782 loss=0.04156 cls=0.13852 rank=0.00000 pairs=3
[train] epoch=8 step=60/782 loss=0.03597 cls=0.11989 rank=0.00000 pairs=87
[train] epoch=8 step=70/782 loss=0.31411 cls=0.59604 rank=0.09020 pairs=252
[train] epoch=8 step=80/782 loss=0.04308 cls=0.14359 rank=0.00000 pairs=255
[train] epoch=8 step=90/782 loss=0.46510 cls=0.78016 rank=0.15404 pairs=3
[train] epoch=8 step=100/782 loss=0.04089 cls=0.13631 rank=0.00000 pairs=3
[train] epoch=8 step=110/782 loss=0.07406 cls=0.19482 rank=0.01041 pairs=175
[train] epoch=8 step=120/782 loss=0.03615 cls=0.12051 rank=0.00000 pairs=207
[train] epoch=8 step=130/782 loss=0.07608 cls=0.20470 rank=0.00978 pairs=175
[train] epoch=8 step=140/782 loss=0.03627 cls=0.12089 rank=0.00000 pairs=87
[train] epoch=8 step=150/782 loss=0.03574 cls=0.11912 rank=0.00000 pairs=112
[train] epoch=8 step=160/782 loss=0.32807 cls=0.66258 rank=0.08620 pairs=207
[train] epoch=8 step=170/782 loss=0.03573 cls=0.11910 rank=0.00000 pairs=207
[train] epoch=8 step=180/782 loss=0.03562 cls=0.11874 rank=0.00000 pairs=192
[train] epoch=8 step=190/782 loss=0.03750 cls=0.12500 rank=0.00000 pairs=112
[train] epoch=8 step=200/782 loss=0.36794 cls=0.35570 rank=0.17415 pairs=156
[train] epoch=8 step=210/782 loss=0.03583 cls=0.11943 rank=0.00000 pairs=252
[train] epoch=8 step=220/782 loss=0.03550 cls=0.11832 rank=0.00000 pairs=207
[train] epoch=8 step=230/782 loss=0.03584 cls=0.11946 rank=0.00000 pairs=87
[train] epoch=8 step=240/782 loss=0.06626 cls=0.22087 rank=0.00000 pairs=156
[train] epoch=8 step=250/782 loss=0.33289 cls=0.52011 rank=0.11790 pairs=3
[train] epoch=8 step=260/782 loss=0.05562 cls=0.18541 rank=0.00000 pairs=220
[train] epoch=8 step=270/782 loss=0.03587 cls=0.11958 rank=0.00000 pairs=192
[train] epoch=8 step=280/782 loss=0.03589 cls=0.11962 rank=0.00000 pairs=220
[train] epoch=8 step=290/782 loss=0.03622 cls=0.12074 rank=0.00000 pairs=192
[train] epoch=8 step=300/782 loss=0.03579 cls=0.11929 rank=0.00000 pairs=175
[train] epoch=8 step=310/782 loss=0.03647 cls=0.12157 rank=0.00000 pairs=220
[train] epoch=8 step=320/782 loss=0.03577 cls=0.11925 rank=0.00000 pairs=252
[train] epoch=8 step=330/782 loss=0.03554 cls=0.11846 rank=0.00000 pairs=220
[train] epoch=8 step=340/782 loss=0.09988 cls=0.33295 rank=0.00000 pairs=60
[train] epoch=8 step=350/782 loss=0.03660 cls=0.12200 rank=0.00000 pairs=0
[train] epoch=8 step=360/782 loss=0.03565 cls=0.11884 rank=0.00000 pairs=135
[train] epoch=8 step=370/782 loss=0.23935 cls=0.36109 rank=0.08735 pairs=220
[train] epoch=8 step=380/782 loss=0.03583 cls=0.11942 rank=0.00000 pairs=112
[train] epoch=8 step=390/782 loss=0.04321 cls=0.14403 rank=0.00000 pairs=31
[train] epoch=8 step=400/782 loss=0.03892 cls=0.12975 rank=0.00000 pairs=12
[train] epoch=8 step=410/782 loss=0.03665 cls=0.12218 rank=0.00000 pairs=3
[train] epoch=8 step=420/782 loss=0.03555 cls=0.11851 rank=0.00000 pairs=87
[train] epoch=8 step=430/782 loss=0.03574 cls=0.11913 rank=0.00000 pairs=31
[train] epoch=8 step=440/782 loss=0.03570 cls=0.11900 rank=0.00000 pairs=87
[train] epoch=8 step=450/782 loss=0.03553 cls=0.11844 rank=0.00000 pairs=192
[train] epoch=8 step=460/782 loss=0.03557 cls=0.11855 rank=0.00000 pairs=207
[train] epoch=8 step=470/782 loss=0.03640 cls=0.12134 rank=0.00000 pairs=7
[train] epoch=8 step=480/782 loss=0.11647 cls=0.34208 rank=0.00923 pairs=192
[train] epoch=8 step=490/782 loss=0.08016 cls=0.26719 rank=0.00000 pairs=175
[train] epoch=8 step=500/782 loss=0.03543 cls=0.11811 rank=0.00000 pairs=207
[train] epoch=8 step=510/782 loss=0.10206 cls=0.27589 rank=0.01287 pairs=231
[train] epoch=8 step=520/782 loss=0.03711 cls=0.12369 rank=0.00000 pairs=175
[train] epoch=8 step=530/782 loss=0.03603 cls=0.12009 rank=0.00000 pairs=231
[train] epoch=8 step=540/782 loss=0.03557 cls=0.11858 rank=0.00000 pairs=135
[train] epoch=8 step=550/782 loss=0.03569 cls=0.11898 rank=0.00000 pairs=156
[train] epoch=8 step=560/782 loss=0.03599 cls=0.11997 rank=0.00000 pairs=87
[train] epoch=8 step=570/782 loss=0.03555 cls=0.11852 rank=0.00000 pairs=112
[train] epoch=8 step=580/782 loss=0.04073 cls=0.13578 rank=0.00000 pairs=3
[train] epoch=8 step=590/782 loss=0.03554 cls=0.11847 rank=0.00000 pairs=60
[train] epoch=8 step=600/782 loss=0.04246 cls=0.14152 rank=0.00000 pairs=210
[train] epoch=8 step=610/782 loss=0.08051 cls=0.26837 rank=0.00000 pairs=192
[train] epoch=8 step=620/782 loss=0.07765 cls=0.22893 rank=0.00598 pairs=135
[train] epoch=8 step=630/782 loss=0.03590 cls=0.11966 rank=0.00000 pairs=135
[train] epoch=8 step=640/782 loss=0.03684 cls=0.12279 rank=0.00000 pairs=60
[train] epoch=8 step=650/782 loss=0.03575 cls=0.11915 rank=0.00000 pairs=87
[train] epoch=8 step=660/782 loss=0.03569 cls=0.11898 rank=0.00000 pairs=220
[train] epoch=8 step=670/782 loss=0.17716 cls=0.53882 rank=0.01034 pairs=192
[train] epoch=8 step=680/782 loss=0.03697 cls=0.12324 rank=0.00000 pairs=112
[train] epoch=8 step=690/782 loss=0.13596 cls=0.31119 rank=0.02841 pairs=156
[train] epoch=8 step=700/782 loss=0.42503 cls=0.81587 rank=0.12018 pairs=3
[train] epoch=8 step=710/782 loss=0.03587 cls=0.11955 rank=0.00000 pairs=252
[train] epoch=8 step=720/782 loss=0.03582 cls=0.11940 rank=0.00000 pairs=87
[train] epoch=8 step=730/782 loss=0.03824 cls=0.12746 rank=0.00000 pairs=207
[train] epoch=8 step=740/782 loss=0.16275 cls=0.52024 rank=0.00445 pairs=135
[train] epoch=8 step=750/782 loss=0.15079 cls=0.50262 rank=0.00000 pairs=3
[train] epoch=8 step=760/782 loss=0.03562 cls=0.11875 rank=0.00000 pairs=192
[train] epoch=8 step=770/782 loss=0.03576 cls=0.11920 rank=0.00000 pairs=192
[train] epoch=8 step=780/782 loss=0.03575 cls=0.11916 rank=0.00000 pairs=175
[eval] epoch=8 {"epoch": 8, "train_loss": 0.08384153924956571, "train_classification_loss": 0.18348349460709606, "train_ranking_loss": 0.019197659086709538, "train_ranking_pairs": 104344, "val_loss": 0.1793252345925892, "auroc": 0.9965797608580277, "auprc": 0.9956474598026117, "precision": 0.9576757532281205, "recall": 0.9874260355029586, "ranking_group_count": 67.0, "ranking_valid_group_count": 67.0, "ranking_mean_group_size": 42.47761194029851, "ranking_median_group_size": 4.0, "ranking_mean_positive_count": 20.17910447761194, "mean_group_auroc": 0.9445692953092852, "top1_hit": 0.8805970149253731, "top5_hit": 1.0, "top10_hit": 1.0, "top50_hit": 1.0, "top100_hit": 1.0, "mrr": 0.9328358208955224, "ndcg": 0.9502017556022307, "mean_positive_rank": 1.1791044776119404, "external_loss": 0.17219569326286585, "external_auroc": 0.996073351133081, "external_auprc": 0.995097906544642, "external_precision": 0.9653929343907715, "external_recall": 0.9911176905995559, "external_ranking_group_count": 66.0, "external_ranking_valid_group_count": 66.0, "external_ranking_mean_group_size": 43.03030303030303, "external_ranking_median_group_size": 4.0, "external_ranking_mean_positive_count": 20.46969696969697, "external_mean_group_auroc": 0.9462903110659522, "external_top1_hit": 0.9242424242424242, "external_top5_hit": 1.0, "external_top10_hit": 1.0, "external_top50_hit": 1.0, "external_top100_hit": 1.0, "external_mrr": 0.9545454545454546, "external_ndcg": 0.9627377985104211, "external_mean_positive_rank": 1.1363636363636365, "best_metric": "mrr", "best_metric_value": 0.9545454545454546, "best_metric_source": "external"}
[train] epoch=9 step=10/782 loss=0.03833 cls=0.12777 rank=0.00000 pairs=3
[train] epoch=9 step=20/782 loss=0.07429 cls=0.19372 rank=0.01078 pairs=192
[train] epoch=9 step=30/782 loss=0.03839 cls=0.12796 rank=0.00000 pairs=207
[train] epoch=9 step=40/782 loss=0.05714 cls=0.17643 rank=0.00281 pairs=175
[train] epoch=9 step=50/782 loss=0.03560 cls=0.11866 rank=0.00000 pairs=220
[train] epoch=9 step=60/782 loss=0.03749 cls=0.12496 rank=0.00000 pairs=70
[train] epoch=9 step=70/782 loss=0.54689 cls=0.66865 rank=0.23086 pairs=3
[train] epoch=9 step=80/782 loss=0.04815 cls=0.16052 rank=0.00000 pairs=175
[train] epoch=9 step=90/782 loss=0.03548 cls=0.11826 rank=0.00000 pairs=31
[train] epoch=9 step=100/782 loss=0.03586 cls=0.11954 rank=0.00000 pairs=135
[train] epoch=9 step=110/782 loss=1.16249 cls=0.97421 rank=0.58015 pairs=192
[train] epoch=9 step=120/782 loss=0.04720 cls=0.15735 rank=0.00000 pairs=252
[train] epoch=9 step=130/782 loss=0.03589 cls=0.11963 rank=0.00000 pairs=60
[train] epoch=9 step=140/782 loss=0.03626 cls=0.12087 rank=0.00000 pairs=207
[train] epoch=9 step=150/782 loss=0.03605 cls=0.12017 rank=0.00000 pairs=87
[train] epoch=9 step=160/782 loss=0.03581 cls=0.11936 rank=0.00000 pairs=112
[train] epoch=9 step=170/782 loss=0.03801 cls=0.12669 rank=0.00000 pairs=207
[train] epoch=9 step=180/782 loss=0.03552 cls=0.11842 rank=0.00000 pairs=60
[train] epoch=9 step=190/782 loss=0.06914 cls=0.18370 rank=0.00935 pairs=87
[train] epoch=9 step=200/782 loss=12.31221 cls=3.57823 rank=7.49249 pairs=27
[train] epoch=9 step=210/782 loss=0.03563 cls=0.11877 rank=0.00000 pairs=135
[train] epoch=9 step=220/782 loss=0.03560 cls=0.11866 rank=0.00000 pairs=231
[train] epoch=9 step=230/782 loss=0.06462 cls=0.21020 rank=0.00104 pairs=252
[train] epoch=9 step=240/782 loss=0.04060 cls=0.13533 rank=0.00000 pairs=60
[train] epoch=9 step=250/782 loss=0.15395 cls=0.29354 rank=0.04393 pairs=252
[train] epoch=9 step=260/782 loss=0.04581 cls=0.15268 rank=0.00000 pairs=207
[train] epoch=9 step=270/782 loss=0.07625 cls=0.25415 rank=0.00000 pairs=256
[train] epoch=9 step=280/782 loss=0.04071 cls=0.13571 rank=0.00000 pairs=3
[train] epoch=9 step=290/782 loss=0.03602 cls=0.12006 rank=0.00000 pairs=207
[train] epoch=9 step=300/782 loss=0.03662 cls=0.12205 rank=0.00000 pairs=0
[train] epoch=9 step=310/782 loss=0.16880 cls=0.43317 rank=0.02590 pairs=220
[train] epoch=9 step=320/782 loss=0.03572 cls=0.11907 rank=0.00000 pairs=231
[train] epoch=9 step=330/782 loss=0.97449 cls=1.46280 rank=0.35710 pairs=247
[train] epoch=9 step=340/782 loss=0.06694 cls=0.22312 rank=0.00000 pairs=87
[train] epoch=9 step=350/782 loss=0.16881 cls=0.22311 rank=0.06792 pairs=135
[train] epoch=9 step=360/782 loss=0.04575 cls=0.15252 rank=0.00000 pairs=256
[train] epoch=9 step=370/782 loss=0.03553 cls=0.11843 rank=0.00000 pairs=60
[train] epoch=9 step=380/782 loss=0.03572 cls=0.11906 rank=0.00000 pairs=247
[train] epoch=9 step=390/782 loss=0.05215 cls=0.17383 rank=0.00000 pairs=207
[train] epoch=9 step=400/782 loss=0.03752 cls=0.12507 rank=0.00000 pairs=112
[train] epoch=9 step=410/782 loss=0.03560 cls=0.11867 rank=0.00000 pairs=112
[train] epoch=9 step=420/782 loss=0.07844 cls=0.26146 rank=0.00000 pairs=220
[train] epoch=9 step=430/782 loss=0.07084 cls=0.23612 rank=0.00000 pairs=75
[train] epoch=9 step=440/782 loss=0.03764 cls=0.12548 rank=0.00000 pairs=231
[train] epoch=9 step=450/782 loss=0.06591 cls=0.19122 rank=0.00570 pairs=135
[train] epoch=9 step=460/782 loss=0.03743 cls=0.12478 rank=0.00000 pairs=112
[train] epoch=9 step=470/782 loss=0.03621 cls=0.12070 rank=0.00000 pairs=247
[train] epoch=9 step=480/782 loss=0.03667 cls=0.12223 rank=0.00000 pairs=87
[train] epoch=9 step=490/782 loss=0.46176 cls=0.41902 rank=0.22404 pairs=192
[train] epoch=9 step=500/782 loss=0.04206 cls=0.14020 rank=0.00000 pairs=60
[train] epoch=9 step=510/782 loss=0.04491 cls=0.14971 rank=0.00000 pairs=135
[train] epoch=9 step=520/782 loss=0.03579 cls=0.11931 rank=0.00000 pairs=31
[train] epoch=9 step=530/782 loss=0.03576 cls=0.11920 rank=0.00000 pairs=112
[train] epoch=9 step=540/782 loss=0.03564 cls=0.11880 rank=0.00000 pairs=156
[train] epoch=9 step=550/782 loss=0.03566 cls=0.11888 rank=0.00000 pairs=192
[train] epoch=9 step=560/782 loss=0.03636 cls=0.12120 rank=0.00000 pairs=156
[train] epoch=9 step=570/782 loss=0.03806 cls=0.12685 rank=0.00000 pairs=231
[train] epoch=9 step=580/782 loss=0.03900 cls=0.13000 rank=0.00000 pairs=192
[train] epoch=9 step=590/782 loss=0.03559 cls=0.11862 rank=0.00000 pairs=175
[train] epoch=9 step=600/782 loss=0.03985 cls=0.13284 rank=0.00000 pairs=112
[train] epoch=9 step=610/782 loss=0.08266 cls=0.27553 rank=0.00000 pairs=3
[train] epoch=9 step=620/782 loss=0.03644 cls=0.12146 rank=0.00000 pairs=231
[train] epoch=9 step=630/782 loss=0.03822 cls=0.12741 rank=0.00000 pairs=60
[train] epoch=9 step=640/782 loss=0.03577 cls=0.11923 rank=0.00000 pairs=220
[train] epoch=9 step=650/782 loss=0.04256 cls=0.14185 rank=0.00000 pairs=31
[train] epoch=9 step=660/782 loss=0.03586 cls=0.11954 rank=0.00000 pairs=31
[train] epoch=9 step=670/782 loss=0.10447 cls=0.26704 rank=0.01624 pairs=240
[train] epoch=9 step=680/782 loss=0.03584 cls=0.11945 rank=0.00000 pairs=135
[train] epoch=9 step=690/782 loss=0.03586 cls=0.11954 rank=0.00000 pairs=112
[train] epoch=9 step=700/782 loss=0.11456 cls=0.38185 rank=0.00000 pairs=256
[train] epoch=9 step=710/782 loss=0.03588 cls=0.11960 rank=0.00000 pairs=192
[train] epoch=9 step=720/782 loss=0.03863 cls=0.12876 rank=0.00000 pairs=135
[train] epoch=9 step=730/782 loss=0.03584 cls=0.11948 rank=0.00000 pairs=3
[train] epoch=9 step=740/782 loss=0.03581 cls=0.11936 rank=0.00000 pairs=220
[train] epoch=9 step=750/782 loss=0.03772 cls=0.12573 rank=0.00000 pairs=207
[train] epoch=9 step=760/782 loss=0.05320 cls=0.17734 rank=0.00000 pairs=60
[train] epoch=9 step=770/782 loss=0.03898 cls=0.12993 rank=0.00000 pairs=135
[train] epoch=9 step=780/782 loss=0.05184 cls=0.16947 rank=0.00067 pairs=135
[eval] epoch=9 {"epoch": 9, "train_loss": 0.09267893413262229, "train_classification_loss": 0.19912655405008284, "train_ranking_loss": 0.02196064402866194, "train_ranking_pairs": 104720, "val_loss": 0.16749599548770103, "auroc": 0.9967047677891051, "auprc": 0.9952450103720184, "precision": 0.9633883704235463, "recall": 0.992603550295858, "ranking_group_count": 67.0, "ranking_valid_group_count": 67.0, "ranking_mean_group_size": 42.47761194029851, "ranking_median_group_size": 4.0, "ranking_mean_positive_count": 20.17910447761194, "mean_group_auroc": 0.9258391092742936, "top1_hit": 0.835820895522388, "top5_hit": 0.9850746268656716, "top10_hit": 1.0, "top50_hit": 1.0, "top100_hit": 1.0, "mrr": 0.9042288557213931, "ndcg": 0.932095624760129, "mean_positive_rank": 1.2835820895522387, "external_loss": 0.18156598126384574, "external_auroc": 0.9940431657966464, "external_auprc": 0.9907551090178972, "external_precision": 0.9591982820329277, "external_recall": 0.9918578830495929, "external_ranking_group_count": 66.0, "external_ranking_valid_group_count": 66.0, "external_ranking_mean_group_size": 43.03030303030303, "external_ranking_median_group_size": 4.0, "external_ranking_mean_positive_count": 20.46969696969697, "external_mean_group_auroc": 0.928961010499472, "external_top1_hit": 0.8636363636363636, "external_top5_hit": 1.0, "external_top10_hit": 1.0, "external_top50_hit": 1.0, "external_top100_hit": 1.0, "external_mrr": 0.9217171717171716, "external_ndcg": 0.9436805213414673, "external_mean_positive_rank": 1.2121212121212122, "best_metric": "mrr", "best_metric_value": 0.9217171717171716, "best_metric_source": "external"}
[train] epoch=10 step=10/782 loss=0.20832 cls=0.69439 rank=0.00000 pairs=3
[train] epoch=10 step=20/782 loss=0.03563 cls=0.11876 rank=0.00000 pairs=255
[train] epoch=10 step=30/782 loss=0.03660 cls=0.12201 rank=0.00000 pairs=0
[train] epoch=10 step=40/782 loss=0.03559 cls=0.11863 rank=0.00000 pairs=207
[train] epoch=10 step=50/782 loss=0.03562 cls=0.11874 rank=0.00000 pairs=31
[train] epoch=10 step=60/782 loss=0.03542 cls=0.11807 rank=0.00000 pairs=31
[train] epoch=10 step=70/782 loss=0.03563 cls=0.11875 rank=0.00000 pairs=0
[train] epoch=10 step=80/782 loss=0.03573 cls=0.11909 rank=0.00000 pairs=175
[train] epoch=10 step=90/782 loss=0.03567 cls=0.11890 rank=0.00000 pairs=207
[train] epoch=10 step=100/782 loss=0.03591 cls=0.11970 rank=0.00000 pairs=220
[train] epoch=10 step=110/782 loss=0.03539 cls=0.11796 rank=0.00000 pairs=192
[train] epoch=10 step=120/782 loss=0.03566 cls=0.11888 rank=0.00000 pairs=60
[train] epoch=10 step=130/782 loss=0.03545 cls=0.11817 rank=0.00000 pairs=87
[train] epoch=10 step=140/782 loss=0.08148 cls=0.25824 rank=0.00267 pairs=156
[train] epoch=10 step=150/782 loss=0.25508 cls=0.85027 rank=0.00000 pairs=3
[train] epoch=10 step=160/782 loss=0.03555 cls=0.11849 rank=0.00000 pairs=87
[train] epoch=10 step=170/782 loss=0.03596 cls=0.11987 rank=0.00000 pairs=156
[train] epoch=10 step=180/782 loss=0.56405 cls=0.89233 rank=0.19757 pairs=207
[train] epoch=10 step=190/782 loss=0.03563 cls=0.11876 rank=0.00000 pairs=112
[train] epoch=10 step=200/782 loss=0.03592 cls=0.11972 rank=0.00000 pairs=3
[train] epoch=10 step=210/782 loss=0.37733 cls=1.25111 rank=0.00133 pairs=252
[train] epoch=10 step=220/782 loss=0.03550 cls=0.11834 rank=0.00000 pairs=135
[train] epoch=10 step=230/782 loss=0.03848 cls=0.12827 rank=0.00000 pairs=156
[train] epoch=10 step=240/782 loss=0.10694 cls=0.21442 rank=0.02841 pairs=87
[train] epoch=10 step=250/782 loss=0.03567 cls=0.11889 rank=0.00000 pairs=220
[train] epoch=10 step=260/782 loss=0.03540 cls=0.11801 rank=0.00000 pairs=175
[train] epoch=10 step=270/782 loss=0.03589 cls=0.11964 rank=0.00000 pairs=0
[train] epoch=10 step=280/782 loss=0.03802 cls=0.12674 rank=0.00000 pairs=207
[train] epoch=10 step=290/782 loss=0.03572 cls=0.11907 rank=0.00000 pairs=175
[train] epoch=10 step=300/782 loss=0.03848 cls=0.12826 rank=0.00000 pairs=3
[train] epoch=10 step=310/782 loss=0.03644 cls=0.12147 rank=0.00000 pairs=252
[train] epoch=10 step=320/782 loss=0.08517 cls=0.22977 rank=0.01082 pairs=175
[train] epoch=10 step=330/782 loss=0.03561 cls=0.11871 rank=0.00000 pairs=220
[train] epoch=10 step=340/782 loss=0.03788 cls=0.12625 rank=0.00000 pairs=31
[train] epoch=10 step=350/782 loss=0.03774 cls=0.12581 rank=0.00000 pairs=3
[train] epoch=10 step=360/782 loss=0.10300 cls=0.34332 rank=0.00000 pairs=3
[train] epoch=10 step=370/782 loss=0.03569 cls=0.11898 rank=0.00000 pairs=207
[train] epoch=10 step=380/782 loss=0.03577 cls=0.11924 rank=0.00000 pairs=192
[train] epoch=10 step=390/782 loss=11.45478 cls=3.51310 rank=6.93390 pairs=27
[train] epoch=10 step=400/782 loss=0.03551 cls=0.11838 rank=0.00000 pairs=60
[train] epoch=10 step=410/782 loss=0.03578 cls=0.11927 rank=0.00000 pairs=256
[train] epoch=10 step=420/782 loss=0.03564 cls=0.11879 rank=0.00000 pairs=175
[train] epoch=10 step=430/782 loss=0.32232 cls=0.72088 rank=0.07070 pairs=3
[train] epoch=10 step=440/782 loss=0.46500 cls=0.44875 rank=0.22025 pairs=156
[train] epoch=10 step=450/782 loss=0.03599 cls=0.11996 rank=0.00000 pairs=3
[train] epoch=10 step=460/782 loss=0.03557 cls=0.11856 rank=0.00000 pairs=156
[train] epoch=10 step=470/782 loss=0.03560 cls=0.11866 rank=0.00000 pairs=31
[train] epoch=10 step=480/782 loss=0.03604 cls=0.12015 rank=0.00000 pairs=220
[train] epoch=10 step=490/782 loss=0.03610 cls=0.12035 rank=0.00000 pairs=175
[train] epoch=10 step=500/782 loss=0.03599 cls=0.11997 rank=0.00000 pairs=60
[train] epoch=10 step=510/782 loss=0.03567 cls=0.11892 rank=0.00000 pairs=192
[train] epoch=10 step=520/782 loss=0.06767 cls=0.22558 rank=0.00000 pairs=175
[train] epoch=10 step=530/782 loss=0.03563 cls=0.11875 rank=0.00000 pairs=0
[train] epoch=10 step=540/782 loss=0.05649 cls=0.18831 rank=0.00000 pairs=87
[train] epoch=10 step=550/782 loss=0.03585 cls=0.11951 rank=0.00000 pairs=231
[train] epoch=10 step=560/782 loss=0.03571 cls=0.11903 rank=0.00000 pairs=87
[train] epoch=10 step=570/782 loss=0.93954 cls=0.84274 rank=0.45781 pairs=3
[train] epoch=10 step=580/782 loss=0.03579 cls=0.11929 rank=0.00000 pairs=192
[train] epoch=10 step=590/782 loss=0.04060 cls=0.13532 rank=0.00000 pairs=220
[train] epoch=10 step=600/782 loss=0.03567 cls=0.11891 rank=0.00000 pairs=87
[train] epoch=10 step=610/782 loss=0.03571 cls=0.11902 rank=0.00000 pairs=220
[train] epoch=10 step=620/782 loss=0.03565 cls=0.11884 rank=0.00000 pairs=135
[train] epoch=10 step=630/782 loss=0.16234 cls=0.54115 rank=0.00000 pairs=3
[train] epoch=10 step=640/782 loss=0.03566 cls=0.11887 rank=0.00000 pairs=3
[train] epoch=10 step=650/782 loss=0.11178 cls=0.25626 rank=0.02327 pairs=112
[train] epoch=10 step=660/782 loss=0.03570 cls=0.11902 rank=0.00000 pairs=175
[train] epoch=10 step=670/782 loss=0.03713 cls=0.12378 rank=0.00000 pairs=220
[train] epoch=10 step=680/782 loss=0.03582 cls=0.11941 rank=0.00000 pairs=207
[train] epoch=10 step=690/782 loss=0.03558 cls=0.11859 rank=0.00000 pairs=207
[train] epoch=10 step=700/782 loss=0.03623 cls=0.12076 rank=0.00000 pairs=175
[train] epoch=10 step=710/782 loss=0.03575 cls=0.11918 rank=0.00000 pairs=220
[train] epoch=10 step=720/782 loss=0.03565 cls=0.11884 rank=0.00000 pairs=112
[train] epoch=10 step=730/782 loss=0.03552 cls=0.11839 rank=0.00000 pairs=207
[train] epoch=10 step=740/782 loss=0.03964 cls=0.13214 rank=0.00000 pairs=3
[train] epoch=10 step=750/782 loss=0.03539 cls=0.11797 rank=0.00000 pairs=156
[train] epoch=10 step=760/782 loss=0.04610 cls=0.15368 rank=0.00000 pairs=135
[train] epoch=10 step=770/782 loss=0.03997 cls=0.13324 rank=0.00000 pairs=240
[train] epoch=10 step=780/782 loss=0.07411 cls=0.20074 rank=0.00926 pairs=252
[eval] epoch=10 {"epoch": 10, "train_loss": 0.07714505926432479, "train_classification_loss": 0.173052430026687, "train_ranking_loss": 0.01681955235518441, "train_ranking_pairs": 104753, "val_loss": 0.1554767564410319, "auroc": 0.9978459201698312, "auprc": 0.9970773720370044, "precision": 0.9830383480825958, "recall": 0.9859467455621301, "ranking_group_count": 67.0, "ranking_valid_group_count": 67.0, "ranking_mean_group_size": 42.47761194029851, "ranking_median_group_size": 4.0, "ranking_mean_positive_count": 20.17910447761194, "mean_group_auroc": 0.9544085129906026, "top1_hit": 0.8955223880597015, "top5_hit": 1.0, "top10_hit": 1.0, "top50_hit": 1.0, "top100_hit": 1.0, "mrr": 0.9390547263681591, "ndcg": 0.9573658677393485, "mean_positive_rank": 1.164179104477612, "external_loss": 0.1581640535257232, "external_auroc": 0.996916941856864, "external_auprc": 0.9964889694020769, "external_precision": 0.9808823529411764, "external_recall": 0.9874167283493709, "external_ranking_group_count": 66.0, "external_ranking_valid_group_count": 66.0, "external_ranking_mean_group_size": 43.03030303030303, "external_ranking_median_group_size": 4.0, "external_ranking_mean_positive_count": 20.46969696969697, "external_mean_group_auroc": 0.9654839954679698, "external_top1_hit": 0.9393939393939394, "external_top5_hit": 1.0, "external_top10_hit": 1.0, "external_top50_hit": 1.0, "external_top100_hit": 1.0, "external_mrr": 0.9659090909090909, "external_ndcg": 0.9721836294865339, "external_mean_positive_rank": 1.0909090909090908, "best_metric": "mrr", "best_metric_value": 0.9659090909090909, "best_metric_source": "external"}
[train] epoch=11 step=10/782 loss=0.03567 cls=0.11892 rank=0.00000 pairs=87
[train] epoch=11 step=20/782 loss=0.19585 cls=0.65282 rank=0.00000 pairs=3
[train] epoch=11 step=30/782 loss=0.04079 cls=0.13596 rank=0.00000 pairs=3
[train] epoch=11 step=40/782 loss=0.03563 cls=0.11876 rank=0.00000 pairs=112
[train] epoch=11 step=50/782 loss=0.04656 cls=0.15519 rank=0.00000 pairs=3
[train] epoch=11 step=60/782 loss=0.03668 cls=0.12226 rank=0.00000 pairs=240
[train] epoch=11 step=70/782 loss=0.03673 cls=0.12244 rank=0.00000 pairs=175
[train] epoch=11 step=80/782 loss=0.03619 cls=0.12064 rank=0.00000 pairs=156
[train] epoch=11 step=90/782 loss=0.05147 cls=0.17156 rank=0.00000 pairs=231
[train] epoch=11 step=100/782 loss=0.03578 cls=0.11928 rank=0.00000 pairs=231
[train] epoch=11 step=110/782 loss=0.03678 cls=0.12261 rank=0.00000 pairs=3
[train] epoch=11 step=120/782 loss=0.21928 cls=0.73094 rank=0.00000 pairs=3
[train] epoch=11 step=130/782 loss=0.03552 cls=0.11841 rank=0.00000 pairs=60
[train] epoch=11 step=140/782 loss=0.03592 cls=0.11973 rank=0.00000 pairs=207
[train] epoch=11 step=150/782 loss=0.03578 cls=0.11926 rank=0.00000 pairs=231
[train] epoch=11 step=160/782 loss=0.04497 cls=0.14990 rank=0.00000 pairs=31
[train] epoch=11 step=170/782 loss=0.03580 cls=0.11933 rank=0.00000 pairs=31
[train] epoch=11 step=180/782 loss=0.03550 cls=0.11834 rank=0.00000 pairs=156
[train] epoch=11 step=190/782 loss=0.03655 cls=0.12182 rank=0.00000 pairs=87
[train] epoch=11 step=200/782 loss=0.03586 cls=0.11954 rank=0.00000 pairs=31
[train] epoch=11 step=210/782 loss=0.03557 cls=0.11858 rank=0.00000 pairs=87
[train] epoch=11 step=220/782 loss=0.03595 cls=0.11985 rank=0.00000 pairs=207
[train] epoch=11 step=230/782 loss=0.03603 cls=0.12010 rank=0.00000 pairs=231
[train] epoch=11 step=240/782 loss=0.03554 cls=0.11848 rank=0.00000 pairs=175
[train] epoch=11 step=250/782 loss=0.03604 cls=0.12012 rank=0.00000 pairs=231
[train] epoch=11 step=260/782 loss=0.03571 cls=0.11904 rank=0.00000 pairs=175
[train] epoch=11 step=270/782 loss=0.03611 cls=0.12037 rank=0.00000 pairs=0
[train] epoch=11 step=280/782 loss=0.03767 cls=0.12557 rank=0.00000 pairs=220
[train] epoch=11 step=290/782 loss=0.11585 cls=0.38617 rank=0.00000 pairs=3
[train] epoch=11 step=300/782 loss=0.03598 cls=0.11995 rank=0.00000 pairs=112
[train] epoch=11 step=310/782 loss=0.03580 cls=0.11932 rank=0.00000 pairs=240
[train] epoch=11 step=320/782 loss=0.03550 cls=0.11833 rank=0.00000 pairs=87
[train] epoch=11 step=330/782 loss=0.03552 cls=0.11838 rank=0.00000 pairs=60
[train] epoch=11 step=340/782 loss=0.03560 cls=0.11868 rank=0.00000 pairs=256
[train] epoch=11 step=350/782 loss=0.59010 cls=0.65645 rank=0.26211 pairs=3
[train] epoch=11 step=360/782 loss=0.12773 cls=0.40776 rank=0.00360 pairs=207
[train] epoch=11 step=370/782 loss=0.03567 cls=0.11889 rank=0.00000 pairs=247
[train] epoch=11 step=380/782 loss=0.03578 cls=0.11926 rank=0.00000 pairs=207
[train] epoch=11 step=390/782 loss=0.03576 cls=0.11921 rank=0.00000 pairs=60
[train] epoch=11 step=400/782 loss=0.03564 cls=0.11880 rank=0.00000 pairs=175
[train] epoch=11 step=410/782 loss=0.03555 cls=0.11849 rank=0.00000 pairs=112
[train] epoch=11 step=420/782 loss=0.68358 cls=0.67835 rank=0.32005 pairs=3
[train] epoch=11 step=430/782 loss=0.04209 cls=0.14031 rank=0.00000 pairs=3
[train] epoch=11 step=440/782 loss=0.04092 cls=0.13639 rank=0.00000 pairs=60
[train] epoch=11 step=450/782 loss=0.03578 cls=0.11928 rank=0.00000 pairs=175
[train] epoch=11 step=460/782 loss=0.04711 cls=0.15703 rank=0.00000 pairs=175
[train] epoch=11 step=470/782 loss=0.03560 cls=0.11868 rank=0.00000 pairs=231
[train] epoch=11 step=480/782 loss=0.03567 cls=0.11892 rank=0.00000 pairs=60
[train] epoch=11 step=490/782 loss=0.03555 cls=0.11849 rank=0.00000 pairs=112
[train] epoch=11 step=500/782 loss=0.06576 cls=0.21920 rank=0.00000 pairs=207
[train] epoch=11 step=510/782 loss=0.06020 cls=0.20067 rank=0.00000 pairs=3
[train] epoch=11 step=520/782 loss=0.04523 cls=0.15076 rank=0.00000 pairs=192
[train] epoch=11 step=530/782 loss=0.03579 cls=0.11932 rank=0.00000 pairs=192
[train] epoch=11 step=540/782 loss=0.03580 cls=0.11934 rank=0.00000 pairs=60
[train] epoch=11 step=550/782 loss=0.03557 cls=0.11857 rank=0.00000 pairs=135
[train] epoch=11 step=560/782 loss=0.03554 cls=0.11846 rank=0.00000 pairs=207
[train] epoch=11 step=570/782 loss=0.03536 cls=0.11787 rank=0.00000 pairs=175
[train] epoch=11 step=580/782 loss=0.03577 cls=0.11922 rank=0.00000 pairs=0
[train] epoch=11 step=590/782 loss=0.07325 cls=0.20633 rank=0.00756 pairs=135
[train] epoch=11 step=600/782 loss=0.03559 cls=0.11864 rank=0.00000 pairs=175
[train] epoch=11 step=610/782 loss=0.04375 cls=0.14584 rank=0.00000 pairs=220
[train] epoch=11 step=620/782 loss=0.04151 cls=0.13838 rank=0.00000 pairs=3
[train] epoch=11 step=630/782 loss=0.03593 cls=0.11977 rank=0.00000 pairs=60
[train] epoch=11 step=640/782 loss=0.03559 cls=0.11864 rank=0.00000 pairs=175
[train] epoch=11 step=650/782 loss=0.04907 cls=0.16357 rank=0.00000 pairs=31
[train] epoch=11 step=660/782 loss=0.03560 cls=0.11868 rank=0.00000 pairs=31
[train] epoch=11 step=670/782 loss=0.21098 cls=0.58244 rank=0.02416 pairs=192
[train] epoch=11 step=680/782 loss=0.65787 cls=0.57512 rank=0.32356 pairs=156
[train] epoch=11 step=690/782 loss=0.03551 cls=0.11838 rank=0.00000 pairs=112
[train] epoch=11 step=700/782 loss=0.04659 cls=0.15529 rank=0.00000 pairs=231
[train] epoch=11 step=710/782 loss=0.03552 cls=0.11839 rank=0.00000 pairs=87
[train] epoch=11 step=720/782 loss=0.03576 cls=0.11920 rank=0.00000 pairs=135
[train] epoch=11 step=730/782 loss=0.05053 cls=0.16842 rank=0.00000 pairs=175
[train] epoch=11 step=740/782 loss=0.03563 cls=0.11876 rank=0.00000 pairs=220
[train] epoch=11 step=750/782 loss=0.03559 cls=0.11865 rank=0.00000 pairs=247
[train] epoch=11 step=760/782 loss=0.03872 cls=0.12907 rank=0.00000 pairs=3
[train] epoch=11 step=770/782 loss=0.03556 cls=0.11855 rank=0.00000 pairs=192
[train] epoch=11 step=780/782 loss=0.03564 cls=0.11878 rank=0.00000 pairs=207
[eval] epoch=11 {"epoch": 11, "train_loss": 0.06782007636149451, "train_classification_loss": 0.16264363866748086, "train_ranking_loss": 0.012684655164591862, "train_ranking_pairs": 104463, "val_loss": 0.16820165215456728, "auroc": 0.9972087561290527, "auprc": 0.9965407082273405, "precision": 0.9805389221556886, "recall": 0.9689349112426036, "ranking_group_count": 67.0, "ranking_valid_group_count": 67.0, "ranking_mean_group_size": 42.47761194029851, "ranking_median_group_size": 4.0, "ranking_mean_positive_count": 20.17910447761194, "mean_group_auroc": 0.9514842454394694, "top1_hit": 0.8805970149253731, "top5_hit": 1.0, "top10_hit": 1.0, "top50_hit": 1.0, "top100_hit": 1.0, "mrr": 0.9365671641791045, "ndcg": 0.9532411475577188, "mean_positive_rank": 1.1492537313432836, "external_loss": 0.17388771690533195, "external_auroc": 0.9966147007489912, "external_auprc": 0.9955946258233549, "external_precision": 0.9761372110365399, "external_recall": 0.9689119170984456, "external_ranking_group_count": 66.0, "external_ranking_valid_group_count": 66.0, "external_ranking_mean_group_size": 43.03030303030303, "external_ranking_median_group_size": 4.0, "external_ranking_mean_positive_count": 20.46969696969697, "external_mean_group_auroc": 0.9531598224306558, "external_top1_hit": 0.8939393939393939, "external_top5_hit": 1.0, "external_top10_hit": 1.0, "external_top50_hit": 1.0, "external_top100_hit": 1.0, "external_mrr": 0.9431818181818182, "external_ndcg": 0.9565683508207534, "external_mean_positive_rank": 1.1363636363636365, "best_metric": "mrr", "best_metric_value": 0.9431818181818182, "best_metric_source": "external"}
[train] epoch=12 step=10/782 loss=0.03533 cls=0.11778 rank=0.00000 pairs=31
[train] epoch=12 step=20/782 loss=0.03572 cls=0.11906 rank=0.00000 pairs=175
[train] epoch=12 step=30/782 loss=0.13409 cls=0.22197 rank=0.04500 pairs=87
[train] epoch=12 step=40/782 loss=0.03559 cls=0.11864 rank=0.00000 pairs=3
[train] epoch=12 step=50/782 loss=0.13789 cls=0.28835 rank=0.03426 pairs=192
[train] epoch=12 step=60/782 loss=0.03556 cls=0.11854 rank=0.00000 pairs=175
[train] epoch=12 step=70/782 loss=0.04074 cls=0.13580 rank=0.00000 pairs=3
[train] epoch=12 step=80/782 loss=0.03563 cls=0.11877 rank=0.00000 pairs=135
[train] epoch=12 step=90/782 loss=0.03563 cls=0.11876 rank=0.00000 pairs=31
[train] epoch=12 step=100/782 loss=0.03551 cls=0.11836 rank=0.00000 pairs=192
[train] epoch=12 step=110/782 loss=0.03556 cls=0.11854 rank=0.00000 pairs=192
[train] epoch=12 step=120/782 loss=0.06572 cls=0.20452 rank=0.00291 pairs=231
[train] epoch=12 step=130/782 loss=0.03575 cls=0.11917 rank=0.00000 pairs=3
[train] epoch=12 step=140/782 loss=0.03611 cls=0.12038 rank=0.00000 pairs=112
[train] epoch=12 step=150/782 loss=0.03566 cls=0.11886 rank=0.00000 pairs=112
[train] epoch=12 step=160/782 loss=0.03551 cls=0.11837 rank=0.00000 pairs=156
[train] epoch=12 step=170/782 loss=0.03540 cls=0.11799 rank=0.00000 pairs=135
[train] epoch=12 step=180/782 loss=0.03665 cls=0.12218 rank=0.00000 pairs=192
[train] epoch=12 step=190/782 loss=0.03578 cls=0.11926 rank=0.00000 pairs=207
[train] epoch=12 step=200/782 loss=0.03553 cls=0.11844 rank=0.00000 pairs=135
[train] epoch=12 step=210/782 loss=0.03590 cls=0.11966 rank=0.00000 pairs=135
[train] epoch=12 step=220/782 loss=0.05632 cls=0.18774 rank=0.00000 pairs=156
[train] epoch=12 step=230/782 loss=0.03582 cls=0.11940 rank=0.00000 pairs=207
[train] epoch=12 step=240/782 loss=0.09899 cls=0.29554 rank=0.00688 pairs=256
[train] epoch=12 step=250/782 loss=0.03579 cls=0.11929 rank=0.00000 pairs=192
[train] epoch=12 step=260/782 loss=0.03636 cls=0.12120 rank=0.00000 pairs=247
[train] epoch=12 step=270/782 loss=0.04185 cls=0.13951 rank=0.00000 pairs=0
[train] epoch=12 step=280/782 loss=0.04672 cls=0.15574 rank=0.00000 pairs=3
[train] epoch=12 step=290/782 loss=0.03601 cls=0.12002 rank=0.00000 pairs=240
[train] epoch=12 step=300/782 loss=0.03564 cls=0.11879 rank=0.00000 pairs=135
[train] epoch=12 step=310/782 loss=0.03648 cls=0.12159 rank=0.00000 pairs=252
[train] epoch=12 step=320/782 loss=0.03740 cls=0.12466 rank=0.00000 pairs=192
[train] epoch=12 step=330/782 loss=0.03574 cls=0.11915 rank=0.00000 pairs=220
[train] epoch=12 step=340/782 loss=0.03548 cls=0.11828 rank=0.00000 pairs=112
[train] epoch=12 step=350/782 loss=0.03557 cls=0.11858 rank=0.00000 pairs=175
[train] epoch=12 step=360/782 loss=0.03539 cls=0.11796 rank=0.00000 pairs=3
[train] epoch=12 step=370/782 loss=0.07189 cls=0.23965 rank=0.00000 pairs=192
[train] epoch=12 step=380/782 loss=0.03707 cls=0.12357 rank=0.00000 pairs=192
[train] epoch=12 step=390/782 loss=0.03548 cls=0.11827 rank=0.00000 pairs=220
[train] epoch=12 step=400/782 loss=0.03553 cls=0.11843 rank=0.00000 pairs=231
[train] epoch=12 step=410/782 loss=0.03592 cls=0.11975 rank=0.00000 pairs=70
[train] epoch=12 step=420/782 loss=0.29107 cls=0.23477 rank=0.14709 pairs=112
[train] epoch=12 step=430/782 loss=0.11854 cls=0.39515 rank=0.00000 pairs=3
[train] epoch=12 step=440/782 loss=0.06143 cls=0.20475 rank=0.00000 pairs=175
[train] epoch=12 step=450/782 loss=0.03708 cls=0.12361 rank=0.00000 pairs=192
[train] epoch=12 step=460/782 loss=0.03567 cls=0.11891 rank=0.00000 pairs=60
[train] epoch=12 step=470/782 loss=0.03570 cls=0.11901 rank=0.00000 pairs=220
[train] epoch=12 step=480/782 loss=0.03568 cls=0.11893 rank=0.00000 pairs=135
[train] epoch=12 step=490/782 loss=0.05803 cls=0.19343 rank=0.00000 pairs=240
[train] epoch=12 step=500/782 loss=0.03622 cls=0.12072 rank=0.00000 pairs=220
[train] epoch=12 step=510/782 loss=0.03568 cls=0.11895 rank=0.00000 pairs=220
[train] epoch=12 step=520/782 loss=0.03597 cls=0.11989 rank=0.00000 pairs=31
[train] epoch=12 step=530/782 loss=0.05523 cls=0.18002 rank=0.00082 pairs=207
[train] epoch=12 step=540/782 loss=0.04704 cls=0.15679 rank=0.00000 pairs=156
[train] epoch=12 step=550/782 loss=0.05116 cls=0.17053 rank=0.00000 pairs=135
[train] epoch=12 step=560/782 loss=0.03564 cls=0.11881 rank=0.00000 pairs=0
[train] epoch=12 step=570/782 loss=0.03586 cls=0.11952 rank=0.00000 pairs=231
[train] epoch=12 step=580/782 loss=0.03628 cls=0.12092 rank=0.00000 pairs=192
[train] epoch=12 step=590/782 loss=0.03604 cls=0.12012 rank=0.00000 pairs=220
[train] epoch=12 step=600/782 loss=0.03561 cls=0.11871 rank=0.00000 pairs=112
[train] epoch=12 step=610/782 loss=0.04205 cls=0.14017 rank=0.00000 pairs=3
[train] epoch=12 step=620/782 loss=0.05689 cls=0.18963 rank=0.00000 pairs=175
[train] epoch=12 step=630/782 loss=0.03579 cls=0.11929 rank=0.00000 pairs=60
[train] epoch=12 step=640/782 loss=0.03605 cls=0.12017 rank=0.00000 pairs=192
[train] epoch=12 step=650/782 loss=0.05150 cls=0.17167 rank=0.00000 pairs=135
[train] epoch=12 step=660/782 loss=0.03602 cls=0.12006 rank=0.00000 pairs=156
[train] epoch=12 step=670/782 loss=0.03567 cls=0.11889 rank=0.00000 pairs=87
[train] epoch=12 step=680/782 loss=0.03566 cls=0.11885 rank=0.00000 pairs=112
[train] epoch=12 step=690/782 loss=0.66634 cls=0.95370 rank=0.25349 pairs=192
[train] epoch=12 step=700/782 loss=0.03566 cls=0.11888 rank=0.00000 pairs=207
[train] epoch=12 step=710/782 loss=0.03942 cls=0.13141 rank=0.00000 pairs=175
[train] epoch=12 step=720/782 loss=0.03552 cls=0.11840 rank=0.00000 pairs=231
[train] epoch=12 step=730/782 loss=0.03605 cls=0.12017 rank=0.00000 pairs=207
[train] epoch=12 step=740/782 loss=0.69925 cls=1.70047 rank=0.12607 pairs=4
[train] epoch=12 step=750/782 loss=0.03695 cls=0.12318 rank=0.00000 pairs=207
[train] epoch=12 step=760/782 loss=0.03560 cls=0.11868 rank=0.00000 pairs=192
[train] epoch=12 step=770/782 loss=0.03600 cls=0.12001 rank=0.00000 pairs=240
[train] epoch=12 step=780/782 loss=0.35606 cls=0.42463 rank=0.15245 pairs=207
[eval] epoch=12 {"epoch": 12, "train_loss": 0.07103129197413813, "train_classification_loss": 0.16267981249799948, "train_ranking_loss": 0.0148182305572506, "train_ranking_pairs": 104861, "val_loss": 0.14924413678370474, "auroc": 0.9984033768208931, "auprc": 0.9979355967396438, "precision": 0.9859675036927622, "recall": 0.9874260355029586, "ranking_group_count": 67.0, "ranking_valid_group_count": 67.0, "ranking_mean_group_size": 42.47761194029851, "ranking_median_group_size": 4.0, "ranking_mean_positive_count": 20.17910447761194, "mean_group_auroc": 0.9413032143686564, "top1_hit": 0.8805970149253731, "top5_hit": 1.0, "top10_hit": 1.0, "top50_hit": 1.0, "top100_hit": 1.0, "mrr": 0.9303482587064676, "ndcg": 0.9485974371685565, "mean_positive_rank": 1.1940298507462686, "external_loss": 0.1566402844769854, "external_auroc": 0.9970968946217487, "external_auprc": 0.9966445004864268, "external_precision": 0.9816176470588235, "external_recall": 0.9881569207994079, "external_ranking_group_count": 66.0, "external_ranking_valid_group_count": 66.0, "external_ranking_mean_group_size": 43.03030303030303, "external_ranking_median_group_size": 4.0, "external_ranking_mean_positive_count": 20.46969696969697, "external_mean_group_auroc": 0.9581860269360268, "external_top1_hit": 0.9393939393939394, "external_top5_hit": 1.0, "external_top10_hit": 1.0, "external_top50_hit": 1.0, "external_top100_hit": 1.0, "external_mrr": 0.9621212121212122, "external_ndcg": 0.9702952326058262, "external_mean_positive_rank": 1.121212121212121, "best_metric": "mrr", "best_metric_value": 0.9621212121212122, "best_metric_source": "external"}
[train] epoch=13 step=10/782 loss=0.03557 cls=0.11858 rank=0.00000 pairs=60
[train] epoch=13 step=20/782 loss=0.03920 cls=0.13066 rank=0.00000 pairs=3
[train] epoch=13 step=30/782 loss=0.03635 cls=0.12116 rank=0.00000 pairs=220
[train] epoch=13 step=40/782 loss=0.03558 cls=0.11861 rank=0.00000 pairs=31
[train] epoch=13 step=50/782 loss=0.03562 cls=0.11875 rank=0.00000 pairs=156
[train] epoch=13 step=60/782 loss=0.03581 cls=0.11937 rank=0.00000 pairs=31
[train] epoch=13 step=70/782 loss=0.03554 cls=0.11846 rank=0.00000 pairs=192
[train] epoch=13 step=80/782 loss=0.03579 cls=0.11929 rank=0.00000 pairs=31
[train] epoch=13 step=90/782 loss=0.13799 cls=0.40006 rank=0.01198 pairs=220
[train] epoch=13 step=100/782 loss=0.03547 cls=0.11823 rank=0.00000 pairs=175
[train] epoch=13 step=110/782 loss=0.03560 cls=0.11865 rank=0.00000 pairs=3
[train] epoch=13 step=120/782 loss=0.03587 cls=0.11958 rank=0.00000 pairs=78
[train] epoch=13 step=130/782 loss=0.05600 cls=0.18666 rank=0.00000 pairs=3
[train] epoch=13 step=140/782 loss=0.03550 cls=0.11834 rank=0.00000 pairs=87
[train] epoch=13 step=150/782 loss=0.03989 cls=0.13295 rank=0.00000 pairs=12
[train] epoch=13 step=160/782 loss=0.58289 cls=0.70078 rank=0.24844 pairs=3
[train] epoch=13 step=170/782 loss=0.05560 cls=0.18533 rank=0.00000 pairs=156
[train] epoch=13 step=180/782 loss=0.03880 cls=0.12935 rank=0.00000 pairs=3
[train] epoch=13 step=190/782 loss=0.03592 cls=0.11973 rank=0.00000 pairs=35
[train] epoch=13 step=200/782 loss=0.03582 cls=0.11938 rank=0.00000 pairs=231
[train] epoch=13 step=210/782 loss=0.03562 cls=0.11873 rank=0.00000 pairs=60
[train] epoch=13 step=220/782 loss=0.03582 cls=0.11940 rank=0.00000 pairs=87
[train] epoch=13 step=230/782 loss=0.03536 cls=0.11787 rank=0.00000 pairs=156
[train] epoch=13 step=240/782 loss=0.03595 cls=0.11985 rank=0.00000 pairs=31
[train] epoch=13 step=250/782 loss=0.03643 cls=0.12143 rank=0.00000 pairs=31
[train] epoch=13 step=260/782 loss=0.04568 cls=0.15226 rank=0.00000 pairs=60
[train] epoch=13 step=270/782 loss=0.03740 cls=0.12468 rank=0.00000 pairs=60
[train] epoch=13 step=280/782 loss=0.06453 cls=0.21509 rank=0.00000 pairs=192
[train] epoch=13 step=290/782 loss=0.03576 cls=0.11918 rank=0.00000 pairs=60
[train] epoch=13 step=300/782 loss=0.03551 cls=0.11836 rank=0.00000 pairs=207
[train] epoch=13 step=310/782 loss=0.03565 cls=0.11883 rank=0.00000 pairs=60
[train] epoch=13 step=320/782 loss=0.03553 cls=0.11842 rank=0.00000 pairs=156
[train] epoch=13 step=330/782 loss=0.03563 cls=0.11875 rank=0.00000 pairs=220
[train] epoch=13 step=340/782 loss=0.03533 cls=0.11776 rank=0.00000 pairs=3
[train] epoch=13 step=350/782 loss=0.03557 cls=0.11855 rank=0.00000 pairs=135
[train] epoch=13 step=360/782 loss=0.03968 cls=0.13228 rank=0.00000 pairs=231
[train] epoch=13 step=370/782 loss=0.06948 cls=0.23160 rank=0.00000 pairs=192
[train] epoch=13 step=380/782 loss=0.03551 cls=0.11836 rank=0.00000 pairs=175
[train] epoch=13 step=390/782 loss=0.03931 cls=0.13104 rank=0.00000 pairs=3
[train] epoch=13 step=400/782 loss=0.03575 cls=0.11918 rank=0.00000 pairs=60
[train] epoch=13 step=410/782 loss=0.03746 cls=0.12486 rank=0.00000 pairs=156
[train] epoch=13 step=420/782 loss=0.03563 cls=0.11877 rank=0.00000 pairs=175
[train] epoch=13 step=430/782 loss=0.03586 cls=0.11954 rank=0.00000 pairs=60
[train] epoch=13 step=440/782 loss=0.03583 cls=0.11944 rank=0.00000 pairs=135
[train] epoch=13 step=450/782 loss=0.03560 cls=0.11866 rank=0.00000 pairs=192
[train] epoch=13 step=460/782 loss=0.03626 cls=0.12085 rank=0.00000 pairs=60
[train] epoch=13 step=470/782 loss=0.05344 cls=0.17813 rank=0.00000 pairs=135
[train] epoch=13 step=480/782 loss=0.03530 cls=0.11768 rank=0.00000 pairs=3
[train] epoch=13 step=490/782 loss=0.03652 cls=0.12172 rank=0.00000 pairs=175
[train] epoch=13 step=500/782 loss=0.03554 cls=0.11848 rank=0.00000 pairs=207
[train] epoch=13 step=510/782 loss=0.03581 cls=0.11937 rank=0.00000 pairs=60
[train] epoch=13 step=520/782 loss=0.03591 cls=0.11972 rank=0.00000 pairs=207
[train] epoch=13 step=530/782 loss=0.03540 cls=0.11801 rank=0.00000 pairs=3
[train] epoch=13 step=540/782 loss=0.03546 cls=0.11819 rank=0.00000 pairs=175
[train] epoch=13 step=550/782 loss=0.03884 cls=0.12948 rank=0.00000 pairs=60
[train] epoch=13 step=560/782 loss=0.03550 cls=0.11832 rank=0.00000 pairs=207
[train] epoch=13 step=570/782 loss=0.03585 cls=0.11951 rank=0.00000 pairs=3
[train] epoch=13 step=580/782 loss=0.03554 cls=0.11848 rank=0.00000 pairs=135
[train] epoch=13 step=590/782 loss=0.03729 cls=0.12431 rank=0.00000 pairs=87
[train] epoch=13 step=600/782 loss=0.03573 cls=0.11908 rank=0.00000 pairs=192
[train] epoch=13 step=610/782 loss=0.03753 cls=0.12509 rank=0.00000 pairs=175
[train] epoch=13 step=620/782 loss=0.04001 cls=0.13336 rank=0.00000 pairs=3
[train] epoch=13 step=630/782 loss=0.03559 cls=0.11862 rank=0.00000 pairs=60
[train] epoch=13 step=640/782 loss=0.04567 cls=0.15222 rank=0.00000 pairs=3
[train] epoch=13 step=650/782 loss=0.03557 cls=0.11856 rank=0.00000 pairs=156
[train] epoch=13 step=660/782 loss=0.03575 cls=0.11916 rank=0.00000 pairs=175
[train] epoch=13 step=670/782 loss=0.03605 cls=0.12018 rank=0.00000 pairs=220
[train] epoch=13 step=680/782 loss=0.03592 cls=0.11974 rank=0.00000 pairs=240
[train] epoch=13 step=690/782 loss=0.03588 cls=0.11961 rank=0.00000 pairs=207
[train] epoch=13 step=700/782 loss=0.20687 cls=0.68958 rank=0.00000 pairs=3
[train] epoch=13 step=710/782 loss=0.05636 cls=0.18785 rank=0.00000 pairs=31
[train] epoch=13 step=720/782 loss=0.03564 cls=0.11880 rank=0.00000 pairs=60
[train] epoch=13 step=730/782 loss=0.04988 cls=0.16625 rank=0.00000 pairs=175
[train] epoch=13 step=740/782 loss=0.03552 cls=0.11839 rank=0.00000 pairs=87
[train] epoch=13 step=750/782 loss=0.03560 cls=0.11868 rank=0.00000 pairs=60
[train] epoch=13 step=760/782 loss=0.04843 cls=0.16144 rank=0.00000 pairs=3
[train] epoch=13 step=770/782 loss=0.03566 cls=0.11888 rank=0.00000 pairs=207
[train] epoch=13 step=780/782 loss=0.03566 cls=0.11886 rank=0.00000 pairs=0
[eval] epoch=13 {"epoch": 13, "train_loss": 0.05953191091237536, "train_classification_loss": 0.15275669424845556, "train_ranking_loss": 0.009136600741915992, "train_ranking_pairs": 104949, "val_loss": 0.1532964033721956, "auroc": 0.9967973471796456, "auprc": 0.996007152456514, "precision": 0.9895755770662695, "recall": 0.9829881656804734, "ranking_group_count": 67.0, "ranking_valid_group_count": 67.0, "ranking_mean_group_size": 42.47761194029851, "ranking_median_group_size": 4.0, "ranking_mean_positive_count": 20.17910447761194, "mean_group_auroc": 0.9203233912619677, "top1_hit": 0.8507462686567164, "top5_hit": 1.0, "top10_hit": 1.0, "top50_hit": 1.0, "top100_hit": 1.0, "mrr": 0.9116915422885571, "ndcg": 0.9345183466938117, "mean_positive_rank": 1.2537313432835822, "external_loss": 0.16273291793087838, "external_auroc": 0.995819329412484, "external_auprc": 0.9954785568493953, "external_precision": 0.9793966151582045, "external_recall": 0.9851961509992598, "external_ranking_group_count": 66.0, "external_ranking_valid_group_count": 66.0, "external_ranking_mean_group_size": 43.03030303030303, "external_ranking_median_group_size": 4.0, "external_ranking_mean_positive_count": 20.46969696969697, "external_mean_group_auroc": 0.9327684471274215, "external_top1_hit": 0.8939393939393939, "external_top5_hit": 1.0, "external_top10_hit": 1.0, "external_top50_hit": 1.0, "external_top100_hit": 1.0, "external_mrr": 0.9368686868686869, "external_ndcg": 0.9498870827450948, "external_mean_positive_rank": 1.1818181818181819, "best_metric": "mrr", "best_metric_value": 0.9368686868686869, "best_metric_source": "external"}
[train] epoch=14 step=10/782 loss=0.03545 cls=0.11816 rank=0.00000 pairs=12
[train] epoch=14 step=20/782 loss=0.03582 cls=0.11940 rank=0.00000 pairs=207
[train] epoch=14 step=30/782 loss=0.03692 cls=0.12305 rank=0.00000 pairs=255
[train] epoch=14 step=40/782 loss=0.03835 cls=0.12784 rank=0.00000 pairs=231
[train] epoch=14 step=50/782 loss=0.07652 cls=0.25507 rank=0.00000 pairs=207
[train] epoch=14 step=60/782 loss=0.04278 cls=0.14259 rank=0.00000 pairs=3
[train] epoch=14 step=70/782 loss=0.03565 cls=0.11882 rank=0.00000 pairs=156
[train] epoch=14 step=80/782 loss=0.04463 cls=0.14876 rank=0.00000 pairs=64
[train] epoch=14 step=90/782 loss=0.12536 cls=0.41786 rank=0.00000 pairs=87
[train] epoch=14 step=100/782 loss=0.03554 cls=0.11848 rank=0.00000 pairs=112
[train] epoch=14 step=110/782 loss=0.03610 cls=0.12032 rank=0.00000 pairs=252
[train] epoch=14 step=120/782 loss=0.04182 cls=0.13941 rank=0.00000 pairs=3
[train] epoch=14 step=130/782 loss=0.03557 cls=0.11858 rank=0.00000 pairs=156
[train] epoch=14 step=140/782 loss=0.03576 cls=0.11921 rank=0.00000 pairs=240
[train] epoch=14 step=150/782 loss=0.03595 cls=0.11984 rank=0.00000 pairs=0
[train] epoch=14 step=160/782 loss=0.04250 cls=0.14168 rank=0.00000 pairs=135
[train] epoch=14 step=170/782 loss=0.03576 cls=0.11921 rank=0.00000 pairs=3
[train] epoch=14 step=180/782 loss=0.03565 cls=0.11883 rank=0.00000 pairs=175
[train] epoch=14 step=190/782 loss=0.03626 cls=0.12086 rank=0.00000 pairs=231
[train] epoch=14 step=200/782 loss=0.03559 cls=0.11863 rank=0.00000 pairs=31
[train] epoch=14 step=210/782 loss=0.03555 cls=0.11852 rank=0.00000 pairs=60
[train] epoch=14 step=220/782 loss=0.12271 cls=0.26114 rank=0.02958 pairs=207
[train] epoch=14 step=230/782 loss=0.03574 cls=0.11913 rank=0.00000 pairs=112
[train] epoch=14 step=240/782 loss=0.08151 cls=0.27172 rank=0.00000 pairs=240
[train] epoch=14 step=250/782 loss=0.03550 cls=0.11835 rank=0.00000 pairs=0
[train] epoch=14 step=260/782 loss=0.03575 cls=0.11916 rank=0.00000 pairs=220
[train] epoch=14 step=270/782 loss=0.03581 cls=0.11937 rank=0.00000 pairs=87
[train] epoch=14 step=280/782 loss=0.03821 cls=0.12738 rank=0.00000 pairs=190
[train] epoch=14 step=290/782 loss=0.03562 cls=0.11873 rank=0.00000 pairs=240
[train] epoch=14 step=300/782 loss=0.03580 cls=0.11934 rank=0.00000 pairs=135
[train] epoch=14 step=310/782 loss=0.07604 cls=0.25345 rank=0.00000 pairs=255
[train] epoch=14 step=320/782 loss=0.03616 cls=0.12052 rank=0.00000 pairs=31
[train] epoch=14 step=330/782 loss=0.03551 cls=0.11838 rank=0.00000 pairs=135
[train] epoch=14 step=340/782 loss=0.03554 cls=0.11846 rank=0.00000 pairs=192
[train] epoch=14 step=350/782 loss=0.03665 cls=0.12218 rank=0.00000 pairs=207
[train] epoch=14 step=360/782 loss=0.03612 cls=0.12040 rank=0.00000 pairs=64
[train] epoch=14 step=370/782 loss=0.03616 cls=0.12054 rank=0.00000 pairs=156
[train] epoch=14 step=380/782 loss=0.03602 cls=0.12007 rank=0.00000 pairs=207
[train] epoch=14 step=390/782 loss=0.03561 cls=0.11871 rank=0.00000 pairs=135
[train] epoch=14 step=400/782 loss=0.03591 cls=0.11969 rank=0.00000 pairs=0
[train] epoch=14 step=410/782 loss=0.03569 cls=0.11898 rank=0.00000 pairs=60
[train] epoch=14 step=420/782 loss=0.03588 cls=0.11961 rank=0.00000 pairs=231
[train] epoch=14 step=430/782 loss=0.83587 cls=1.99375 rank=0.15850 pairs=231
[train] epoch=14 step=440/782 loss=0.03548 cls=0.11825 rank=0.00000 pairs=192
[train] epoch=14 step=450/782 loss=0.03659 cls=0.12197 rank=0.00000 pairs=207
[train] epoch=14 step=460/782 loss=0.03694 cls=0.12314 rank=0.00000 pairs=207
[train] epoch=14 step=470/782 loss=0.39992 cls=0.96605 rank=0.07340 pairs=156
[train] epoch=14 step=480/782 loss=0.03817 cls=0.12722 rank=0.00000 pairs=220
[train] epoch=14 step=490/782 loss=0.03585 cls=0.11950 rank=0.00000 pairs=175
[train] epoch=14 step=500/782 loss=12.05428 cls=3.57241 rank=7.32170 pairs=27
[train] epoch=14 step=510/782 loss=0.03585 cls=0.11951 rank=0.00000 pairs=3
[train] epoch=14 step=520/782 loss=0.03537 cls=0.11791 rank=0.00000 pairs=3
[train] epoch=14 step=530/782 loss=0.03557 cls=0.11856 rank=0.00000 pairs=207
[train] epoch=14 step=540/782 loss=0.03965 cls=0.13217 rank=0.00000 pairs=0
[train] epoch=14 step=550/782 loss=0.03637 cls=0.12122 rank=0.00000 pairs=60
[train] epoch=14 step=560/782 loss=0.03587 cls=0.11956 rank=0.00000 pairs=87
[train] epoch=14 step=570/782 loss=0.03625 cls=0.12084 rank=0.00000 pairs=31
[train] epoch=14 step=580/782 loss=0.03566 cls=0.11887 rank=0.00000 pairs=135
[train] epoch=14 step=590/782 loss=0.03599 cls=0.11996 rank=0.00000 pairs=3
[train] epoch=14 step=600/782 loss=0.03545 cls=0.11818 rank=0.00000 pairs=220
[train] epoch=14 step=610/782 loss=0.03769 cls=0.12563 rank=0.00000 pairs=3
[train] epoch=14 step=620/782 loss=0.06409 cls=0.21364 rank=0.00000 pairs=15
[train] epoch=14 step=630/782 loss=0.03554 cls=0.11846 rank=0.00000 pairs=175
[train] epoch=14 step=640/782 loss=0.03570 cls=0.11901 rank=0.00000 pairs=220
[train] epoch=14 step=650/782 loss=0.05588 cls=0.18627 rank=0.00000 pairs=175
[train] epoch=14 step=660/782 loss=0.03561 cls=0.11870 rank=0.00000 pairs=31
[train] epoch=14 step=670/782 loss=0.03558 cls=0.11860 rank=0.00000 pairs=192
[train] epoch=14 step=680/782 loss=0.03582 cls=0.11941 rank=0.00000 pairs=3
[train] epoch=14 step=690/782 loss=0.03567 cls=0.11889 rank=0.00000 pairs=175
[train] epoch=14 step=700/782 loss=0.04747 cls=0.15823 rank=0.00000 pairs=3
[train] epoch=14 step=710/782 loss=0.06893 cls=0.19003 rank=0.00795 pairs=156
[train] epoch=14 step=720/782 loss=0.03571 cls=0.11902 rank=0.00000 pairs=231
[train] epoch=14 step=730/782 loss=0.03559 cls=0.11865 rank=0.00000 pairs=60
[train] epoch=14 step=740/782 loss=0.03571 cls=0.11903 rank=0.00000 pairs=112
[train] epoch=14 step=750/782 loss=0.03567 cls=0.11888 rank=0.00000 pairs=156
[train] epoch=14 step=760/782 loss=0.08917 cls=0.29723 rank=0.00000 pairs=3
[train] epoch=14 step=770/782 loss=0.03760 cls=0.12535 rank=0.00000 pairs=112
[train] epoch=14 step=780/782 loss=0.03620 cls=0.12065 rank=0.00000 pairs=156
[eval] epoch=14 {"epoch": 14, "train_loss": 0.06019865945386387, "train_classification_loss": 0.1516524876403505, "train_ranking_loss": 0.009801940559236492, "train_ranking_pairs": 104592, "val_loss": 0.14688740996349386, "auroc": 0.9984172389756264, "auprc": 0.997118832643902, "precision": 0.9859675036927622, "recall": 0.9874260355029586, "ranking_group_count": 67.0, "ranking_valid_group_count": 67.0, "ranking_mean_group_size": 42.47761194029851, "ranking_median_group_size": 4.0, "ranking_mean_positive_count": 20.17910447761194, "mean_group_auroc": 0.9601083892666844, "top1_hit": 0.9104477611940298, "top5_hit": 1.0, "top10_hit": 1.0, "top50_hit": 1.0, "top100_hit": 1.0, "mrr": 0.9490049751243781, "ndcg": 0.9630085467995927, "mean_positive_rank": 1.1343283582089552, "external_loss": 0.15509937646943078, "external_auroc": 0.9974682336144806, "external_auprc": 0.9964963286805836, "external_precision": 0.9801616458486407, "external_recall": 0.9874167283493709, "external_ranking_group_count": 66.0, "external_ranking_valid_group_count": 66.0, "external_ranking_mean_group_size": 43.03030303030303, "external_ranking_median_group_size": 4.0, "external_ranking_mean_positive_count": 20.46969696969697, "external_mean_group_auroc": 0.9707126097430585, "external_top1_hit": 0.9393939393939394, "external_top5_hit": 1.0, "external_top10_hit": 1.0, "external_top50_hit": 1.0, "external_top100_hit": 1.0, "external_mrr": 0.9659090909090909, "external_ndcg": 0.9747911105029751, "external_mean_positive_rank": 1.0909090909090908, "best_metric": "mrr", "best_metric_value": 0.9659090909090909, "best_metric_source": "external"}
Early stopping at epoch 14
