sequence_hash,protein_id,header,raw_length,esmc_length,embedding_dim,embedding_shape,embedding_dtype,embedding_path,model_path,status,error
410f1ee5fc15bd0258d67a571e86746ce7d8090aa040785ca6d699eff372fdaf,,ON569258,433,433,1152,433x1152,float16,embeddings/410f1ee5fc15bd0258d67a571e86746ce7d8090aa040785ca6d699eff372fdaf.pt,/data/jnz/esmc-600m/data/weights/esmc_600m_2024_12_v0.pth,ok,
b9fe66df120181864c272cbbd9c5e0605358d2fc1bc643a4a8a1c725e9532aaf,,"GWHPBECS000042	mRNA=GWHTBECS000042	Gene=GWHGBECS000042	Position=GWHBECS00000001: 4639573-4639578, 4639993-4640282, 4640365-4640560, 4640665-4640781, 4640883-4640940, 4641015-4641063, 4641204-4641369, 4641460-4641593, 4641681-4641906, 4641989-4642116, 4642189-4642265, 4642348-4642508, 4642590-4642796, 4642874-4642971, 4643002-4643059, 4643142-4643285, 4643361-4643543, 4643633-4643692: +	Frame=0	OriID=Ebr01G000420.1	OriTrascriptID=Ebr01G000420.1	transl_table=1	OriGeneID=Ebr01G000420	OriSeqID=Chr01",785,785,1152,785x1152,float16,embeddings/b9fe66df120181864c272cbbd9c5e0605358d2fc1bc643a4a8a1c725e9532aaf.pt,/data/jnz/esmc-600m/data/weights/esmc_600m_2024_12_v0.pth,ok,
130f82948d2dd4bd095d3894558f0a78d644dc81f820241b28068e6c9bb9ff3d,,"GWHPBECS000096	mRNA=GWHTBECS000096	Gene=GWHGBECS000096	Position=GWHBECS00000001: 8418891-8419274, 8419367-8419448, 8444857-8445005, 8452097-8452155, 8452604-8452694, 8452832-8453033, 8453147-8453238, 8453311-8453388, 8453499-8453585, 8463849-8463916, 8463998-8464121: -	Frame=0	OriID=Ebr01G000960.1	OriTrascriptID=Ebr01G000960.1	transl_table=1	OriGeneID=Ebr01G000960	OriSeqID=Chr01",471,471,1152,471x1152,float16,embeddings/130f82948d2dd4bd095d3894558f0a78d644dc81f820241b28068e6c9bb9ff3d.pt,/data/jnz/esmc-600m/data/weights/esmc_600m_2024_12_v0.pth,ok,
68d500c7299aab586d7c020bc63c2df4c0cb159968b96000303e0c3a37fe25ff,,"GWHPBECS000143	mRNA=GWHTBECS000143	Gene=GWHGBECS000143	Position=GWHBECS00000001: 10538742-10538880, 10540357-10540446, 10541324-10541453, 10542829-10543016, 10543047-10543145, 10551495-10551850, 10551882-10552038, 10552097-10552239: +	Frame=0	OriID=Ebr01G001430.1	OriTrascriptID=Ebr01G001430.1	transl_table=1	OriGeneID=Ebr01G001430	OriSeqID=Chr01",433,433,1152,433x1152,float16,embeddings/68d500c7299aab586d7c020bc63c2df4c0cb159968b96000303e0c3a37fe25ff.pt,/data/jnz/esmc-600m/data/weights/esmc_600m_2024_12_v0.pth,ok,
923236de556fde92c9bccd4ba2ed0539e3c560d3e8b1f4aa5389d49845b919f1,,GWHPBECS000169	mRNA=GWHTBECS000169	Gene=GWHGBECS000169	Position=GWHBECS00000001: 12775666-12776727: +	Frame=0	OriID=Ebr01G001690.1	OriTrascriptID=Ebr01G001690.1	transl_table=1	OriGeneID=Ebr01G001690	OriSeqID=Chr01,353,353,1152,353x1152,float16,embeddings/923236de556fde92c9bccd4ba2ed0539e3c560d3e8b1f4aa5389d49845b919f1.pt,/data/jnz/esmc-600m/data/weights/esmc_600m_2024_12_v0.pth,ok,
8a99f712cca633bf479cc184efe7603db1a806db63e8fd43cc9012722d669418,,"GWHPBECS000407	mRNA=GWHTBECS000407	Gene=GWHGBECS000407	Position=GWHBECS00000001: 33146835-33147035, 33164507-33164604, 33166276-33166372: +	Frame=0	OriID=Ebr01G004070.1	OriTrascriptID=Ebr01G004070.1	transl_table=1	OriGeneID=Ebr01G004070	OriSeqID=Chr01",131,131,1152,131x1152,float16,embeddings/8a99f712cca633bf479cc184efe7603db1a806db63e8fd43cc9012722d669418.pt,/data/jnz/esmc-600m/data/weights/esmc_600m_2024_12_v0.pth,ok,
aac546577b74655e1a630bd7899f3b30a50a4c0c5754f6bc2494d0ed418cbf36,,"GWHPBECS000444	mRNA=GWHTBECS000444	Gene=GWHGBECS000444	Position=GWHBECS00000001: 36336477-36336959, 36337123-36337479, 36337512-36337724: -	Frame=0	OriID=Ebr01G004440.1	OriTrascriptID=Ebr01G004440.1	transl_table=1	OriGeneID=Ebr01G004440	OriSeqID=Chr01",350,350,1152,350x1152,float16,embeddings/aac546577b74655e1a630bd7899f3b30a50a4c0c5754f6bc2494d0ed418cbf36.pt,/data/jnz/esmc-600m/data/weights/esmc_600m_2024_12_v0.pth,ok,
9aa36042d645cd4a6a6edec54d17d00a182fb61e6526c5db4f467be20b7f4a1c,,"GWHPBECS000445	mRNA=GWHTBECS000445	Gene=GWHGBECS000445	Position=GWHBECS00000001: 36388021-36388512, 36388591-36388940, 36421904-36422027: -	Frame=0	OriID=Ebr01G004450.1	OriTrascriptID=Ebr01G004450.1	transl_table=1	OriGeneID=Ebr01G004450	OriSeqID=Chr01",321,321,1152,321x1152,float16,embeddings/9aa36042d645cd4a6a6edec54d17d00a182fb61e6526c5db4f467be20b7f4a1c.pt,/data/jnz/esmc-600m/data/weights/esmc_600m_2024_12_v0.pth,ok,
0e87619856ca1499349947ef3dc932e4b157aa3cdc09e5e52c29e27cd3602dec,,"GWHPBECS000577	mRNA=GWHTBECS000577	Gene=GWHGBECS000577	Position=GWHBECS00000001: 48631165-48631231, 48632536-48632682, 48632771-48632861, 48633033-48633161, 48633258-48633478, 48633549-48633664, 48638803-48639061, 48639158-48639245, 48639367-48639438, 48639542-48639617, 48640481-48640539, 48640625-48640688, 48640788-48640922: -	Frame=0	OriID=Ebr01G005770.1	OriTrascriptID=Ebr01G005770.1	transl_table=1	OriGeneID=Ebr01G005770	OriSeqID=Chr01",507,507,1152,507x1152,float16,embeddings/0e87619856ca1499349947ef3dc932e4b157aa3cdc09e5e52c29e27cd3602dec.pt,/data/jnz/esmc-600m/data/weights/esmc_600m_2024_12_v0.pth,ok,
1ea0fbcb856f1aaf147d851893142cd5d720db39569466d01e8c0cf17bc82ebc,,"GWHPBECS000578	mRNA=GWHTBECS000578	Gene=GWHGBECS000578	Position=GWHBECS00000001: 48774497-48774743, 48775291-48775381, 48775464-48775551, 48775649-48775677, 48775781-48776001, 48777105-48777220, 48777332-48777590, 48777681-48777768, 48778031-48778102, 48778188-48778263, 48778347-48778399, 48778570-48778633, 48778725-48778871: -	Frame=0	OriID=Ebr01G005780.1	OriTrascriptID=Ebr01G005780.1	transl_table=1	OriGeneID=Ebr01G005780	OriSeqID=Chr01",516,516,1152,516x1152,float16,embeddings/1ea0fbcb856f1aaf147d851893142cd5d720db39569466d01e8c0cf17bc82ebc.pt,/data/jnz/esmc-600m/data/weights/esmc_600m_2024_12_v0.pth,ok,
f7a54cb0f6ee1df4e1b7b984fede5988e9abb20804ad941042346f9d13e85b5a,,"GWHPBECS000624	mRNA=GWHTBECS000624	Gene=GWHGBECS000624	Position=GWHBECS00000001: 55768515-55768598, 55768706-55768994, 55769100-55769285, 55769367-55769476, 55771132-55771213, 55783042-55783277, 55783411-55783531, 55784784-55784839, 55785924-55785997, 55786385-55786431, 55786526-55786575, 55794153-55794215, 55797747-55797827, 55797987-55798097, 55798215-55798290, 55798695-55798837, 55799019-55799092, 55799214-55799316, 55799431-55799523: +	Frame=0	OriID=Ebr01G006240.1	OriTrascriptID=Ebr01G006240.1	transl_table=1	OriGeneID=Ebr01G006240	OriSeqID=Chr01",692,692,1152,692x1152,float16,embeddings/f7a54cb0f6ee1df4e1b7b984fede5988e9abb20804ad941042346f9d13e85b5a.pt,/data/jnz/esmc-600m/data/weights/esmc_600m_2024_12_v0.pth,ok,
2d8e3d282cc7441eea8b1a4b30d653727fa1ed8271510e2ef20dd704a8cec8af,,"GWHPBECS000684	mRNA=GWHTBECS000684	Gene=GWHGBECS000684	Position=GWHBECS00000001: 60207408-60207630, 60207743-60207987, 60208063-60208384, 60210731-60210955, 60219019-60219185, 60219271-60219387, 60247876-60248049, 60248162-60248257, 60248392-60248608, 60248737-60248855, 60251067-60251259, 60251355-60251506, 60251615-60251747, 60251830-60251927: -	Frame=0	OriID=Ebr01G006840.1	OriTrascriptID=Ebr01G006840.1	transl_table=1	OriGeneID=Ebr01G006840	OriSeqID=Chr01",826,826,1152,826x1152,float16,embeddings/2d8e3d282cc7441eea8b1a4b30d653727fa1ed8271510e2ef20dd704a8cec8af.pt,/data/jnz/esmc-600m/data/weights/esmc_600m_2024_12_v0.pth,ok,
3543e272d5efa9f1d92affd81495d96384bb9340d5f64c589e803399136e3c16,,GWHPBECS000785	mRNA=GWHTBECS000785	Gene=GWHGBECS000785	Position=GWHBECS00000001: 69298736-69299797: +	Frame=0	OriID=Ebr01G007850.1	OriTrascriptID=Ebr01G007850.1	transl_table=1	OriGeneID=Ebr01G007850	OriSeqID=Chr01,353,353,1152,353x1152,float16,embeddings/3543e272d5efa9f1d92affd81495d96384bb9340d5f64c589e803399136e3c16.pt,/data/jnz/esmc-600m/data/weights/esmc_600m_2024_12_v0.pth,ok,
1e4d6740567a5b9eb2ff6f76b86f0dd60cb3e3361fc1ec46e803d65afc878937,,"GWHPBECS000786	mRNA=GWHTBECS000786	Gene=GWHGBECS000786	Position=GWHBECS00000001: 69302762-69304540, 69304711-69305515, 69305989-69306953: -	Frame=0	OriID=Ebr01G007860.1	OriTrascriptID=Ebr01G007860.1	transl_table=1	OriGeneID=Ebr01G007860	OriSeqID=Chr01",1182,1182,1152,1182x1152,float16,embeddings/1e4d6740567a5b9eb2ff6f76b86f0dd60cb3e3361fc1ec46e803d65afc878937.pt,/data/jnz/esmc-600m/data/weights/esmc_600m_2024_12_v0.pth,ok,
e810ea2b185b9414c4976fc0836481553d657f8cc1a16012f855fc8a3b8c435a,,"GWHPBECS000885	mRNA=GWHTBECS000885	Gene=GWHGBECS000885	Position=GWHBECS00000001: 78715434-78715608, 78715732-78715840, 78716177-78716282, 78716380-78716411, 78716524-78716747, 78716819-78716931, 78745832-78746057, 78746158-78746245, 78746440-78746523, 78747018-78747093, 78747251-78747294, 78747378-78747447, 78747548-78747765, 78748926-78749031: -	Frame=0	OriID=Ebr01G008850.1	OriTrascriptID=Ebr01G008850.1	transl_table=1	OriGeneID=Ebr01G008850	OriSeqID=Chr01",556,556,1152,556x1152,float16,embeddings/e810ea2b185b9414c4976fc0836481553d657f8cc1a16012f855fc8a3b8c435a.pt,/data/jnz/esmc-600m/data/weights/esmc_600m_2024_12_v0.pth,ok,
a22a939e1bb662bacc57626cb0fe6b150774fc68d236eaae80743ef31401e657,,"GWHPBECS000886	mRNA=GWHTBECS000886	Gene=GWHGBECS000886	Position=GWHBECS00000001: 78812944-78813133, 78813224-78813332, 78813426-78813531, 78813621-78813652, 78813734-78814079, 78814214-78814460, 78814536-78814623, 78814732-78814809, 78814909-78814984, 78815078-78815121, 78815197-78815266, 78815352-78815660: -	Frame=0	OriID=Ebr01G008860.1	OriTrascriptID=Ebr01G008860.1	transl_table=1	OriGeneID=Ebr01G008860	OriSeqID=Chr01",564,564,1152,564x1152,float16,embeddings/a22a939e1bb662bacc57626cb0fe6b150774fc68d236eaae80743ef31401e657.pt,/data/jnz/esmc-600m/data/weights/esmc_600m_2024_12_v0.pth,ok,
d8722e2ccd2689f5e881554b624d44e2d440273679041f05555e6fe9ded21278,,"GWHPBECS000890	mRNA=GWHTBECS000890	Gene=GWHGBECS000890	Position=GWHBECS00000001: 79318265-79318531, 79318620-79318692, 79318778-79318821, 79318913-79318988, 79319095-79319169, 79319256-79319343, 79319467-79319719, 79319812-79319927, 79320018-79320238, 79320331-79320362, 79320455-79320560, 79320700-79320808, 79320893-79321094: +	Frame=0	OriID=Ebr01G008900.1	OriTrascriptID=Ebr01G008900.1	transl_table=1	OriGeneID=Ebr01G008900	OriSeqID=Chr01",553,553,1152,553x1152,float16,embeddings/d8722e2ccd2689f5e881554b624d44e2d440273679041f05555e6fe9ded21278.pt,/data/jnz/esmc-600m/data/weights/esmc_600m_2024_12_v0.pth,ok,
e71a6a65be988bb5f6e8040ec495177fc165f616a3c79768160bcb7a6a26f261,,"GWHPBECS000895	mRNA=GWHTBECS000895	Gene=GWHGBECS000895	Position=GWHBECS00000001: 79611506-79611568, 79611681-79611712, 79611794-79611974: -	Frame=0	OriID=Ebr01G008950.1	OriTrascriptID=Ebr01G008950.1	transl_table=1	OriGeneID=Ebr01G008950	OriSeqID=Chr01",91,91,1152,91x1152,float16,embeddings/e71a6a65be988bb5f6e8040ec495177fc165f616a3c79768160bcb7a6a26f261.pt,/data/jnz/esmc-600m/data/weights/esmc_600m_2024_12_v0.pth,ok,
4a255562f69e6b290c8d915bbd9dd0285279390834e0d7457a0d5a6d6a788fad,,"GWHPBECS000896	mRNA=GWHTBECS000896	Gene=GWHGBECS000896	Position=GWHBECS00000001: 79613079-79613189, 79613275-79613583: -	Frame=0	OriID=Ebr01G008960.1	OriTrascriptID=Ebr01G008960.1	transl_table=1	OriGeneID=Ebr01G008960	OriSeqID=Chr01",139,139,1152,139x1152,float16,embeddings/4a255562f69e6b290c8d915bbd9dd0285279390834e0d7457a0d5a6d6a788fad.pt,/data/jnz/esmc-600m/data/weights/esmc_600m_2024_12_v0.pth,ok,
b1d1bee37f618ed4c54746af1ef6f4a269acc7efa060141d288540db4ece1ae5,,"GWHPBECS000898	mRNA=GWHTBECS000898	Gene=GWHGBECS000898	Position=GWHBECS00000001: 79911855-79912035, 79912128-79912159, 79912252-79912357, 79912497-79912605, 79912690-79912891: +	Frame=0	OriID=Ebr01G008980.1	OriTrascriptID=Ebr01G008980.1	transl_table=1	OriGeneID=Ebr01G008980	OriSeqID=Chr01",209,209,1152,209x1152,float16,embeddings/b1d1bee37f618ed4c54746af1ef6f4a269acc7efa060141d288540db4ece1ae5.pt,/data/jnz/esmc-600m/data/weights/esmc_600m_2024_12_v0.pth,ok,
f54ed4cb52699c255d709d8c4830f3d0987f9123241a6b5f4382a21cdd5bf39f,,"GWHPBECS000903	mRNA=GWHTBECS000903	Gene=GWHGBECS000903	Position=GWHBECS00000001: 79974460-79974720, 79974814-79974886, 79974970-79975013, 79975103-79975178, 79975279-79975353, 79975440-79975527, 79975631-79975862, 79975939-79976057, 79976355-79976575, 79976671-79976702, 79976801-79976906, 79976988-79977096, 79977182-79977368: +	Frame=0	OriID=Ebr01G009030.1	OriTrascriptID=Ebr01G009030.1	transl_table=1	OriGeneID=Ebr01G009030	OriSeqID=Chr01",540,540,1152,540x1152,float16,embeddings/f54ed4cb52699c255d709d8c4830f3d0987f9123241a6b5f4382a21cdd5bf39f.pt,/data/jnz/esmc-600m/data/weights/esmc_600m_2024_12_v0.pth,ok,
dd0f665e9dc7f3f2384504fabaa1474d3cce5752a25a25a3d0cf05202e964022,,"GWHPBECS001040	mRNA=GWHTBECS001040	Gene=GWHGBECS001040	Position=GWHBECS00000001: 93294027-93294150, 93294950-93295017, 93295339-93295523, 93295616-93295781, 93296017-93296168, 93296253-93296457, 93296547-93296704, 93297380-93297515: +	Frame=0	OriID=Ebr01G010400.1	OriTrascriptID=Ebr01G010400.1	transl_table=1	OriGeneID=Ebr01G010400	OriSeqID=Chr01",397,397,1152,397x1152,float16,embeddings/dd0f665e9dc7f3f2384504fabaa1474d3cce5752a25a25a3d0cf05202e964022.pt,/data/jnz/esmc-600m/data/weights/esmc_600m_2024_12_v0.pth,ok,
815ad5cc73ae9a15f75a6b09ecef71a9e7a7a22d5f906d3df57259800a316b8d,,GWHPBECS001198	mRNA=GWHTBECS001198	Gene=GWHGBECS001198	Position=GWHBECS00000001: 105431067-105432467: -	Frame=0	OriID=Ebr01G011980.1	OriTrascriptID=Ebr01G011980.1	transl_table=1	OriGeneID=Ebr01G011980	OriSeqID=Chr01,466,466,1152,466x1152,float16,embeddings/815ad5cc73ae9a15f75a6b09ecef71a9e7a7a22d5f906d3df57259800a316b8d.pt,/data/jnz/esmc-600m/data/weights/esmc_600m_2024_12_v0.pth,ok,
23fcd46b74b8539d90b1f35fca48ada514300712d879b3a0ac29fb09432664b8,,"GWHPBECS001199	mRNA=GWHTBECS001199	Gene=GWHGBECS001199	Position=GWHBECS00000001: 105444735-105444937, 105444969-105445233: -	Frame=0	OriID=Ebr01G011990.1	OriTrascriptID=Ebr01G011990.1	transl_table=1	OriGeneID=Ebr01G011990	OriSeqID=Chr01",155,155,1152,155x1152,float16,embeddings/23fcd46b74b8539d90b1f35fca48ada514300712d879b3a0ac29fb09432664b8.pt,/data/jnz/esmc-600m/data/weights/esmc_600m_2024_12_v0.pth,ok,
8ea204e863f84ab0c61df892a6f316d3979b938414a94fe0e60aa93c53c1837b,,"GWHPBECS001214	mRNA=GWHTBECS001214	Gene=GWHGBECS001214	Position=GWHBECS00000001: 107136973-107137209, 107137304-107137438, 107137538-107137858, 107137958-107138287: -	Frame=0	OriID=Ebr01G012140.1	OriTrascriptID=Ebr01G012140.1	transl_table=1	OriGeneID=Ebr01G012140	OriSeqID=Chr01",340,340,1152,340x1152,float16,embeddings/8ea204e863f84ab0c61df892a6f316d3979b938414a94fe0e60aa93c53c1837b.pt,/data/jnz/esmc-600m/data/weights/esmc_600m_2024_12_v0.pth,ok,
de1f2de84ab56006d9e704868c1aee87eb7e797cf05b8e96f003e366c05385a1,,"GWHPBECS001217	mRNA=GWHTBECS001217	Gene=GWHGBECS001217	Position=GWHBECS00000001: 107230198-107230527, 107230629-107230949, 107231047-107231181, 107231276-107231512: +	Frame=0	OriID=Ebr01G012170.1	OriTrascriptID=Ebr01G012170.1	transl_table=1	OriGeneID=Ebr01G012170	OriSeqID=Chr01",340,340,1152,340x1152,float16,embeddings/de1f2de84ab56006d9e704868c1aee87eb7e797cf05b8e96f003e366c05385a1.pt,/data/jnz/esmc-600m/data/weights/esmc_600m_2024_12_v0.pth,ok,
5e6dd132be0546b72fac1b019f8b0eca108901bce83aa53d510ca7f3566141c1,,"GWHPBECS001219	mRNA=GWHTBECS001219	Gene=GWHGBECS001219	Position=GWHBECS00000001: 107435426-107435755, 107435849-107436169, 107436266-107436397, 107436486-107436677, 107436799-107436864, 107437873-107437896: +	Frame=0	OriID=Ebr01G012190.1	OriTrascriptID=Ebr01G012190.1	transl_table=1	OriGeneID=Ebr01G012190	OriSeqID=Chr01",354,354,1152,354x1152,float16,embeddings/5e6dd132be0546b72fac1b019f8b0eca108901bce83aa53d510ca7f3566141c1.pt,/data/jnz/esmc-600m/data/weights/esmc_600m_2024_12_v0.pth,ok,
f1a725097d3a24929d0f81e17e509b334e57c5eeb16ef46a27b60470643d11ee,,"GWHPBECS001220	mRNA=GWHTBECS001220	Gene=GWHGBECS001220	Position=GWHBECS00000001: 107442138-107442467, 107442561-107442881, 107442978-107443109, 107443198-107443422: +	Frame=0	OriID=Ebr01G012200.1	OriTrascriptID=Ebr01G012200.1	transl_table=1	OriGeneID=Ebr01G012200	OriSeqID=Chr01",335,335,1152,335x1152,float16,embeddings/f1a725097d3a24929d0f81e17e509b334e57c5eeb16ef46a27b60470643d11ee.pt,/data/jnz/esmc-600m/data/weights/esmc_600m_2024_12_v0.pth,ok,
f1a725097d3a24929d0f81e17e509b334e57c5eeb16ef46a27b60470643d11ee,,"GWHPBECS001221	mRNA=GWHTBECS001221	Gene=GWHGBECS001221	Position=GWHBECS00000001: 107448856-107449185, 107449279-107449599, 107449696-107449827, 107449916-107450140: +	Frame=0	OriID=Ebr01G012210.1	OriTrascriptID=Ebr01G012210.1	transl_table=1	OriGeneID=Ebr01G012210	OriSeqID=Chr01",335,335,1152,335x1152,float16,embeddings/f1a725097d3a24929d0f81e17e509b334e57c5eeb16ef46a27b60470643d11ee.pt,/data/jnz/esmc-600m/data/weights/esmc_600m_2024_12_v0.pth,skipped_exists,
694607508118bd245853d9c7dccd0c30b76a5e24088559b01b673b8fe959687c,,"GWHPBECS001222	mRNA=GWHTBECS001222	Gene=GWHGBECS001222	Position=GWHBECS00000001: 107455844-107455888, 107455982-107456302, 107456399-107456530, 107456619-107456843: +	Frame=0	OriID=Ebr01G012220.1	OriTrascriptID=Ebr01G012220.1	transl_table=1	OriGeneID=Ebr01G012220	OriSeqID=Chr01",240,240,1152,240x1152,float16,embeddings/694607508118bd245853d9c7dccd0c30b76a5e24088559b01b673b8fe959687c.pt,/data/jnz/esmc-600m/data/weights/esmc_600m_2024_12_v0.pth,ok,
694607508118bd245853d9c7dccd0c30b76a5e24088559b01b673b8fe959687c,,"GWHPBECS001223	mRNA=GWHTBECS001223	Gene=GWHGBECS001223	Position=GWHBECS00000001: 107462566-107462610, 107462704-107463024, 107463121-107463252, 107463341-107463565: +	Frame=0	OriID=Ebr01G012230.1	OriTrascriptID=Ebr01G012230.1	transl_table=1	OriGeneID=Ebr01G012230	OriSeqID=Chr01",240,240,1152,240x1152,float16,embeddings/694607508118bd245853d9c7dccd0c30b76a5e24088559b01b673b8fe959687c.pt,/data/jnz/esmc-600m/data/weights/esmc_600m_2024_12_v0.pth,skipped_exists,
dbb5106dfe30dd9d46eaebcc767a3bf7ab07babfd3726b5893fbfe9317737b41,,"GWHPBECS001224	mRNA=GWHTBECS001224	Gene=GWHGBECS001224	Position=GWHBECS00000001: 107468986-107469315, 107469409-107469729, 107469849-107469956, 107470045-107470221: +	Frame=0	OriID=Ebr01G012240.1	OriTrascriptID=Ebr01G012240.1	transl_table=1	OriGeneID=Ebr01G012240	OriSeqID=Chr01",311,311,1152,311x1152,float16,embeddings/dbb5106dfe30dd9d46eaebcc767a3bf7ab07babfd3726b5893fbfe9317737b41.pt,/data/jnz/esmc-600m/data/weights/esmc_600m_2024_12_v0.pth,ok,
97f878d2cfd08672ff0b5582e56bb205df1478982eaf59de6fea63d35c2e7dae,,"GWHPBECS001303	mRNA=GWHTBECS001303	Gene=GWHGBECS001303	Position=GWHBECS00000001: 113725664-113726465, 113774161-113774396, 113774505-113774783, 113778057-113778185, 113827331-113827507, 113827605-113827712, 113832734-113832940: +	Frame=0	OriID=Ebr01G013030.1	OriTrascriptID=Ebr01G013030.1	transl_table=1	OriGeneID=Ebr01G013030	OriSeqID=Chr01",645,645,1152,645x1152,float16,embeddings/97f878d2cfd08672ff0b5582e56bb205df1478982eaf59de6fea63d35c2e7dae.pt,/data/jnz/esmc-600m/data/weights/esmc_600m_2024_12_v0.pth,ok,
b40ea48684125fad05beb64ad7931dc5b12a33ba038c9963ef799f4ef43e1965,,GWHPBECS001321	mRNA=GWHTBECS001321	Gene=GWHGBECS001321	Position=GWHBECS00000001: 115409708-115411153: -	Frame=0	OriID=Ebr01G013210.1	OriTrascriptID=Ebr01G013210.1	transl_table=1	OriGeneID=Ebr01G013210	OriSeqID=Chr01,481,481,1152,481x1152,float16,embeddings/b40ea48684125fad05beb64ad7931dc5b12a33ba038c9963ef799f4ef43e1965.pt,/data/jnz/esmc-600m/data/weights/esmc_600m_2024_12_v0.pth,ok,
86186da3ec07a4588c806182d078c726586605fe6e3c1036e4ffdcbf098f5192,,"GWHPBECS001520	mRNA=GWHTBECS001520	Gene=GWHGBECS001520	Position=GWHBECS00000001: 132633544-132633592, 132633681-132633730, 132633810-132633896, 132634124-132634228, 132634411-132634457, 132634592-132634673, 132634784-132634947, 132635101-132635170, 132635339-132635511, 132635526-132635637, 132635961-132636112, 132636542-132636818, 132637007-132637218, 132638025-132638123, 132638571-132638700: +	Frame=0	OriID=Ebr01G015200.1	OriTrascriptID=Ebr01G015200.1	transl_table=1	OriGeneID=Ebr01G015200	OriSeqID=Chr01",602,602,1152,602x1152,float16,embeddings/86186da3ec07a4588c806182d078c726586605fe6e3c1036e4ffdcbf098f5192.pt,/data/jnz/esmc-600m/data/weights/esmc_600m_2024_12_v0.pth,ok,
25f1f5cb74af39e2c1609084a9ba07e5b237018ead72c3cbed09454ad182f933,,"GWHPBECS001660	mRNA=GWHTBECS001660	Gene=GWHGBECS001660	Position=GWHBECS00000001: 146250633-146250771, 146277066-146277189, 146277296-146277581, 146281227-146281361, 146281450-146281587, 146288060-146288167, 146333193-146333356, 146333470-146333655, 146333745-146333865, 146333949-146334179: -	Frame=0	OriID=Ebr01G016600.1	OriTrascriptID=Ebr01G016600.1	transl_table=1	OriGeneID=Ebr01G016600	OriSeqID=Chr01",543,543,1152,543x1152,float16,embeddings/25f1f5cb74af39e2c1609084a9ba07e5b237018ead72c3cbed09454ad182f933.pt,/data/jnz/esmc-600m/data/weights/esmc_600m_2024_12_v0.pth,ok,
034a972d34c7111305b34e4478b6dc8ff53209fb20744f5fe55e17cd3d0a7b34,,"GWHPBECS001699	mRNA=GWHTBECS001699	Gene=GWHGBECS001699	Position=GWHBECS00000001: 151087698-151087927, 151088037-151088725, 151089972-151091854: +	Frame=0	OriID=Ebr01G016990.1	OriTrascriptID=Ebr01G016990.1	transl_table=1	OriGeneID=Ebr01G016990	OriSeqID=Chr01",933,933,1152,933x1152,float16,embeddings/034a972d34c7111305b34e4478b6dc8ff53209fb20744f5fe55e17cd3d0a7b34.pt,/data/jnz/esmc-600m/data/weights/esmc_600m_2024_12_v0.pth,ok,
7b98be0871446f8dba7771df7e9d26b556b89fa88d48c61dcbd9203a64c77b7b,,"GWHPBECS001776	mRNA=GWHTBECS001776	Gene=GWHGBECS001776	Position=GWHBECS00000001: 158940930-158941059, 158941138-158941220, 158941325-158941405, 158941488-158941544, 158941639-158941695, 158941775-158941874, 158941975-158942045, 158942353-158942496, 158942623-158942826, 158942920-158943075, 158943175-158943435, 158943535-158943567, 158943659-158943773, 158955124-158955263, 158955711-158955932, 158956145-158956243, 158956609-158956728, 158956813-158957018, 158968010-158968187, 158968741-158968801, 158968963-158969072, 158969184-158969315, 158969464-158969631, 158969723-158969849, 158970035-158970072, 158970564-158970665, 158970750-158970807, 158970915-158971016, 158987601-158987747, 158987840-158987976, 158988081-158988230, 158988354-158988513, 158988976-158989034, 158989159-158989315, 158989402-158989547, 158989766-158989909, 158996650-158996778, 158997457-158997459: -	Frame=0	OriID=Ebr01G017760.1	OriTrascriptID=Ebr01G017760.1	transl_table=1	OriGeneID=Ebr01G017760	OriSeqID=Chr01",1528,1528,1152,1528x1152,float16,embeddings/7b98be0871446f8dba7771df7e9d26b556b89fa88d48c61dcbd9203a64c77b7b.pt,/data/jnz/esmc-600m/data/weights/esmc_600m_2024_12_v0.pth,ok,
346b205f7acc973c4fb64684ad343efa0f0bdac68083136c53e9b6e4b07bdee7,,"GWHPBECS001860	mRNA=GWHTBECS001860	Gene=GWHGBECS001860	Position=GWHBECS00000001: 165485407-165485743, 165485959-165486090, 165515735-165515852, 165516223-165516289, 165516621-165516740, 165516771-165516836, 165516916-165517036, 165526829-165527103, 165543408-165543487, 165554836-165554938, 165555675-165555757, 165573468-165574081, 165575485-165576494: +	Frame=0	OriID=Ebr01G018600.1	OriTrascriptID=Ebr01G018600.1	transl_table=1	OriGeneID=Ebr01G018600	OriSeqID=Chr01",1041,1041,1152,1041x1152,float16,embeddings/346b205f7acc973c4fb64684ad343efa0f0bdac68083136c53e9b6e4b07bdee7.pt,/data/jnz/esmc-600m/data/weights/esmc_600m_2024_12_v0.pth,ok,
afde3f7eabe4bcc40a60ba610fe4361350c23d2742dc7ff732c9dcb4587ff826,,"GWHPBECS001896	mRNA=GWHTBECS001896	Gene=GWHGBECS001896	Position=GWHBECS00000001: 168150769-168151891, 168152197-168152257, 168152353-168152494: -	Frame=0	OriID=Ebr01G018960.1	OriTrascriptID=Ebr01G018960.1	transl_table=1	OriGeneID=Ebr01G018960	OriSeqID=Chr01",441,441,1152,441x1152,float16,embeddings/afde3f7eabe4bcc40a60ba610fe4361350c23d2742dc7ff732c9dcb4587ff826.pt,/data/jnz/esmc-600m/data/weights/esmc_600m_2024_12_v0.pth,ok,
9f45a6640684ac6975be68b1995eaa20e25046719ccabb67bebe91e3d6aadebf,,"GWHPBECS002024	mRNA=GWHTBECS002024	Gene=GWHGBECS002024	Position=GWHBECS00000001: 177970725-177970795, 177971101-177971124, 177971376-177971479, 177973755-177973844, 177975679-177975821, 177975859-177976050, 177976117-177976149, 177976271-177976720: -	Frame=0	OriID=Ebr01G020240.1	OriTrascriptID=Ebr01G020240.1	transl_table=1	OriGeneID=Ebr01G020240	OriSeqID=Chr01",368,368,1152,368x1152,float16,embeddings/9f45a6640684ac6975be68b1995eaa20e25046719ccabb67bebe91e3d6aadebf.pt,/data/jnz/esmc-600m/data/weights/esmc_600m_2024_12_v0.pth,ok,
e444bd1b2e76b61f6b77cdc36d96b9834230b583e4fb7b2fc65f8aae7b405b06,,"GWHPBECS002215	mRNA=GWHTBECS002215	Gene=GWHGBECS002215	Position=GWHBECS00000001: 191266228-191266259, 191266346-191266685: +	Frame=0	OriID=Ebr01G022150.1	OriTrascriptID=Ebr01G022150.1	transl_table=1	OriGeneID=Ebr01G022150	OriSeqID=Chr01",123,123,1152,123x1152,float16,embeddings/e444bd1b2e76b61f6b77cdc36d96b9834230b583e4fb7b2fc65f8aae7b405b06.pt,/data/jnz/esmc-600m/data/weights/esmc_600m_2024_12_v0.pth,ok,
d0a3bea0a71039db0b4a2bd845e4c68566c9024f2dd59a21bb5839add43c1ce0,,"GWHPBECS002303	mRNA=GWHTBECS002303	Gene=GWHGBECS002303	Position=GWHBECS00000001: 198904910-198905824, 198936595-198936960, 198937042-198937230: +	Frame=0	OriID=Ebr01G023030.1	OriTrascriptID=Ebr01G023030.1	transl_table=1	OriGeneID=Ebr01G023030	OriSeqID=Chr01",489,489,1152,489x1152,float16,embeddings/d0a3bea0a71039db0b4a2bd845e4c68566c9024f2dd59a21bb5839add43c1ce0.pt,/data/jnz/esmc-600m/data/weights/esmc_600m_2024_12_v0.pth,ok,
7191c9c5c52a545e8822d12c25ae6d0764149a1c72ee59020cd0dab5d3251a87,,"GWHPBECS002448	mRNA=GWHTBECS002448	Gene=GWHGBECS002448	Position=GWHBECS00000001: 209996032-209996197, 209996320-209996428, 209996597-209996702, 209996810-209996841, 209996951-209997171, 209997345-209997460, 209997530-209997779, 209997866-209997953, 209998072-209998149, 209998257-209998332, 209998425-209998468, 209998569-209998638, 209999169-209999471: -	Frame=0	OriID=Ebr01G024480.1	OriTrascriptID=Ebr01G024480.1	transl_table=1	OriGeneID=Ebr01G024480	OriSeqID=Chr01",552,552,1152,552x1152,float16,embeddings/7191c9c5c52a545e8822d12c25ae6d0764149a1c72ee59020cd0dab5d3251a87.pt,/data/jnz/esmc-600m/data/weights/esmc_600m_2024_12_v0.pth,ok,
519f97a1a344a4faff10866dbd8e7c137cc0aaebb7e4c81f6006cd121154f221,,"GWHPBECS002449	mRNA=GWHTBECS002449	Gene=GWHGBECS002449	Position=GWHBECS00000001: 210085427-210085546, 210085630-210085832, 210086011-210086113: -	Frame=0	OriID=Ebr01G024490.1	OriTrascriptID=Ebr01G024490.1	transl_table=1	OriGeneID=Ebr01G024490	OriSeqID=Chr01",141,141,1152,141x1152,float16,embeddings/519f97a1a344a4faff10866dbd8e7c137cc0aaebb7e4c81f6006cd121154f221.pt,/data/jnz/esmc-600m/data/weights/esmc_600m_2024_12_v0.pth,ok,
80463ec66e0d24db43ffdd7d4e0e239631b4de5a13c0f6fc76fdffaa1b18a687,,"GWHPBECS002455	mRNA=GWHTBECS002455	Gene=GWHGBECS002455	Position=GWHBECS00000001: 210515778-210515846, 210516636-210516742, 210516805-210516820, 210519025-210519074, 210519622-210520173, 210521389-210521422, 210521859-210521954: +	Frame=0	OriID=Ebr01G024550.1	OriTrascriptID=Ebr01G024550.1	transl_table=1	OriGeneID=Ebr01G024550	OriSeqID=Chr01",307,307,1152,307x1152,float16,embeddings/80463ec66e0d24db43ffdd7d4e0e239631b4de5a13c0f6fc76fdffaa1b18a687.pt,/data/jnz/esmc-600m/data/weights/esmc_600m_2024_12_v0.pth,ok,
ea30a1eb4c1ed3e013ea95e86a012531e70f51eb81bfb8c86f72d3087325718d,,"GWHPBECS002507	mRNA=GWHTBECS002507	Gene=GWHGBECS002507	Position=GWHBECS00000001: 215102068-215102105, 215102894-215103142, 215103381-215103738, 215103824-215104399, 215104508-215104669: +	Frame=0	OriID=Ebr01G025070.1	OriTrascriptID=Ebr01G025070.1	transl_table=1	OriGeneID=Ebr01G025070	OriSeqID=Chr01",460,460,1152,460x1152,float16,embeddings/ea30a1eb4c1ed3e013ea95e86a012531e70f51eb81bfb8c86f72d3087325718d.pt,/data/jnz/esmc-600m/data/weights/esmc_600m_2024_12_v0.pth,ok,
fb55b02371920eed20156efce4808048dea4a643e1ecd07d0d7d024b98d21957,,GWHPBECS002578	mRNA=GWHTBECS002578	Gene=GWHGBECS002578	Position=GWHBECS00000001: 220295218-220295907: -	Frame=0	OriID=Ebr01G025780.1	OriTrascriptID=Ebr01G025780.1	transl_table=1	OriGeneID=Ebr01G025780	OriSeqID=Chr01,229,229,1152,229x1152,float16,embeddings/fb55b02371920eed20156efce4808048dea4a643e1ecd07d0d7d024b98d21957.pt,/data/jnz/esmc-600m/data/weights/esmc_600m_2024_12_v0.pth,ok,
fdb606fbdab176b1f3ce81ec9a8d9bff732930dd706636c66cf96b3ca4bd99a1,,GWHPBECS002579	mRNA=GWHTBECS002579	Gene=GWHGBECS002579	Position=GWHBECS00000001: 220297566-220298621: -	Frame=0	OriID=Ebr01G025790.1	OriTrascriptID=Ebr01G025790.1	transl_table=1	OriGeneID=Ebr01G025790	OriSeqID=Chr01,351,351,1152,351x1152,float16,embeddings/fdb606fbdab176b1f3ce81ec9a8d9bff732930dd706636c66cf96b3ca4bd99a1.pt,/data/jnz/esmc-600m/data/weights/esmc_600m_2024_12_v0.pth,ok,
8bfa253f33028ef9f30105e0e2a233509eae17e2a8853f04e5dfbb54bd362821,,GWHPBECS002649	mRNA=GWHTBECS002649	Gene=GWHGBECS002649	Position=GWHBECS00000001: 228740463-228741587: -	Frame=0	OriID=Ebr01G026490.1	OriTrascriptID=Ebr01G026490.1	transl_table=1	OriGeneID=Ebr01G026490	OriSeqID=Chr01,374,374,1152,374x1152,float16,embeddings/8bfa253f33028ef9f30105e0e2a233509eae17e2a8853f04e5dfbb54bd362821.pt,/data/jnz/esmc-600m/data/weights/esmc_600m_2024_12_v0.pth,ok,
8b1dffce2926db04576d30528b3aac15e6b1ca3bdb8f64685c30a5bb09f8b935,,"GWHPBECS002691	mRNA=GWHTBECS002691	Gene=GWHGBECS002691	Position=GWHBECS00000001: 233093810-233093992, 233099073-233099222, 233099316-233099363, 233099969-233100045, 233100166-233100268, 233126387-233126517, 233126814-233126991, 233127082-233127139, 233127410-233127473, 233151614-233151784, 233156587-233156698, 233178711-233178953, 233190238-233190390: -	Frame=0	OriID=Ebr01G026910.1	OriTrascriptID=Ebr01G026910.1	transl_table=1	OriGeneID=Ebr01G026910	OriSeqID=Chr01",556,556,1152,556x1152,float16,embeddings/8b1dffce2926db04576d30528b3aac15e6b1ca3bdb8f64685c30a5bb09f8b935.pt,/data/jnz/esmc-600m/data/weights/esmc_600m_2024_12_v0.pth,ok,
ca6ab12660985c0e3abc51bf524d7c441270b0a1108cc20679ba505d08af403a,,GWHPBECS002737	mRNA=GWHTBECS002737	Gene=GWHGBECS002737	Position=GWHBECS00000001: 238794061-238797123: +	Frame=0	OriID=Ebr01G027370.1	OriTrascriptID=Ebr01G027370.1	transl_table=1	OriGeneID=Ebr01G027370	OriSeqID=Chr01,1020,1020,1152,1020x1152,float16,embeddings/ca6ab12660985c0e3abc51bf524d7c441270b0a1108cc20679ba505d08af403a.pt,/data/jnz/esmc-600m/data/weights/esmc_600m_2024_12_v0.pth,ok,
514740c5a5b01875273dab8b89f9a9c9230b45e4981f46dca81db1b226f69409,,"GWHPBECS002754	mRNA=GWHTBECS002754	Gene=GWHGBECS002754	Position=GWHBECS00000001: 240243993-240244602, 240244911-240244986, 240245071-240245186, 240284228-240284745: +	Frame=0	OriID=Ebr01G027540.1	OriTrascriptID=Ebr01G027540.1	transl_table=1	OriGeneID=Ebr01G027540	OriSeqID=Chr01",439,439,1152,439x1152,float16,embeddings/514740c5a5b01875273dab8b89f9a9c9230b45e4981f46dca81db1b226f69409.pt,/data/jnz/esmc-600m/data/weights/esmc_600m_2024_12_v0.pth,ok,
820106a376903677f1b9470680ae3c7fda043b74252510f688fe814d3a5ec191,,"GWHPBECS002775	mRNA=GWHTBECS002775	Gene=GWHGBECS002775	Position=GWHBECS00000001: 241815206-241815343, 241815434-241815503, 241815602-241815660, 241815789-241815864, 241816005-241816082, 241816173-241816260, 241820523-241820775, 241820874-241820989, 241821133-241821347, 241821436-241821467, 241821555-241821657, 241821748-241821856, 241821948-241822116: +	Frame=0	OriID=Ebr01G027750.1	OriTrascriptID=Ebr01G027750.1	transl_table=1	OriGeneID=Ebr01G027750	OriSeqID=Chr01",501,501,1152,501x1152,float16,embeddings/820106a376903677f1b9470680ae3c7fda043b74252510f688fe814d3a5ec191.pt,/data/jnz/esmc-600m/data/weights/esmc_600m_2024_12_v0.pth,ok,
80e49e7253ba1a07b7a9ef0c7558fefe6b05b9bc7d51ac40499545eaa4aca527,,"GWHPBECS002776	mRNA=GWHTBECS002776	Gene=GWHGBECS002776	Position=GWHBECS00000001: 241833547-241833684, 241833775-241833844, 241833943-241834001, 241834129-241834204, 241834358-241834420, 241834511-241834553, 241838847-241839099, 241839201-241839316, 241839460-241839674, 241839763-241839794, 241839882-241839984, 241840075-241840183, 241840275-241840368, 241841415-241841546, 241843746-241843769: +	Frame=0	OriID=Ebr01G027760.1	OriTrascriptID=Ebr01G027760.1	transl_table=1	OriGeneID=Ebr01G027760	OriSeqID=Chr01",508,508,1152,508x1152,float16,embeddings/80e49e7253ba1a07b7a9ef0c7558fefe6b05b9bc7d51ac40499545eaa4aca527.pt,/data/jnz/esmc-600m/data/weights/esmc_600m_2024_12_v0.pth,ok,
b0c8fce95a5b4ac60dc37046139e20b3d5bdceff36c3fb9c85c2586a55cff7a7,,"GWHPBECS002777	mRNA=GWHTBECS002777	Gene=GWHGBECS002777	Position=GWHBECS00000001: 241851869-241852049, 241852110-241852166, 241852265-241852323, 241852451-241852526, 241852665-241852742, 241852833-241852920, 241857177-241857429, 241857529-241857644, 241857790-241858004, 241858093-241858124, 241858212-241858314, 241858405-241858513, 241858603-241858771: +	Frame=0	OriID=Ebr01G027770.1	OriTrascriptID=Ebr01G027770.1	transl_table=1	OriGeneID=Ebr01G027770	OriSeqID=Chr01",511,511,1152,511x1152,float16,embeddings/b0c8fce95a5b4ac60dc37046139e20b3d5bdceff36c3fb9c85c2586a55cff7a7.pt,/data/jnz/esmc-600m/data/weights/esmc_600m_2024_12_v0.pth,ok,
13152db1553791f43a21d6bad0d6e14c1079e17f448f1677dabed41e024cef34,,GWHPBECS002781	mRNA=GWHTBECS002781	Gene=GWHGBECS002781	Position=GWHBECS00000001: 242143555-242144856: +	Frame=0	OriID=Ebr01G027810.1	OriTrascriptID=Ebr01G027810.1	transl_table=1	OriGeneID=Ebr01G027810	OriSeqID=Chr01,433,433,1152,433x1152,float16,embeddings/13152db1553791f43a21d6bad0d6e14c1079e17f448f1677dabed41e024cef34.pt,/data/jnz/esmc-600m/data/weights/esmc_600m_2024_12_v0.pth,ok,
ef2c18bc45879f99af0e5302e07a65b8e1c276919b682c0564874216f98b9a0a,,GWHPBECS002782	mRNA=GWHTBECS002782	Gene=GWHGBECS002782	Position=GWHBECS00000001: 242177584-242178879: +	Frame=0	OriID=Ebr01G027820.1	OriTrascriptID=Ebr01G027820.1	transl_table=1	OriGeneID=Ebr01G027820	OriSeqID=Chr01,431,431,1152,431x1152,float16,embeddings/ef2c18bc45879f99af0e5302e07a65b8e1c276919b682c0564874216f98b9a0a.pt,/data/jnz/esmc-600m/data/weights/esmc_600m_2024_12_v0.pth,ok,
cae3f47314fb95433da8f27a488edf762875d245cf1fae69932d008722b1c5e0,,GWHPBECS002783	mRNA=GWHTBECS002783	Gene=GWHGBECS002783	Position=GWHBECS00000001: 242216412-242217131: +	Frame=0	OriID=Ebr01G027830.1	OriTrascriptID=Ebr01G027830.1	transl_table=1	OriGeneID=Ebr01G027830	OriSeqID=Chr01,239,239,1152,239x1152,float16,embeddings/cae3f47314fb95433da8f27a488edf762875d245cf1fae69932d008722b1c5e0.pt,/data/jnz/esmc-600m/data/weights/esmc_600m_2024_12_v0.pth,ok,
ccaef5a8d31f58095618639908ebf7a50fcedc43060c6d726a3ebfee38359d05,,"GWHPBECS002833	mRNA=GWHTBECS002833	Gene=GWHGBECS002833	Position=GWHBECS00000001: 246533673-246534092, 246562151-246562223, 246563009-246563085, 246571030-246571118, 246572016-246572213, 246590373-246590577, 246590658-246590825, 246604943-246605110, 246605235-246605425, 246618532-246618700: +	Frame=0	OriID=Ebr01G028330.1	OriTrascriptID=Ebr01G028330.1	transl_table=1	OriGeneID=Ebr01G028330	OriSeqID=Chr01",585,585,1152,585x1152,float16,embeddings/ccaef5a8d31f58095618639908ebf7a50fcedc43060c6d726a3ebfee38359d05.pt,/data/jnz/esmc-600m/data/weights/esmc_600m_2024_12_v0.pth,ok,
b9413b0e7e4a1c6bd568b7cd524fdb7a00d8c2f0fc26a5d7be6cceb29b121d1d,,"GWHPBECS002895	mRNA=GWHTBECS002895	Gene=GWHGBECS002895	Position=GWHBECS00000001: 252303411-252303918, 252303990-252304942: +	Frame=0	OriID=Ebr01G028950.1	OriTrascriptID=Ebr01G028950.1	transl_table=1	OriGeneID=Ebr01G028950	OriSeqID=Chr01",486,486,1152,486x1152,float16,embeddings/b9413b0e7e4a1c6bd568b7cd524fdb7a00d8c2f0fc26a5d7be6cceb29b121d1d.pt,/data/jnz/esmc-600m/data/weights/esmc_600m_2024_12_v0.pth,ok,
438294a45c6f20a42831a4f696d7e9d952e0119e5d8328df86011a90e7f16d82,,"GWHPBECS002962	mRNA=GWHTBECS002962	Gene=GWHGBECS002962	Position=GWHBECS00000001: 258540641-258541224, 258541853-258542528: +	Frame=0	OriID=Ebr01G029620.1	OriTrascriptID=Ebr01G029620.1	transl_table=1	OriGeneID=Ebr01G029620	OriSeqID=Chr01",419,419,1152,419x1152,float16,embeddings/438294a45c6f20a42831a4f696d7e9d952e0119e5d8328df86011a90e7f16d82.pt,/data/jnz/esmc-600m/data/weights/esmc_600m_2024_12_v0.pth,ok,
1bdb9af61e4a76c20c1b6ae9d1dd678290c3c6d5346016c088820bb1d91cd3e9,,"GWHPBECS003076	mRNA=GWHTBECS003076	Gene=GWHGBECS003076	Position=GWHBECS00000001: 268707997-268708247, 268709177-268709198, 268709622-268709657, 268710802-268710864: +	Frame=0	OriID=Ebr01G030760.1	OriTrascriptID=Ebr01G030760.1	transl_table=1	OriGeneID=Ebr01G030760	OriSeqID=Chr01",123,123,1152,123x1152,float16,embeddings/1bdb9af61e4a76c20c1b6ae9d1dd678290c3c6d5346016c088820bb1d91cd3e9.pt,/data/jnz/esmc-600m/data/weights/esmc_600m_2024_12_v0.pth,ok,
b9cef8d4ef6eb29b30b01616ab0321cfdd3dd74ba211a654eb813a4da15ff991,,"GWHPBECS003077	mRNA=GWHTBECS003077	Gene=GWHGBECS003077	Position=GWHBECS00000001: 268710912-268711157, 268712138-268712179, 268712544-268712584, 268713191-268713254: +	Frame=0	OriID=Ebr01G030770.1	OriTrascriptID=Ebr01G030770.1	transl_table=1	OriGeneID=Ebr01G030770	OriSeqID=Chr01",130,130,1152,130x1152,float16,embeddings/b9cef8d4ef6eb29b30b01616ab0321cfdd3dd74ba211a654eb813a4da15ff991.pt,/data/jnz/esmc-600m/data/weights/esmc_600m_2024_12_v0.pth,ok,
82b1c2134a5df13e48e2ae3584b2aa770119dc1f7f1aec124e305589bed26efb,,"GWHPBECS003121	mRNA=GWHTBECS003122	Gene=GWHGBECS003122	Position=GWHBECS00000001: 273311435-273311704, 273311738-273312388, 273312470-273312676, 273312744-273313478, 273313512-273313826: -	Frame=0	OriID=Ebr01G031220.1	OriTrascriptID=Ebr01G031220.1	transl_table=1	OriGeneID=Ebr01G031220	OriSeqID=Chr01",725,725,1152,725x1152,float16,embeddings/82b1c2134a5df13e48e2ae3584b2aa770119dc1f7f1aec124e305589bed26efb.pt,/data/jnz/esmc-600m/data/weights/esmc_600m_2024_12_v0.pth,ok,
3bd33191dbcc55d1157cd18f7c106fc7b69de668b30ce1a3ebebb4983602c9dd,,"GWHPBECS003134	mRNA=GWHTBECS003135	Gene=GWHGBECS003135	Position=GWHBECS00000001: 274561719-274562241, 274562800-274563008, 274563093-274563193, 274563279-274563474: -	Frame=0	OriID=Ebr01G031350.1	OriTrascriptID=Ebr01G031350.1	transl_table=1	OriGeneID=Ebr01G031350	OriSeqID=Chr01",342,342,1152,342x1152,float16,embeddings/3bd33191dbcc55d1157cd18f7c106fc7b69de668b30ce1a3ebebb4983602c9dd.pt,/data/jnz/esmc-600m/data/weights/esmc_600m_2024_12_v0.pth,ok,
df6b1e9d9816cfef9947b760dc69bd8d9eb459f2e28557a58ba6dff90bf08475,,"GWHPBECS003170	mRNA=GWHTBECS003171	Gene=GWHGBECS003171	Position=GWHBECS00000001: 278464681-278464908, 278465017-278465394: +	Frame=0	OriID=Ebr01G031710.1	OriTrascriptID=Ebr01G031710.1	transl_table=1	OriGeneID=Ebr01G031710	OriSeqID=Chr01",201,201,1152,201x1152,float16,embeddings/df6b1e9d9816cfef9947b760dc69bd8d9eb459f2e28557a58ba6dff90bf08475.pt,/data/jnz/esmc-600m/data/weights/esmc_600m_2024_12_v0.pth,ok,
d9695c8ffcb35e6211a0a9af9f2c368fc1044aa0cea8fe5041b71b0e1b2dce10,,"GWHPBECS003325	mRNA=GWHTBECS003326	Gene=GWHGBECS003326	Position=GWHBECS00000001: 295090337-295090868, 295110347-295110422, 295110510-295110625, 295110725-295111239: +	Frame=0	OriID=Ebr01G033260.1	OriTrascriptID=Ebr01G033260.1	transl_table=1	OriGeneID=Ebr01G033260	OriSeqID=Chr01",412,412,1152,412x1152,float16,embeddings/d9695c8ffcb35e6211a0a9af9f2c368fc1044aa0cea8fe5041b71b0e1b2dce10.pt,/data/jnz/esmc-600m/data/weights/esmc_600m_2024_12_v0.pth,ok,
9b9aef64381b546cc7ce8cc598a4c1b9a1c268942fe040f2cd71b3fb837d4796,,"GWHPBECS003383	mRNA=GWHTBECS003384	Gene=GWHGBECS003384	Position=GWHBECS00000001: 299679316-299680484, 299681416-299681497: -	Frame=0	OriID=Ebr01G033840.1	OriTrascriptID=Ebr01G033840.1	transl_table=1	OriGeneID=Ebr01G033840	OriSeqID=Chr01",416,416,1152,416x1152,float16,embeddings/9b9aef64381b546cc7ce8cc598a4c1b9a1c268942fe040f2cd71b3fb837d4796.pt,/data/jnz/esmc-600m/data/weights/esmc_600m_2024_12_v0.pth,ok,
e46e57a51b7dfe180deb68b232cf92d7dc120e22fe897552ec276b5d05f038f4,,"GWHPBECS003418	mRNA=GWHTBECS003419	Gene=GWHGBECS003419	Position=GWHBECS00000001: 303414909-303415110, 303415192-303416531: +	Frame=0	OriID=Ebr01G034190.1	OriTrascriptID=Ebr01G034190.1	transl_table=1	OriGeneID=Ebr01G034190	OriSeqID=Chr01",513,513,1152,513x1152,float16,embeddings/e46e57a51b7dfe180deb68b232cf92d7dc120e22fe897552ec276b5d05f038f4.pt,/data/jnz/esmc-600m/data/weights/esmc_600m_2024_12_v0.pth,ok,
b14aca5c4562f57d6720977806380d65bcefdd19fdd99da22d471defcd12cdd4,,"GWHPBECS003544	mRNA=GWHTBECS003546	Gene=GWHGBECS003546	Position=GWHBECS00000001: 316583707-316583815, 316584043-316584106, 316584933-316584989, 316586601-316586745, 316586801-316586974, 316587039-316587122, 316587157-316587255, 316587295-316587438: -	Frame=0	OriID=Ebr01G035460.1	OriTrascriptID=Ebr01G035460.1	transl_table=1	OriGeneID=Ebr01G035460	OriSeqID=Chr01",291,291,1152,291x1152,float16,embeddings/b14aca5c4562f57d6720977806380d65bcefdd19fdd99da22d471defcd12cdd4.pt,/data/jnz/esmc-600m/data/weights/esmc_600m_2024_12_v0.pth,ok,
b5b18402ef51e3dda6d52a138dbbf74c8980899a8766fc4f6dbf17ee2304a54b,,"GWHPBECS003545	mRNA=GWHTBECS003547	Gene=GWHGBECS003547	Position=GWHBECS00000001: 316590686-316590722, 316592125-316592161, 316592780-316592867, 316592977-316593095, 316593163-316593352, 316593417-316593500, 316593535-316593655, 316593692-316593816: -	Frame=0	OriID=Ebr01G035470.1	OriTrascriptID=Ebr01G035470.1	transl_table=1	OriGeneID=Ebr01G035470	OriSeqID=Chr01",266,266,1152,266x1152,float16,embeddings/b5b18402ef51e3dda6d52a138dbbf74c8980899a8766fc4f6dbf17ee2304a54b.pt,/data/jnz/esmc-600m/data/weights/esmc_600m_2024_12_v0.pth,ok,
562f5969d9a7a2a426b8d1cbce54494565e027f0f692e4ea6e2b1cf37b69df2f,,"GWHPBECS003549	mRNA=GWHTBECS003551	Gene=GWHGBECS003551	Position=GWHBECS00000001: 316808339-316808852, 316809074-316809423, 316842559-316842825, 316843094-316843375: -	Frame=0	OriID=Ebr01G035510.1	OriTrascriptID=Ebr01G035510.1	transl_table=1	OriGeneID=Ebr01G035510	OriSeqID=Chr01",470,470,1152,470x1152,float16,embeddings/562f5969d9a7a2a426b8d1cbce54494565e027f0f692e4ea6e2b1cf37b69df2f.pt,/data/jnz/esmc-600m/data/weights/esmc_600m_2024_12_v0.pth,ok,
dcf7a1c0169e8b8e2aada4a85b3f5bb05836095d8257c384055374c9525b96d9,,"GWHPBECS003599	mRNA=GWHTBECS003601	Gene=GWHGBECS003601	Position=GWHBECS00000001: 321538796-321538927, 321539069-321539137, 321563920-321564030, 321575018-321575173, 321601535-321601682, 321601784-321601941, 321616341-321616514, 321616607-321617107: -	Frame=0	OriID=Ebr01G036010.1	OriTrascriptID=Ebr01G036010.1	transl_table=1	OriGeneID=Ebr01G036010	OriSeqID=Chr01",482,482,1152,482x1152,float16,embeddings/dcf7a1c0169e8b8e2aada4a85b3f5bb05836095d8257c384055374c9525b96d9.pt,/data/jnz/esmc-600m/data/weights/esmc_600m_2024_12_v0.pth,ok,
9a8f95462d5e2b7bfac692f95b1a07ce91b746bc567d5495e6bc042830ae106d,,"GWHPBECS003659	mRNA=GWHTBECS003661	Gene=GWHGBECS003661	Position=GWHBECS00000001: 325901060-325901240, 325901800-325901881, 325901972-325902041, 325902332-325902496, 325902627-325902770, 325919018-325919266, 325940473-325940628, 325984122-325984235: -	Frame=0	OriID=Ebr01G036610.1	OriTrascriptID=Ebr01G036610.1	transl_table=1	OriGeneID=Ebr01G036610	OriSeqID=Chr01",386,386,1152,386x1152,float16,embeddings/9a8f95462d5e2b7bfac692f95b1a07ce91b746bc567d5495e6bc042830ae106d.pt,/data/jnz/esmc-600m/data/weights/esmc_600m_2024_12_v0.pth,ok,
b77178be0c697752b8a54773edbac0166c269dcfdbba01dde568250920750b29,,"GWHPBECS003689	mRNA=GWHTBECS003691	Gene=GWHGBECS003691	Position=GWHBECS00000001: 328148658-328148869, 328149453-328149519, 328149551-328149939, 328149971-328150118: +	Frame=0	OriID=Ebr01G036910.1	OriTrascriptID=Ebr01G036910.1	transl_table=1	OriGeneID=Ebr01G036910	OriSeqID=Chr01",271,271,1152,271x1152,float16,embeddings/b77178be0c697752b8a54773edbac0166c269dcfdbba01dde568250920750b29.pt,/data/jnz/esmc-600m/data/weights/esmc_600m_2024_12_v0.pth,ok,
cf4e0e8a7497639af2b40bb7061ceccea091fd9ff594e8591ee32bd3205cd1a1,,"GWHPBECS003766	mRNA=GWHTBECS003768	Gene=GWHGBECS003768	Position=GWHBECS00000001: 335217329-335217425, 335231862-335231929, 335236090-335236266, 335236442-335236594, 335236678-335236761, 335264378-335264460, 335264555-335264618, 335265157-335265290, 335265370-335265601: -	Frame=0	OriID=Ebr01G037680.1	OriTrascriptID=Ebr01G037680.1	transl_table=1	OriGeneID=Ebr01G037680	OriSeqID=Chr01",363,363,1152,363x1152,float16,embeddings/cf4e0e8a7497639af2b40bb7061ceccea091fd9ff594e8591ee32bd3205cd1a1.pt,/data/jnz/esmc-600m/data/weights/esmc_600m_2024_12_v0.pth,ok,
8d3e8f8477e43137c876eb8bcbd40010ee8ef0242c1bbc56a1788034becfa435,,"GWHPBECS003819	mRNA=GWHTBECS003821	Gene=GWHGBECS003821	Position=GWHBECS00000001: 339394685-339395069, 339395101-339395402, 339395575-339395827, 339395978-339396079, 339397156-339397361: -	Frame=0	OriID=Ebr01G038210.1	OriTrascriptID=Ebr01G038210.1	transl_table=1	OriGeneID=Ebr01G038210	OriSeqID=Chr01",415,415,1152,415x1152,float16,embeddings/8d3e8f8477e43137c876eb8bcbd40010ee8ef0242c1bbc56a1788034becfa435.pt,/data/jnz/esmc-600m/data/weights/esmc_600m_2024_12_v0.pth,ok,
76915146ea52278d5d3829d13fd67a7b95170fd4e936de50be63fd6e7d64a504,,"GWHPBECS003832	mRNA=GWHTBECS003834	Gene=GWHGBECS003834	Position=GWHBECS00000001: 340085252-340085339, 340085393-340085493, 340085770-340086052, 340086410-340086618, 340086805-340086855, 340087233-340087336, 340088767-340088885, 340089809-340089843: -	Frame=0	OriID=Ebr01G038340.1	OriTrascriptID=Ebr01G038340.1	transl_table=1	OriGeneID=Ebr01G038340	OriSeqID=Chr01",329,329,1152,329x1152,float16,embeddings/76915146ea52278d5d3829d13fd67a7b95170fd4e936de50be63fd6e7d64a504.pt,/data/jnz/esmc-600m/data/weights/esmc_600m_2024_12_v0.pth,ok,
8f555982829ca9feb06290b288ae335cee8a257e0ad776b62e5724fee6b797e2,,"GWHPBECS003839	mRNA=GWHTBECS003841	Gene=GWHGBECS003841	Position=GWHBECS00000001: 340554663-340555582, 340555699-340556170: +	Frame=0	OriID=Ebr01G038410.1	OriTrascriptID=Ebr01G038410.1	transl_table=1	OriGeneID=Ebr01G038410	OriSeqID=Chr01",463,463,1152,463x1152,float16,embeddings/8f555982829ca9feb06290b288ae335cee8a257e0ad776b62e5724fee6b797e2.pt,/data/jnz/esmc-600m/data/weights/esmc_600m_2024_12_v0.pth,ok,
bd57ef2ed82122754b9b56042ff295644cc26873636cb6526d94d414009d3eda,,"GWHPBECS003872	mRNA=GWHTBECS003874	Gene=GWHGBECS003874	Position=GWHBECS00000001: 342765426-342765801, 342765896-342766001, 342783599-342783691, 342783788-342783983, 342795675-342795853, 342818557-342818665: +	Frame=0	OriID=Ebr01G038740.1	OriTrascriptID=Ebr01G038740.1	transl_table=1	OriGeneID=Ebr01G038740	OriSeqID=Chr01",352,352,1152,352x1152,float16,embeddings/bd57ef2ed82122754b9b56042ff295644cc26873636cb6526d94d414009d3eda.pt,/data/jnz/esmc-600m/data/weights/esmc_600m_2024_12_v0.pth,ok,
1fe75d70995535d3883b72023ffdfa2284a7b7e46f48a0452ebfee43b3353eaa,,"GWHPBECS003917	mRNA=GWHTBECS003919	Gene=GWHGBECS003919	Position=GWHBECS00000001: 346695918-346695941, 346715840-346715968, 346741391-346741466, 346741561-346741613, 346741688-346741749, 346741834-346741944, 346742058-346742224, 346753720-346753834, 346753928-346753991, 346754071-346754137, 346754218-346754307, 346754404-346754552, 346771401-346771541, 346771644-346771699, 346777074-346777107, 346785672-346785781, 346785882-346785888: -	Frame=0	OriID=Ebr01G039190.1	OriTrascriptID=Ebr01G039190.1	transl_table=1	OriGeneID=Ebr01G039190	OriSeqID=Chr01",484,484,1152,484x1152,float16,embeddings/1fe75d70995535d3883b72023ffdfa2284a7b7e46f48a0452ebfee43b3353eaa.pt,/data/jnz/esmc-600m/data/weights/esmc_600m_2024_12_v0.pth,ok,
a21fb745609459914f0cecb46055fab8e716a0019fcf86399134ad2a7a20f6a6,,"GWHPBECS003934	mRNA=GWHTBECS003936	Gene=GWHGBECS003936	Position=GWHBECS00000001: 348536687-348536732, 348538647-348538851, 348538948-348539041, 348539132-348539329, 348546952-348547050, 348547194-348547353, 348547480-348547577, 348547732-348547851, 348548474-348548545, 348548779-348548853, 348549007-348549132, 348549246-348549488, 348549570-348549653, 348549741-348549842, 348550007-348550126, 348560419-348560457, 348560576-348560654, 348561317-348561513, 348561656-348561778, 348564570-348564712, 348604031-348604145, 348604814-348605167: -	Frame=0	OriID=Ebr01G039360.1	OriTrascriptID=Ebr01G039360.1	transl_table=1	OriGeneID=Ebr01G039360	OriSeqID=Chr01",963,963,1152,963x1152,float16,embeddings/a21fb745609459914f0cecb46055fab8e716a0019fcf86399134ad2a7a20f6a6.pt,/data/jnz/esmc-600m/data/weights/esmc_600m_2024_12_v0.pth,ok,
d5e4c29da86dc216d57b0f0a7a2c02dce1802ae8d6dfd955370da7aaa9bc0e5c,,"GWHPBECS003962	mRNA=GWHTBECS003964	Gene=GWHGBECS003964	Position=GWHBECS00000001: 350705595-350705702, 350706539-350706614, 350707247-350707553, 350708180-350708229, 350708962-350709050: -	Frame=0	OriID=Ebr01G039640.1	OriTrascriptID=Ebr01G039640.1	transl_table=1	OriGeneID=Ebr01G039640	OriSeqID=Chr01",209,209,1152,209x1152,float16,embeddings/d5e4c29da86dc216d57b0f0a7a2c02dce1802ae8d6dfd955370da7aaa9bc0e5c.pt,/data/jnz/esmc-600m/data/weights/esmc_600m_2024_12_v0.pth,ok,
25935c7f621e7a8152fc9cbc7734ce05ef77f90749ce7a761e01ea442552f43d,,"GWHPBECS004086	mRNA=GWHTBECS004088	Gene=GWHGBECS004088	Position=GWHBECS00000001: 360873761-360874009, 360875136-360875315: -	Frame=0	OriID=Ebr01G040880.1	OriTrascriptID=Ebr01G040880.1	transl_table=1	OriGeneID=Ebr01G040880	OriSeqID=Chr01",142,142,1152,142x1152,float16,embeddings/25935c7f621e7a8152fc9cbc7734ce05ef77f90749ce7a761e01ea442552f43d.pt,/data/jnz/esmc-600m/data/weights/esmc_600m_2024_12_v0.pth,ok,
1642bd18f12d72280b4793a276f0f7b31c633503be2a6054e7a4c511f8182847,,"GWHPBECS004187	mRNA=GWHTBECS004189	Gene=GWHGBECS004189	Position=GWHBECS00000001: 367279930-367280467, 367293898-367294462, 367313140-367313515: -	Frame=0	OriID=Ebr01G041890.1	OriTrascriptID=Ebr01G041890.1	transl_table=1	OriGeneID=Ebr01G041890	OriSeqID=Chr01",492,492,1152,492x1152,float16,embeddings/1642bd18f12d72280b4793a276f0f7b31c633503be2a6054e7a4c511f8182847.pt,/data/jnz/esmc-600m/data/weights/esmc_600m_2024_12_v0.pth,ok,
8a59eef6b2e468fd155f8d080228e5690d8c023a521bcf20f5caf7ac50053e08,,"GWHPBECS004188	mRNA=GWHTBECS004190	Gene=GWHGBECS004190	Position=GWHBECS00000001: 367411137-367411674, 367413141-367413425, 367413471-367413643: -	Frame=0	OriID=Ebr01G041900.1	OriTrascriptID=Ebr01G041900.1	transl_table=1	OriGeneID=Ebr01G041900	OriSeqID=Chr01",331,331,1152,331x1152,float16,embeddings/8a59eef6b2e468fd155f8d080228e5690d8c023a521bcf20f5caf7ac50053e08.pt,/data/jnz/esmc-600m/data/weights/esmc_600m_2024_12_v0.pth,ok,
cdd2e8a9ad9b0c1e7f71645b8094abfb0e0aa90af9beb1f4473e4da491b6c176,,"GWHPBECS004285	mRNA=GWHTBECS004287	Gene=GWHGBECS004287	Position=GWHBECS00000001: 377170977-377170994, 377172945-377173038, 377173083-377173332, 377173375-377173563, 377173596-377173623, 377173685-377173779, 377173825-377173921, 377173983-377174073, 377175021-377175049: -	Frame=0	OriID=Ebr01G042870.1	OriTrascriptID=Ebr01G042870.1	transl_table=1	OriGeneID=Ebr01G042870	OriSeqID=Chr01",296,296,1152,296x1152,float16,embeddings/cdd2e8a9ad9b0c1e7f71645b8094abfb0e0aa90af9beb1f4473e4da491b6c176.pt,/data/jnz/esmc-600m/data/weights/esmc_600m_2024_12_v0.pth,ok,
646b0e0fa624c6d88fb9eb8d0cb800f27b1d12016ceb5127a59ad40c26edc093,,GWHPBECS004286	mRNA=GWHTBECS004288	Gene=GWHGBECS004288	Position=GWHBECS00000001: 377251228-377252292: +	Frame=0	OriID=Ebr01G042880.1	OriTrascriptID=Ebr01G042880.1	transl_table=1	OriGeneID=Ebr01G042880	OriSeqID=Chr01,354,354,1152,354x1152,float16,embeddings/646b0e0fa624c6d88fb9eb8d0cb800f27b1d12016ceb5127a59ad40c26edc093.pt,/data/jnz/esmc-600m/data/weights/esmc_600m_2024_12_v0.pth,ok,
17a93545e2fbc04c2e634d28d96dc07005ad327b2d508b4db47aa16879ec0cd9,,"GWHPBECS004330	mRNA=GWHTBECS004332	Gene=GWHGBECS004332	Position=GWHBECS00000001: 380864724-380864985, 380865093-380865598: +	Frame=0	OriID=Ebr01G043320.1	OriTrascriptID=Ebr01G043320.1	transl_table=1	OriGeneID=Ebr01G043320	OriSeqID=Chr01",255,255,1152,255x1152,float16,embeddings/17a93545e2fbc04c2e634d28d96dc07005ad327b2d508b4db47aa16879ec0cd9.pt,/data/jnz/esmc-600m/data/weights/esmc_600m_2024_12_v0.pth,ok,
9b457e38e248bc41bed83ab43f1995c7cf15d712e0aa35626c54e94fd0fb9433,,"GWHPBECS004331	mRNA=GWHTBECS004333	Gene=GWHGBECS004333	Position=GWHBECS00000001: 380865760-380866152, 380866203-380866244, 380866514-380866868, 380867240-380867340: +	Frame=0	OriID=Ebr01G043330.1	OriTrascriptID=Ebr01G043330.1	transl_table=1	OriGeneID=Ebr01G043330	OriSeqID=Chr01",296,296,1152,296x1152,float16,embeddings/9b457e38e248bc41bed83ab43f1995c7cf15d712e0aa35626c54e94fd0fb9433.pt,/data/jnz/esmc-600m/data/weights/esmc_600m_2024_12_v0.pth,ok,
a5fd4401958958ccb2495014fb530905330d8da504de0451bc6685b781ecdb55,,"GWHPBECS004332	mRNA=GWHTBECS004334	Gene=GWHGBECS004334	Position=GWHBECS00000001: 380972319-380972572, 380973279-380973300, 380973727-380973767, 380975733-380975751: +	Frame=0	OriID=Ebr01G043340.1	OriTrascriptID=Ebr01G043340.1	transl_table=1	OriGeneID=Ebr01G043340	OriSeqID=Chr01",111,111,1152,111x1152,float16,embeddings/a5fd4401958958ccb2495014fb530905330d8da504de0451bc6685b781ecdb55.pt,/data/jnz/esmc-600m/data/weights/esmc_600m_2024_12_v0.pth,ok,
cedecf81cd20850a945a3e4cb6cc250237cfda2993fddef35c2f8a680472797b,,"GWHPBECS004333	mRNA=GWHTBECS004335	Gene=GWHGBECS004335	Position=GWHBECS00000001: 381047768-381048027, 381048728-381048787, 381049503-381049539, 381050584-381050667: +	Frame=0	OriID=Ebr01G043350.1	OriTrascriptID=Ebr01G043350.1	transl_table=1	OriGeneID=Ebr01G043350	OriSeqID=Chr01",146,146,1152,146x1152,float16,embeddings/cedecf81cd20850a945a3e4cb6cc250237cfda2993fddef35c2f8a680472797b.pt,/data/jnz/esmc-600m/data/weights/esmc_600m_2024_12_v0.pth,ok,
12a1650e45eec02a66bde63bf34c0e708acc8062b421845dae49300252a95677,,"GWHPBECS004334	mRNA=GWHTBECS004336	Gene=GWHGBECS004336	Position=GWHBECS00000001: 381052967-381053223, 381053930-381053971, 381055336-381055390, 381055674-381055742: +	Frame=0	OriID=Ebr01G043360.1	OriTrascriptID=Ebr01G043360.1	transl_table=1	OriGeneID=Ebr01G043360	OriSeqID=Chr01",140,140,1152,140x1152,float16,embeddings/12a1650e45eec02a66bde63bf34c0e708acc8062b421845dae49300252a95677.pt,/data/jnz/esmc-600m/data/weights/esmc_600m_2024_12_v0.pth,ok,
7207c890503e491587eeca61195b1f231d792417ad24d8a55e14d4cc675093ab,,"GWHPBECS004372	mRNA=GWHTBECS004374	Gene=GWHGBECS004374	Position=GWHBECS00000001: 383504055-383504583, 383504668-383505017, 383505193-383505459, 383505546-383506030, 383516847-383516934, 383537607-383537639, 383559464-383560114: -	Frame=0	OriID=Ebr01G043740.1	OriTrascriptID=Ebr01G043740.1	transl_table=1	OriGeneID=Ebr01G043740	OriSeqID=Chr01",800,800,1152,800x1152,float16,embeddings/7207c890503e491587eeca61195b1f231d792417ad24d8a55e14d4cc675093ab.pt,/data/jnz/esmc-600m/data/weights/esmc_600m_2024_12_v0.pth,ok,
6ce6d532a38a11aba13d0ab65f922632afff1cf2483c3526a93528d3d31e8ca4,,"GWHPBECS004454	mRNA=GWHTBECS004456	Gene=GWHGBECS004456	Position=GWHBECS00000001: 387509593-387510521, 387510601-387511111: -	Frame=0	OriID=Ebr01G044560.1	OriTrascriptID=Ebr01G044560.1	transl_table=1	OriGeneID=Ebr01G044560	OriSeqID=Chr01",479,479,1152,479x1152,float16,embeddings/6ce6d532a38a11aba13d0ab65f922632afff1cf2483c3526a93528d3d31e8ca4.pt,/data/jnz/esmc-600m/data/weights/esmc_600m_2024_12_v0.pth,ok,
fc068130d40edb29ef081fab27646044046ccefb79f6fd5f7e2b25be1affb880,,"GWHPBECS004456	mRNA=GWHTBECS004458	Gene=GWHGBECS004458	Position=GWHBECS00000001: 387572172-387573100, 387573179-387573689: -	Frame=0	OriID=Ebr01G044580.1	OriTrascriptID=Ebr01G044580.1	transl_table=1	OriGeneID=Ebr01G044580	OriSeqID=Chr01",479,479,1152,479x1152,float16,embeddings/fc068130d40edb29ef081fab27646044046ccefb79f6fd5f7e2b25be1affb880.pt,/data/jnz/esmc-600m/data/weights/esmc_600m_2024_12_v0.pth,ok,
9f81dfb8717c0b65ca386ee54d33105b4328aa3280d8ad198615df1cca261103,,"GWHPBECS004498	mRNA=GWHTBECS004500	Gene=GWHGBECS004500	Position=GWHBECS00000001: 391184284-391184493, 391185061-391185240, 391185468-391185644, 391185743-391185828, 391186035-391186224, 391186332-391186424, 391191584-391191768, 391191940-391192057, 391192139-391192270, 391192454-391192672, 391192762-391192965, 391195419-391195577, 391198377-391198640, 391198870-391199060, 391199340-391199466: +	Frame=0	OriID=Ebr01G045000.1	OriTrascriptID=Ebr01G045000.1	transl_table=1	OriGeneID=Ebr01G045000	OriSeqID=Chr01",844,844,1152,844x1152,float16,embeddings/9f81dfb8717c0b65ca386ee54d33105b4328aa3280d8ad198615df1cca261103.pt,/data/jnz/esmc-600m/data/weights/esmc_600m_2024_12_v0.pth,ok,
71ea173c342383857db2c6b558e07bac4f825e3f3052ddc2c86476e599cc27d1,,"GWHPBECS004599	mRNA=GWHTBECS004601	Gene=GWHGBECS004601	Position=GWHBECS00000001: 399804958-399805213, 399805307-399805783, 399805869-399806101, 399806219-399806351, 399806456-399806544, 399806636-399806706, 399806787-399806871, 399807646-399808170: -	Frame=0	OriID=Ebr01G046010.1	OriTrascriptID=Ebr01G046010.1	transl_table=1	OriGeneID=Ebr01G046010	OriSeqID=Chr01",622,622,1152,622x1152,float16,embeddings/71ea173c342383857db2c6b558e07bac4f825e3f3052ddc2c86476e599cc27d1.pt,/data/jnz/esmc-600m/data/weights/esmc_600m_2024_12_v0.pth,ok,
0ce0f906e3ef64a665010baaa81c675960f3c95780e251d8caa79268c3374df7,,"GWHPBECS004647	mRNA=GWHTBECS004649	Gene=GWHGBECS004649	Position=GWHBECS00000001: 404821948-404822892, 404822990-404823161, 404823264-404823502: -	Frame=0	OriID=Ebr01G046490.1	OriTrascriptID=Ebr01G046490.1	transl_table=1	OriGeneID=Ebr01G046490	OriSeqID=Chr01",451,451,1152,451x1152,float16,embeddings/0ce0f906e3ef64a665010baaa81c675960f3c95780e251d8caa79268c3374df7.pt,/data/jnz/esmc-600m/data/weights/esmc_600m_2024_12_v0.pth,ok,
d430bfa338249ba18865ec913c6859c68eb479db5256263b8fd5e61fe5a03f64,,"GWHPBECS004648	mRNA=GWHTBECS004650	Gene=GWHGBECS004650	Position=GWHBECS00000001: 404868572-404869097, 404892275-404893212: +	Frame=0	OriID=Ebr01G046500.1	OriTrascriptID=Ebr01G046500.1	transl_table=1	OriGeneID=Ebr01G046500	OriSeqID=Chr01",487,487,1152,487x1152,float16,embeddings/d430bfa338249ba18865ec913c6859c68eb479db5256263b8fd5e61fe5a03f64.pt,/data/jnz/esmc-600m/data/weights/esmc_600m_2024_12_v0.pth,ok,
12a425fb56df914a17862d40996b7a4dfc32be46c39cb9dcf9523bd5b50f1f10,,"GWHPBECS004649	mRNA=GWHTBECS004651	Gene=GWHGBECS004651	Position=GWHBECS00000001: 404924157-404924691, 404924791-404925740: +	Frame=0	OriID=Ebr01G046510.1	OriTrascriptID=Ebr01G046510.1	transl_table=1	OriGeneID=Ebr01G046510	OriSeqID=Chr01",494,494,1152,494x1152,float16,embeddings/12a425fb56df914a17862d40996b7a4dfc32be46c39cb9dcf9523bd5b50f1f10.pt,/data/jnz/esmc-600m/data/weights/esmc_600m_2024_12_v0.pth,ok,
1da2873ade0738be2bdc4f6d48d301d5171b99d7de1293729825e224b4889199,,"GWHPBECS004650	mRNA=GWHTBECS004652	Gene=GWHGBECS004652	Position=GWHBECS00000001: 404947872-404948385, 404948474-404949423: +	Frame=0	OriID=Ebr01G046520.1	OriTrascriptID=Ebr01G046520.1	transl_table=1	OriGeneID=Ebr01G046520	OriSeqID=Chr01",487,487,1152,487x1152,float16,embeddings/1da2873ade0738be2bdc4f6d48d301d5171b99d7de1293729825e224b4889199.pt,/data/jnz/esmc-600m/data/weights/esmc_600m_2024_12_v0.pth,ok,
438a193ba68201e32d80d406b51ec29d34b5c5d65ddba6cbea453486ead7663e,,"GWHPBECS004653	mRNA=GWHTBECS004655	Gene=GWHGBECS004655	Position=GWHBECS00000001: 404968987-404969500, 404969595-404969929: +	Frame=0	OriID=Ebr01G046550.1	OriTrascriptID=Ebr01G046550.1	transl_table=1	OriGeneID=Ebr01G046550	OriSeqID=Chr01",282,282,1152,282x1152,float16,embeddings/438a193ba68201e32d80d406b51ec29d34b5c5d65ddba6cbea453486ead7663e.pt,/data/jnz/esmc-600m/data/weights/esmc_600m_2024_12_v0.pth,ok,
7a938ef2ee7528174493378fafc4550bf6744afd65d373a7b1a753303668ab4c,,"GWHPBECS004654	mRNA=GWHTBECS004656	Gene=GWHGBECS004656	Position=GWHBECS00000001: 404979531-404980038, 404980432-404981375: +	Frame=0	OriID=Ebr01G046560.1	OriTrascriptID=Ebr01G046560.1	transl_table=1	OriGeneID=Ebr01G046560	OriSeqID=Chr01",483,483,1152,483x1152,float16,embeddings/7a938ef2ee7528174493378fafc4550bf6744afd65d373a7b1a753303668ab4c.pt,/data/jnz/esmc-600m/data/weights/esmc_600m_2024_12_v0.pth,ok,
c4d07522ee7b122c6e12f643d99a9df339cc99b98376670e832e032a8b850828,,"GWHPBECS004656	mRNA=GWHTBECS004658	Gene=GWHGBECS004658	Position=GWHBECS00000001: 405095844-405096342, 405096570-405097513: +	Frame=0	OriID=Ebr01G046580.1	OriTrascriptID=Ebr01G046580.1	transl_table=1	OriGeneID=Ebr01G046580	OriSeqID=Chr01",480,480,1152,480x1152,float16,embeddings/c4d07522ee7b122c6e12f643d99a9df339cc99b98376670e832e032a8b850828.pt,/data/jnz/esmc-600m/data/weights/esmc_600m_2024_12_v0.pth,ok,
b043674e33e33a974677822bb018b2b792310b962b0986b0911975b909b89e73,,"GWHPBECS004657	mRNA=GWHTBECS004659	Gene=GWHGBECS004659	Position=GWHBECS00000001: 405232033-405232543, 405233576-405234519: +	Frame=0	OriID=Ebr01G046590.1	OriTrascriptID=Ebr01G046590.1	transl_table=1	OriGeneID=Ebr01G046590	OriSeqID=Chr01",484,484,1152,484x1152,float16,embeddings/b043674e33e33a974677822bb018b2b792310b962b0986b0911975b909b89e73.pt,/data/jnz/esmc-600m/data/weights/esmc_600m_2024_12_v0.pth,ok,
7da98d25603a905ed9e6a504c1d7e1437e1950bffc4bd174ed0b6ddc71b2f447,,"GWHPBECS004659	mRNA=GWHTBECS004661	Gene=GWHGBECS004661	Position=GWHBECS00000001: 405260180-405260663, 405260764-405261692: +	Frame=0	OriID=Ebr01G046610.1	OriTrascriptID=Ebr01G046610.1	transl_table=1	OriGeneID=Ebr01G046610	OriSeqID=Chr01",470,470,1152,470x1152,float16,embeddings/7da98d25603a905ed9e6a504c1d7e1437e1950bffc4bd174ed0b6ddc71b2f447.pt,/data/jnz/esmc-600m/data/weights/esmc_600m_2024_12_v0.pth,ok,
8ab6bea537f41830ef97ccf5b335af3dd6f86e47e07335a8bd755b7c8ca82089,,"GWHPBECS004661	mRNA=GWHTBECS004663	Gene=GWHGBECS004663	Position=GWHBECS00000001: 405341990-405342494, 405342589-405343517: +	Frame=0	OriID=Ebr01G046630.1	OriTrascriptID=Ebr01G046630.1	transl_table=1	OriGeneID=Ebr01G046630	OriSeqID=Chr01",477,477,1152,477x1152,float16,embeddings/8ab6bea537f41830ef97ccf5b335af3dd6f86e47e07335a8bd755b7c8ca82089.pt,/data/jnz/esmc-600m/data/weights/esmc_600m_2024_12_v0.pth,ok,
52dacadb01d17370575703e546ecdc2e3cbdde70ba257332dc9e6dc43d557568,,"GWHPBECS004664	mRNA=GWHTBECS004666	Gene=GWHGBECS004666	Position=GWHBECS00000001: 405417805-405418730, 405418817-405419291: -	Frame=0	OriID=Ebr01G046660.1	OriTrascriptID=Ebr01G046660.1	transl_table=1	OriGeneID=Ebr01G046660	OriSeqID=Chr01",466,466,1152,466x1152,float16,embeddings/52dacadb01d17370575703e546ecdc2e3cbdde70ba257332dc9e6dc43d557568.pt,/data/jnz/esmc-600m/data/weights/esmc_600m_2024_12_v0.pth,ok,
67e1d546aa7579a942fd1d5445b543a7be4ee5ddea644859f9ef1384be7e442c,,"GWHPBECS004838	mRNA=GWHTBECS004840	Gene=GWHGBECS004840	Position=GWHBECS00000001: 417777259-417777282, 417778315-417778423, 417779375-417779463, 417780517-417780721, 417782142-417782284, 417782322-417782417, 417782469-417782570, 417782639-417782734, 417782780-417782870, 417782909-417783190, 417783255-417783385: +	Frame=0	OriID=Ebr01G048400.1	OriTrascriptID=Ebr01G048400.1	transl_table=1	OriGeneID=Ebr01G048400	OriSeqID=Chr01",455,455,1152,455x1152,float16,embeddings/67e1d546aa7579a942fd1d5445b543a7be4ee5ddea644859f9ef1384be7e442c.pt,/data/jnz/esmc-600m/data/weights/esmc_600m_2024_12_v0.pth,ok,
91c2079bffe0f042a32ebb6b905d3b915471fed7190667889999f7d528127d30,,"GWHPBECS004950	mRNA=GWHTBECS004952	Gene=GWHGBECS004952	Position=GWHBECS00000001: 428632398-428632556, 428632631-428632717, 428632816-428633352, 428633697-428633795, 428633904-428633956, 428635611-428635668, 428648793-428648875, 428650456-428650533, 428654014-428654093, 428654649-428654845, 428654969-428655043, 428655199-428655239, 428655336-428655441, 428655536-428655618, 428655826-428655898, 428655983-428656087: +	Frame=0	OriID=Ebr01G049520.1	OriTrascriptID=Ebr01G049520.1	transl_table=1	OriGeneID=Ebr01G049520	OriSeqID=Chr01",637,637,1152,637x1152,float16,embeddings/91c2079bffe0f042a32ebb6b905d3b915471fed7190667889999f7d528127d30.pt,/data/jnz/esmc-600m/data/weights/esmc_600m_2024_12_v0.pth,ok,
09642b0c585921dd3abf768f399ebe22895a96fecb744a97b35f059e271a7149,,"GWHPBECS004987	mRNA=GWHTBECS004989	Gene=GWHGBECS004989	Position=GWHBECS00000001: 432296474-432296872, 432296919-432297384, 432297823-432298202, 432316756-432316914: +	Frame=0	OriID=Ebr01G049890.1	OriTrascriptID=Ebr01G049890.1	transl_table=1	OriGeneID=Ebr01G049890	OriSeqID=Chr01",467,467,1152,467x1152,float16,embeddings/09642b0c585921dd3abf768f399ebe22895a96fecb744a97b35f059e271a7149.pt,/data/jnz/esmc-600m/data/weights/esmc_600m_2024_12_v0.pth,ok,
8ddb59f7f1579bf7df0565f6ac5cb4d3194dd9b5517181cf9b71a7599cb0d7e4,,"GWHPBECS004999	mRNA=GWHTBECS005001	Gene=GWHGBECS005001	Position=GWHBECS00000001: 432921297-432921803, 432921844-432921951, 432921982-432922284, 432922321-432922548: +	Frame=0	OriID=Ebr01G050010.1	OriTrascriptID=Ebr01G050010.1	transl_table=1	OriGeneID=Ebr01G050010	OriSeqID=Chr01",381,381,1152,381x1152,float16,embeddings/8ddb59f7f1579bf7df0565f6ac5cb4d3194dd9b5517181cf9b71a7599cb0d7e4.pt,/data/jnz/esmc-600m/data/weights/esmc_600m_2024_12_v0.pth,ok,
5fe6a23d6d7e81cadb014484bc357562b2d1a35f6e273c9af3ab322e11b9606d,,"GWHPBECS005010	mRNA=GWHTBECS005012	Gene=GWHGBECS005012	Position=GWHBECS00000001: 433392724-433392854, 433394372-433394552, 433394601-433394750, 433394781-433395083, 433395120-433395347: +	Frame=0	OriID=Ebr01G050120.1	OriTrascriptID=Ebr01G050120.1	transl_table=1	OriGeneID=Ebr01G050120	OriSeqID=Chr01",330,330,1152,330x1152,float16,embeddings/5fe6a23d6d7e81cadb014484bc357562b2d1a35f6e273c9af3ab322e11b9606d.pt,/data/jnz/esmc-600m/data/weights/esmc_600m_2024_12_v0.pth,ok,
65eafb700d937712514663443dc53caaac558d443a3ffe42e97fd508d037adee,,"GWHPBECS005039	mRNA=GWHTBECS005041	Gene=GWHGBECS005041	Position=GWHBECS00000001: 436259115-436259342, 436259376-436259669, 436259700-436259941, 436260023-436260354, 436260440-436260735: -	Frame=0	OriID=Ebr01G050410.1	OriTrascriptID=Ebr01G050410.1	transl_table=1	OriGeneID=Ebr01G050410	OriSeqID=Chr01",463,463,1152,463x1152,float16,embeddings/65eafb700d937712514663443dc53caaac558d443a3ffe42e97fd508d037adee.pt,/data/jnz/esmc-600m/data/weights/esmc_600m_2024_12_v0.pth,ok,
a24a22d03c3b95879edc2fbcd91d1406ea59c4640a8eac45dfe03618905911c1,,"GWHPBECS005108	mRNA=GWHTBECS005110	Gene=GWHGBECS005110	Position=GWHBECS00000001: 443206031-443206384, 443206466-443206980, 443207095-443207566: -	Frame=0	OriID=Ebr01G051100.1	OriTrascriptID=Ebr01G051100.1	transl_table=1	OriGeneID=Ebr01G051100	OriSeqID=Chr01",446,446,1152,446x1152,float16,embeddings/a24a22d03c3b95879edc2fbcd91d1406ea59c4640a8eac45dfe03618905911c1.pt,/data/jnz/esmc-600m/data/weights/esmc_600m_2024_12_v0.pth,ok,
cfbea2b6ea7b5876f30ad3f27dee2e3439fcc91cb473ba131c89648d31ef7408,,"GWHPBECS005200	mRNA=GWHTBECS005202	Gene=GWHGBECS005202	Position=GWHBECS00000001: 449586526-449586621, 449587484-449588320: -	Frame=0	OriID=Ebr01G052020.1	OriTrascriptID=Ebr01G052020.1	transl_table=1	OriGeneID=Ebr01G052020	OriSeqID=Chr01",310,310,1152,310x1152,float16,embeddings/cfbea2b6ea7b5876f30ad3f27dee2e3439fcc91cb473ba131c89648d31ef7408.pt,/data/jnz/esmc-600m/data/weights/esmc_600m_2024_12_v0.pth,ok,
7c7dd57073ab4f0c1e636bb3698c2c4766094363291b09776747ed00d6fc308d,,"GWHPBECS005230	mRNA=GWHTBECS005232	Gene=GWHGBECS005232	Position=GWHBECS00000001: 451649896-451650218, 451650386-451650995: +	Frame=0	OriID=Ebr01G052320.1	OriTrascriptID=Ebr01G052320.1	transl_table=1	OriGeneID=Ebr01G052320	OriSeqID=Chr01",310,310,1152,310x1152,float16,embeddings/7c7dd57073ab4f0c1e636bb3698c2c4766094363291b09776747ed00d6fc308d.pt,/data/jnz/esmc-600m/data/weights/esmc_600m_2024_12_v0.pth,ok,
5193ef3f7a843692bd0f417c77e108e6702ac1dd767c2f479806526686c6d8f1,,"GWHPBECS005377	mRNA=GWHTBECS005379	Gene=GWHGBECS005379	Position=GWHBECS00000001: 463332467-463332992, 463333091-463333992: +	Frame=0	OriID=Ebr01G053790.1	OriTrascriptID=Ebr01G053790.1	transl_table=1	OriGeneID=Ebr01G053790	OriSeqID=Chr01",475,475,1152,475x1152,float16,embeddings/5193ef3f7a843692bd0f417c77e108e6702ac1dd767c2f479806526686c6d8f1.pt,/data/jnz/esmc-600m/data/weights/esmc_600m_2024_12_v0.pth,ok,
e0f765883e919725c9f23c3b35d9a0966353ecf36083da1e8d983791705b17c9,,"GWHPBECS005379	mRNA=GWHTBECS005381	Gene=GWHGBECS005381	Position=GWHBECS00000001: 463556410-463556935, 463557051-463557548, 463557594-463557952: +	Frame=0	OriID=Ebr01G053810.1	OriTrascriptID=Ebr01G053810.1	transl_table=1	OriGeneID=Ebr01G053810	OriSeqID=Chr01",460,460,1152,460x1152,float16,embeddings/e0f765883e919725c9f23c3b35d9a0966353ecf36083da1e8d983791705b17c9.pt,/data/jnz/esmc-600m/data/weights/esmc_600m_2024_12_v0.pth,ok,
adba8791bde1bbc7ee193336c0aaa33c2bd16b438d3c061a6383a34868fe0977,,"GWHPBECS005381	mRNA=GWHTBECS005383	Gene=GWHGBECS005383	Position=GWHBECS00000001: 463645616-463646141, 463646240-463647141: +	Frame=0	OriID=Ebr01G053830.1	OriTrascriptID=Ebr01G053830.1	transl_table=1	OriGeneID=Ebr01G053830	OriSeqID=Chr01",475,475,1152,475x1152,float16,embeddings/adba8791bde1bbc7ee193336c0aaa33c2bd16b438d3c061a6383a34868fe0977.pt,/data/jnz/esmc-600m/data/weights/esmc_600m_2024_12_v0.pth,ok,
63f0ca2142279f478d69b0fdfeb81788488108b3a81043e5fb15159eb481e647,,GWHPBECS005508	mRNA=GWHTBECS005510	Gene=GWHGBECS005510	Position=GWHBECS00000001: 475681432-475682106: -	Frame=0	OriID=Ebr01G055100.1	OriTrascriptID=Ebr01G055100.1	transl_table=1	OriGeneID=Ebr01G055100	OriSeqID=Chr01,224,224,1152,224x1152,float16,embeddings/63f0ca2142279f478d69b0fdfeb81788488108b3a81043e5fb15159eb481e647.pt,/data/jnz/esmc-600m/data/weights/esmc_600m_2024_12_v0.pth,ok,
37bbf48630334bc363553fb0c4a5206bf87b61b058e81b7d1e23e04189466960,,"GWHPBECS005593	mRNA=GWHTBECS005595	Gene=GWHGBECS005595	Position=GWHBECS00000001: 483185568-483185730, 483185819-483186013, 483186096-483186313, 483186376-483186489, 483186830-483186966, 483187045-483187155, 483187800-483188052, 483188164-483188262, 483188341-483188673: -	Frame=0	OriID=Ebr01G055950.1	OriTrascriptID=Ebr01G055950.1	transl_table=1	OriGeneID=Ebr01G055950	OriSeqID=Chr01",540,540,1152,540x1152,float16,embeddings/37bbf48630334bc363553fb0c4a5206bf87b61b058e81b7d1e23e04189466960.pt,/data/jnz/esmc-600m/data/weights/esmc_600m_2024_12_v0.pth,ok,
7f7d2b064bbaeab1ef3083a5d79b984189d294d87f737a00bacc305474199639,,"GWHPBECS005607	mRNA=GWHTBECS005609	Gene=GWHGBECS005609	Position=GWHBECS00000001: 484003573-484003771, 484003880-484003973, 484004065-484004107, 484022705-484022827, 484062525-484062603, 484141483-484141602, 484141693-484141763, 484144946-484145116: +	Frame=0	OriID=Ebr01G056090.1	OriTrascriptID=Ebr01G056090.1	transl_table=1	OriGeneID=Ebr01G056090	OriSeqID=Chr01",299,299,1152,299x1152,float16,embeddings/7f7d2b064bbaeab1ef3083a5d79b984189d294d87f737a00bacc305474199639.pt,/data/jnz/esmc-600m/data/weights/esmc_600m_2024_12_v0.pth,ok,
1deebf8afabdc786b006fe4db9fd3b7e27563fae80eda596d41d330c606720e6,,GWHPBECS005609	mRNA=GWHTBECS005611	Gene=GWHGBECS005611	Position=GWHBECS00000001: 484254123-484255178: -	Frame=0	OriID=Ebr01G056110.1	OriTrascriptID=Ebr01G056110.1	transl_table=1	OriGeneID=Ebr01G056110	OriSeqID=Chr01,351,351,1152,351x1152,float16,embeddings/1deebf8afabdc786b006fe4db9fd3b7e27563fae80eda596d41d330c606720e6.pt,/data/jnz/esmc-600m/data/weights/esmc_600m_2024_12_v0.pth,ok,
82df292f7c08ded70e0974aabd7a541e5fd922bd12862c483cf195bb20752126,,GWHPBECS005610	mRNA=GWHTBECS005612	Gene=GWHGBECS005612	Position=GWHBECS00000001: 484277790-484278983: -	Frame=0	OriID=Ebr01G056120.1	OriTrascriptID=Ebr01G056120.1	transl_table=1	OriGeneID=Ebr01G056120	OriSeqID=Chr01,397,397,1152,397x1152,float16,embeddings/82df292f7c08ded70e0974aabd7a541e5fd922bd12862c483cf195bb20752126.pt,/data/jnz/esmc-600m/data/weights/esmc_600m_2024_12_v0.pth,ok,
29da9fc4413bb68ba5b5528bab7ffdfce18ce8f0fdceca56a504d6b11ff2b539,,"GWHPBECS005669	mRNA=GWHTBECS005671	Gene=GWHGBECS005671	Position=GWHBECS00000001: 493636713-493636868, 493638241-493638392, 493638467-493638815, 493638894-493639556: +	Frame=0	OriID=Ebr01G056710.1	OriTrascriptID=Ebr01G056710.1	transl_table=1	OriGeneID=Ebr01G056710	OriSeqID=Chr01",439,439,1152,439x1152,float16,embeddings/29da9fc4413bb68ba5b5528bab7ffdfce18ce8f0fdceca56a504d6b11ff2b539.pt,/data/jnz/esmc-600m/data/weights/esmc_600m_2024_12_v0.pth,ok,
2ac58019193568f51ebfc39983dead0dd121205328a1c98b54fbab1db6d98df7,,"GWHPBECS005675	mRNA=GWHTBECS005677	Gene=GWHGBECS005677	Position=GWHBECS00000001: 493813025-493813687, 493813809-493814157, 493814232-493814455, 493825440-493825766: -	Frame=0	OriID=Ebr01G056770.1	OriTrascriptID=Ebr01G056770.1	transl_table=1	OriGeneID=Ebr01G056770	OriSeqID=Chr01",520,520,1152,520x1152,float16,embeddings/2ac58019193568f51ebfc39983dead0dd121205328a1c98b54fbab1db6d98df7.pt,/data/jnz/esmc-600m/data/weights/esmc_600m_2024_12_v0.pth,ok,
9185a21851a350f3b6212ce2185cde94430d2f784c92453cff49bd5cb312cabb,,"GWHPBECS005677	mRNA=GWHTBECS005679	Gene=GWHGBECS005679	Position=GWHBECS00000001: 493953996-493955663, 493955816-493955983, 493999976-494000098, 494000171-494000473: -	Frame=0	OriID=Ebr01G056790.1	OriTrascriptID=Ebr01G056790.1	transl_table=1	OriGeneID=Ebr01G056790	OriSeqID=Chr01",753,753,1152,753x1152,float16,embeddings/9185a21851a350f3b6212ce2185cde94430d2f784c92453cff49bd5cb312cabb.pt,/data/jnz/esmc-600m/data/weights/esmc_600m_2024_12_v0.pth,ok,
a19ec5182810209f155f39365dabff27f6001e2060ddacc04f1a5fa148905d1e,,"GWHPBECS005716	mRNA=GWHTBECS005718	Gene=GWHGBECS005718	Position=GWHBECS00000001: 496763024-496763103, 496781080-496782484: -	Frame=0	OriID=Ebr01G057180.1	OriTrascriptID=Ebr01G057180.1	transl_table=1	OriGeneID=Ebr01G057180	OriSeqID=Chr01",494,494,1152,494x1152,float16,embeddings/a19ec5182810209f155f39365dabff27f6001e2060ddacc04f1a5fa148905d1e.pt,/data/jnz/esmc-600m/data/weights/esmc_600m_2024_12_v0.pth,ok,
0ab6992b8148f356ad15c89a43315573b0b92a0894fa33fae0af6a7fb25927fe,,"GWHPBECS005717	mRNA=GWHTBECS005719	Gene=GWHGBECS005719	Position=GWHBECS00000001: 496809532-496809839, 496809874-496811020: -	Frame=0	OriID=Ebr01G057190.1	OriTrascriptID=Ebr01G057190.1	transl_table=1	OriGeneID=Ebr01G057190	OriSeqID=Chr01",484,484,1152,484x1152,float16,embeddings/0ab6992b8148f356ad15c89a43315573b0b92a0894fa33fae0af6a7fb25927fe.pt,/data/jnz/esmc-600m/data/weights/esmc_600m_2024_12_v0.pth,ok,
446e276fd294d43b9ea591069d62f5fcfb33ea32d2ea803c3448753e4f1d3ec4,,GWHPBECS005718	mRNA=GWHTBECS005720	Gene=GWHGBECS005720	Position=GWHBECS00000001: 496855986-496857548: -	Frame=0	OriID=Ebr01G057200.1	OriTrascriptID=Ebr01G057200.1	transl_table=1	OriGeneID=Ebr01G057200	OriSeqID=Chr01,520,520,1152,520x1152,float16,embeddings/446e276fd294d43b9ea591069d62f5fcfb33ea32d2ea803c3448753e4f1d3ec4.pt,/data/jnz/esmc-600m/data/weights/esmc_600m_2024_12_v0.pth,ok,
388a60a368ef6d4176e27da8e44339737c61cd4a99ff5ec5895a5a525c210c6b,,GWHPBECS005719	mRNA=GWHTBECS005721	Gene=GWHGBECS005721	Position=GWHBECS00000001: 496899986-496901491: -	Frame=0	OriID=Ebr01G057210.1	OriTrascriptID=Ebr01G057210.1	transl_table=1	OriGeneID=Ebr01G057210	OriSeqID=Chr01,501,501,1152,501x1152,float16,embeddings/388a60a368ef6d4176e27da8e44339737c61cd4a99ff5ec5895a5a525c210c6b.pt,/data/jnz/esmc-600m/data/weights/esmc_600m_2024_12_v0.pth,ok,
6edbcb6b111ff5192b91d024c5a05b4e6193f470339b6fffddaa20b564c9c76e,,GWHPBECS005721	mRNA=GWHTBECS005723	Gene=GWHGBECS005723	Position=GWHBECS00000001: 496997147-496998616: -	Frame=0	OriID=Ebr01G057230.1	OriTrascriptID=Ebr01G057230.1	transl_table=1	OriGeneID=Ebr01G057230	OriSeqID=Chr01,489,489,1152,489x1152,float16,embeddings/6edbcb6b111ff5192b91d024c5a05b4e6193f470339b6fffddaa20b564c9c76e.pt,/data/jnz/esmc-600m/data/weights/esmc_600m_2024_12_v0.pth,ok,
c635d552b977a2b05d4c36a6cc88d8f4fa82cb8c513886158b19ba15702f257e,,"GWHPBECS005775	mRNA=GWHTBECS005777	Gene=GWHGBECS005777	Position=GWHBECS00000001: 501742991-501743456, 501743546-501743796, 501743875-501744531: -	Frame=0	OriID=Ebr01G057770.1	OriTrascriptID=Ebr01G057770.1	transl_table=1	OriGeneID=Ebr01G057770	OriSeqID=Chr01",457,457,1152,457x1152,float16,embeddings/c635d552b977a2b05d4c36a6cc88d8f4fa82cb8c513886158b19ba15702f257e.pt,/data/jnz/esmc-600m/data/weights/esmc_600m_2024_12_v0.pth,ok,
29975397193dea9a0407f24717797d6b72fc621589a9c7b4bf3ec9e9ada8eedd,,"GWHPBECS005886	mRNA=GWHTBECS005888	Gene=GWHGBECS005888	Position=GWHBECS00000001: 510295953-510296478, 510296942-510297840: +	Frame=0	OriID=Ebr01G058880.1	OriTrascriptID=Ebr01G058880.1	transl_table=1	OriGeneID=Ebr01G058880	OriSeqID=Chr01",474,474,1152,474x1152,float16,embeddings/29975397193dea9a0407f24717797d6b72fc621589a9c7b4bf3ec9e9ada8eedd.pt,/data/jnz/esmc-600m/data/weights/esmc_600m_2024_12_v0.pth,ok,
b059ec86b0232368c0ded2db163fe01ae013535c8bb947dd8a64529e9f43ec3b,,"GWHPBECS005891	mRNA=GWHTBECS005893	Gene=GWHGBECS005893	Position=GWHBECS00000001: 510499397-510499922, 510500002-510500915: +	Frame=0	OriID=Ebr01G058930.1	OriTrascriptID=Ebr01G058930.1	transl_table=1	OriGeneID=Ebr01G058930	OriSeqID=Chr01",479,479,1152,479x1152,float16,embeddings/b059ec86b0232368c0ded2db163fe01ae013535c8bb947dd8a64529e9f43ec3b.pt,/data/jnz/esmc-600m/data/weights/esmc_600m_2024_12_v0.pth,ok,
176b0a3481d181145f7448b507ba8502f1a98387372d3b44cb9dd1804b96bb47,,"GWHPBECS005995	mRNA=GWHTBECS005997	Gene=GWHGBECS005997	Position=GWHBECS00000001: 520097306-520097465, 520098503-520098603, 520099348-520099437, 520099477-520099635: -	Frame=0	OriID=Ebr01G059970.1	OriTrascriptID=Ebr01G059970.1	transl_table=1	OriGeneID=Ebr01G059970	OriSeqID=Chr01",169,169,1152,169x1152,float16,embeddings/176b0a3481d181145f7448b507ba8502f1a98387372d3b44cb9dd1804b96bb47.pt,/data/jnz/esmc-600m/data/weights/esmc_600m_2024_12_v0.pth,ok,
f1dbce257ca806a2d13fa931c2ddaf24987edb326e5358fbc3137d6f631a663f,,"GWHPBECS006010	mRNA=GWHTBECS006012	Gene=GWHGBECS006012	Position=GWHBECS00000001: 522037832-522038036, 522038290-522038381, 522039126-522039215, 522039250-522039420: -	Frame=0	OriID=Ebr01G060120.1	OriTrascriptID=Ebr01G060120.1	transl_table=1	OriGeneID=Ebr01G060120	OriSeqID=Chr01",185,185,1152,185x1152,float16,embeddings/f1dbce257ca806a2d13fa931c2ddaf24987edb326e5358fbc3137d6f631a663f.pt,/data/jnz/esmc-600m/data/weights/esmc_600m_2024_12_v0.pth,ok,
5714ad7ca0fdf67ef5276c2bb662467e5f32ad5a610de22b8a2bd04de15d69df,,"GWHPBECS006111	mRNA=GWHTBECS006113	Gene=GWHGBECS006113	Position=GWHBECS00000001: 530084997-530085410, 530093194-530093355, 530093468-530093643, 530101446-530101521, 530114237-530114365, 530114488-530114607, 530114747-530114815, 530114900-530114981, 530121122-530121216, 530125001-530125065, 530128136-530128334, 530128584-530128778, 530130270-530130364, 530130471-530130606, 530130700-530130917, 530158160-530158287, 530163430-530163857: +	Frame=0	OriID=Ebr01G061130.1	OriTrascriptID=Ebr01G061130.1	transl_table=1	OriGeneID=Ebr01G061130	OriSeqID=Chr01",928,928,1152,928x1152,float16,embeddings/5714ad7ca0fdf67ef5276c2bb662467e5f32ad5a610de22b8a2bd04de15d69df.pt,/data/jnz/esmc-600m/data/weights/esmc_600m_2024_12_v0.pth,ok,
1558a77387db0b848fd4a32e12641794c84635cb6b83ddab40a2a96b971fa8d2,,"GWHPBECS006129	mRNA=GWHTBECS006131	Gene=GWHGBECS006131	Position=GWHBECS00000001: 531675725-531675904, 531675987-531676077, 531676152-531676390, 531676471-531676629, 531676705-531677558, 531677662-531677670, 531679738-531679912: -	Frame=0	OriID=Ebr01G061310.1	OriTrascriptID=Ebr01G061310.1	transl_table=1	OriGeneID=Ebr01G061310	OriSeqID=Chr01",568,568,1152,568x1152,float16,embeddings/1558a77387db0b848fd4a32e12641794c84635cb6b83ddab40a2a96b971fa8d2.pt,/data/jnz/esmc-600m/data/weights/esmc_600m_2024_12_v0.pth,ok,
6a4dfce9a7b0c74a7790a0c76c96b683a59d0937452d4ad7c481032b0d464412,,"GWHPBECS006130	mRNA=GWHTBECS006132	Gene=GWHGBECS006132	Position=GWHBECS00000001: 531696871-531697050, 531697133-531697223, 531697299-531697537, 531697618-531697776, 531697854-531698702: -	Frame=0	OriID=Ebr01G061320.1	OriTrascriptID=Ebr01G061320.1	transl_table=1	OriGeneID=Ebr01G061320	OriSeqID=Chr01",505,505,1152,505x1152,float16,embeddings/6a4dfce9a7b0c74a7790a0c76c96b683a59d0937452d4ad7c481032b0d464412.pt,/data/jnz/esmc-600m/data/weights/esmc_600m_2024_12_v0.pth,ok,
35f93b9858abe1176994bc5d66dc1d011a067a11aefbd6b5a467332654dfc14a,,"GWHPBECS006131	mRNA=GWHTBECS006133	Gene=GWHGBECS006133	Position=GWHBECS00000001: 531848696-531848896, 531848991-531849081, 531849169-531849407, 531849555-531849713, 531849793-531850640, 531851030-531851216: -	Frame=0	OriID=Ebr01G061330.1	OriTrascriptID=Ebr01G061330.1	transl_table=1	OriGeneID=Ebr01G061330	OriSeqID=Chr01",574,574,1152,574x1152,float16,embeddings/35f93b9858abe1176994bc5d66dc1d011a067a11aefbd6b5a467332654dfc14a.pt,/data/jnz/esmc-600m/data/weights/esmc_600m_2024_12_v0.pth,ok,
b4c2ca9b4afc4b26b9c94f0fb0558160e93f5c25f1a5ab6291abeacdebe402b7,,"GWHPBECS006132	mRNA=GWHTBECS006134	Gene=GWHGBECS006134	Position=GWHBECS00000001: 531853500-531853679, 531854010-531854100, 531854200-531854342, 531854373-531854438, 531873508-531873666, 531873789-531874642, 531874741-531874749, 531875020-531875164: -	Frame=0	OriID=Ebr01G061340.1	OriTrascriptID=Ebr01G061340.1	transl_table=1	OriGeneID=Ebr01G061340	OriSeqID=Chr01",548,548,1152,548x1152,float16,embeddings/b4c2ca9b4afc4b26b9c94f0fb0558160e93f5c25f1a5ab6291abeacdebe402b7.pt,/data/jnz/esmc-600m/data/weights/esmc_600m_2024_12_v0.pth,ok,
fe44613b2190bd5f5bb6da8584ed394b6a6b90118cb4fb6115a834c4f53d2449,,"GWHPBECS006191	mRNA=GWHTBECS006193	Gene=GWHGBECS006193	Position=GWHBECS00000001: 536370349-536371220, 536371297-536371783: -	Frame=0	OriID=Ebr01G061930.1	OriTrascriptID=Ebr01G061930.1	transl_table=1	OriGeneID=Ebr01G061930	OriSeqID=Chr01",452,452,1152,452x1152,float16,embeddings/fe44613b2190bd5f5bb6da8584ed394b6a6b90118cb4fb6115a834c4f53d2449.pt,/data/jnz/esmc-600m/data/weights/esmc_600m_2024_12_v0.pth,ok,
71a32ab5b357e24b09ebbd8c314fb012f2231fd264f2ab5d7053062c6fae834d,,"GWHPBECS006211	mRNA=GWHTBECS006213	Gene=GWHGBECS006213	Position=GWHBECS00000001: 538023285-538023647, 538050403-538050609, 538050713-538050923, 538084175-538084310, 538084383-538084656, 538103236-538104813: -	Frame=0	OriID=Ebr01G062130.1	OriTrascriptID=Ebr01G062130.1	transl_table=1	OriGeneID=Ebr01G062130	OriSeqID=Chr01",922,922,1152,922x1152,float16,embeddings/71a32ab5b357e24b09ebbd8c314fb012f2231fd264f2ab5d7053062c6fae834d.pt,/data/jnz/esmc-600m/data/weights/esmc_600m_2024_12_v0.pth,ok,
93a90d3be0e51f767abfb119124a0c0cb59a206b72c80ab5370262a1a1a900a0,,"GWHPBECS006262	mRNA=GWHTBECS006264	Gene=GWHGBECS006264	Position=GWHBECS00000001: 542332026-542332031, 542332447-542332736, 542332819-542333014, 542333119-542333235, 542333337-542333394, 542333469-542333538, 542333649-542333823, 542333914-542334047, 542334135-542334372, 542334455-542334582, 542334655-542334731, 542334814-542334974, 542335049-542335258, 542335336-542335433, 542335464-542335521, 542335604-542335747, 542335823-542336005, 542336095-542336157: +	Frame=0	OriID=Ebr01G062640.1	OriTrascriptID=Ebr01G062640.1	transl_table=1	OriGeneID=Ebr01G062640	OriSeqID=Chr01",801,801,1152,801x1152,float16,embeddings/93a90d3be0e51f767abfb119124a0c0cb59a206b72c80ab5370262a1a1a900a0.pt,/data/jnz/esmc-600m/data/weights/esmc_600m_2024_12_v0.pth,ok,
52eb776dfbb3c6137a41a7bc59f951cd1838ca8e600c60e062565486e6c44802,,GWHPBECS006272	mRNA=GWHTBECS006274	Gene=GWHGBECS006274	Position=GWHBECS00000001: 542806643-542807800: -	Frame=0	OriID=Ebr01G062740.1	OriTrascriptID=Ebr01G062740.1	transl_table=1	OriGeneID=Ebr01G062740	OriSeqID=Chr01,385,385,1152,385x1152,float16,embeddings/52eb776dfbb3c6137a41a7bc59f951cd1838ca8e600c60e062565486e6c44802.pt,/data/jnz/esmc-600m/data/weights/esmc_600m_2024_12_v0.pth,ok,
901fc42ff5eebcb924a643ec06f6a7d66022ce858f503908957f49c7bcb56a4c,,"GWHPBECS006353	mRNA=GWHTBECS006355	Gene=GWHGBECS006355	Position=GWHBECS00000001: 548434138-548435328, 548441193-548441340, 548441466-548441830, 548441922-548442083, 548442123-548442200, 548442231-548442485: +	Frame=0	OriID=Ebr01G063550.1	OriTrascriptID=Ebr01G063550.1	transl_table=1	OriGeneID=Ebr01G063550	OriSeqID=Chr01",732,732,1152,732x1152,float16,embeddings/901fc42ff5eebcb924a643ec06f6a7d66022ce858f503908957f49c7bcb56a4c.pt,/data/jnz/esmc-600m/data/weights/esmc_600m_2024_12_v0.pth,ok,
44d0f43637938c4d245e5f5a3925478e1b051b65987e563afea28f1e1511c5bf,,"GWHPBECS006400	mRNA=GWHTBECS006402	Gene=GWHGBECS006402	Position=GWHBECS00000001: 553157253-553157339, 553157424-553157498, 553170092-553170247, 553183278-553183355, 553192105-553192205, 553192373-553192520, 553192637-553192781, 553193962-553194065, 553194267-553194395, 553196663-553196773, 553196879-553197008, 553207900-553208019, 553208262-553208383, 553209841-553209924, 553210036-553210152, 553215639-553215719, 553217508-553217567, 553239840-553239882, 553246170-553246268, 553257462-553257763, 553270834-553270970, 553272007-553272133: -	Frame=0	OriID=Ebr01G064020.1	OriTrascriptID=Ebr01G064020.1	transl_table=1	OriGeneID=Ebr01G064020	OriSeqID=Chr01",851,851,1152,851x1152,float16,embeddings/44d0f43637938c4d245e5f5a3925478e1b051b65987e563afea28f1e1511c5bf.pt,/data/jnz/esmc-600m/data/weights/esmc_600m_2024_12_v0.pth,ok,
2cc85ddea95ca8233d29d3ed15185af48cd62eae9814ff396e322206a506109a,,GWHPBECS006409	mRNA=GWHTBECS006411	Gene=GWHGBECS006411	Position=GWHBECS00000001: 554221448-554222554: -	Frame=0	OriID=Ebr01G064110.1	OriTrascriptID=Ebr01G064110.1	transl_table=1	OriGeneID=Ebr01G064110	OriSeqID=Chr01,368,368,1152,368x1152,float16,embeddings/2cc85ddea95ca8233d29d3ed15185af48cd62eae9814ff396e322206a506109a.pt,/data/jnz/esmc-600m/data/weights/esmc_600m_2024_12_v0.pth,ok,
49ec2fb142ba7b59825b599e70b4596f7f314c0c479acf8afbc45a8a9f9c5181,,"GWHPBECS006410	mRNA=GWHTBECS006412	Gene=GWHGBECS006412	Position=GWHBECS00000001: 554222817-554223581, 554225716-554226321: -	Frame=0	OriID=Ebr01G064120.1	OriTrascriptID=Ebr01G064120.1	transl_table=1	OriGeneID=Ebr01G064120	OriSeqID=Chr01",456,456,1152,456x1152,float16,embeddings/49ec2fb142ba7b59825b599e70b4596f7f314c0c479acf8afbc45a8a9f9c5181.pt,/data/jnz/esmc-600m/data/weights/esmc_600m_2024_12_v0.pth,ok,
68cf1a4d828ee6ce57b2c18d72db6d1fa9b8c73fbe223dfba12f74ac7ad6046d,,"GWHPBECS006431	mRNA=GWHTBECS006433	Gene=GWHGBECS006433	Position=GWHBECS00000001: 555874485-555874605, 555874686-555874751, 555874841-555874982, 555875073-555875203, 555876743-555876747: +	Frame=0	OriID=Ebr01G064330.1	OriTrascriptID=Ebr01G064330.1	transl_table=1	OriGeneID=Ebr01G064330	OriSeqID=Chr01",154,154,1152,154x1152,float16,embeddings/68cf1a4d828ee6ce57b2c18d72db6d1fa9b8c73fbe223dfba12f74ac7ad6046d.pt,/data/jnz/esmc-600m/data/weights/esmc_600m_2024_12_v0.pth,ok,
1d8d158858d65bee89dc4c2d70f4d64f2f5962861380b0848154996cfa60664b,,"GWHPBECS006481	mRNA=GWHTBECS006483	Gene=GWHGBECS006483	Position=GWHBECS00000001: 559070278-559070553, 559070648-559070879, 559070991-559071220, 559071306-559071480, 559071562-559071663, 559071902-559072110, 559072152-559072205, 559072561-559072775, 559073319-559073380, 559073430-559073484, 559073877-559073928: -	Frame=0	OriID=Ebr01G064830.1	OriTrascriptID=Ebr01G064830.1	transl_table=1	OriGeneID=Ebr01G064830	OriSeqID=Chr01",553,553,1152,553x1152,float16,embeddings/1d8d158858d65bee89dc4c2d70f4d64f2f5962861380b0848154996cfa60664b.pt,/data/jnz/esmc-600m/data/weights/esmc_600m_2024_12_v0.pth,ok,
b99cb2b6235a67d5619d297a776fc8ff6d75893f3c7987c5f908aad49f858de9,,GWHPBECS006520	mRNA=GWHTBECS006522	Gene=GWHGBECS006522	Position=GWHBECS00000001: 562145804-562147225: -	Frame=0	OriID=Ebr01G065220.1	OriTrascriptID=Ebr01G065220.1	transl_table=1	OriGeneID=Ebr01G065220	OriSeqID=Chr01,473,473,1152,473x1152,float16,embeddings/b99cb2b6235a67d5619d297a776fc8ff6d75893f3c7987c5f908aad49f858de9.pt,/data/jnz/esmc-600m/data/weights/esmc_600m_2024_12_v0.pth,ok,
435ac84e7ac6c3f308785d112ad2719524962f62830c739344db45ee08b3f434,,"GWHPBECS006544	mRNA=GWHTBECS006546	Gene=GWHGBECS006546	Position=GWHBECS00000001: 564041422-564041863, 564052925-564053419, 564053486-564053769: +	Frame=0	OriID=Ebr01G065460.1	OriTrascriptID=Ebr01G065460.1	transl_table=1	OriGeneID=Ebr01G065460	OriSeqID=Chr01",406,406,1152,406x1152,float16,embeddings/435ac84e7ac6c3f308785d112ad2719524962f62830c739344db45ee08b3f434.pt,/data/jnz/esmc-600m/data/weights/esmc_600m_2024_12_v0.pth,ok,
35c5c74f0443c4047719bb283a369e211441990b06629af6c7b5aec82ff6ddee,,"GWHPBECS006656	mRNA=GWHTBECS006658	Gene=GWHGBECS006658	Position=GWHBECS00000001: 571650305-571650938, 571650985-571651568: -	Frame=0	OriID=Ebr01G066580.1	OriTrascriptID=Ebr01G066580.1	transl_table=1	OriGeneID=Ebr01G066580	OriSeqID=Chr01",405,405,1152,405x1152,float16,embeddings/35c5c74f0443c4047719bb283a369e211441990b06629af6c7b5aec82ff6ddee.pt,/data/jnz/esmc-600m/data/weights/esmc_600m_2024_12_v0.pth,ok,
718516fad4ed70487bec29074dc094ca0a36ea7ecd3424e750883e134a1e469e,,GWHPBECS006687	mRNA=GWHTBECS006689	Gene=GWHGBECS006689	Position=GWHBECS00000001: 575345624-575347048: +	Frame=0	OriID=Ebr01G066890.1	OriTrascriptID=Ebr01G066890.1	transl_table=1	OriGeneID=Ebr01G066890	OriSeqID=Chr01,474,474,1152,474x1152,float16,embeddings/718516fad4ed70487bec29074dc094ca0a36ea7ecd3424e750883e134a1e469e.pt,/data/jnz/esmc-600m/data/weights/esmc_600m_2024_12_v0.pth,ok,
91b1b9bc0ed2aa6dc0ddd35b255511bcd2892466ca2a6567769e5649a5171587,,"GWHPBECS006821	mRNA=GWHTBECS006823	Gene=GWHGBECS006823	Position=GWHBECS00000001: 586482916-586483194, 586483808-586483881, 586483920-586484051, 586484134-586484212: +	Frame=0	OriID=Ebr01G068230.1	OriTrascriptID=Ebr01G068230.1	transl_table=1	OriGeneID=Ebr01G068230	OriSeqID=Chr01",187,187,1152,187x1152,float16,embeddings/91b1b9bc0ed2aa6dc0ddd35b255511bcd2892466ca2a6567769e5649a5171587.pt,/data/jnz/esmc-600m/data/weights/esmc_600m_2024_12_v0.pth,ok,
537b60175c712716133cd770655ead0b007b62f7006ca70a1f103e01395b9dde,,"GWHPBECS007003	mRNA=GWHTBECS007005	Gene=GWHGBECS007005	Position=GWHBECS00000001: 599692260-599692531, 599692563-599692750, 599710092-599710975: +	Frame=0	OriID=Ebr01G070050.1	OriTrascriptID=Ebr01G070050.1	transl_table=1	OriGeneID=Ebr01G070050	OriSeqID=Chr01",447,447,1152,447x1152,float16,embeddings/537b60175c712716133cd770655ead0b007b62f7006ca70a1f103e01395b9dde.pt,/data/jnz/esmc-600m/data/weights/esmc_600m_2024_12_v0.pth,ok,
32bd6eadf943337659f6c2af176aa123178627edeab56cd96c52cf672341cc0c,,"GWHPBECS007006	mRNA=GWHTBECS007008	Gene=GWHGBECS007008	Position=GWHBECS00000001: 599853054-599853543, 599871695-599872578: +	Frame=0	OriID=Ebr01G070080.1	OriTrascriptID=Ebr01G070080.1	transl_table=1	OriGeneID=Ebr01G070080	OriSeqID=Chr01",457,457,1152,457x1152,float16,embeddings/32bd6eadf943337659f6c2af176aa123178627edeab56cd96c52cf672341cc0c.pt,/data/jnz/esmc-600m/data/weights/esmc_600m_2024_12_v0.pth,ok,
7d9632ab539c03f55ed57254c477e16d0b48dc65f111a797154220199e42916d,,"GWHPBECS007007	mRNA=GWHTBECS007009	Gene=GWHGBECS007009	Position=GWHBECS00000001: 600005033-600005645, 600017100-600017144, 600026343-600027010: +	Frame=0	OriID=Ebr01G070090.1	OriTrascriptID=Ebr01G070090.1	transl_table=1	OriGeneID=Ebr01G070090	OriSeqID=Chr01",441,441,1152,441x1152,float16,embeddings/7d9632ab539c03f55ed57254c477e16d0b48dc65f111a797154220199e42916d.pt,/data/jnz/esmc-600m/data/weights/esmc_600m_2024_12_v0.pth,ok,
249928450b89e35b0a77f75a931c35478feab9d2819ec688527e1e2087bd570e,,"GWHPBECS007019	mRNA=GWHTBECS007021	Gene=GWHGBECS007021	Position=GWHBECS00000001: 600987090-600987457, 600988269-600988523, 600988816-600989053, 600989095-600989278, 600989330-600989481: +	Frame=0	OriID=Ebr01G070210.1	OriTrascriptID=Ebr01G070210.1	transl_table=1	OriGeneID=Ebr01G070210	OriSeqID=Chr01",398,398,1152,398x1152,float16,embeddings/249928450b89e35b0a77f75a931c35478feab9d2819ec688527e1e2087bd570e.pt,/data/jnz/esmc-600m/data/weights/esmc_600m_2024_12_v0.pth,ok,
bbfbbbf3bec8e2a9e3c3f309e20c0a476650c52410da75a5a100be30c1de24c3,,"GWHPBECS007574	mRNA=GWHTBECS007577	Gene=GWHGBECS007577	Position=GWHBECS00000001: 637231167-637232053, 637232432-637232885: -	Frame=0	OriID=Ebr01G075770.1	OriTrascriptID=Ebr01G075770.1	transl_table=1	OriGeneID=Ebr01G075770	OriSeqID=Chr01",446,446,1152,446x1152,float16,embeddings/bbfbbbf3bec8e2a9e3c3f309e20c0a476650c52410da75a5a100be30c1de24c3.pt,/data/jnz/esmc-600m/data/weights/esmc_600m_2024_12_v0.pth,ok,
efbcc519940263e65121ae3a5d424946a0452175f3779bf23b932d7b5766b5f8,,"GWHPBECS007575	mRNA=GWHTBECS007578	Gene=GWHGBECS007578	Position=GWHBECS00000001: 637295390-637296023, 637296055-637296280, 637319960-637320455: -	Frame=0	OriID=Ebr01G075780.1	OriTrascriptID=Ebr01G075780.1	transl_table=1	OriGeneID=Ebr01G075780	OriSeqID=Chr01",451,451,1152,451x1152,float16,embeddings/efbcc519940263e65121ae3a5d424946a0452175f3779bf23b932d7b5766b5f8.pt,/data/jnz/esmc-600m/data/weights/esmc_600m_2024_12_v0.pth,ok,
3b35f78c547fe8750435e6bf2b165e77f4ed35591f615c0e3ed2f6e25aa69aab,,"GWHPBECS007632	mRNA=GWHTBECS007635	Gene=GWHGBECS007635	Position=GWHBECS00000002: 3449880-3450157, 3450250-3450552, 3450730-3450838, 3450975-3451079, 3451180-3451392, 3451474-3451579, 3451610-3451695, 3451770-3452117, 3452207-3452752: +	Frame=0	OriID=Ebr02G000560.1	OriTrascriptID=Ebr02G000560.1	transl_table=1	OriGeneID=Ebr02G000560	OriSeqID=Chr02",697,697,1152,697x1152,float16,embeddings/3b35f78c547fe8750435e6bf2b165e77f4ed35591f615c0e3ed2f6e25aa69aab.pt,/data/jnz/esmc-600m/data/weights/esmc_600m_2024_12_v0.pth,ok,
2e55251c81305ed45c00f6219853e7e5d28830c2074f292dde08f47178babd5f,,"GWHPBECS007730	mRNA=GWHTBECS007733	Gene=GWHGBECS007733	Position=GWHBECS00000002: 9614474-9614596, 9614699-9615075, 9616642-9616681: -	Frame=0	OriID=Ebr02G001540.1	OriTrascriptID=Ebr02G001540.1	transl_table=1	OriGeneID=Ebr02G001540	OriSeqID=Chr02",179,179,1152,179x1152,float16,embeddings/2e55251c81305ed45c00f6219853e7e5d28830c2074f292dde08f47178babd5f.pt,/data/jnz/esmc-600m/data/weights/esmc_600m_2024_12_v0.pth,ok,
a339f3c47878650e80c06a73b4d2a78fc3657704296956647f779131eb35bb76,,GWHPBECS007955	mRNA=GWHTBECS007958	Gene=GWHGBECS007958	Position=GWHBECS00000002: 25834423-25835832: -	Frame=0	OriID=Ebr02G003790.1	OriTrascriptID=Ebr02G003790.1	transl_table=1	OriGeneID=Ebr02G003790	OriSeqID=Chr02,469,469,1152,469x1152,float16,embeddings/a339f3c47878650e80c06a73b4d2a78fc3657704296956647f779131eb35bb76.pt,/data/jnz/esmc-600m/data/weights/esmc_600m_2024_12_v0.pth,ok,
a339f3c47878650e80c06a73b4d2a78fc3657704296956647f779131eb35bb76,,GWHPBECS007972	mRNA=GWHTBECS007975	Gene=GWHGBECS007975	Position=GWHBECS00000002: 26757270-26758679: -	Frame=0	OriID=Ebr02G003960.1	OriTrascriptID=Ebr02G003960.1	transl_table=1	OriGeneID=Ebr02G003960	OriSeqID=Chr02,469,469,1152,469x1152,float16,embeddings/a339f3c47878650e80c06a73b4d2a78fc3657704296956647f779131eb35bb76.pt,/data/jnz/esmc-600m/data/weights/esmc_600m_2024_12_v0.pth,skipped_exists,
9c5f49a4d8deef0a6699ba05333a1e0c5cb7b90a46e4a4e53163413ef4ed163b,,"GWHPBECS008014	mRNA=GWHTBECS008018	Gene=GWHGBECS008018	Position=GWHBECS00000002: 30611135-30611883, 30611894-30611921, 30612092-30612271: -	Frame=0	OriID=Ebr02G004390.1	OriTrascriptID=Ebr02G004390.1	transl_table=1	OriGeneID=Ebr02G004390	OriSeqID=Chr02",318,318,1152,318x1152,float16,embeddings/9c5f49a4d8deef0a6699ba05333a1e0c5cb7b90a46e4a4e53163413ef4ed163b.pt,/data/jnz/esmc-600m/data/weights/esmc_600m_2024_12_v0.pth,ok,
e5c93b53c05187eca0df9354c863c561bd0b9f99cb0b57aa4b0f2d28adefd1b6,,"GWHPBECS008025	mRNA=GWHTBECS008029	Gene=GWHGBECS008029	Position=GWHBECS00000002: 31118939-31119090, 31119408-31120149: +	Frame=0	OriID=Ebr02G004500.1	OriTrascriptID=Ebr02G004500.1	transl_table=1	OriGeneID=Ebr02G004500	OriSeqID=Chr02",297,297,1152,297x1152,float16,embeddings/e5c93b53c05187eca0df9354c863c561bd0b9f99cb0b57aa4b0f2d28adefd1b6.pt,/data/jnz/esmc-600m/data/weights/esmc_600m_2024_12_v0.pth,ok,
8253f40117cae4748e6c1a29802b94d30b97471bfd75fda0b45861b845a731b9,,"GWHPBECS008081	mRNA=GWHTBECS008085	Gene=GWHGBECS008085	Position=GWHBECS00000002: 36079891-36080084, 36083700-36083829, 36083947-36084096, 36084195-36084428, 36084531-36084699, 36114882-36115103, 36137991-36138157, 36138379-36138517, 36160258-36160636, 36197239-36197422: -	Frame=0	OriID=Ebr02G005060.1	OriTrascriptID=Ebr02G005060.1	transl_table=1	OriGeneID=Ebr02G005060	OriSeqID=Chr02",655,655,1152,655x1152,float16,embeddings/8253f40117cae4748e6c1a29802b94d30b97471bfd75fda0b45861b845a731b9.pt,/data/jnz/esmc-600m/data/weights/esmc_600m_2024_12_v0.pth,ok,
94b7c4478a59352ad3d43a8f0ca08365b38725b2050790c34a9d67886f4a8d4e,,"GWHPBECS008132	mRNA=GWHTBECS008136	Gene=GWHGBECS008136	Position=GWHBECS00000002: 40467726-40468287, 40468322-40468483, 40468564-40468712, 40468949-40469196, 40470816-40470857, 40471977-40472008, 40473400-40473498, 40474960-40474987, 40475660-40475822: -	Frame=0	OriID=Ebr02G005570.1	OriTrascriptID=Ebr02G005570.1	transl_table=1	OriGeneID=Ebr02G005570	OriSeqID=Chr02",494,494,1152,494x1152,float16,embeddings/94b7c4478a59352ad3d43a8f0ca08365b38725b2050790c34a9d67886f4a8d4e.pt,/data/jnz/esmc-600m/data/weights/esmc_600m_2024_12_v0.pth,ok,
18ba9a7161688e052a9487b0d06d136faf65c5d968ce704d8c2ce139b0ca3ca5,,"GWHPBECS008233	mRNA=GWHTBECS008237	Gene=GWHGBECS008237	Position=GWHBECS00000002: 50140456-50140686, 50140783-50141071, 50141128-50141255, 50141305-50141355, 50141386-50141575, 50141624-50141758, 50141996-50142204, 50142682-50142838, 50144262-50144312, 50145600-50145732, 50147352-50147421, 50148118-50148195: -	Frame=0	OriID=Ebr02G006580.1	OriTrascriptID=Ebr02G006580.1	transl_table=1	OriGeneID=Ebr02G006580	OriSeqID=Chr02",573,573,1152,573x1152,float16,embeddings/18ba9a7161688e052a9487b0d06d136faf65c5d968ce704d8c2ce139b0ca3ca5.pt,/data/jnz/esmc-600m/data/weights/esmc_600m_2024_12_v0.pth,ok,
e4455353761c247b1bf2f82eb885daf6e98a79bc5771173c7bc43ad66ad7e885,,"GWHPBECS008348	mRNA=GWHTBECS008352	Gene=GWHGBECS008352	Position=GWHBECS00000002: 58206062-58206186, 58206539-58206657, 58211497-58211569, 58230384-58230564: -	Frame=0	OriID=Ebr02G007730.1	OriTrascriptID=Ebr02G007730.1	transl_table=1	OriGeneID=Ebr02G007730	OriSeqID=Chr02",165,165,1152,165x1152,float16,embeddings/e4455353761c247b1bf2f82eb885daf6e98a79bc5771173c7bc43ad66ad7e885.pt,/data/jnz/esmc-600m/data/weights/esmc_600m_2024_12_v0.pth,ok,
eb7e1c149879876e509b56838bd4daf82a0190aa791855b0bbb91247ff4e8605,,"GWHPBECS008682	mRNA=GWHTBECS008686	Gene=GWHGBECS008686	Position=GWHBECS00000002: 85222834-85223341, 85223512-85224443: +	Frame=0	OriID=Ebr02G011070.1	OriTrascriptID=Ebr02G011070.1	transl_table=1	OriGeneID=Ebr02G011070	OriSeqID=Chr02",479,479,1152,479x1152,float16,embeddings/eb7e1c149879876e509b56838bd4daf82a0190aa791855b0bbb91247ff4e8605.pt,/data/jnz/esmc-600m/data/weights/esmc_600m_2024_12_v0.pth,ok,
b38b34fe477924bb2799f72800f5deaece400fc0a6eb7e2e5148fcdad2fd9914,,GWHPBECS008704	mRNA=GWHTBECS008708	Gene=GWHGBECS008708	Position=GWHBECS00000002: 86146225-86147256: -	Frame=0	OriID=Ebr02G011290.1	OriTrascriptID=Ebr02G011290.1	transl_table=1	OriGeneID=Ebr02G011290	OriSeqID=Chr02,343,343,1152,343x1152,float16,embeddings/b38b34fe477924bb2799f72800f5deaece400fc0a6eb7e2e5148fcdad2fd9914.pt,/data/jnz/esmc-600m/data/weights/esmc_600m_2024_12_v0.pth,ok,
b38b34fe477924bb2799f72800f5deaece400fc0a6eb7e2e5148fcdad2fd9914,,GWHPBECS008745	mRNA=GWHTBECS008749	Gene=GWHGBECS008749	Position=GWHBECS00000002: 89023741-89024772: -	Frame=0	OriID=Ebr02G011700.1	OriTrascriptID=Ebr02G011700.1	transl_table=1	OriGeneID=Ebr02G011700	OriSeqID=Chr02,343,343,1152,343x1152,float16,embeddings/b38b34fe477924bb2799f72800f5deaece400fc0a6eb7e2e5148fcdad2fd9914.pt,/data/jnz/esmc-600m/data/weights/esmc_600m_2024_12_v0.pth,skipped_exists,
8b7c68681c223e352a6a721d3bcc32f8f70cae6e72179a0deb0e1e6d0c70f36d,,"GWHPBECS008773	mRNA=GWHTBECS008777	Gene=GWHGBECS008777	Position=GWHBECS00000002: 91077812-91077986, 91078040-91078125, 91079537-91079575, 91080778-91080800, 91082237-91082289, 91083108-91083158, 91084194-91084292, 91085459-91085492, 91085582-91085639: +	Frame=0	OriID=Ebr02G011980.1	OriTrascriptID=Ebr02G011980.1	transl_table=1	OriGeneID=Ebr02G011980	OriSeqID=Chr02",205,205,1152,205x1152,float16,embeddings/8b7c68681c223e352a6a721d3bcc32f8f70cae6e72179a0deb0e1e6d0c70f36d.pt,/data/jnz/esmc-600m/data/weights/esmc_600m_2024_12_v0.pth,ok,
63fa9ae521bd6a599654263a733430c84e0510d826199a2766b4f526f4c5d313,,"GWHPBECS008872	mRNA=GWHTBECS008876	Gene=GWHGBECS008876	Position=GWHBECS00000002: 100452584-100452682, 100453313-100453352, 100455025-100455100, 100456627-100456748, 100457733-100457966, 100458361-100458604, 100458842-100459138, 100459268-100459393, 100459434-100459857, 100459954-100460181: +	Frame=0	OriID=Ebr02G012970.1	OriTrascriptID=Ebr02G012970.1	transl_table=1	OriGeneID=Ebr02G012970	OriSeqID=Chr02",629,629,1152,629x1152,float16,embeddings/63fa9ae521bd6a599654263a733430c84e0510d826199a2766b4f526f4c5d313.pt,/data/jnz/esmc-600m/data/weights/esmc_600m_2024_12_v0.pth,ok,
140a0a6cf89f87f4cd7573b9fde07e7fa1b7ba5731e601a02286c83e764357a0,,"GWHPBECS008912	mRNA=GWHTBECS008916	Gene=GWHGBECS008916	Position=GWHBECS00000002: 102683431-102683506, 102684561-102684625, 102685923-102686453: +	Frame=0	OriID=Ebr02G013370.1	OriTrascriptID=Ebr02G013370.1	transl_table=1	OriGeneID=Ebr02G013370	OriSeqID=Chr02",223,223,1152,223x1152,float16,embeddings/140a0a6cf89f87f4cd7573b9fde07e7fa1b7ba5731e601a02286c83e764357a0.pt,/data/jnz/esmc-600m/data/weights/esmc_600m_2024_12_v0.pth,ok,
0dd3fb9ff1ce155286d204fdacc38bcac570e62d907ae5270c06bbeff25c4f2d,,GWHPBECS008986	mRNA=GWHTBECS008990	Gene=GWHGBECS008990	Position=GWHBECS00000002: 110246670-110248052: +	Frame=0	OriID=Ebr02G014110.1	OriTrascriptID=Ebr02G014110.1	transl_table=1	OriGeneID=Ebr02G014110	OriSeqID=Chr02,460,460,1152,460x1152,float16,embeddings/0dd3fb9ff1ce155286d204fdacc38bcac570e62d907ae5270c06bbeff25c4f2d.pt,/data/jnz/esmc-600m/data/weights/esmc_600m_2024_12_v0.pth,ok,
acc3105f1874a6069209ea1b1fb8c47ecd27f0c3e441c5abec8644740d57c156,,GWHPBECS009324	mRNA=GWHTBECS009329	Gene=GWHGBECS009329	Position=GWHBECS00000002: 139038858-139039898: -	Frame=0	OriID=Ebr02G017500.1	OriTrascriptID=Ebr02G017500.1	transl_table=1	OriGeneID=Ebr02G017500	OriSeqID=Chr02,346,346,1152,346x1152,float16,embeddings/acc3105f1874a6069209ea1b1fb8c47ecd27f0c3e441c5abec8644740d57c156.pt,/data/jnz/esmc-600m/data/weights/esmc_600m_2024_12_v0.pth,ok,
75f032544675707919b54b6957608204316501162ca59f2da365e17026e74dd4,,GWHPBECS009332	mRNA=GWHTBECS009337	Gene=GWHGBECS009337	Position=GWHBECS00000002: 139477441-139478481: +	Frame=0	OriID=Ebr02G017580.1	OriTrascriptID=Ebr02G017580.1	transl_table=1	OriGeneID=Ebr02G017580	OriSeqID=Chr02,346,346,1152,346x1152,float16,embeddings/75f032544675707919b54b6957608204316501162ca59f2da365e17026e74dd4.pt,/data/jnz/esmc-600m/data/weights/esmc_600m_2024_12_v0.pth,ok,
046a442eaed2bc8b5599a6d8e0bd50c64d5c7406740daf930c7d6fbc72358d3d,,"GWHPBECS009358	mRNA=GWHTBECS009363	Gene=GWHGBECS009363	Position=GWHBECS00000002: 141631896-141632011, 141632504-141633728: +	Frame=0	OriID=Ebr02G017840.1	OriTrascriptID=Ebr02G017840.1	transl_table=1	OriGeneID=Ebr02G017840	OriSeqID=Chr02",446,446,1152,446x1152,float16,embeddings/046a442eaed2bc8b5599a6d8e0bd50c64d5c7406740daf930c7d6fbc72358d3d.pt,/data/jnz/esmc-600m/data/weights/esmc_600m_2024_12_v0.pth,ok,
32c5d53c09126f38860b6136dc3ff983e44dff9d3d25e9d6aaf35e52c529e6b4,,"GWHPBECS009359	mRNA=GWHTBECS009364	Gene=GWHGBECS009364	Position=GWHBECS00000002: 141652406-141652438, 141652882-141653041, 141653093-141653283, 141653323-141654111: +	Frame=0	OriID=Ebr02G017850.1	OriTrascriptID=Ebr02G017850.1	transl_table=1	OriGeneID=Ebr02G017850	OriSeqID=Chr02",390,390,1152,390x1152,float16,embeddings/32c5d53c09126f38860b6136dc3ff983e44dff9d3d25e9d6aaf35e52c529e6b4.pt,/data/jnz/esmc-600m/data/weights/esmc_600m_2024_12_v0.pth,ok,
b28cf6a90846c315fe6a0d51ec1e5d41e54de7cbba348100c76b6a0ef40b3ee9,,"GWHPBECS009377	mRNA=GWHTBECS009383	Gene=GWHGBECS009383	Position=GWHBECS00000002: 143256677-143256706, 143257630-143257947, 143258015-143258258, 143258334-143258582, 143258743-143258918, 143258990-143259065, 143259178-143259241, 143259524-143259575: +	Frame=0	OriID=Ebr02G018040.1	OriTrascriptID=Ebr02G018040.1	transl_table=1	OriGeneID=Ebr02G018040	OriSeqID=Chr02",402,402,1152,402x1152,float16,embeddings/b28cf6a90846c315fe6a0d51ec1e5d41e54de7cbba348100c76b6a0ef40b3ee9.pt,/data/jnz/esmc-600m/data/weights/esmc_600m_2024_12_v0.pth,ok,
189de39523eb680b1b52f06eca1fe9dd189d987fdf5997a95c091a84d2b33360,,"GWHPBECS009464	mRNA=GWHTBECS009470	Gene=GWHGBECS009470	Position=GWHBECS00000002: 151113432-151113566, 151113927-151113950, 151114456-151115052: +	Frame=0	OriID=Ebr02G018910.1	OriTrascriptID=Ebr02G018910.1	transl_table=1	OriGeneID=Ebr02G018910	OriSeqID=Chr02",251,251,1152,251x1152,float16,embeddings/189de39523eb680b1b52f06eca1fe9dd189d987fdf5997a95c091a84d2b33360.pt,/data/jnz/esmc-600m/data/weights/esmc_600m_2024_12_v0.pth,ok,
db7ae6b5399e03c0ce6ed9dd9761b77aa2f0677990089c71b7e4aec373f43857,,"GWHPBECS009495	mRNA=GWHTBECS009501	Gene=GWHGBECS009501	Position=GWHBECS00000002: 153964176-153965095, 153965281-153966031: -	Frame=0	OriID=Ebr02G019220.1	OriTrascriptID=Ebr02G019220.1	transl_table=1	OriGeneID=Ebr02G019220	OriSeqID=Chr02",556,556,1152,556x1152,float16,embeddings/db7ae6b5399e03c0ce6ed9dd9761b77aa2f0677990089c71b7e4aec373f43857.pt,/data/jnz/esmc-600m/data/weights/esmc_600m_2024_12_v0.pth,ok,
cac8ef6119fc40c35025f160ccd1997a39ae5f8be3d88b0bc32ce3ed87479ea7,,"GWHPBECS009693	mRNA=GWHTBECS009699	Gene=GWHGBECS009699	Position=GWHBECS00000002: 170759200-170759448, 170759558-170759698, 170759807-170759938, 170760037-170760249, 170760330-170760554, 170760632-170760979, 170761067-170761612: +	Frame=0	OriID=Ebr02G021200.1	OriTrascriptID=Ebr02G021200.1	transl_table=1	OriGeneID=Ebr02G021200	OriSeqID=Chr02",617,617,1152,617x1152,float16,embeddings/cac8ef6119fc40c35025f160ccd1997a39ae5f8be3d88b0bc32ce3ed87479ea7.pt,/data/jnz/esmc-600m/data/weights/esmc_600m_2024_12_v0.pth,ok,
d4686c1d9b2a37bbdf400ce71941afb55d45434d287ccef8aa2873fe204390da,,"GWHPBECS009695	mRNA=GWHTBECS009701	Gene=GWHGBECS009701	Position=GWHBECS00000002: 170839813-170840034, 170840363-170840494, 170840597-170840750, 170840844-170841076, 170841157-170841257, 170841294-170841504, 170841590-170841712: +	Frame=0	OriID=Ebr02G021220.1	OriTrascriptID=Ebr02G021220.1	transl_table=1	OriGeneID=Ebr02G021220	OriSeqID=Chr02",391,391,1152,391x1152,float16,embeddings/d4686c1d9b2a37bbdf400ce71941afb55d45434d287ccef8aa2873fe204390da.pt,/data/jnz/esmc-600m/data/weights/esmc_600m_2024_12_v0.pth,ok,
a02c3585c1520c667ec9dd17f08d2f60f5369e8550a73de9444a7336b83c4b94,,"GWHPBECS009697	mRNA=GWHTBECS009703	Gene=GWHGBECS009703	Position=GWHBECS00000002: 170883930-170884085, 170884164-170884388, 170884466-170884813, 170884901-170885446: +	Frame=0	OriID=Ebr02G021240.1	OriTrascriptID=Ebr02G021240.1	transl_table=1	OriGeneID=Ebr02G021240	OriSeqID=Chr02",424,424,1152,424x1152,float16,embeddings/a02c3585c1520c667ec9dd17f08d2f60f5369e8550a73de9444a7336b83c4b94.pt,/data/jnz/esmc-600m/data/weights/esmc_600m_2024_12_v0.pth,ok,
4179e1f329db8a33797a6d166670fada37a8d3d0fb728cd280b548a034540517,,"GWHPBECS009885	mRNA=GWHTBECS009891	Gene=GWHGBECS009891	Position=GWHBECS00000002: 195306783-195306920, 195307639-195307720, 195308619-195308623: +	Frame=0	OriID=Ebr02G023120.1	OriTrascriptID=Ebr02G023120.1	transl_table=1	OriGeneID=Ebr02G023120	OriSeqID=Chr02",74,74,1152,74x1152,float16,embeddings/4179e1f329db8a33797a6d166670fada37a8d3d0fb728cd280b548a034540517.pt,/data/jnz/esmc-600m/data/weights/esmc_600m_2024_12_v0.pth,ok,
fb7447ba6b9e0e247b57c863b75f278ae5672aaa78cfe4b87966458608054dcc,,"GWHPBECS010008	mRNA=GWHTBECS010014	Gene=GWHGBECS010014	Position=GWHBECS00000002: 209945961-209946008, 209969889-209970071, 209972289-209972426, 209972526-209972608, 209972753-209972861, 209972952-209973143, 209995704-209995861, 209995972-209996048, 209996171-209996286, 209996376-209996613, 210028279-210028533, 210028619-210028682, 210028943-210029003, 210029112-210029273, 210029358-210029553, 210030030-210030336, 210030445-210030628, 210039606-210039792, 210039920-210039969, 210040757-210040900: -	Frame=0	OriID=Ebr02G024350.1	OriTrascriptID=Ebr02G024350.1	transl_table=1	OriGeneID=Ebr02G024350	OriSeqID=Chr02",983,983,1152,983x1152,float16,embeddings/fb7447ba6b9e0e247b57c863b75f278ae5672aaa78cfe4b87966458608054dcc.pt,/data/jnz/esmc-600m/data/weights/esmc_600m_2024_12_v0.pth,ok,
78d46ee30d6ae0e55f2b53f2870fcc03a7de48074d2ab756035af288ea5ba760,,"GWHPBECS010018	mRNA=GWHTBECS010024	Gene=GWHGBECS010024	Position=GWHBECS00000002: 211519286-211519828, 211519898-211520245, 211520327-211520484, 211520616-211520715, 211520804-211521016, 211521114-211521242, 211530418-211530513, 211533292-211533945: -	Frame=0	OriID=Ebr02G024450.1	OriTrascriptID=Ebr02G024450.1	transl_table=1	OriGeneID=Ebr02G024450	OriSeqID=Chr02",746,746,1152,746x1152,float16,embeddings/78d46ee30d6ae0e55f2b53f2870fcc03a7de48074d2ab756035af288ea5ba760.pt,/data/jnz/esmc-600m/data/weights/esmc_600m_2024_12_v0.pth,ok,
cdff49647562f6a282763bb7cfb35c3e2ebb85f31851354dad9d226c7fb70e3e,,"GWHPBECS010036	mRNA=GWHTBECS010042	Gene=GWHGBECS010042	Position=GWHBECS00000002: 213408227-213408853, 213408957-213409052, 213411427-213411555, 213411645-213411857, 213411966-213412547, 213412620-213413159: +	Frame=0	OriID=Ebr02G024630.1	OriTrascriptID=Ebr02G024630.1	transl_table=1	OriGeneID=Ebr02G024630	OriSeqID=Chr02",728,728,1152,728x1152,float16,embeddings/cdff49647562f6a282763bb7cfb35c3e2ebb85f31851354dad9d226c7fb70e3e.pt,/data/jnz/esmc-600m/data/weights/esmc_600m_2024_12_v0.pth,ok,
889fc92f08e3c02f6a4841c3999436b917e3ebb87f4338d38f82c0a5e278bcf5,,"GWHPBECS010091	mRNA=GWHTBECS010097	Gene=GWHGBECS010097	Position=GWHBECS00000002: 216840690-216840749, 216840839-216841021, 216841097-216841240, 216841323-216841380, 216841411-216841508, 216841586-216841795, 216841870-216842044, 216842109-216842189, 216842262-216842389, 216842472-216842709, 216842797-216842930, 216843021-216843186, 216843327-216843375, 216843450-216843507, 216843608-216843724, 216843829-216844024, 216844107-216844396, 216844811-216844816: -	Frame=0	OriID=Ebr02G025180.1	OriTrascriptID=Ebr02G025180.1	transl_table=1	OriGeneID=Ebr02G025180	OriSeqID=Chr02",796,796,1152,796x1152,float16,embeddings/889fc92f08e3c02f6a4841c3999436b917e3ebb87f4338d38f82c0a5e278bcf5.pt,/data/jnz/esmc-600m/data/weights/esmc_600m_2024_12_v0.pth,ok,
08ffc5353945b361c1a00a9356bf7941202d891ecf1922c5c61dc5e6a6328c56,,"GWHPBECS010192	mRNA=GWHTBECS010198	Gene=GWHGBECS010198	Position=GWHBECS00000002: 226333321-226333449, 226333546-226333584, 226333687-226333809, 226333969-226334028, 226338101-226338181, 226338659-226338749, 226338948-226339019, 226339106-226339206, 226341455-226341553, 226344639-226345019: -	Frame=0	OriID=Ebr02G026190.1	OriTrascriptID=Ebr02G026190.1	transl_table=1	OriGeneID=Ebr02G026190	OriSeqID=Chr02",391,391,1152,391x1152,float16,embeddings/08ffc5353945b361c1a00a9356bf7941202d891ecf1922c5c61dc5e6a6328c56.pt,/data/jnz/esmc-600m/data/weights/esmc_600m_2024_12_v0.pth,ok,
23b5861643c4430f8f18ff96b7d08da8a0fbf404597b8ba83c8efc8586493da6,,"GWHPBECS010224	mRNA=GWHTBECS010230	Gene=GWHGBECS010230	Position=GWHBECS00000002: 230391231-230391583, 230391620-230391740, 230391775-230391879, 230391954-230392049, 230392152-230392298, 230392406-230392493, 230393566-230393621, 230395316-230395408: +	Frame=0	OriID=Ebr02G026510.1	OriTrascriptID=Ebr02G026510.1	transl_table=1	OriGeneID=Ebr02G026510	OriSeqID=Chr02",352,352,1152,352x1152,float16,embeddings/23b5861643c4430f8f18ff96b7d08da8a0fbf404597b8ba83c8efc8586493da6.pt,/data/jnz/esmc-600m/data/weights/esmc_600m_2024_12_v0.pth,ok,
4cfc48cf8068fc2f4756589dd054273809fa4032022998b9239dbff959cf23ed,,"GWHPBECS010254	mRNA=GWHTBECS010260	Gene=GWHGBECS010260	Position=GWHBECS00000002: 233105820-233105885, 233105979-233106171, 233112420-233112538, 233118795-233118861, 233118950-233119115, 233125365-233125977, 233126069-233126545, 233126641-233127150, 233127237-233127587, 233127667-233128248: +	Frame=0	OriID=Ebr02G026810.1	OriTrascriptID=Ebr02G026810.1	transl_table=1	OriGeneID=Ebr02G026810	OriSeqID=Chr02",1047,1047,1152,1047x1152,float16,embeddings/4cfc48cf8068fc2f4756589dd054273809fa4032022998b9239dbff959cf23ed.pt,/data/jnz/esmc-600m/data/weights/esmc_600m_2024_12_v0.pth,ok,
be8e4772c837f97273b5e178bb91af9cafaa692b0c4c57a3c9f97a7785e0f3c9,,"GWHPBECS010284	mRNA=GWHTBECS010290	Gene=GWHGBECS010290	Position=GWHBECS00000002: 235758839-235758841, 235759019-235759147, 235784660-235784805, 235784915-235785077, 235785343-235785401, 235795361-235795517, 235801579-235801728, 235801978-235802114, 235821780-235821926, 235822000-235822101, 235835879-235835936, 235836049-235836150, 235841104-235841141, 235841227-235841332, 235841454-235841627, 235871684-235871790, 235891566-235891626, 235924700-235924933, 235934342-235934461, 235940192-235940290, 235944079-235944300, 235944534-235944673, 235960226-235960337, 235964183-235964230, 235964319-235964423, 235964901-235965071, 235965970-235966110, 235966435-235966611, 235966705-235966842, 235979495-235979565, 235979655-235979754, 235979853-235979909, 235980002-235980058, 235980154-235980234, 235980317-235980399, 235980482-235980602: +	Frame=0	OriID=Ebr02G027110.1	OriTrascriptID=Ebr02G027110.1	transl_table=1	OriGeneID=Ebr02G027110	OriSeqID=Chr02",1371,1371,1152,1371x1152,float16,embeddings/be8e4772c837f97273b5e178bb91af9cafaa692b0c4c57a3c9f97a7785e0f3c9.pt,/data/jnz/esmc-600m/data/weights/esmc_600m_2024_12_v0.pth,ok,
748346239f51bd07b4b1f49fdb0873ebf235efb029c31e7c05d369936a033fb2,,"GWHPBECS010328	mRNA=GWHTBECS010334	Gene=GWHGBECS010334	Position=GWHBECS00000002: 240560728-240560929, 240586834-240587310, 240587613-240587845, 240588321-240588453, 240622660-240622748, 240622846-240622916, 240623000-240623072, 240623179-240623316, 240642792-240643217: -	Frame=0	OriID=Ebr02G027550.1	OriTrascriptID=Ebr02G027550.1	transl_table=1	OriGeneID=Ebr02G027550	OriSeqID=Chr02",613,613,1152,613x1152,float16,embeddings/748346239f51bd07b4b1f49fdb0873ebf235efb029c31e7c05d369936a033fb2.pt,/data/jnz/esmc-600m/data/weights/esmc_600m_2024_12_v0.pth,ok,
a639b7ea971b82acaf4c498b08e7e71763b86ddfce2043efaa9d3fb0be49090a,,"GWHPBECS010379	mRNA=GWHTBECS010385	Gene=GWHGBECS010385	Position=GWHBECS00000002: 246806901-246807051, 246807160-246807479, 246807579-246807927, 246808015-246808079, 246808109-246808210, 246808645-246808871, 246809547-246809611, 246810728-246810765: -	Frame=0	OriID=Ebr02G028060.1	OriTrascriptID=Ebr02G028060.1	transl_table=1	OriGeneID=Ebr02G028060	OriSeqID=Chr02",438,438,1152,438x1152,float16,embeddings/a639b7ea971b82acaf4c498b08e7e71763b86ddfce2043efaa9d3fb0be49090a.pt,/data/jnz/esmc-600m/data/weights/esmc_600m_2024_12_v0.pth,ok,
5ac79dc074965faf489ed946d9d687229771f36af742ef6bed2f43f5a28b4d5d,,"GWHPBECS010410	mRNA=GWHTBECS010416	Gene=GWHGBECS010416	Position=GWHBECS00000002: 249372107-249372443, 249372593-249372819: -	Frame=0	OriID=Ebr02G028370.1	OriTrascriptID=Ebr02G028370.1	transl_table=1	OriGeneID=Ebr02G028370	OriSeqID=Chr02",187,187,1152,187x1152,float16,embeddings/5ac79dc074965faf489ed946d9d687229771f36af742ef6bed2f43f5a28b4d5d.pt,/data/jnz/esmc-600m/data/weights/esmc_600m_2024_12_v0.pth,ok,
fd3499a20c858358a71d9020fdcc5800745d09060bfbc4e28dbddef040c04e8d,,"GWHPBECS010489	mRNA=GWHTBECS010495	Gene=GWHGBECS010495	Position=GWHBECS00000002: 257447116-257447286, 257447385-257447634, 257465679-257466508: -	Frame=0	OriID=Ebr02G029160.1	OriTrascriptID=Ebr02G029160.1	transl_table=1	OriGeneID=Ebr02G029160	OriSeqID=Chr02",416,416,1152,416x1152,float16,embeddings/fd3499a20c858358a71d9020fdcc5800745d09060bfbc4e28dbddef040c04e8d.pt,/data/jnz/esmc-600m/data/weights/esmc_600m_2024_12_v0.pth,ok,
33a9f5d3bbc1c6e045b45ad90cea0d388e8b663ce48a603beaea2dce48709df3,,"GWHPBECS010551	mRNA=GWHTBECS010557	Gene=GWHGBECS010557	Position=GWHBECS00000002: 262896010-262896285, 262896382-262896854, 262897007-262897181, 262897250-262897400, 262897640-262897776, 262898257-262898412, 262898556-262898576, 262900146-262900216, 262900431-262900527: -	Frame=0	OriID=Ebr02G029780.1	OriTrascriptID=Ebr02G029780.1	transl_table=1	OriGeneID=Ebr02G029780	OriSeqID=Chr02",518,518,1152,518x1152,float16,embeddings/33a9f5d3bbc1c6e045b45ad90cea0d388e8b663ce48a603beaea2dce48709df3.pt,/data/jnz/esmc-600m/data/weights/esmc_600m_2024_12_v0.pth,ok,
bec4d1c3f05cb438a5842301b00317b71e981d34430ba49bf3ddf5ea7286b026,,"GWHPBECS010702	mRNA=GWHTBECS010708	Gene=GWHGBECS010708	Position=GWHBECS00000002: 275381844-275382324, 275383017-275383951: -	Frame=0	OriID=Ebr02G031290.1	OriTrascriptID=Ebr02G031290.1	transl_table=1	OriGeneID=Ebr02G031290	OriSeqID=Chr02",471,471,1152,471x1152,float16,embeddings/bec4d1c3f05cb438a5842301b00317b71e981d34430ba49bf3ddf5ea7286b026.pt,/data/jnz/esmc-600m/data/weights/esmc_600m_2024_12_v0.pth,ok,
c7d32f537bc49cd3fdbee510b572ae000d75da18b165f0eba3e247f86d78d7f2,,"GWHPBECS010716	mRNA=GWHTBECS010722	Gene=GWHGBECS010722	Position=GWHBECS00000002: 276564297-276564401, 276569667-276569733, 276569832-276569890, 276587152-276587227, 276615635-276615709, 276615776-276615863, 276618253-276618478, 276626343-276626458, 276639295-276639509, 276639591-276639625, 276639711-276639813, 276644293-276644401, 276685440-276685635: +	Frame=0	OriID=Ebr02G031430.1	OriTrascriptID=Ebr02G031430.1	transl_table=1	OriGeneID=Ebr02G031430	OriSeqID=Chr02",489,489,1152,489x1152,float16,embeddings/c7d32f537bc49cd3fdbee510b572ae000d75da18b165f0eba3e247f86d78d7f2.pt,/data/jnz/esmc-600m/data/weights/esmc_600m_2024_12_v0.pth,ok,
224bf4e985d60b4befe2cf30f184ad62f2d04f579e85ed2d18a1f649f7c957ad,,"GWHPBECS010744	mRNA=GWHTBECS010750	Gene=GWHGBECS010750	Position=GWHBECS00000002: 279251117-279251842, 279251928-279252596: -	Frame=0	OriID=Ebr02G031710.1	OriTrascriptID=Ebr02G031710.1	transl_table=1	OriGeneID=Ebr02G031710	OriSeqID=Chr02",464,464,1152,464x1152,float16,embeddings/224bf4e985d60b4befe2cf30f184ad62f2d04f579e85ed2d18a1f649f7c957ad.pt,/data/jnz/esmc-600m/data/weights/esmc_600m_2024_12_v0.pth,ok,
4499ca90d7f9a87aa23caf26e3177653582ca0393cdeb6883dc2b61ce4636f46,,"GWHPBECS010756	mRNA=GWHTBECS010762	Gene=GWHGBECS010762	Position=GWHBECS00000002: 280320169-280320786, 280320871-280321521: -	Frame=0	OriID=Ebr02G031830.1	OriTrascriptID=Ebr02G031830.1	transl_table=1	OriGeneID=Ebr02G031830	OriSeqID=Chr02",422,422,1152,422x1152,float16,embeddings/4499ca90d7f9a87aa23caf26e3177653582ca0393cdeb6883dc2b61ce4636f46.pt,/data/jnz/esmc-600m/data/weights/esmc_600m_2024_12_v0.pth,ok,
76d744cf0478e14c53a7840408a745f9560d39531f0417820c10997a0232a775,,"GWHPBECS010760	mRNA=GWHTBECS010766	Gene=GWHGBECS010766	Position=GWHBECS00000002: 280511987-280512712, 280512809-280513159, 280513193-280513459: -	Frame=0	OriID=Ebr02G031870.1	OriTrascriptID=Ebr02G031870.1	transl_table=1	OriGeneID=Ebr02G031870	OriSeqID=Chr02",447,447,1152,447x1152,float16,embeddings/76d744cf0478e14c53a7840408a745f9560d39531f0417820c10997a0232a775.pt,/data/jnz/esmc-600m/data/weights/esmc_600m_2024_12_v0.pth,ok,
09ab1b111331fefe79d57e79f5b3e9bf51cb6bb8cfdfb2de1468413f493a9a04,,"GWHPBECS010761	mRNA=GWHTBECS010767	Gene=GWHGBECS010767	Position=GWHBECS00000002: 280541962-280542687, 280542784-280543120, 280543178-280543434: -	Frame=0	OriID=Ebr02G031880.1	OriTrascriptID=Ebr02G031880.1	transl_table=1	OriGeneID=Ebr02G031880	OriSeqID=Chr02",439,439,1152,439x1152,float16,embeddings/09ab1b111331fefe79d57e79f5b3e9bf51cb6bb8cfdfb2de1468413f493a9a04.pt,/data/jnz/esmc-600m/data/weights/esmc_600m_2024_12_v0.pth,ok,
52cb4ee0f7fb6adbbcd67e53d8d3200aa26a7665a1de71dd7fbd10b8e11aaaf7,,"GWHPBECS010789	mRNA=GWHTBECS010795	Gene=GWHGBECS010795	Position=GWHBECS00000002: 282263735-282264457, 282264547-282265185: -	Frame=0	OriID=Ebr02G032160.1	OriTrascriptID=Ebr02G032160.1	transl_table=1	OriGeneID=Ebr02G032160	OriSeqID=Chr02",453,453,1152,453x1152,float16,embeddings/52cb4ee0f7fb6adbbcd67e53d8d3200aa26a7665a1de71dd7fbd10b8e11aaaf7.pt,/data/jnz/esmc-600m/data/weights/esmc_600m_2024_12_v0.pth,ok,
19327a0a12238a04c61ce32812eb19ac5f28dd610f0e727a22df9b25e2247fb3,,GWHPBECS010798	mRNA=GWHTBECS010804	Gene=GWHGBECS010804	Position=GWHBECS00000002: 282723029-282723898: -	Frame=0	OriID=Ebr02G032250.1	OriTrascriptID=Ebr02G032250.1	transl_table=1	OriGeneID=Ebr02G032250	OriSeqID=Chr02,289,289,1152,289x1152,float16,embeddings/19327a0a12238a04c61ce32812eb19ac5f28dd610f0e727a22df9b25e2247fb3.pt,/data/jnz/esmc-600m/data/weights/esmc_600m_2024_12_v0.pth,ok,
7f04551457b23bcd90e13b1e911f5df6cef1edca80607974549cb26a8b278e97,,"GWHPBECS010857	mRNA=GWHTBECS010863	Gene=GWHGBECS010863	Position=GWHBECS00000002: 287489386-287489668, 287509204-287509331, 287509416-287510387, 287510849-287510911, 287511038-287511091, 287511175-287511351, 287511432-287511563, 287511644-287511775, 287521140-287521619, 287521677-287521838, 287521922-287521985, 287522220-287522452, 287527437-287527526, 287527563-287527715: -	Frame=0	OriID=Ebr02G032840.1	OriTrascriptID=Ebr02G032840.1	transl_table=1	OriGeneID=Ebr02G032840	OriSeqID=Chr02",1040,1040,1152,1040x1152,float16,embeddings/7f04551457b23bcd90e13b1e911f5df6cef1edca80607974549cb26a8b278e97.pt,/data/jnz/esmc-600m/data/weights/esmc_600m_2024_12_v0.pth,ok,
ba0283576efcedd8a48746c8abe98e4c9c0a0aeb893e23a5634784e345b483f0,,GWHPBECS010867	mRNA=GWHTBECS010873	Gene=GWHGBECS010873	Position=GWHBECS00000002: 288065028-288066425: +	Frame=0	OriID=Ebr02G032940.1	OriTrascriptID=Ebr02G032940.1	transl_table=1	OriGeneID=Ebr02G032940	OriSeqID=Chr02,465,465,1152,465x1152,float16,embeddings/ba0283576efcedd8a48746c8abe98e4c9c0a0aeb893e23a5634784e345b483f0.pt,/data/jnz/esmc-600m/data/weights/esmc_600m_2024_12_v0.pth,ok,
dc993a371f422e2e7f26dc6a4ef5df8572d7877db68db3f671f819b53f7b8d10,,GWHPBECS010868	mRNA=GWHTBECS010874	Gene=GWHGBECS010874	Position=GWHBECS00000002: 288098856-288100265: +	Frame=0	OriID=Ebr02G032950.1	OriTrascriptID=Ebr02G032950.1	transl_table=1	OriGeneID=Ebr02G032950	OriSeqID=Chr02,469,469,1152,469x1152,float16,embeddings/dc993a371f422e2e7f26dc6a4ef5df8572d7877db68db3f671f819b53f7b8d10.pt,/data/jnz/esmc-600m/data/weights/esmc_600m_2024_12_v0.pth,ok,
6a54182844c59b1d669401d9861678349266d2c849e68249203c730cbd27ac0c,,GWHPBECS010870	mRNA=GWHTBECS010876	Gene=GWHGBECS010876	Position=GWHBECS00000002: 288263473-288264912: -	Frame=0	OriID=Ebr02G032970.1	OriTrascriptID=Ebr02G032970.1	transl_table=1	OriGeneID=Ebr02G032970	OriSeqID=Chr02,479,479,1152,479x1152,float16,embeddings/6a54182844c59b1d669401d9861678349266d2c849e68249203c730cbd27ac0c.pt,/data/jnz/esmc-600m/data/weights/esmc_600m_2024_12_v0.pth,ok,
a030b5d7b7b705e34b7d1ddbecbc57ccb46af70b229f31210e0e7503ef4d187c,,GWHPBECS010871	mRNA=GWHTBECS010877	Gene=GWHGBECS010877	Position=GWHBECS00000002: 288272316-288273755: -	Frame=0	OriID=Ebr02G032980.1	OriTrascriptID=Ebr02G032980.1	transl_table=1	OriGeneID=Ebr02G032980	OriSeqID=Chr02,479,479,1152,479x1152,float16,embeddings/a030b5d7b7b705e34b7d1ddbecbc57ccb46af70b229f31210e0e7503ef4d187c.pt,/data/jnz/esmc-600m/data/weights/esmc_600m_2024_12_v0.pth,ok,
008b239be1d3b81ed902094e6b7abddb262d7b0c2bd06102267e3f5425e4367c,,GWHPBECS010872	mRNA=GWHTBECS010878	Gene=GWHGBECS010878	Position=GWHBECS00000002: 288312038-288313441: -	Frame=0	OriID=Ebr02G032990.1	OriTrascriptID=Ebr02G032990.1	transl_table=1	OriGeneID=Ebr02G032990	OriSeqID=Chr02,467,467,1152,467x1152,float16,embeddings/008b239be1d3b81ed902094e6b7abddb262d7b0c2bd06102267e3f5425e4367c.pt,/data/jnz/esmc-600m/data/weights/esmc_600m_2024_12_v0.pth,ok,
a469e460a0a017b1fb971d141ac3028a3d3f865d34d23b1f5a8284620f42226a,,"GWHPBECS010873	mRNA=GWHTBECS010879	Gene=GWHGBECS010879	Position=GWHBECS00000002: 288340641-288341624, 288341776-288342062, 288342539-288342776: -	Frame=0	OriID=Ebr02G033000.1	OriTrascriptID=Ebr02G033000.1	transl_table=1	OriGeneID=Ebr02G033000	OriSeqID=Chr02",502,502,1152,502x1152,float16,embeddings/a469e460a0a017b1fb971d141ac3028a3d3f865d34d23b1f5a8284620f42226a.pt,/data/jnz/esmc-600m/data/weights/esmc_600m_2024_12_v0.pth,ok,
fb08aa4eb50bdbcd750d43b578bcd261373d55f200251fe4b441f526235c7e7d,,GWHPBECS010874	mRNA=GWHTBECS010880	Gene=GWHGBECS010880	Position=GWHBECS00000002: 288372840-288374255: -	Frame=0	OriID=Ebr02G033010.1	OriTrascriptID=Ebr02G033010.1	transl_table=1	OriGeneID=Ebr02G033010	OriSeqID=Chr02,471,471,1152,471x1152,float16,embeddings/fb08aa4eb50bdbcd750d43b578bcd261373d55f200251fe4b441f526235c7e7d.pt,/data/jnz/esmc-600m/data/weights/esmc_600m_2024_12_v0.pth,ok,
fd390e52534bc70b3a8d716be35715f9ca7a40cb075394db669e4c6b3dc6e7b2,,GWHPBECS010875	mRNA=GWHTBECS010881	Gene=GWHGBECS010881	Position=GWHBECS00000002: 288453686-288455101: -	Frame=0	OriID=Ebr02G033020.1	OriTrascriptID=Ebr02G033020.1	transl_table=1	OriGeneID=Ebr02G033020	OriSeqID=Chr02,471,471,1152,471x1152,float16,embeddings/fd390e52534bc70b3a8d716be35715f9ca7a40cb075394db669e4c6b3dc6e7b2.pt,/data/jnz/esmc-600m/data/weights/esmc_600m_2024_12_v0.pth,ok,
a352506fcff24d10e4dd89994443ed4f3384ada0afa30c833f0b244ca4da7778,,"GWHPBECS010883	mRNA=GWHTBECS010889	Gene=GWHGBECS010889	Position=GWHBECS00000002: 288921810-288921846, 288922254-288922345, 288924109-288924189, 288924761-288924984, 288926632-288927388: -	Frame=0	OriID=Ebr02G033100.1	OriTrascriptID=Ebr02G033100.1	transl_table=1	OriGeneID=Ebr02G033100	OriSeqID=Chr02",396,396,1152,396x1152,float16,embeddings/a352506fcff24d10e4dd89994443ed4f3384ada0afa30c833f0b244ca4da7778.pt,/data/jnz/esmc-600m/data/weights/esmc_600m_2024_12_v0.pth,ok,
1d9b2516fac4714efe4c6bc837e40c7108dd3af089986dccfacd39d4e6ac53fc,,"GWHPBECS010892	mRNA=GWHTBECS010898	Gene=GWHGBECS010898	Position=GWHBECS00000002: 289663354-289663618, 289668314-289668550, 289668605-289669499, 289669897-289669958, 289670550-289670622, 289670835-289670902, 289671074-289671228: -	Frame=0	OriID=Ebr02G033190.1	OriTrascriptID=Ebr02G033190.1	transl_table=1	OriGeneID=Ebr02G033190	OriSeqID=Chr02",584,584,1152,584x1152,float16,embeddings/1d9b2516fac4714efe4c6bc837e40c7108dd3af089986dccfacd39d4e6ac53fc.pt,/data/jnz/esmc-600m/data/weights/esmc_600m_2024_12_v0.pth,ok,
371318894b18ca2e689e34d42c6d8da66928e27cda9b7c86956f2760e1cde2ac,,"GWHPBECS010895	mRNA=GWHTBECS010901	Gene=GWHGBECS010901	Position=GWHBECS00000002: 289767605-289767869, 289772543-289773824, 289774126-289774187, 289774779-289774851, 289775064-289775131, 289775303-289775487, 289785104-289785245, 289785578-289785616, 289785698-289785753, 289785856-289785909, 289798572-289798675, 289798777-289798877, 289799182-289799255, 289814450-289814549, 289814632-289814708, 289814847-289814903, 289815034-289815144, 289815229-289815309: -	Frame=0	OriID=Ebr02G033220.1	OriTrascriptID=Ebr02G033220.1	transl_table=1	OriGeneID=Ebr02G033220	OriSeqID=Chr02",976,976,1152,976x1152,float16,embeddings/371318894b18ca2e689e34d42c6d8da66928e27cda9b7c86956f2760e1cde2ac.pt,/data/jnz/esmc-600m/data/weights/esmc_600m_2024_12_v0.pth,ok,
bc5c447128a50d2a8b27913064d4d0b576f995c5743bbf81341eebcdc702b9b2,,"GWHPBECS011045	mRNA=GWHTBECS011051	Gene=GWHGBECS011051	Position=GWHBECS00000002: 301706328-301706455, 301707408-301707492, 301707700-301707777, 301708297-301708569, 301708677-301708859, 301708865-301709149, 301709258-301709736, 301709849-301709957: +	Frame=0	OriID=Ebr02G034720.1	OriTrascriptID=Ebr02G034720.1	transl_table=1	OriGeneID=Ebr02G034720	OriSeqID=Chr02",539,539,1152,539x1152,float16,embeddings/bc5c447128a50d2a8b27913064d4d0b576f995c5743bbf81341eebcdc702b9b2.pt,/data/jnz/esmc-600m/data/weights/esmc_600m_2024_12_v0.pth,ok,
51faa46eb8a878646e52d2f2904ac5f896aa5c60e964d1fd74f8ca630040553c,,"GWHPBECS011103	mRNA=GWHTBECS011109	Gene=GWHGBECS011109	Position=GWHBECS00000002: 307523450-307524121, 307524941-307525693: +	Frame=0	OriID=Ebr02G035300.1	OriTrascriptID=Ebr02G035300.1	transl_table=1	OriGeneID=Ebr02G035300	OriSeqID=Chr02",474,474,1152,474x1152,float16,embeddings/51faa46eb8a878646e52d2f2904ac5f896aa5c60e964d1fd74f8ca630040553c.pt,/data/jnz/esmc-600m/data/weights/esmc_600m_2024_12_v0.pth,ok,
0403603f6afc9c99098ee3d649ca93f51342d87cd56908973930b26e3324f86a,,"GWHPBECS011104	mRNA=GWHTBECS011110	Gene=GWHGBECS011110	Position=GWHBECS00000002: 307565023-307565691, 307566639-307567391: +	Frame=0	OriID=Ebr02G035310.1	OriTrascriptID=Ebr02G035310.1	transl_table=1	OriGeneID=Ebr02G035310	OriSeqID=Chr02",473,473,1152,473x1152,float16,embeddings/0403603f6afc9c99098ee3d649ca93f51342d87cd56908973930b26e3324f86a.pt,/data/jnz/esmc-600m/data/weights/esmc_600m_2024_12_v0.pth,ok,
779320a87f7da8a14df6b8dcfd93fc012b5501cea529f2337f420b6c6631d958,,"GWHPBECS011111	mRNA=GWHTBECS011117	Gene=GWHGBECS011117	Position=GWHBECS00000002: 308072421-308072657, 308085424-308085606, 308085825-308085875, 308095772-308095891, 308098456-308098558, 308098644-308098797, 308098902-308098974, 308121322-308121480, 308121783-308121830, 308121956-308122132, 308122237-308122289, 308140497-308140609, 308141366-308141449, 308162332-308162483, 308164776-308164893, 308165398-308165575, 308165657-308165725, 308165816-308165950, 308179576-308179685, 308179780-308179940, 308180017-308180107, 308180207-308180304, 308180957-308181077, 308181196-308181356, 308181457-308181538, 308181681-308181778, 308184539-308184626, 308189171-308189256, 308189545-308189631, 308189863-308189912, 308190767-308190848, 308190945-308191005, 308198938-308198990, 308199085-308199274, 308199408-308199531, 308199774-308199876, 308199978-308200113, 308224129-308224205, 308233840-308233968, 308240229-308240346, 308240431-308240528, 308247844-308247933, 308258120-308258245, 308258427-308258537, 308260783-308260906, 308261392-308261555, 308261736-308261833, 308264415-308264619: -	Frame=0	OriID=Ebr02G035380.1	OriTrascriptID=Ebr02G035380.1	transl_table=1	OriGeneID=Ebr02G035380	OriSeqID=Chr02",1842,1842,1152,1842x1152,float16,embeddings/779320a87f7da8a14df6b8dcfd93fc012b5501cea529f2337f420b6c6631d958.pt,/data/jnz/esmc-600m/data/weights/esmc_600m_2024_12_v0.pth,ok,
fffdeb5cb8a30d1de229ee3c2ddbe856f63719f172e430e641001b7488c869e4,,"GWHPBECS011176	mRNA=GWHTBECS011182	Gene=GWHGBECS011182	Position=GWHBECS00000002: 313333662-313333691, 313333826-313334413, 313334681-313334791, 313334844-313334852: +	Frame=0	OriID=Ebr02G036030.1	OriTrascriptID=Ebr02G036030.1	transl_table=1	OriGeneID=Ebr02G036030	OriSeqID=Chr02",245,245,1152,245x1152,float16,embeddings/fffdeb5cb8a30d1de229ee3c2ddbe856f63719f172e430e641001b7488c869e4.pt,/data/jnz/esmc-600m/data/weights/esmc_600m_2024_12_v0.pth,ok,
48999b56deab1e21a7e07ec1b33ffa0da7b12b9195397c5b00483bba43ed8080,,GWHPBECS011179	mRNA=GWHTBECS011185	Gene=GWHGBECS011185	Position=GWHBECS00000002: 313490303-313491628: +	Frame=0	OriID=Ebr02G036060.1	OriTrascriptID=Ebr02G036060.1	transl_table=1	OriGeneID=Ebr02G036060	OriSeqID=Chr02,441,441,1152,441x1152,float16,embeddings/48999b56deab1e21a7e07ec1b33ffa0da7b12b9195397c5b00483bba43ed8080.pt,/data/jnz/esmc-600m/data/weights/esmc_600m_2024_12_v0.pth,ok,
a95611ccd36c927028fdf83cfe3d5b089d5eb78ee785757ccaeb3ca2ce32cd77,,"GWHPBECS011199	mRNA=GWHTBECS011205	Gene=GWHGBECS011205	Position=GWHBECS00000002: 314711590-314711722, 314744307-314744568, 314753648-314753746, 314753888-314753930, 314760754-314760813, 314762899-314762979, 314779118-314779234, 314779352-314779435, 314785228-314785349, 314794823-314794942, 314808399-314808528, 314808633-314808743, 314833915-314834043, 314834204-314834307, 314842006-314842150, 314842278-314842425, 314842575-314842675, 314844149-314844226, 314853016-314853171, 314870903-314870977, 314871070-314871171: +	Frame=0	OriID=Ebr02G036260.1	OriTrascriptID=Ebr02G036260.1	transl_table=1	OriGeneID=Ebr02G036260	OriSeqID=Chr02",799,799,1152,799x1152,float16,embeddings/a95611ccd36c927028fdf83cfe3d5b089d5eb78ee785757ccaeb3ca2ce32cd77.pt,/data/jnz/esmc-600m/data/weights/esmc_600m_2024_12_v0.pth,ok,
258584dbc22e413e0e1cf6f20561dd6c6bba8f6a212e6b60c3544cbc462fca3d,,GWHPBECS011351	mRNA=GWHTBECS011357	Gene=GWHGBECS011357	Position=GWHBECS00000002: 326889683-326892760: -	Frame=0	OriID=Ebr02G037780.1	OriTrascriptID=Ebr02G037780.1	transl_table=1	OriGeneID=Ebr02G037780	OriSeqID=Chr02,1025,1025,1152,1025x1152,float16,embeddings/258584dbc22e413e0e1cf6f20561dd6c6bba8f6a212e6b60c3544cbc462fca3d.pt,/data/jnz/esmc-600m/data/weights/esmc_600m_2024_12_v0.pth,ok,
712f75cdb421a7ebca6832695e7dc60d51c5a46c965b202188cbab3abc3e7124,,"GWHPBECS011389	mRNA=GWHTBECS011396	Gene=GWHGBECS011396	Position=GWHBECS00000002: 330236556-330236732, 330236806-330238059, 330238532-330238807: +	Frame=0	OriID=Ebr02G038170.1	OriTrascriptID=Ebr02G038170.1	transl_table=1	OriGeneID=Ebr02G038170	OriSeqID=Chr02",568,568,1152,568x1152,float16,embeddings/712f75cdb421a7ebca6832695e7dc60d51c5a46c965b202188cbab3abc3e7124.pt,/data/jnz/esmc-600m/data/weights/esmc_600m_2024_12_v0.pth,ok,
89344f7d28ebda281452192abf6d934620decdb3ddcb858ed497e7cc8ee19163,,GWHPBECS011414	mRNA=GWHTBECS011421	Gene=GWHGBECS011421	Position=GWHBECS00000002: 332471022-332472410: -	Frame=0	OriID=Ebr02G038420.1	OriTrascriptID=Ebr02G038420.1	transl_table=1	OriGeneID=Ebr02G038420	OriSeqID=Chr02,462,462,1152,462x1152,float16,embeddings/89344f7d28ebda281452192abf6d934620decdb3ddcb858ed497e7cc8ee19163.pt,/data/jnz/esmc-600m/data/weights/esmc_600m_2024_12_v0.pth,ok,
e79730be6d9b51f3a19b98af658d9191113d7e638ac90692db6643942b4fdb22,,"GWHPBECS011513	mRNA=GWHTBECS011520	Gene=GWHGBECS011520	Position=GWHBECS00000002: 339140387-339140519, 339140608-339140673, 339140764-339140873: -	Frame=0	OriID=Ebr02G039410.1	OriTrascriptID=Ebr02G039410.1	transl_table=1	OriGeneID=Ebr02G039410	OriSeqID=Chr02",102,102,1152,102x1152,float16,embeddings/e79730be6d9b51f3a19b98af658d9191113d7e638ac90692db6643942b4fdb22.pt,/data/jnz/esmc-600m/data/weights/esmc_600m_2024_12_v0.pth,ok,
b6a32a0ecca274a3168a3cc2b0be3dbdbdf1dce8ce3e3ef67e349dbd3faf06d1,,GWHPBECS011549	mRNA=GWHTBECS011556	Gene=GWHGBECS011556	Position=GWHBECS00000002: 342765230-342766252: +	Frame=0	OriID=Ebr02G039770.1	OriTrascriptID=Ebr02G039770.1	transl_table=1	OriGeneID=Ebr02G039770	OriSeqID=Chr02,340,340,1152,340x1152,float16,embeddings/b6a32a0ecca274a3168a3cc2b0be3dbdbdf1dce8ce3e3ef67e349dbd3faf06d1.pt,/data/jnz/esmc-600m/data/weights/esmc_600m_2024_12_v0.pth,ok,
3e5ae72983e7fe947584698ec9b574f3497903f1dfbda412cf10dd86b9d46c62,,GWHPBECS011560	mRNA=GWHTBECS011567	Gene=GWHGBECS011567	Position=GWHBECS00000002: 344277400-344278779: +	Frame=0	OriID=Ebr02G039880.1	OriTrascriptID=Ebr02G039880.1	transl_table=1	OriGeneID=Ebr02G039880	OriSeqID=Chr02,459,459,1152,459x1152,float16,embeddings/3e5ae72983e7fe947584698ec9b574f3497903f1dfbda412cf10dd86b9d46c62.pt,/data/jnz/esmc-600m/data/weights/esmc_600m_2024_12_v0.pth,ok,
e966e589048d19049ba8ef53234a7ea528710f11ef886805adbca55e5b6424c2,,GWHPBECS011561	mRNA=GWHTBECS011568	Gene=GWHGBECS011568	Position=GWHBECS00000002: 344291251-344292630: +	Frame=0	OriID=Ebr02G039890.1	OriTrascriptID=Ebr02G039890.1	transl_table=1	OriGeneID=Ebr02G039890	OriSeqID=Chr02,459,459,1152,459x1152,float16,embeddings/e966e589048d19049ba8ef53234a7ea528710f11ef886805adbca55e5b6424c2.pt,/data/jnz/esmc-600m/data/weights/esmc_600m_2024_12_v0.pth,ok,
859309406f5b1da0e8783c947b6997eb6683873e7d714cab9407a06ef0d5f8d1,,"GWHPBECS011686	mRNA=GWHTBECS011693	Gene=GWHGBECS011693	Position=GWHBECS00000002: 353663491-353664117, 353664151-353664300, 353664342-353664497: -	Frame=0	OriID=Ebr02G041140.1	OriTrascriptID=Ebr02G041140.1	transl_table=1	OriGeneID=Ebr02G041140	OriSeqID=Chr02",310,310,1152,310x1152,float16,embeddings/859309406f5b1da0e8783c947b6997eb6683873e7d714cab9407a06ef0d5f8d1.pt,/data/jnz/esmc-600m/data/weights/esmc_600m_2024_12_v0.pth,ok,
a2675acae0c4f53af31775c26b2d33724548d0fd7f2b5037f89991cec647ecf8,,"GWHPBECS011692	mRNA=GWHTBECS011699	Gene=GWHGBECS011699	Position=GWHBECS00000002: 354088295-354088492, 354088528-354088783, 354088819-354089594: +	Frame=0	OriID=Ebr02G041200.1	OriTrascriptID=Ebr02G041200.1	transl_table=1	OriGeneID=Ebr02G041200	OriSeqID=Chr02",409,409,1152,409x1152,float16,embeddings/a2675acae0c4f53af31775c26b2d33724548d0fd7f2b5037f89991cec647ecf8.pt,/data/jnz/esmc-600m/data/weights/esmc_600m_2024_12_v0.pth,ok,
8c0da618e6934a2144f25aa2f2fd4252a712c00eb303593e1e10066830435495,,"GWHPBECS011701	mRNA=GWHTBECS011708	Gene=GWHGBECS011708	Position=GWHBECS00000002: 354400668-354400712, 354402653-354402760, 354403498-354403615, 354404719-354404837, 354404917-354405096, 354405147-354405739, 354406139-354406280: -	Frame=0	OriID=Ebr02G041290.1	OriTrascriptID=Ebr02G041290.1	transl_table=1	OriGeneID=Ebr02G041290	OriSeqID=Chr02",434,434,1152,434x1152,float16,embeddings/8c0da618e6934a2144f25aa2f2fd4252a712c00eb303593e1e10066830435495.pt,/data/jnz/esmc-600m/data/weights/esmc_600m_2024_12_v0.pth,ok,
a11cf2393201e1212084c5a979a8f2a6f0c870f73c6ad96c7cbfb2843e6c0e05,,"GWHPBECS011906	mRNA=GWHTBECS011914	Gene=GWHGBECS011914	Position=GWHBECS00000002: 374158662-374159144, 374159286-374159447, 374170848-374171063, 374197376-374197585: +	Frame=0	OriID=Ebr02G043350.1	OriTrascriptID=Ebr02G043350.1	transl_table=1	OriGeneID=Ebr02G043350	OriSeqID=Chr02",356,356,1152,356x1152,float16,embeddings/a11cf2393201e1212084c5a979a8f2a6f0c870f73c6ad96c7cbfb2843e6c0e05.pt,/data/jnz/esmc-600m/data/weights/esmc_600m_2024_12_v0.pth,ok,
5d16bf23e340d44b2016e676ebd9b3f838cf0ad51f3fdc692d3c9e6019fa83d5,,"GWHPBECS011911	mRNA=GWHTBECS011919	Gene=GWHGBECS011919	Position=GWHBECS00000002: 374550243-374550497, 374550577-374551221: +	Frame=0	OriID=Ebr02G043400.1	OriTrascriptID=Ebr02G043400.1	transl_table=1	OriGeneID=Ebr02G043400	OriSeqID=Chr02",299,299,1152,299x1152,float16,embeddings/5d16bf23e340d44b2016e676ebd9b3f838cf0ad51f3fdc692d3c9e6019fa83d5.pt,/data/jnz/esmc-600m/data/weights/esmc_600m_2024_12_v0.pth,ok,
01ed548fa84be510fb558af2e44fbe9f9fb3e7192fcfbec61068d46b34d56c69,,"GWHPBECS011913	mRNA=GWHTBECS011921	Gene=GWHGBECS011921	Position=GWHBECS00000002: 374683706-374683793, 374700882-374701348, 374701432-374702247: +	Frame=0	OriID=Ebr02G043420.1	OriTrascriptID=Ebr02G043420.1	transl_table=1	OriGeneID=Ebr02G043420	OriSeqID=Chr02",456,456,1152,456x1152,float16,embeddings/01ed548fa84be510fb558af2e44fbe9f9fb3e7192fcfbec61068d46b34d56c69.pt,/data/jnz/esmc-600m/data/weights/esmc_600m_2024_12_v0.pth,ok,
dbb8c883a77ff64ca5f6962ed5c1f30a0a2ecdda79638e2993d3ab5f1e8cd194,,"GWHPBECS011914	mRNA=GWHTBECS011922	Gene=GWHGBECS011922	Position=GWHBECS00000002: 374758084-374758632, 374759865-374760518: +	Frame=0	OriID=Ebr02G043430.1	OriTrascriptID=Ebr02G043430.1	transl_table=1	OriGeneID=Ebr02G043430	OriSeqID=Chr02",400,400,1152,400x1152,float16,embeddings/dbb8c883a77ff64ca5f6962ed5c1f30a0a2ecdda79638e2993d3ab5f1e8cd194.pt,/data/jnz/esmc-600m/data/weights/esmc_600m_2024_12_v0.pth,ok,
f7d8aa3af7806d5b523143b1816a8f80683371f89f7cb5dbc29acd3e26394279,,"GWHPBECS011950	mRNA=GWHTBECS011958	Gene=GWHGBECS011958	Position=GWHBECS00000002: 379058576-379058785, 379058898-379059167: +	Frame=0	OriID=Ebr02G043790.1	OriTrascriptID=Ebr02G043790.1	transl_table=1	OriGeneID=Ebr02G043790	OriSeqID=Chr02",159,159,1152,159x1152,float16,embeddings/f7d8aa3af7806d5b523143b1816a8f80683371f89f7cb5dbc29acd3e26394279.pt,/data/jnz/esmc-600m/data/weights/esmc_600m_2024_12_v0.pth,ok,
3b4023bd914b516034b78b6b37880aefc3a19ddca1bfa5a3f4fe67f2bf231a76,,"GWHPBECS011986	mRNA=GWHTBECS011994	Gene=GWHGBECS011994	Position=GWHBECS00000002: 381096290-381096559, 381096683-381096847: -	Frame=0	OriID=Ebr02G044150.1	OriTrascriptID=Ebr02G044150.1	transl_table=1	OriGeneID=Ebr02G044150	OriSeqID=Chr02",144,144,1152,144x1152,float16,embeddings/3b4023bd914b516034b78b6b37880aefc3a19ddca1bfa5a3f4fe67f2bf231a76.pt,/data/jnz/esmc-600m/data/weights/esmc_600m_2024_12_v0.pth,ok,
d61267970dbd065654093a2b20432c84b85f869bf390c4f445cb184d0bf462d3,,GWHPBECS012120	mRNA=GWHTBECS012128	Gene=GWHGBECS012128	Position=GWHBECS00000002: 389444805-389446184: +	Frame=0	OriID=Ebr02G045490.1	OriTrascriptID=Ebr02G045490.1	transl_table=1	OriGeneID=Ebr02G045490	OriSeqID=Chr02,459,459,1152,459x1152,float16,embeddings/d61267970dbd065654093a2b20432c84b85f869bf390c4f445cb184d0bf462d3.pt,/data/jnz/esmc-600m/data/weights/esmc_600m_2024_12_v0.pth,ok,
70213e4fc1754c4a2bb93dd5ccd3ec1e079560dadc6a3e14b1fda42cb2458df8,,GWHPBECS012121	mRNA=GWHTBECS012129	Gene=GWHGBECS012129	Position=GWHBECS00000002: 389459720-389461099: +	Frame=0	OriID=Ebr02G045500.1	OriTrascriptID=Ebr02G045500.1	transl_table=1	OriGeneID=Ebr02G045500	OriSeqID=Chr02,459,459,1152,459x1152,float16,embeddings/70213e4fc1754c4a2bb93dd5ccd3ec1e079560dadc6a3e14b1fda42cb2458df8.pt,/data/jnz/esmc-600m/data/weights/esmc_600m_2024_12_v0.pth,ok,
346990f5cffa03435adbc46915a4a11b4f0e3d71710639d1a1a765e0d160c71b,,"GWHPBECS012166	mRNA=GWHTBECS012174	Gene=GWHGBECS012174	Position=GWHBECS00000002: 394790507-394791178, 394799376-394799477, 394799589-394799732, 394799828-394799978, 394800131-394800158, 394800514-394800679, 394800880-394800943, 394801071-394801084, 394801173-394801257, 394821181-394821284, 394821392-394821530, 394832276-394832394, 394832495-394832647, 394832740-394832829, 394851560-394851637, 394852263-394852421, 394860217-394860420, 394862595-394862800, 394863618-394863753, 394863825-394863954, 394864043-394864189, 394864278-394864393, 394869384-394869593, 394883462-394883995: +	Frame=0	OriID=Ebr02G045950.1	OriTrascriptID=Ebr02G045950.1	transl_table=1	OriGeneID=Ebr02G045950	OriSeqID=Chr02",1316,1316,1152,1316x1152,float16,embeddings/346990f5cffa03435adbc46915a4a11b4f0e3d71710639d1a1a765e0d160c71b.pt,/data/jnz/esmc-600m/data/weights/esmc_600m_2024_12_v0.pth,ok,
da1303733b9c26fbf420d3bd00c52c0b9ce26c3ee1239f396b4971a4b918c1fb,,GWHPBECS012173	mRNA=GWHTBECS012181	Gene=GWHGBECS012181	Position=GWHBECS00000002: 395435215-395436507: -	Frame=0	OriID=Ebr02G046020.1	OriTrascriptID=Ebr02G046020.1	transl_table=1	OriGeneID=Ebr02G046020	OriSeqID=Chr02,430,430,1152,430x1152,float16,embeddings/da1303733b9c26fbf420d3bd00c52c0b9ce26c3ee1239f396b4971a4b918c1fb.pt,/data/jnz/esmc-600m/data/weights/esmc_600m_2024_12_v0.pth,ok,
d4c32dcab5644cd165d5f8a8ee8491c17f70ad026b2bd443526d465af55ddb2c,,GWHPBECS012175	mRNA=GWHTBECS012183	Gene=GWHGBECS012183	Position=GWHBECS00000002: 395588433-395589896: -	Frame=0	OriID=Ebr02G046040.1	OriTrascriptID=Ebr02G046040.1	transl_table=1	OriGeneID=Ebr02G046040	OriSeqID=Chr02,487,487,1152,487x1152,float16,embeddings/d4c32dcab5644cd165d5f8a8ee8491c17f70ad026b2bd443526d465af55ddb2c.pt,/data/jnz/esmc-600m/data/weights/esmc_600m_2024_12_v0.pth,ok,
0c971400a8bb3b542bbad0f222ed73b297a2a8bd4e2a16350039c7bdca237ae9,,"GWHPBECS012222	mRNA=GWHTBECS012230	Gene=GWHGBECS012230	Position=GWHBECS00000002: 398953323-398953569, 398953857-398954014, 398954095-398954299, 398954384-398954673, 398954771-398954936, 398955031-398955119, 398955495-398955562, 398956368-398956695: -	Frame=0	OriID=Ebr02G046510.1	OriTrascriptID=Ebr02G046510.1	transl_table=1	OriGeneID=Ebr02G046510	OriSeqID=Chr02",516,516,1152,516x1152,float16,embeddings/0c971400a8bb3b542bbad0f222ed73b297a2a8bd4e2a16350039c7bdca237ae9.pt,/data/jnz/esmc-600m/data/weights/esmc_600m_2024_12_v0.pth,ok,
d5a62bf0d6071736cec158557db090f7b617f9d0c55b80e8098de2abc6fe6e98,,"GWHPBECS012260	mRNA=GWHTBECS012268	Gene=GWHGBECS012268	Position=GWHBECS00000002: 400655104-400655144, 400655384-400655488, 400655567-400655696: +	Frame=0	OriID=Ebr02G046890.1	OriTrascriptID=Ebr02G046890.1	transl_table=1	OriGeneID=Ebr02G046890	OriSeqID=Chr02",91,91,1152,91x1152,float16,embeddings/d5a62bf0d6071736cec158557db090f7b617f9d0c55b80e8098de2abc6fe6e98.pt,/data/jnz/esmc-600m/data/weights/esmc_600m_2024_12_v0.pth,ok,
92b5165412f871b0dfc79da908687aea807d396e0590f228405d375ee4e9a6f9,,"GWHPBECS012268	mRNA=GWHTBECS012276	Gene=GWHGBECS012276	Position=GWHBECS00000002: 401428519-401428830, 401428948-401429221, 401429313-401431267: -	Frame=0	OriID=Ebr02G046970.1	OriTrascriptID=Ebr02G046970.1	transl_table=1	OriGeneID=Ebr02G046970	OriSeqID=Chr02",846,846,1152,846x1152,float16,embeddings/92b5165412f871b0dfc79da908687aea807d396e0590f228405d375ee4e9a6f9.pt,/data/jnz/esmc-600m/data/weights/esmc_600m_2024_12_v0.pth,ok,
f921541ecf404344429e94e74a9577eefebe955f8c0c04c7869ddea1c0e0893f,,"GWHPBECS012269	mRNA=GWHTBECS012277	Gene=GWHGBECS012277	Position=GWHBECS00000002: 401494568-401494879, 401494997-401495270, 401495362-401497316: -	Frame=0	OriID=Ebr02G046980.1	OriTrascriptID=Ebr02G046980.1	transl_table=1	OriGeneID=Ebr02G046980	OriSeqID=Chr02",846,846,1152,846x1152,float16,embeddings/f921541ecf404344429e94e74a9577eefebe955f8c0c04c7869ddea1c0e0893f.pt,/data/jnz/esmc-600m/data/weights/esmc_600m_2024_12_v0.pth,ok,
81ef21f1e6a91d6d8072099ab45e1e1fd0e95ec51bc6436a7511d3350e27e342,,"GWHPBECS012272	mRNA=GWHTBECS012280	Gene=GWHGBECS012280	Position=GWHBECS00000002: 401915530-401915661, 401915898-401915966, 401916017-401916142, 401916292-401916508, 401916628-401916953, 401917013-401917096: -	Frame=0	OriID=Ebr02G047010.1	OriTrascriptID=Ebr02G047010.1	transl_table=1	OriGeneID=Ebr02G047010	OriSeqID=Chr02",317,317,1152,317x1152,float16,embeddings/81ef21f1e6a91d6d8072099ab45e1e1fd0e95ec51bc6436a7511d3350e27e342.pt,/data/jnz/esmc-600m/data/weights/esmc_600m_2024_12_v0.pth,ok,
49c3ef406b86bc218aef5ddb91fa0dd20bde0d9de619180185951c08f125a019,,"GWHPBECS012275	mRNA=GWHTBECS012283	Gene=GWHGBECS012283	Position=GWHBECS00000002: 402912288-402912596, 402912741-402912834, 402924787-402924973, 402925062-402925320, 402925537-402925752, 402938856-402938942, 402939021-402939155, 402939341-402939454, 402939578-402939825, 402939921-402940001, 402940093-402940324, 402940457-402940555, 402940652-402940837, 402940959-402941060: +	Frame=0	OriID=Ebr02G047040.1	OriTrascriptID=Ebr02G047040.1	transl_table=1	OriGeneID=Ebr02G047040	OriSeqID=Chr02",782,782,1152,782x1152,float16,embeddings/49c3ef406b86bc218aef5ddb91fa0dd20bde0d9de619180185951c08f125a019.pt,/data/jnz/esmc-600m/data/weights/esmc_600m_2024_12_v0.pth,ok,
f042d5d975943dc11c4636b557fc14263f1a4b8d680f278cb3314bd598281692,,"GWHPBECS012282	mRNA=GWHTBECS012290	Gene=GWHGBECS012290	Position=GWHBECS00000002: 403428285-403428656, 403428968-403429861: -	Frame=0	OriID=Ebr02G047110.1	OriTrascriptID=Ebr02G047110.1	transl_table=1	OriGeneID=Ebr02G047110	OriSeqID=Chr02",421,421,1152,421x1152,float16,embeddings/f042d5d975943dc11c4636b557fc14263f1a4b8d680f278cb3314bd598281692.pt,/data/jnz/esmc-600m/data/weights/esmc_600m_2024_12_v0.pth,ok,
911cb9e7a6a6066efa6b7c51896bdc63abe16dad2e59f39ffccba1df5e0c0c57,,GWHPBECS012284	mRNA=GWHTBECS012292	Gene=GWHGBECS012292	Position=GWHBECS00000002: 403640994-403642379: +	Frame=0	OriID=Ebr02G047130.1	OriTrascriptID=Ebr02G047130.1	transl_table=1	OriGeneID=Ebr02G047130	OriSeqID=Chr02,461,461,1152,461x1152,float16,embeddings/911cb9e7a6a6066efa6b7c51896bdc63abe16dad2e59f39ffccba1df5e0c0c57.pt,/data/jnz/esmc-600m/data/weights/esmc_600m_2024_12_v0.pth,ok,
e4eb274b79ca38eb2f179f0f0d44530ae0bd33b824150a0df355e3a64755c516,,GWHPBECS012285	mRNA=GWHTBECS012293	Gene=GWHGBECS012293	Position=GWHBECS00000002: 403643034-403644386: +	Frame=0	OriID=Ebr02G047140.1	OriTrascriptID=Ebr02G047140.1	transl_table=1	OriGeneID=Ebr02G047140	OriSeqID=Chr02,450,450,1152,450x1152,float16,embeddings/e4eb274b79ca38eb2f179f0f0d44530ae0bd33b824150a0df355e3a64755c516.pt,/data/jnz/esmc-600m/data/weights/esmc_600m_2024_12_v0.pth,ok,
76bd4aa9b358ad95968956199d97958e1d0d95d7ae853a88818b37c37009f664,,GWHPBECS012286	mRNA=GWHTBECS012294	Gene=GWHGBECS012294	Position=GWHBECS00000002: 403648473-403649819: -	Frame=0	OriID=Ebr02G047150.1	OriTrascriptID=Ebr02G047150.1	transl_table=1	OriGeneID=Ebr02G047150	OriSeqID=Chr02,448,448,1152,448x1152,float16,embeddings/76bd4aa9b358ad95968956199d97958e1d0d95d7ae853a88818b37c37009f664.pt,/data/jnz/esmc-600m/data/weights/esmc_600m_2024_12_v0.pth,ok,
1289ccd3361404eab2bdafe354ee7437b694b69f9d6f5de9449f9152c28ed110,,GWHPBECS012287	mRNA=GWHTBECS012295	Gene=GWHGBECS012295	Position=GWHBECS00000002: 403717671-403719044: +	Frame=0	OriID=Ebr02G047160.1	OriTrascriptID=Ebr02G047160.1	transl_table=1	OriGeneID=Ebr02G047160	OriSeqID=Chr02,457,457,1152,457x1152,float16,embeddings/1289ccd3361404eab2bdafe354ee7437b694b69f9d6f5de9449f9152c28ed110.pt,/data/jnz/esmc-600m/data/weights/esmc_600m_2024_12_v0.pth,ok,
4f731c9782cd105f02f383adfbb3c7a619a3c0c671c6e61bf192f0d68a96a259,,GWHPBECS012288	mRNA=GWHTBECS012296	Gene=GWHGBECS012296	Position=GWHBECS00000002: 403740968-403742329: +	Frame=0	OriID=Ebr02G047170.1	OriTrascriptID=Ebr02G047170.1	transl_table=1	OriGeneID=Ebr02G047170	OriSeqID=Chr02,453,453,1152,453x1152,float16,embeddings/4f731c9782cd105f02f383adfbb3c7a619a3c0c671c6e61bf192f0d68a96a259.pt,/data/jnz/esmc-600m/data/weights/esmc_600m_2024_12_v0.pth,ok,
15d917d348478f298e6d8b16b7add68656097bc9d928bc4a27da88a7dce5e0a7,,GWHPBECS012291	mRNA=GWHTBECS012299	Gene=GWHGBECS012299	Position=GWHBECS00000002: 403807199-403808563: +	Frame=0	OriID=Ebr02G047200.1	OriTrascriptID=Ebr02G047200.1	transl_table=1	OriGeneID=Ebr02G047200	OriSeqID=Chr02,454,454,1152,454x1152,float16,embeddings/15d917d348478f298e6d8b16b7add68656097bc9d928bc4a27da88a7dce5e0a7.pt,/data/jnz/esmc-600m/data/weights/esmc_600m_2024_12_v0.pth,ok,
bd05f8018d8bb0771c569b83844903ffbab703938e5a7f41db0d9f472fb5ff4e,,GWHPBECS012298	mRNA=GWHTBECS012306	Gene=GWHGBECS012306	Position=GWHBECS00000002: 404195144-404196535: -	Frame=0	OriID=Ebr02G047270.1	OriTrascriptID=Ebr02G047270.1	transl_table=1	OriGeneID=Ebr02G047270	OriSeqID=Chr02,463,463,1152,463x1152,float16,embeddings/bd05f8018d8bb0771c569b83844903ffbab703938e5a7f41db0d9f472fb5ff4e.pt,/data/jnz/esmc-600m/data/weights/esmc_600m_2024_12_v0.pth,ok,
f709770fedcfbe15a9ce8bc4b5fd69f4fb232e075965bc1ec31746e19b5977c5,,GWHPBECS012315	mRNA=GWHTBECS012323	Gene=GWHGBECS012323	Position=GWHBECS00000002: 405392758-405394143: +	Frame=0	OriID=Ebr02G047440.1	OriTrascriptID=Ebr02G047440.1	transl_table=1	OriGeneID=Ebr02G047440	OriSeqID=Chr02,461,461,1152,461x1152,float16,embeddings/f709770fedcfbe15a9ce8bc4b5fd69f4fb232e075965bc1ec31746e19b5977c5.pt,/data/jnz/esmc-600m/data/weights/esmc_600m_2024_12_v0.pth,ok,
0ec10d579c6cea13bf1815f83c2124819411d488355a5fe5ad8a337715b5e597,,GWHPBECS012322	mRNA=GWHTBECS012330	Gene=GWHGBECS012330	Position=GWHBECS00000002: 405894749-405896134: +	Frame=0	OriID=Ebr02G047510.1	OriTrascriptID=Ebr02G047510.1	transl_table=1	OriGeneID=Ebr02G047510	OriSeqID=Chr02,461,461,1152,461x1152,float16,embeddings/0ec10d579c6cea13bf1815f83c2124819411d488355a5fe5ad8a337715b5e597.pt,/data/jnz/esmc-600m/data/weights/esmc_600m_2024_12_v0.pth,ok,
02dd975a57b4d6cb976924445f34621593ad3f6427af5a9e5072cfc2c7461a97,,"GWHPBECS012323	mRNA=GWHTBECS012331	Gene=GWHGBECS012331	Position=GWHBECS00000002: 405897401-405898776, 405898996-405899131: +	Frame=0	OriID=Ebr02G047520.1	OriTrascriptID=Ebr02G047520.1	transl_table=1	OriGeneID=Ebr02G047520	OriSeqID=Chr02",503,503,1152,503x1152,float16,embeddings/02dd975a57b4d6cb976924445f34621593ad3f6427af5a9e5072cfc2c7461a97.pt,/data/jnz/esmc-600m/data/weights/esmc_600m_2024_12_v0.pth,ok,
339fd1ce5b32cb6e3fde538441678830b2f2930181bee07ae06f110d55b0ead9,,GWHPBECS012324	mRNA=GWHTBECS012332	Gene=GWHGBECS012332	Position=GWHBECS00000002: 405902807-405904153: -	Frame=0	OriID=Ebr02G047530.1	OriTrascriptID=Ebr02G047530.1	transl_table=1	OriGeneID=Ebr02G047530	OriSeqID=Chr02,448,448,1152,448x1152,float16,embeddings/339fd1ce5b32cb6e3fde538441678830b2f2930181bee07ae06f110d55b0ead9.pt,/data/jnz/esmc-600m/data/weights/esmc_600m_2024_12_v0.pth,ok,
2716feb1d45654316f41ba58aa6bab84c0552ba4c3fd7151d2166fd9117f10a0,,GWHPBECS012325	mRNA=GWHTBECS012333	Gene=GWHGBECS012333	Position=GWHBECS00000002: 405990769-405992142: +	Frame=0	OriID=Ebr02G047540.1	OriTrascriptID=Ebr02G047540.1	transl_table=1	OriGeneID=Ebr02G047540	OriSeqID=Chr02,457,457,1152,457x1152,float16,embeddings/2716feb1d45654316f41ba58aa6bab84c0552ba4c3fd7151d2166fd9117f10a0.pt,/data/jnz/esmc-600m/data/weights/esmc_600m_2024_12_v0.pth,ok,
fb31a8f32056f2c649b86ea2a926d0e00869862434f76be28c17a8f0f85160f6,,GWHPBECS012328	mRNA=GWHTBECS012336	Gene=GWHGBECS012336	Position=GWHBECS00000002: 406025000-406026361: +	Frame=0	OriID=Ebr02G047570.1	OriTrascriptID=Ebr02G047570.1	transl_table=1	OriGeneID=Ebr02G047570	OriSeqID=Chr02,453,453,1152,453x1152,float16,embeddings/fb31a8f32056f2c649b86ea2a926d0e00869862434f76be28c17a8f0f85160f6.pt,/data/jnz/esmc-600m/data/weights/esmc_600m_2024_12_v0.pth,ok,
dc16af24a5dd8a7abbcdba322032b9b7da14c35bde96dc3306f05a61a66f9037,,GWHPBECS012331	mRNA=GWHTBECS012339	Gene=GWHGBECS012339	Position=GWHBECS00000002: 406093893-406095257: +	Frame=0	OriID=Ebr02G047600.1	OriTrascriptID=Ebr02G047600.1	transl_table=1	OriGeneID=Ebr02G047600	OriSeqID=Chr02,454,454,1152,454x1152,float16,embeddings/dc16af24a5dd8a7abbcdba322032b9b7da14c35bde96dc3306f05a61a66f9037.pt,/data/jnz/esmc-600m/data/weights/esmc_600m_2024_12_v0.pth,ok,
367e6255a83b63aa3188e10f8d388a7a349e8ba2e6a76a8af4f24275820b8791,,GWHPBECS012420	mRNA=GWHTBECS012428	Gene=GWHGBECS012428	Position=GWHBECS00000002: 412973339-412974754: +	Frame=0	OriID=Ebr02G048490.1	OriTrascriptID=Ebr02G048490.1	transl_table=1	OriGeneID=Ebr02G048490	OriSeqID=Chr02,471,471,1152,471x1152,float16,embeddings/367e6255a83b63aa3188e10f8d388a7a349e8ba2e6a76a8af4f24275820b8791.pt,/data/jnz/esmc-600m/data/weights/esmc_600m_2024_12_v0.pth,ok,
b2ad2de366269c0cc973b1f86e968ffd090e007fc1eaf282c439dc606db3e0b5,,GWHPBECS012434	mRNA=GWHTBECS012442	Gene=GWHGBECS012442	Position=GWHBECS00000002: 414227764-414229149: +	Frame=0	OriID=Ebr02G048630.1	OriTrascriptID=Ebr02G048630.1	transl_table=1	OriGeneID=Ebr02G048630	OriSeqID=Chr02,461,461,1152,461x1152,float16,embeddings/b2ad2de366269c0cc973b1f86e968ffd090e007fc1eaf282c439dc606db3e0b5.pt,/data/jnz/esmc-600m/data/weights/esmc_600m_2024_12_v0.pth,ok,
b658c839355b177688828a176c640740f7ef750872d9eabbdc1d27c1fe5ce3a0,,GWHPBECS012437	mRNA=GWHTBECS012445	Gene=GWHGBECS012445	Position=GWHBECS00000002: 414644722-414646101: +	Frame=0	OriID=Ebr02G048660.1	OriTrascriptID=Ebr02G048660.1	transl_table=1	OriGeneID=Ebr02G048660	OriSeqID=Chr02,459,459,1152,459x1152,float16,embeddings/b658c839355b177688828a176c640740f7ef750872d9eabbdc1d27c1fe5ce3a0.pt,/data/jnz/esmc-600m/data/weights/esmc_600m_2024_12_v0.pth,ok,
ddfb9c7ba6a483f410b7ca003ef0d9d91e940e8aa030fbb43d8764c2ce44dea5,,GWHPBECS012442	mRNA=GWHTBECS012450	Gene=GWHGBECS012450	Position=GWHBECS00000002: 415196935-415198314: +	Frame=0	OriID=Ebr02G048710.1	OriTrascriptID=Ebr02G048710.1	transl_table=1	OriGeneID=Ebr02G048710	OriSeqID=Chr02,459,459,1152,459x1152,float16,embeddings/ddfb9c7ba6a483f410b7ca003ef0d9d91e940e8aa030fbb43d8764c2ce44dea5.pt,/data/jnz/esmc-600m/data/weights/esmc_600m_2024_12_v0.pth,ok,
ef0b1403846301bdb35bfe40f2fbb08d9898f9578c78ef80a1c31e7c447adc6e,,"GWHPBECS012488	mRNA=GWHTBECS012496	Gene=GWHGBECS012496	Position=GWHBECS00000002: 417982462-417982503, 417982597-417982731, 417986773-417986891, 417990400-417990459, 417991685-417991775, 417993223-417993411, 417993890-417993973, 417994062-417994223, 417994345-417994488, 417994566-417994793: -	Frame=0	OriID=Ebr02G049170.1	OriTrascriptID=Ebr02G049170.1	transl_table=1	OriGeneID=Ebr02G049170	OriSeqID=Chr02",417,417,1152,417x1152,float16,embeddings/ef0b1403846301bdb35bfe40f2fbb08d9898f9578c78ef80a1c31e7c447adc6e.pt,/data/jnz/esmc-600m/data/weights/esmc_600m_2024_12_v0.pth,ok,
a83ea24fe817981c56dfa2f7ad23557f2d7ef1985aaadde3b6f29a868c4d8e10,,"GWHPBECS012531	mRNA=GWHTBECS012539	Gene=GWHGBECS012539	Position=GWHBECS00000002: 421886161-421886724, 421886807-421888036: -	Frame=0	OriID=Ebr02G049600.1	OriTrascriptID=Ebr02G049600.1	transl_table=1	OriGeneID=Ebr02G049600	OriSeqID=Chr02",597,597,1152,597x1152,float16,embeddings/a83ea24fe817981c56dfa2f7ad23557f2d7ef1985aaadde3b6f29a868c4d8e10.pt,/data/jnz/esmc-600m/data/weights/esmc_600m_2024_12_v0.pth,ok,
68d51b5ddde7a9f4870480d64cd36bff1a0399eab5d36292b7ac94443729c1f8,,"GWHPBECS012532	mRNA=GWHTBECS012540	Gene=GWHGBECS012540	Position=GWHBECS00000002: 421916512-421917075, 421917155-421917522, 421917609-421917786, 421917971-421919212: -	Frame=0	OriID=Ebr02G049610.1	OriTrascriptID=Ebr02G049610.1	transl_table=1	OriGeneID=Ebr02G049610	OriSeqID=Chr02",783,783,1152,783x1152,float16,embeddings/68d51b5ddde7a9f4870480d64cd36bff1a0399eab5d36292b7ac94443729c1f8.pt,/data/jnz/esmc-600m/data/weights/esmc_600m_2024_12_v0.pth,ok,
a3eadd21f4d9df75036b3a7fce969fe99dbea15faf773048d55943c0a6f521b5,,"GWHPBECS012537	mRNA=GWHTBECS012545	Gene=GWHGBECS012545	Position=GWHBECS00000002: 422304841-422305401, 422305476-422305843, 422305930-422306107, 422306641-422307954: -	Frame=0	OriID=Ebr02G049660.1	OriTrascriptID=Ebr02G049660.1	transl_table=1	OriGeneID=Ebr02G049660	OriSeqID=Chr02",806,806,1152,806x1152,float16,embeddings/a3eadd21f4d9df75036b3a7fce969fe99dbea15faf773048d55943c0a6f521b5.pt,/data/jnz/esmc-600m/data/weights/esmc_600m_2024_12_v0.pth,ok,
65eee798ee72169c3160f583bc2c2d6efb72481028b9ef121ecc1e1f6eaa4684,,"GWHPBECS012538	mRNA=GWHTBECS012546	Gene=GWHGBECS012546	Position=GWHBECS00000002: 422308399-422308407, 422308489-422308839: -	Frame=0	OriID=Ebr02G049670.1	OriTrascriptID=Ebr02G049670.1	transl_table=1	OriGeneID=Ebr02G049670	OriSeqID=Chr02",119,119,1152,119x1152,float16,embeddings/65eee798ee72169c3160f583bc2c2d6efb72481028b9ef121ecc1e1f6eaa4684.pt,/data/jnz/esmc-600m/data/weights/esmc_600m_2024_12_v0.pth,ok,
40700ea75b499493e5c613057ed53d247b5d435507dff65fbea1583a79b06640,,"GWHPBECS012564	mRNA=GWHTBECS012572	Gene=GWHGBECS012572	Position=GWHBECS00000002: 424390342-424390696, 424425529-424426002, 424441877-424442034, 424442183-424442266, 424442386-424442438, 424457167-424457248, 424457323-424457430, 424460387-424460510, 424481173-424481258, 424481460-424481681: +	Frame=0	OriID=Ebr02G049930.1	OriTrascriptID=Ebr02G049930.1	transl_table=1	OriGeneID=Ebr02G049930	OriSeqID=Chr02",581,581,1152,581x1152,float16,embeddings/40700ea75b499493e5c613057ed53d247b5d435507dff65fbea1583a79b06640.pt,/data/jnz/esmc-600m/data/weights/esmc_600m_2024_12_v0.pth,ok,
0b80830e44398e145d6102a0148ee5e48a861478503ddad26ed9ed2fa415af4e,,"GWHPBECS012607	mRNA=GWHTBECS012615	Gene=GWHGBECS012615	Position=GWHBECS00000002: 427066683-427067128, 427077599-427077845, 427088119-427088901, 427088982-427089234, 427095280-427095626, 427095713-427095754: -	Frame=0	OriID=Ebr02G050360.1	OriTrascriptID=Ebr02G050360.1	transl_table=1	OriGeneID=Ebr02G050360	OriSeqID=Chr02",705,705,1152,705x1152,float16,embeddings/0b80830e44398e145d6102a0148ee5e48a861478503ddad26ed9ed2fa415af4e.pt,/data/jnz/esmc-600m/data/weights/esmc_600m_2024_12_v0.pth,ok,
316d4cc66f33befde1be1e902c115845bd8fdbffd0bcabbe749ec9809b11fe37,,"GWHPBECS012609	mRNA=GWHTBECS012617	Gene=GWHGBECS012617	Position=GWHBECS00000002: 427275201-427275372, 427276753-427277606, 427277693-427277851, 427277938-427278176, 427278262-427278352, 427278434-427278613: +	Frame=0	OriID=Ebr02G050380.1	OriTrascriptID=Ebr02G050380.1	transl_table=1	OriGeneID=Ebr02G050380	OriSeqID=Chr02",564,564,1152,564x1152,float16,embeddings/316d4cc66f33befde1be1e902c115845bd8fdbffd0bcabbe749ec9809b11fe37.pt,/data/jnz/esmc-600m/data/weights/esmc_600m_2024_12_v0.pth,ok,
8c016a99701eaa2d9bf28e1c25329b8cf6ecad0081d85d290937370c0119abbf,,"GWHPBECS012679	mRNA=GWHTBECS012687	Gene=GWHGBECS012687	Position=GWHBECS00000002: 433483409-433483525, 433485020-433485071, 433486727-433486807, 433488392-433488468, 433491106-433491219, 433503449-433503525, 433503620-433503763, 433503840-433503963, 433504060-433504251, 433504378-433504438, 433504477-433504769: +	Frame=0	OriID=Ebr02G051080.1	OriTrascriptID=Ebr02G051080.1	transl_table=1	OriGeneID=Ebr02G051080	OriSeqID=Chr02",443,443,1152,443x1152,float16,embeddings/8c016a99701eaa2d9bf28e1c25329b8cf6ecad0081d85d290937370c0119abbf.pt,/data/jnz/esmc-600m/data/weights/esmc_600m_2024_12_v0.pth,ok,
ab964523116df54cfffb10caa404fe86c4901c9402356144b7859a6529c226d3,,"GWHPBECS012680	mRNA=GWHTBECS012688	Gene=GWHGBECS012688	Position=GWHBECS00000002: 433516280-433516418, 433516698-433516790, 433516864-433516964, 433518140-433518291, 433520876-433521018, 433537131-433537233, 433537310-433537433, 433537563-433537668, 433537847-433538208: +	Frame=0	OriID=Ebr02G051090.1	OriTrascriptID=Ebr02G051090.1	transl_table=1	OriGeneID=Ebr02G051090	OriSeqID=Chr02",440,440,1152,440x1152,float16,embeddings/ab964523116df54cfffb10caa404fe86c4901c9402356144b7859a6529c226d3.pt,/data/jnz/esmc-600m/data/weights/esmc_600m_2024_12_v0.pth,ok,
aef6f27ed50ff18371f6df90bdd84a50b38c35c9fb4eb9ed57dfd885037877a6,,"GWHPBECS012681	mRNA=GWHTBECS012689	Gene=GWHGBECS012689	Position=GWHBECS00000002: 433578692-433578802, 433580341-433580412, 433582368-433582452, 433583717-433583822, 433586413-433586536, 433602435-433602511, 433602606-433602749, 433602826-433602949, 433603110-433603232, 433603359-433603419, 433603458-433603717: +	Frame=0	OriID=Ebr02G051100.1	OriTrascriptID=Ebr02G051100.1	transl_table=1	OriGeneID=Ebr02G051100	OriSeqID=Chr02",428,428,1152,428x1152,float16,embeddings/aef6f27ed50ff18371f6df90bdd84a50b38c35c9fb4eb9ed57dfd885037877a6.pt,/data/jnz/esmc-600m/data/weights/esmc_600m_2024_12_v0.pth,ok,
b09f0e3dc2395ee771ea937fdc20bc09036346c8760c11b73e900e31acdf2e3c,,"GWHPBECS012682	mRNA=GWHTBECS012690	Gene=GWHGBECS012690	Position=GWHBECS00000002: 433634375-433634734, 433634861-433635052, 433635149-433635272, 433635349-433635492, 433635587-433635703, 433643978-433644097, 433667656-433667744, 433667946-433668022, 433668241-433668331, 433668425-433668475, 433668944-433669225: -	Frame=0	OriID=Ebr02G051110.1	OriTrascriptID=Ebr02G051110.1	transl_table=1	OriGeneID=Ebr02G051110	OriSeqID=Chr02",548,548,1152,548x1152,float16,embeddings/b09f0e3dc2395ee771ea937fdc20bc09036346c8760c11b73e900e31acdf2e3c.pt,/data/jnz/esmc-600m/data/weights/esmc_600m_2024_12_v0.pth,ok,
57081711b695ffc83de64e46cf49c32461c4988ae6b73385d28e623917adfc0a,,"GWHPBECS013026	mRNA=GWHTBECS013034	Gene=GWHGBECS013034	Position=GWHBECS00000002: 461202933-461203091, 461242150-461242788: +	Frame=0	OriID=Ebr02G054550.1	OriTrascriptID=Ebr02G054550.1	transl_table=1	OriGeneID=Ebr02G054550	OriSeqID=Chr02",265,265,1152,265x1152,float16,embeddings/57081711b695ffc83de64e46cf49c32461c4988ae6b73385d28e623917adfc0a.pt,/data/jnz/esmc-600m/data/weights/esmc_600m_2024_12_v0.pth,ok,
83deee6fc1f06792b7a49caf3064ef6a644efd9e1ec6d697e2198a1d8edfb19c,,"GWHPBECS013033	mRNA=GWHTBECS013041	Gene=GWHGBECS013041	Position=GWHBECS00000002: 461923262-461923900, 461965094-461965588: -	Frame=0	OriID=Ebr02G054620.1	OriTrascriptID=Ebr02G054620.1	transl_table=1	OriGeneID=Ebr02G054620	OriSeqID=Chr02",377,377,1152,377x1152,float16,embeddings/83deee6fc1f06792b7a49caf3064ef6a644efd9e1ec6d697e2198a1d8edfb19c.pt,/data/jnz/esmc-600m/data/weights/esmc_600m_2024_12_v0.pth,ok,
c145777409d84d9cb552902f0ec6bf330c1d3ebd62e11d24708428d3abee3dc7,,"GWHPBECS013067	mRNA=GWHTBECS013075	Gene=GWHGBECS013075	Position=GWHBECS00000002: 464474157-464474849, 464474921-464475568: -	Frame=0	OriID=Ebr02G054960.1	OriTrascriptID=Ebr02G054960.1	transl_table=1	OriGeneID=Ebr02G054960	OriSeqID=Chr02",446,446,1152,446x1152,float16,embeddings/c145777409d84d9cb552902f0ec6bf330c1d3ebd62e11d24708428d3abee3dc7.pt,/data/jnz/esmc-600m/data/weights/esmc_600m_2024_12_v0.pth,ok,
77f0409ff3d69de83f88033b060590fecc2d2b6e074f73b041be524a5187b337,,GWHPBECS013068	mRNA=GWHTBECS013076	Gene=GWHGBECS013076	Position=GWHBECS00000002: 464667643-464668332: -	Frame=0	OriID=Ebr02G054970.1	OriTrascriptID=Ebr02G054970.1	transl_table=1	OriGeneID=Ebr02G054970	OriSeqID=Chr02,229,229,1152,229x1152,float16,embeddings/77f0409ff3d69de83f88033b060590fecc2d2b6e074f73b041be524a5187b337.pt,/data/jnz/esmc-600m/data/weights/esmc_600m_2024_12_v0.pth,ok,
c74531b588df15271921df1b40245b1988d520553761922fdbaef697b271fbc4,,"GWHPBECS013069	mRNA=GWHTBECS013077	Gene=GWHGBECS013077	Position=GWHBECS00000002: 464682421-464683086, 464683264-464683671: -	Frame=0	OriID=Ebr02G054980.1	OriTrascriptID=Ebr02G054980.1	transl_table=1	OriGeneID=Ebr02G054980	OriSeqID=Chr02",357,357,1152,357x1152,float16,embeddings/c74531b588df15271921df1b40245b1988d520553761922fdbaef697b271fbc4.pt,/data/jnz/esmc-600m/data/weights/esmc_600m_2024_12_v0.pth,ok,
d193a7439ea18364ae0ff95dc35850d4480b069ace458a3aa1b9ca1c81233f0a,,"GWHPBECS013070	mRNA=GWHTBECS013078	Gene=GWHGBECS013078	Position=GWHBECS00000002: 464729125-464729775, 464729847-464730494: -	Frame=0	OriID=Ebr02G054990.1	OriTrascriptID=Ebr02G054990.1	transl_table=1	OriGeneID=Ebr02G054990	OriSeqID=Chr02",432,432,1152,432x1152,float16,embeddings/d193a7439ea18364ae0ff95dc35850d4480b069ace458a3aa1b9ca1c81233f0a.pt,/data/jnz/esmc-600m/data/weights/esmc_600m_2024_12_v0.pth,ok,
bcc7a4cdc4e929a796197be5353c9d0ef172801049af3fb3955c05e8ef760907,,"GWHPBECS013073	mRNA=GWHTBECS013081	Gene=GWHGBECS013081	Position=GWHBECS00000002: 464876791-464877235, 464877340-464877479, 464877551-464877751: -	Frame=0	OriID=Ebr02G055020.1	OriTrascriptID=Ebr02G055020.1	transl_table=1	OriGeneID=Ebr02G055020	OriSeqID=Chr02",261,261,1152,261x1152,float16,embeddings/bcc7a4cdc4e929a796197be5353c9d0ef172801049af3fb3955c05e8ef760907.pt,/data/jnz/esmc-600m/data/weights/esmc_600m_2024_12_v0.pth,ok,
fe5775740501aa0b699be5cff7626efd8b4ae6bdac5308def27aab07e8d8306a,,"GWHPBECS013074	mRNA=GWHTBECS013082	Gene=GWHGBECS013082	Position=GWHBECS00000002: 464888411-464889103, 464889173-464889820: -	Frame=0	OriID=Ebr02G055030.1	OriTrascriptID=Ebr02G055030.1	transl_table=1	OriGeneID=Ebr02G055030	OriSeqID=Chr02",446,446,1152,446x1152,float16,embeddings/fe5775740501aa0b699be5cff7626efd8b4ae6bdac5308def27aab07e8d8306a.pt,/data/jnz/esmc-600m/data/weights/esmc_600m_2024_12_v0.pth,ok,
a85508d3fa21a28df9307c9499dbae2ca99126fd89e99b8531a158e4382a9140,,"GWHPBECS013075	mRNA=GWHTBECS013083	Gene=GWHGBECS013083	Position=GWHBECS00000002: 464892917-464893609, 464893683-464894330: -	Frame=0	OriID=Ebr02G055040.1	OriTrascriptID=Ebr02G055040.1	transl_table=1	OriGeneID=Ebr02G055040	OriSeqID=Chr02",446,446,1152,446x1152,float16,embeddings/a85508d3fa21a28df9307c9499dbae2ca99126fd89e99b8531a158e4382a9140.pt,/data/jnz/esmc-600m/data/weights/esmc_600m_2024_12_v0.pth,ok,
0f2cea65651d7d40bc2a092143dcbd0b717c8bd598055ac4ab8f814c1d0f5b64,,"GWHPBECS013077	mRNA=GWHTBECS013085	Gene=GWHGBECS013085	Position=GWHBECS00000002: 464914147-464914839, 464914912-464914956: -	Frame=0	OriID=Ebr02G055060.1	OriTrascriptID=Ebr02G055060.1	transl_table=1	OriGeneID=Ebr02G055060	OriSeqID=Chr02",245,245,1152,245x1152,float16,embeddings/0f2cea65651d7d40bc2a092143dcbd0b717c8bd598055ac4ab8f814c1d0f5b64.pt,/data/jnz/esmc-600m/data/weights/esmc_600m_2024_12_v0.pth,ok,
ad7376415740072fe788e4242cda281ecff889da780bd107612b0d78f7f3307b,,"GWHPBECS013078	mRNA=GWHTBECS013086	Gene=GWHGBECS013086	Position=GWHBECS00000002: 464937174-464937464, 464937563-464937865, 464937937-464937981: -	Frame=0	OriID=Ebr02G055070.1	OriTrascriptID=Ebr02G055070.1	transl_table=1	OriGeneID=Ebr02G055070	OriSeqID=Chr02",212,212,1152,212x1152,float16,embeddings/ad7376415740072fe788e4242cda281ecff889da780bd107612b0d78f7f3307b.pt,/data/jnz/esmc-600m/data/weights/esmc_600m_2024_12_v0.pth,ok,
4765d52a192cab641b792f7a8ed81e62a7684ba6b7561825aaf1394fe7dbce72,,"GWHPBECS013079	mRNA=GWHTBECS013087	Gene=GWHGBECS013087	Position=GWHBECS00000002: 464942297-464942373, 464942452-464942921, 464943277-464943323: -	Frame=0	OriID=Ebr02G055080.1	OriTrascriptID=Ebr02G055080.1	transl_table=1	OriGeneID=Ebr02G055080	OriSeqID=Chr02",197,197,1152,197x1152,float16,embeddings/4765d52a192cab641b792f7a8ed81e62a7684ba6b7561825aaf1394fe7dbce72.pt,/data/jnz/esmc-600m/data/weights/esmc_600m_2024_12_v0.pth,ok,
fc71db4dd18a9afc6d06f1c19a2bd0e07b6898331828c2474613e6c34266ceb1,,"GWHPBECS013080	mRNA=GWHTBECS013088	Gene=GWHGBECS013088	Position=GWHBECS00000002: 464953345-464954037, 464954104-464954454, 464954506-464954751: -	Frame=0	OriID=Ebr02G055090.1	OriTrascriptID=Ebr02G055090.1	transl_table=1	OriGeneID=Ebr02G055090	OriSeqID=Chr02",429,429,1152,429x1152,float16,embeddings/fc71db4dd18a9afc6d06f1c19a2bd0e07b6898331828c2474613e6c34266ceb1.pt,/data/jnz/esmc-600m/data/weights/esmc_600m_2024_12_v0.pth,ok,
545ad35c259b835f58834e4b137efabda5b1f89edf920ccc76b5082f5e9d907a,,"GWHPBECS013082	mRNA=GWHTBECS013090	Gene=GWHGBECS013090	Position=GWHBECS00000002: 465131142-465131834, 465131902-465132549: -	Frame=0	OriID=Ebr02G055110.1	OriTrascriptID=Ebr02G055110.1	transl_table=1	OriGeneID=Ebr02G055110	OriSeqID=Chr02",446,446,1152,446x1152,float16,embeddings/545ad35c259b835f58834e4b137efabda5b1f89edf920ccc76b5082f5e9d907a.pt,/data/jnz/esmc-600m/data/weights/esmc_600m_2024_12_v0.pth,ok,
5d912aa57a8026273e0ee28a165900423a96e17a90c616899dba1fefb5cfbced,,"GWHPBECS013083	mRNA=GWHTBECS013091	Gene=GWHGBECS013091	Position=GWHBECS00000002: 465243817-465244191, 465244348-465244977: -	Frame=0	OriID=Ebr02G055120.1	OriTrascriptID=Ebr02G055120.1	transl_table=1	OriGeneID=Ebr02G055120	OriSeqID=Chr02",334,334,1152,334x1152,float16,embeddings/5d912aa57a8026273e0ee28a165900423a96e17a90c616899dba1fefb5cfbced.pt,/data/jnz/esmc-600m/data/weights/esmc_600m_2024_12_v0.pth,ok,
9615b88d07a006cf11e28f1163acf9f6fb3caee7d8153cd8ab8f655209019d34,,"GWHPBECS013084	mRNA=GWHTBECS013092	Gene=GWHGBECS013092	Position=GWHBECS00000002: 465289048-465289740, 465289809-465290456: -	Frame=0	OriID=Ebr02G055130.1	OriTrascriptID=Ebr02G055130.1	transl_table=1	OriGeneID=Ebr02G055130	OriSeqID=Chr02",446,446,1152,446x1152,float16,embeddings/9615b88d07a006cf11e28f1163acf9f6fb3caee7d8153cd8ab8f655209019d34.pt,/data/jnz/esmc-600m/data/weights/esmc_600m_2024_12_v0.pth,ok,
ecbc3930da520dc14fdc0f1641cc3ac506b5f214c790b21a5278217bc4c67c8d,,"GWHPBECS013085	mRNA=GWHTBECS013093	Gene=GWHGBECS013093	Position=GWHBECS00000002: 465533216-465533857, 465533959-465534687: +	Frame=0	OriID=Ebr02G055140.1	OriTrascriptID=Ebr02G055140.1	transl_table=1	OriGeneID=Ebr02G055140	OriSeqID=Chr02",456,456,1152,456x1152,float16,embeddings/ecbc3930da520dc14fdc0f1641cc3ac506b5f214c790b21a5278217bc4c67c8d.pt,/data/jnz/esmc-600m/data/weights/esmc_600m_2024_12_v0.pth,ok,
7df873ed788d9c64bcb5f0f114a0916f64bc91f84508863bafb3163b232c1f64,,"GWHPBECS013086	mRNA=GWHTBECS013094	Gene=GWHGBECS013094	Position=GWHBECS00000002: 465606137-465606778, 465607046-465607771: +	Frame=0	OriID=Ebr02G055150.1	OriTrascriptID=Ebr02G055150.1	transl_table=1	OriGeneID=Ebr02G055150	OriSeqID=Chr02",455,455,1152,455x1152,float16,embeddings/7df873ed788d9c64bcb5f0f114a0916f64bc91f84508863bafb3163b232c1f64.pt,/data/jnz/esmc-600m/data/weights/esmc_600m_2024_12_v0.pth,ok,
06ce27737cfd940810fc4769bfa8fb452e192da3c61404574ec886d1841bbe52,,"GWHPBECS013087	mRNA=GWHTBECS013095	Gene=GWHGBECS013095	Position=GWHBECS00000002: 465677665-465678384, 465678460-465679179: +	Frame=0	OriID=Ebr02G055160.1	OriTrascriptID=Ebr02G055160.1	transl_table=1	OriGeneID=Ebr02G055160	OriSeqID=Chr02",479,479,1152,479x1152,float16,embeddings/06ce27737cfd940810fc4769bfa8fb452e192da3c61404574ec886d1841bbe52.pt,/data/jnz/esmc-600m/data/weights/esmc_600m_2024_12_v0.pth,ok,
52a5f23958baf48dc3ddd9a3b93647f50eaf0643c1c24b3e5256c175448b1e48,,"GWHPBECS013088	mRNA=GWHTBECS013096	Gene=GWHGBECS013096	Position=GWHBECS00000002: 465711008-465711724, 465711899-465712546: -	Frame=0	OriID=Ebr02G055170.1	OriTrascriptID=Ebr02G055170.1	transl_table=1	OriGeneID=Ebr02G055170	OriSeqID=Chr02",454,454,1152,454x1152,float16,embeddings/52a5f23958baf48dc3ddd9a3b93647f50eaf0643c1c24b3e5256c175448b1e48.pt,/data/jnz/esmc-600m/data/weights/esmc_600m_2024_12_v0.pth,ok,
79648efe6af9f3b5b0b7be58053871b1144676f90f49134c278bc58452915dff,,"GWHPBECS013089	mRNA=GWHTBECS013097	Gene=GWHGBECS013097	Position=GWHBECS00000002: 465713027-465713749, 465713839-465714477: -	Frame=0	OriID=Ebr02G055180.1	OriTrascriptID=Ebr02G055180.1	transl_table=1	OriGeneID=Ebr02G055180	OriSeqID=Chr02",453,453,1152,453x1152,float16,embeddings/79648efe6af9f3b5b0b7be58053871b1144676f90f49134c278bc58452915dff.pt,/data/jnz/esmc-600m/data/weights/esmc_600m_2024_12_v0.pth,ok,
077f319f7ed84995581855fa5ccb2fd95c4b8a447d74758f090523d7e2d05213,,GWHPBECS013154	mRNA=GWHTBECS013162	Gene=GWHGBECS013162	Position=GWHBECS00000002: 470769561-470770145: +	Frame=0	OriID=Ebr02G055830.1	OriTrascriptID=Ebr02G055830.1	transl_table=1	OriGeneID=Ebr02G055830	OriSeqID=Chr02,194,194,1152,194x1152,float16,embeddings/077f319f7ed84995581855fa5ccb2fd95c4b8a447d74758f090523d7e2d05213.pt,/data/jnz/esmc-600m/data/weights/esmc_600m_2024_12_v0.pth,ok,
72d06c63b3355f8bad9811f9ceface48eaa49469dc0e6d4fc6d737a13b153211,,GWHPBECS013156	mRNA=GWHTBECS013164	Gene=GWHGBECS013164	Position=GWHBECS00000002: 470781528-470782910: +	Frame=0	OriID=Ebr02G055850.1	OriTrascriptID=Ebr02G055850.1	transl_table=1	OriGeneID=Ebr02G055850	OriSeqID=Chr02,460,460,1152,460x1152,float16,embeddings/72d06c63b3355f8bad9811f9ceface48eaa49469dc0e6d4fc6d737a13b153211.pt,/data/jnz/esmc-600m/data/weights/esmc_600m_2024_12_v0.pth,ok,
a605cb3eda9eea932d85f47c3365fb85cf2f0354a78515a6dee8252a1753d0aa,,"GWHPBECS013157	mRNA=GWHTBECS013165	Gene=GWHGBECS013165	Position=GWHBECS00000002: 470808668-470809061, 470809248-470810014: +	Frame=0	OriID=Ebr02G055860.1	OriTrascriptID=Ebr02G055860.1	transl_table=1	OriGeneID=Ebr02G055860	OriSeqID=Chr02",386,386,1152,386x1152,float16,embeddings/a605cb3eda9eea932d85f47c3365fb85cf2f0354a78515a6dee8252a1753d0aa.pt,/data/jnz/esmc-600m/data/weights/esmc_600m_2024_12_v0.pth,ok,
731d9994f6027089ff16412de022416a0465c9f35f0ce9f57b9851665d7921fe,,"GWHPBECS013161	mRNA=GWHTBECS013169	Gene=GWHGBECS013169	Position=GWHBECS00000002: 470965964-470966508, 470974629-470974983: +	Frame=0	OriID=Ebr02G055900.1	OriTrascriptID=Ebr02G055900.1	transl_table=1	OriGeneID=Ebr02G055900	OriSeqID=Chr02",299,299,1152,299x1152,float16,embeddings/731d9994f6027089ff16412de022416a0465c9f35f0ce9f57b9851665d7921fe.pt,/data/jnz/esmc-600m/data/weights/esmc_600m_2024_12_v0.pth,ok,
7818103076f0aa89bddbb73cd42cc3fb8b3fd905849ed9dc9f3e53479f576cde,,"GWHPBECS013191	mRNA=GWHTBECS013199	Gene=GWHGBECS013199	Position=GWHBECS00000002: 472993768-472993928, 472994391-472994450, 472994571-472994679, 472994766-472994869, 473009685-473010414, 473040485-473040645, 473049004-473049283: -	Frame=0	OriID=Ebr02G056200.1	OriTrascriptID=Ebr02G056200.1	transl_table=1	OriGeneID=Ebr02G056200	OriSeqID=Chr02",534,534,1152,534x1152,float16,embeddings/7818103076f0aa89bddbb73cd42cc3fb8b3fd905849ed9dc9f3e53479f576cde.pt,/data/jnz/esmc-600m/data/weights/esmc_600m_2024_12_v0.pth,ok,
0c54701f4b50807a3271dd298703dd3b1d5b34be218f04aa4c11b4753c9f3bcb,,"GWHPBECS013275	mRNA=GWHTBECS013283	Gene=GWHGBECS013283	Position=GWHBECS00000002: 484416958-484417074, 484417213-484417275, 484418564-484418619, 484418717-484418788, 484418978-484419083, 484419189-484419239, 484421976-484422071, 484422186-484422245, 484422359-484422472, 484430798-484430884, 484434902-484435005, 484435317-484435412, 484439348-484439468, 484439597-484439677, 484439796-484439924, 484440037-484440291, 484444753-484444896, 484458045-484458231, 484458312-484458409, 484459044-484459123, 484459208-484459295, 484488704-484488793, 484488884-484488946: +	Frame=0	OriID=Ebr02G057040.1	OriTrascriptID=Ebr02G057040.1	transl_table=1	OriGeneID=Ebr02G057040	OriSeqID=Chr02",785,785,1152,785x1152,float16,embeddings/0c54701f4b50807a3271dd298703dd3b1d5b34be218f04aa4c11b4753c9f3bcb.pt,/data/jnz/esmc-600m/data/weights/esmc_600m_2024_12_v0.pth,ok,
b66a646c06b513252f83abb611cef87b2ab06fba5dd7f13bf82a351163153a3d,,"GWHPBECS013311	mRNA=GWHTBECS013319	Gene=GWHGBECS013319	Position=GWHBECS00000002: 487046765-487047436, 487047540-487047888, 487060302-487060432, 487060528-487061487: -	Frame=0	OriID=Ebr02G057400.1	OriTrascriptID=Ebr02G057400.1	transl_table=1	OriGeneID=Ebr02G057400	OriSeqID=Chr02",703,703,1152,703x1152,float16,embeddings/b66a646c06b513252f83abb611cef87b2ab06fba5dd7f13bf82a351163153a3d.pt,/data/jnz/esmc-600m/data/weights/esmc_600m_2024_12_v0.pth,ok,
5d47198902e8aaa404e26bc67e70164d63d4c47d730e6f3042d13a37381c6eb9,,"GWHPBECS013312	mRNA=GWHTBECS013320	Gene=GWHGBECS013320	Position=GWHBECS00000002: 487081520-487082179, 487082287-487082635, 487105897-487106027, 487106107-487106727, 487107037-487107097, 487110454-487110461: -	Frame=0	OriID=Ebr02G057410.1	OriTrascriptID=Ebr02G057410.1	transl_table=1	OriGeneID=Ebr02G057410	OriSeqID=Chr02",609,609,1152,609x1152,float16,embeddings/5d47198902e8aaa404e26bc67e70164d63d4c47d730e6f3042d13a37381c6eb9.pt,/data/jnz/esmc-600m/data/weights/esmc_600m_2024_12_v0.pth,ok,
d7584fd030a132eae3656173cf4d68ce3dd8dbeb5b664ab35171bf037c7b095d,,"GWHPBECS013357	mRNA=GWHTBECS013365	Gene=GWHGBECS013365	Position=GWHBECS00000002: 489491804-489491874, 489494299-489494349, 489495531-489495587, 489496225-489496301, 489496349-489496440, 489496471-489496599, 489496664-489496743, 489496776-489496897, 489496934-489497058: -	Frame=0	OriID=Ebr02G057860.1	OriTrascriptID=Ebr02G057860.1	transl_table=1	OriGeneID=Ebr02G057860	OriSeqID=Chr02",267,267,1152,267x1152,float16,embeddings/d7584fd030a132eae3656173cf4d68ce3dd8dbeb5b664ab35171bf037c7b095d.pt,/data/jnz/esmc-600m/data/weights/esmc_600m_2024_12_v0.pth,ok,
dbeaeffc164f5f32f603cd8e066d1b6ac790092f4d9cb04c6877a5db8727b1b4,,"GWHPBECS013358	mRNA=GWHTBECS013366	Gene=GWHGBECS013366	Position=GWHBECS00000002: 489497310-489497428, 489498458-489498474, 489501135-489501213, 489502171-489502321, 489502371-489502544, 489502609-489502692, 489502727-489502851, 489502927-489503008: -	Frame=0	OriID=Ebr02G057870.1	OriTrascriptID=Ebr02G057870.1	transl_table=1	OriGeneID=Ebr02G057870	OriSeqID=Chr02",276,276,1152,276x1152,float16,embeddings/dbeaeffc164f5f32f603cd8e066d1b6ac790092f4d9cb04c6877a5db8727b1b4.pt,/data/jnz/esmc-600m/data/weights/esmc_600m_2024_12_v0.pth,ok,
253cb6f5d3ee9d21bca6ae7676cdf693db9192664c4bfb32a438d92b7ab5fa45,,"GWHPBECS013367	mRNA=GWHTBECS013375	Gene=GWHGBECS013375	Position=GWHBECS00000002: 490072743-490073157, 490073242-490073435, 490073612-490073712, 490073869-490074040: -	Frame=0	OriID=Ebr02G057960.1	OriTrascriptID=Ebr02G057960.1	transl_table=1	OriGeneID=Ebr02G057960	OriSeqID=Chr02",293,293,1152,293x1152,float16,embeddings/253cb6f5d3ee9d21bca6ae7676cdf693db9192664c4bfb32a438d92b7ab5fa45.pt,/data/jnz/esmc-600m/data/weights/esmc_600m_2024_12_v0.pth,ok,
2fae6ac536498a520c9bf6faf27945434c9297922d6d5ddb27759739898802ba,,"GWHPBECS013368	mRNA=GWHTBECS013376	Gene=GWHGBECS013376	Position=GWHBECS00000002: 490096073-490096481, 490096559-490096752, 490096868-490096968, 490097056-490097227: -	Frame=0	OriID=Ebr02G057970.1	OriTrascriptID=Ebr02G057970.1	transl_table=1	OriGeneID=Ebr02G057970	OriSeqID=Chr02",291,291,1152,291x1152,float16,embeddings/2fae6ac536498a520c9bf6faf27945434c9297922d6d5ddb27759739898802ba.pt,/data/jnz/esmc-600m/data/weights/esmc_600m_2024_12_v0.pth,ok,
8e41681735084a98a575cc4a29e5c750fbcfa6bc0d8f915ada38a02c8cb0e76a,,"GWHPBECS013369	mRNA=GWHTBECS013377	Gene=GWHGBECS013377	Position=GWHBECS00000002: 490169088-490169496, 490169574-490169767, 490169883-490169983, 490170070-490170241: -	Frame=0	OriID=Ebr02G057980.1	OriTrascriptID=Ebr02G057980.1	transl_table=1	OriGeneID=Ebr02G057980	OriSeqID=Chr02",291,291,1152,291x1152,float16,embeddings/8e41681735084a98a575cc4a29e5c750fbcfa6bc0d8f915ada38a02c8cb0e76a.pt,/data/jnz/esmc-600m/data/weights/esmc_600m_2024_12_v0.pth,ok,
e5fe54cfaf54af90575121e34524d96ee89bc1eba36467998b9b6e968b0342f8,,"GWHPBECS013373	mRNA=GWHTBECS013381	Gene=GWHGBECS013381	Position=GWHBECS00000002: 490611556-490612460, 490639634-490639883, 490640030-490640197: +	Frame=0	OriID=Ebr02G058020.1	OriTrascriptID=Ebr02G058020.1	transl_table=1	OriGeneID=Ebr02G058020	OriSeqID=Chr02",440,440,1152,440x1152,float16,embeddings/e5fe54cfaf54af90575121e34524d96ee89bc1eba36467998b9b6e968b0342f8.pt,/data/jnz/esmc-600m/data/weights/esmc_600m_2024_12_v0.pth,ok,
4e35e28247e46eb6ed8cc1fe845fa2c7562a0b9845b047ace01213d9595b4fed,,GWHPBECS013492	mRNA=GWHTBECS013500	Gene=GWHGBECS013500	Position=GWHBECS00000002: 499387164-499388861: +	Frame=0	OriID=Ebr02G059210.1	OriTrascriptID=Ebr02G059210.1	transl_table=1	OriGeneID=Ebr02G059210	OriSeqID=Chr02,565,565,1152,565x1152,float16,embeddings/4e35e28247e46eb6ed8cc1fe845fa2c7562a0b9845b047ace01213d9595b4fed.pt,/data/jnz/esmc-600m/data/weights/esmc_600m_2024_12_v0.pth,ok,
963c93ee3ab1d0db0dde13c3d24232ef045dfbf6fdb50d5207994d542d12b2c7,,GWHPBECS013493	mRNA=GWHTBECS013501	Gene=GWHGBECS013501	Position=GWHBECS00000002: 499413007-499414704: +	Frame=0	OriID=Ebr02G059220.1	OriTrascriptID=Ebr02G059220.1	transl_table=1	OriGeneID=Ebr02G059220	OriSeqID=Chr02,565,565,1152,565x1152,float16,embeddings/963c93ee3ab1d0db0dde13c3d24232ef045dfbf6fdb50d5207994d542d12b2c7.pt,/data/jnz/esmc-600m/data/weights/esmc_600m_2024_12_v0.pth,ok,
dcecc559d188d11bbfd95a2005503fd46d4ae3093788729818e7605e8800aad4,,"GWHPBECS013687	mRNA=GWHTBECS013695	Gene=GWHGBECS013695	Position=GWHBECS00000002: 513822271-513822679, 513822711-513822922, 513831796-513831952, 513832808-513832936, 513834190-513834251, 513835899-513835937, 513837321-513837437: -	Frame=0	OriID=Ebr02G061160.1	OriTrascriptID=Ebr02G061160.1	transl_table=1	OriGeneID=Ebr02G061160	OriSeqID=Chr02",374,374,1152,374x1152,float16,embeddings/dcecc559d188d11bbfd95a2005503fd46d4ae3093788729818e7605e8800aad4.pt,/data/jnz/esmc-600m/data/weights/esmc_600m_2024_12_v0.pth,ok,
8b974a5b49f4110f555466ad1f0f5b0947de31ee29a8f6d88eb43423dab74947,,"GWHPBECS013699	mRNA=GWHTBECS013707	Gene=GWHGBECS013707	Position=GWHBECS00000002: 515014909-515015641, 515028420-515028641, 515052930-515053018, 515053121-515053191, 515053320-515053399, 515053483-515053610: -	Frame=0	OriID=Ebr02G061280.1	OriTrascriptID=Ebr02G061280.1	transl_table=1	OriGeneID=Ebr02G061280	OriSeqID=Chr02",440,440,1152,440x1152,float16,embeddings/8b974a5b49f4110f555466ad1f0f5b0947de31ee29a8f6d88eb43423dab74947.pt,/data/jnz/esmc-600m/data/weights/esmc_600m_2024_12_v0.pth,ok,
0e66089977c339753fd445771ae623df72bd6465ad4e04154f949d827f6dad99,,"GWHPBECS013704	mRNA=GWHTBECS013712	Gene=GWHGBECS013712	Position=GWHBECS00000002: 515948749-515949481, 515979915-515980003, 515980106-515980176, 515980306-515980385, 515980469-515980596: -	Frame=0	OriID=Ebr02G061330.1	OriTrascriptID=Ebr02G061330.1	transl_table=1	OriGeneID=Ebr02G061330	OriSeqID=Chr02",366,366,1152,366x1152,float16,embeddings/0e66089977c339753fd445771ae623df72bd6465ad4e04154f949d827f6dad99.pt,/data/jnz/esmc-600m/data/weights/esmc_600m_2024_12_v0.pth,ok,
218b56df8cc2b880ce9148f594490cc472642fd47beaa8f72e7a2e8baac0a309,,"GWHPBECS013743	mRNA=GWHTBECS013751	Gene=GWHGBECS013751	Position=GWHBECS00000002: 518208796-518208891, 518209019-518209138, 518248433-518248513, 518248586-518248699, 518248845-518248946, 518280264-518280347, 518280473-518280580, 518280661-518280726, 518291617-518291730, 518292290-518292349, 518292432-518292689: -	Frame=0	OriID=Ebr02G061720.1	OriTrascriptID=Ebr02G061720.1	transl_table=1	OriGeneID=Ebr02G061720	OriSeqID=Chr02",400,400,1152,400x1152,float16,embeddings/218b56df8cc2b880ce9148f594490cc472642fd47beaa8f72e7a2e8baac0a309.pt,/data/jnz/esmc-600m/data/weights/esmc_600m_2024_12_v0.pth,ok,
9dacf67f55f71bf282007862800c93af8db5bf9f91c6821c3947a0ed0aac21b7,,"GWHPBECS013754	mRNA=GWHTBECS013762	Gene=GWHGBECS013762	Position=GWHBECS00000002: 518841265-518841345, 518842094-518842289, 518842439-518842527, 518843375-518843414, 518843524-518843680, 518844171-518844516, 518847633-518847770, 518848079-518848204, 518849968-518850180, 518850296-518850550, 518851716-518851895, 518852003-518852353, 518852534-518853124: +	Frame=0	OriID=Ebr02G061830.1	OriTrascriptID=Ebr02G061830.1	transl_table=1	OriGeneID=Ebr02G061830	OriSeqID=Chr02",920,920,1152,920x1152,float16,embeddings/9dacf67f55f71bf282007862800c93af8db5bf9f91c6821c3947a0ed0aac21b7.pt,/data/jnz/esmc-600m/data/weights/esmc_600m_2024_12_v0.pth,ok,
4acf2339d243d12edf4ce1cb6dabe9efd113fed1a3b168e5b4f297ce7499d6a4,,"GWHPBECS013763	mRNA=GWHTBECS013771	Gene=GWHGBECS013771	Position=GWHBECS00000002: 519392873-519393463, 519393624-519393974, 519394082-519394278, 519395421-519395682, 519395792-519396004, 519397755-519397880, 519398189-519398326, 519401145-519401490, 519401588-519401854, 519401982-519402168, 519402280-519402400, 519403070-519403242, 519403375-519403570, 519404323-519404403: -	Frame=0	OriID=Ebr02G061920.1	OriTrascriptID=Ebr02G061920.1	transl_table=1	OriGeneID=Ebr02G061920	OriSeqID=Chr02",1082,1082,1152,1082x1152,float16,embeddings/4acf2339d243d12edf4ce1cb6dabe9efd113fed1a3b168e5b4f297ce7499d6a4.pt,/data/jnz/esmc-600m/data/weights/esmc_600m_2024_12_v0.pth,ok,
ce1a8dba037d414085e8aa67edcf57c369869f04889da92b50a24246b3a9700e,,GWHPBECS013794	mRNA=GWHTBECS013802	Gene=GWHGBECS013802	Position=GWHBECS00000002: 521699683-521701089: -	Frame=0	OriID=Ebr02G062230.1	OriTrascriptID=Ebr02G062230.1	transl_table=1	OriGeneID=Ebr02G062230	OriSeqID=Chr02,468,468,1152,468x1152,float16,embeddings/ce1a8dba037d414085e8aa67edcf57c369869f04889da92b50a24246b3a9700e.pt,/data/jnz/esmc-600m/data/weights/esmc_600m_2024_12_v0.pth,ok,
7f4ad8b9f4cf06be6ff3dee90ffea92c03c676c4406db17be510fa5519fc8e2c,,"GWHPBECS013795	mRNA=GWHTBECS013803	Gene=GWHGBECS013803	Position=GWHBECS00000002: 521751276-521751448, 521751491-521752170, 521752201-521752598: +	Frame=0	OriID=Ebr02G062240.1	OriTrascriptID=Ebr02G062240.1	transl_table=1	OriGeneID=Ebr02G062240	OriSeqID=Chr02",416,416,1152,416x1152,float16,embeddings/7f4ad8b9f4cf06be6ff3dee90ffea92c03c676c4406db17be510fa5519fc8e2c.pt,/data/jnz/esmc-600m/data/weights/esmc_600m_2024_12_v0.pth,ok,
c11f3e8323e0a97303fa4163624f8f5277c7d134982bc5a0d73ee6950b0123dc,,"GWHPBECS013798	mRNA=GWHTBECS013806	Gene=GWHGBECS013806	Position=GWHBECS00000002: 521824014-521824097, 521825142-521825393, 521825613-521825698, 521825734-521825854: +	Frame=0	OriID=Ebr02G062270.1	OriTrascriptID=Ebr02G062270.1	transl_table=1	OriGeneID=Ebr02G062270	OriSeqID=Chr02",180,180,1152,180x1152,float16,embeddings/c11f3e8323e0a97303fa4163624f8f5277c7d134982bc5a0d73ee6950b0123dc.pt,/data/jnz/esmc-600m/data/weights/esmc_600m_2024_12_v0.pth,ok,
746ff159a54373b24fab1e2dacf9d9bd811d450db97e2444500321601280574c,,GWHPBECS014260	mRNA=GWHTBECS014268	Gene=GWHGBECS014268	Position=GWHBECS00000002: 554264615-554265721: +	Frame=0	OriID=Ebr02G066890.1	OriTrascriptID=Ebr02G066890.1	transl_table=1	OriGeneID=Ebr02G066890	OriSeqID=Chr02,368,368,1152,368x1152,float16,embeddings/746ff159a54373b24fab1e2dacf9d9bd811d450db97e2444500321601280574c.pt,/data/jnz/esmc-600m/data/weights/esmc_600m_2024_12_v0.pth,ok,
36e18494f6e16ee1ac633176f803b1648d17cdeeefa8f08371bf40ce3d507750,,GWHPBECS014266	mRNA=GWHTBECS014274	Gene=GWHGBECS014274	Position=GWHBECS00000002: 554516340-554517446: +	Frame=0	OriID=Ebr02G066950.1	OriTrascriptID=Ebr02G066950.1	transl_table=1	OriGeneID=Ebr02G066950	OriSeqID=Chr02,368,368,1152,368x1152,float16,embeddings/36e18494f6e16ee1ac633176f803b1648d17cdeeefa8f08371bf40ce3d507750.pt,/data/jnz/esmc-600m/data/weights/esmc_600m_2024_12_v0.pth,ok,
60fbbdb1516199f57352c24e18c955a370cd22f4af7040e6aee5b5e311824860,,"GWHPBECS014343	mRNA=GWHTBECS014351	Gene=GWHGBECS014351	Position=GWHBECS00000002: 560579725-560580387, 560580477-560580828, 560581509-560581663, 560581778-560581972: -	Frame=0	OriID=Ebr02G067720.1	OriTrascriptID=Ebr02G067720.1	transl_table=1	OriGeneID=Ebr02G067720	OriSeqID=Chr02",454,454,1152,454x1152,float16,embeddings/60fbbdb1516199f57352c24e18c955a370cd22f4af7040e6aee5b5e311824860.pt,/data/jnz/esmc-600m/data/weights/esmc_600m_2024_12_v0.pth,ok,
ce7352321063b7438dc72a8f9b6961c4646fef39430190090967daf1180689c5,,"GWHPBECS014384	mRNA=GWHTBECS014392	Gene=GWHGBECS014392	Position=GWHBECS00000002: 563484743-563484846, 563484946-563485009, 563490916-563490965, 563491063-563491264: +	Frame=0	OriID=Ebr02G068130.1	OriTrascriptID=Ebr02G068130.1	transl_table=1	OriGeneID=Ebr02G068130	OriSeqID=Chr02",139,139,1152,139x1152,float16,embeddings/ce7352321063b7438dc72a8f9b6961c4646fef39430190090967daf1180689c5.pt,/data/jnz/esmc-600m/data/weights/esmc_600m_2024_12_v0.pth,ok,
f0c8df427a9f9d68722e01d4111608bbd3655fa83e575891468a0f90221b6ff1,,"GWHPBECS014473	mRNA=GWHTBECS014481	Gene=GWHGBECS014481	Position=GWHBECS00000002: 567713408-567713467, 567718694-567718807, 567718956-567719027, 567747293-567747362, 567747454-567747551, 567747643-567747844, 567747960-567748027, 567749056-567749466: -	Frame=0	OriID=Ebr02G069020.1	OriTrascriptID=Ebr02G069020.1	transl_table=1	OriGeneID=Ebr02G069020	OriSeqID=Chr02",364,364,1152,364x1152,float16,embeddings/f0c8df427a9f9d68722e01d4111608bbd3655fa83e575891468a0f90221b6ff1.pt,/data/jnz/esmc-600m/data/weights/esmc_600m_2024_12_v0.pth,ok,
305c63559a882ee5f7228809f8aab5b9681e9edc1f873724ce85f8b8a84100e0,,"GWHPBECS014503	mRNA=GWHTBECS014511	Gene=GWHGBECS014511	Position=GWHBECS00000002: 570781334-570781345, 570781448-570781576, 570781656-570781751: -	Frame=0	OriID=Ebr02G069320.1	OriTrascriptID=Ebr02G069320.1	transl_table=1	OriGeneID=Ebr02G069320	OriSeqID=Chr02",78,78,1152,78x1152,float16,embeddings/305c63559a882ee5f7228809f8aab5b9681e9edc1f873724ce85f8b8a84100e0.pt,/data/jnz/esmc-600m/data/weights/esmc_600m_2024_12_v0.pth,ok,
f26397e269a4e5fce9662f1a86af6bd3dbc49680757aea0182251a69c9d5004d,,"GWHPBECS014659	mRNA=GWHTBECS014667	Gene=GWHGBECS014667	Position=GWHBECS00000002: 580605906-580605989, 580606083-580606212, 580606299-580606348, 580618391-580618531, 580618618-580618758, 580618869-580618982: -	Frame=0	OriID=Ebr02G070880.1	OriTrascriptID=Ebr02G070880.1	transl_table=1	OriGeneID=Ebr02G070880	OriSeqID=Chr02",219,219,1152,219x1152,float16,embeddings/f26397e269a4e5fce9662f1a86af6bd3dbc49680757aea0182251a69c9d5004d.pt,/data/jnz/esmc-600m/data/weights/esmc_600m_2024_12_v0.pth,ok,
45aa15ae3fe83c750e0c9c53d0e865d75055ca1319c0ccab5445b315150b6a15,,"GWHPBECS014686	mRNA=GWHTBECS014694	Gene=GWHGBECS014694	Position=GWHBECS00000002: 582226561-582226609, 582226948-582227120, 582227162-582227210, 582227407-582227538, 582228413-582228516, 582228633-582228683: +	Frame=0	OriID=Ebr02G071150.1	OriTrascriptID=Ebr02G071150.1	transl_table=1	OriGeneID=Ebr02G071150	OriSeqID=Chr02",185,185,1152,185x1152,float16,embeddings/45aa15ae3fe83c750e0c9c53d0e865d75055ca1319c0ccab5445b315150b6a15.pt,/data/jnz/esmc-600m/data/weights/esmc_600m_2024_12_v0.pth,ok,
641f509f6763e56747b65a1725831b8c79c861b3ddbe9afe8176f649aaef022b,,"GWHPBECS014754	mRNA=GWHTBECS014762	Gene=GWHGBECS014762	Position=GWHBECS00000002: 586858071-586858550, 586858644-586859324: +	Frame=0	OriID=Ebr02G071830.1	OriTrascriptID=Ebr02G071830.1	transl_table=1	OriGeneID=Ebr02G071830	OriSeqID=Chr02",386,386,1152,386x1152,float16,embeddings/641f509f6763e56747b65a1725831b8c79c861b3ddbe9afe8176f649aaef022b.pt,/data/jnz/esmc-600m/data/weights/esmc_600m_2024_12_v0.pth,ok,
effcc159e15ff7d7a941409a459d3f36fb3548839f1ed932f4e23a4def164146,,"GWHPBECS014845	mRNA=GWHTBECS014853	Gene=GWHGBECS014853	Position=GWHBECS00000002: 592269707-592269781, 592269855-592270050, 592270140-592270339, 592270415-592270514, 592270593-592270719, 592270818-592271430, 592271507-592271770, 592271855-592272067, 592272152-592272371, 592272468-592272661, 592272751-592273689: +	Frame=0	OriID=Ebr02G072740.1	OriTrascriptID=Ebr02G072740.1	transl_table=1	OriGeneID=Ebr02G072740	OriSeqID=Chr02",1046,1046,1152,1046x1152,float16,embeddings/effcc159e15ff7d7a941409a459d3f36fb3548839f1ed932f4e23a4def164146.pt,/data/jnz/esmc-600m/data/weights/esmc_600m_2024_12_v0.pth,ok,
ae0ea74bea00eab4abc6315e64bad85a98da6a94ad8d08d0c2cf15ae21488fb6,,"GWHPBECS014891	mRNA=GWHTBECS014899	Gene=GWHGBECS014899	Position=GWHBECS00000002: 595451839-595452518, 595452563-595453037, 595453991-595454155: -	Frame=0	OriID=Ebr02G073200.1	OriTrascriptID=Ebr02G073200.1	transl_table=1	OriGeneID=Ebr02G073200	OriSeqID=Chr02",439,439,1152,439x1152,float16,embeddings/ae0ea74bea00eab4abc6315e64bad85a98da6a94ad8d08d0c2cf15ae21488fb6.pt,/data/jnz/esmc-600m/data/weights/esmc_600m_2024_12_v0.pth,ok,
4df0e659de93ade4ff495f1769e20fdd57203abb4e521d739d5d65d71cbca9dc,,"GWHPBECS014892	mRNA=GWHTBECS014900	Gene=GWHGBECS014900	Position=GWHBECS00000002: 595483889-595484642, 595495603-595495871: -	Frame=0	OriID=Ebr02G073210.1	OriTrascriptID=Ebr02G073210.1	transl_table=1	OriGeneID=Ebr02G073210	OriSeqID=Chr02",340,340,1152,340x1152,float16,embeddings/4df0e659de93ade4ff495f1769e20fdd57203abb4e521d739d5d65d71cbca9dc.pt,/data/jnz/esmc-600m/data/weights/esmc_600m_2024_12_v0.pth,ok,
8ddb7f969dbcde726f2f136b64c575fd88a52e86b53bcf3f6fd8b5c68875e883,,GWHPBECS014893	mRNA=GWHTBECS014901	Gene=GWHGBECS014901	Position=GWHBECS00000002: 595500490-595501218: -	Frame=0	OriID=Ebr02G073220.1	OriTrascriptID=Ebr02G073220.1	transl_table=1	OriGeneID=Ebr02G073220	OriSeqID=Chr02,242,242,1152,242x1152,float16,embeddings/8ddb7f969dbcde726f2f136b64c575fd88a52e86b53bcf3f6fd8b5c68875e883.pt,/data/jnz/esmc-600m/data/weights/esmc_600m_2024_12_v0.pth,ok,
1aba0d1ce7d08a43b9e6d53d6ef6d3d3248ef6166faf43a5905d9d301bdcca5a,,GWHPBECS014894	mRNA=GWHTBECS014902	Gene=GWHGBECS014902	Position=GWHBECS00000002: 595534092-595534982: -	Frame=0	OriID=Ebr02G073230.1	OriTrascriptID=Ebr02G073230.1	transl_table=1	OriGeneID=Ebr02G073230	OriSeqID=Chr02,296,296,1152,296x1152,float16,embeddings/1aba0d1ce7d08a43b9e6d53d6ef6d3d3248ef6166faf43a5905d9d301bdcca5a.pt,/data/jnz/esmc-600m/data/weights/esmc_600m_2024_12_v0.pth,ok,
b41bdecbddad608dd967fe142132fba11be6724be3cd3e00e4c0aea1eb8c0ed0,,GWHPBECS014961	mRNA=GWHTBECS014969	Gene=GWHGBECS014969	Position=GWHBECS00000002: 600361532-600362947: -	Frame=0	OriID=Ebr02G073900.1	OriTrascriptID=Ebr02G073900.1	transl_table=1	OriGeneID=Ebr02G073900	OriSeqID=Chr02,471,471,1152,471x1152,float16,embeddings/b41bdecbddad608dd967fe142132fba11be6724be3cd3e00e4c0aea1eb8c0ed0.pt,/data/jnz/esmc-600m/data/weights/esmc_600m_2024_12_v0.pth,ok,
57ffe70f78728f540c294a7b52e72ab96e7f8bb8b1403768e0b193acb76f5109,,GWHPBECS014962	mRNA=GWHTBECS014970	Gene=GWHGBECS014970	Position=GWHBECS00000002: 600485252-600486667: +	Frame=0	OriID=Ebr02G073910.1	OriTrascriptID=Ebr02G073910.1	transl_table=1	OriGeneID=Ebr02G073910	OriSeqID=Chr02,471,471,1152,471x1152,float16,embeddings/57ffe70f78728f540c294a7b52e72ab96e7f8bb8b1403768e0b193acb76f5109.pt,/data/jnz/esmc-600m/data/weights/esmc_600m_2024_12_v0.pth,ok,
ec98cbb63c622863b066cb86c88da67eb6d4907b96031afc1d0ac3f45db08245,,GWHPBECS014985	mRNA=GWHTBECS014993	Gene=GWHGBECS014993	Position=GWHBECS00000002: 601627038-601628459: +	Frame=0	OriID=Ebr02G074140.1	OriTrascriptID=Ebr02G074140.1	transl_table=1	OriGeneID=Ebr02G074140	OriSeqID=Chr02,473,473,1152,473x1152,float16,embeddings/ec98cbb63c622863b066cb86c88da67eb6d4907b96031afc1d0ac3f45db08245.pt,/data/jnz/esmc-600m/data/weights/esmc_600m_2024_12_v0.pth,ok,
70c0ed028556b4577e743cd948b76a9236b4f2e70dda8258ae63af25408b5053,,"GWHPBECS014992	mRNA=GWHTBECS015000	Gene=GWHGBECS015000	Position=GWHBECS00000002: 602352390-602352575, 602352666-602352774, 602352919-602353001, 602353091-602353228, 602355363-602355545, 602356456-602356548: +	Frame=0	OriID=Ebr02G074210.1	OriTrascriptID=Ebr02G074210.1	transl_table=1	OriGeneID=Ebr02G074210	OriSeqID=Chr02",263,263,1152,263x1152,float16,embeddings/70c0ed028556b4577e743cd948b76a9236b4f2e70dda8258ae63af25408b5053.pt,/data/jnz/esmc-600m/data/weights/esmc_600m_2024_12_v0.pth,ok,
9b475dc57e456f4f3cdb575e84f202b0de10bf1185f269204fd6530a3137473e,,"GWHPBECS014993	mRNA=GWHTBECS015001	Gene=GWHGBECS015001	Position=GWHBECS00000002: 602401191-602401376, 602401467-602401575, 602401720-602401825, 602401925-602402027, 602404111-602404297, 602405249-602405313: +	Frame=0	OriID=Ebr02G074220.1	OriTrascriptID=Ebr02G074220.1	transl_table=1	OriGeneID=Ebr02G074220	OriSeqID=Chr02",251,251,1152,251x1152,float16,embeddings/9b475dc57e456f4f3cdb575e84f202b0de10bf1185f269204fd6530a3137473e.pt,/data/jnz/esmc-600m/data/weights/esmc_600m_2024_12_v0.pth,ok,
6ee7446aa538c7b33529b1678f4882554871784625e6e78ea6d36d7cd12a1f0a,,GWHPBECS015023	mRNA=GWHTBECS015031	Gene=GWHGBECS015031	Position=GWHBECS00000002: 606178924-606180324: +	Frame=0	OriID=Ebr02G074520.1	OriTrascriptID=Ebr02G074520.1	transl_table=1	OriGeneID=Ebr02G074520	OriSeqID=Chr02,466,466,1152,466x1152,float16,embeddings/6ee7446aa538c7b33529b1678f4882554871784625e6e78ea6d36d7cd12a1f0a.pt,/data/jnz/esmc-600m/data/weights/esmc_600m_2024_12_v0.pth,ok,
d911a4ab611e5dc3bb2ca7ba3df557e79facdcf38f34f900037a652fb5e292ad,,"GWHPBECS015024	mRNA=GWHTBECS015032	Gene=GWHGBECS015032	Position=GWHBECS00000002: 606211322-606211578, 606211656-606212654, 606212759-606212924: -	Frame=0	OriID=Ebr02G074530.1	OriTrascriptID=Ebr02G074530.1	transl_table=1	OriGeneID=Ebr02G074530	OriSeqID=Chr02",473,473,1152,473x1152,float16,embeddings/d911a4ab611e5dc3bb2ca7ba3df557e79facdcf38f34f900037a652fb5e292ad.pt,/data/jnz/esmc-600m/data/weights/esmc_600m_2024_12_v0.pth,ok,
52e8ea905dbcd533b52bdbfdb5ec0d3ddd44d25b86173503a23cea76f22088fc,,GWHPBECS015032	mRNA=GWHTBECS015040	Gene=GWHGBECS015040	Position=GWHBECS00000002: 606674389-606675480: +	Frame=0	OriID=Ebr02G074610.1	OriTrascriptID=Ebr02G074610.1	transl_table=1	OriGeneID=Ebr02G074610	OriSeqID=Chr02,363,363,1152,363x1152,float16,embeddings/52e8ea905dbcd533b52bdbfdb5ec0d3ddd44d25b86173503a23cea76f22088fc.pt,/data/jnz/esmc-600m/data/weights/esmc_600m_2024_12_v0.pth,ok,
4d72c4bc4dabf108b5ae6d33a3a97cc323bc1ae05eb055a04833b3877c63f226,,"GWHPBECS015049	mRNA=GWHTBECS015057	Gene=GWHGBECS015057	Position=GWHBECS00000002: 606874855-606874911, 606875196-606875322, 606875377-606875649, 606877081-606877134, 606878797-606878834, 606880039-606880124, 606881169-606881228, 606882461-606882515: +	Frame=0	OriID=Ebr02G074780.1	OriTrascriptID=Ebr02G074780.1	transl_table=1	OriGeneID=Ebr02G074780	OriSeqID=Chr02",249,249,1152,249x1152,float16,embeddings/4d72c4bc4dabf108b5ae6d33a3a97cc323bc1ae05eb055a04833b3877c63f226.pt,/data/jnz/esmc-600m/data/weights/esmc_600m_2024_12_v0.pth,ok,
c9fb11a46151595e54f68df63df217b15cad8247a17f015c9bcbe8a7290d9999,,"GWHPBECS015050	mRNA=GWHTBECS015058	Gene=GWHGBECS015058	Position=GWHBECS00000002: 606922753-606923790, 606928508-606928756: +	Frame=0	OriID=Ebr02G074790.1	OriTrascriptID=Ebr02G074790.1	transl_table=1	OriGeneID=Ebr02G074790	OriSeqID=Chr02",428,428,1152,428x1152,float16,embeddings/c9fb11a46151595e54f68df63df217b15cad8247a17f015c9bcbe8a7290d9999.pt,/data/jnz/esmc-600m/data/weights/esmc_600m_2024_12_v0.pth,ok,
1e9bf84fb205a2675585b4d979d9a6371de882d550440554df1d9ea40943cd66,,"GWHPBECS015051	mRNA=GWHTBECS015059	Gene=GWHGBECS015059	Position=GWHBECS00000002: 606940795-606941487, 606941495-606942235: +	Frame=0	OriID=Ebr02G074800.1	OriTrascriptID=Ebr02G074800.1	transl_table=1	OriGeneID=Ebr02G074800	OriSeqID=Chr02",477,477,1152,477x1152,float16,embeddings/1e9bf84fb205a2675585b4d979d9a6371de882d550440554df1d9ea40943cd66.pt,/data/jnz/esmc-600m/data/weights/esmc_600m_2024_12_v0.pth,ok,
7f85630c1d0ea9ed7f3be417393de792fe61a2132e4eddd7b857e5c2412ecd8f,,GWHPBECS015053	mRNA=GWHTBECS015061	Gene=GWHGBECS015061	Position=GWHBECS00000002: 607029902-607031212: +	Frame=0	OriID=Ebr02G074820.1	OriTrascriptID=Ebr02G074820.1	transl_table=1	OriGeneID=Ebr02G074820	OriSeqID=Chr02,436,436,1152,436x1152,float16,embeddings/7f85630c1d0ea9ed7f3be417393de792fe61a2132e4eddd7b857e5c2412ecd8f.pt,/data/jnz/esmc-600m/data/weights/esmc_600m_2024_12_v0.pth,ok,
dfad38ac27a996d796ef51621f026db37facad8a271a383b8d79f3a02f6eb46e,,GWHPBECS015054	mRNA=GWHTBECS015062	Gene=GWHGBECS015062	Position=GWHBECS00000002: 607084502-607085812: +	Frame=0	OriID=Ebr02G074830.1	OriTrascriptID=Ebr02G074830.1	transl_table=1	OriGeneID=Ebr02G074830	OriSeqID=Chr02,436,436,1152,436x1152,float16,embeddings/dfad38ac27a996d796ef51621f026db37facad8a271a383b8d79f3a02f6eb46e.pt,/data/jnz/esmc-600m/data/weights/esmc_600m_2024_12_v0.pth,ok,
5683d8c2e77b71912804c971f31f54b2032dec3ec2ea99f2b5d34e960adc1007,,GWHPBECS015056	mRNA=GWHTBECS015064	Gene=GWHGBECS015064	Position=GWHBECS00000002: 607179127-607180437: +	Frame=0	OriID=Ebr02G074850.1	OriTrascriptID=Ebr02G074850.1	transl_table=1	OriGeneID=Ebr02G074850	OriSeqID=Chr02,436,436,1152,436x1152,float16,embeddings/5683d8c2e77b71912804c971f31f54b2032dec3ec2ea99f2b5d34e960adc1007.pt,/data/jnz/esmc-600m/data/weights/esmc_600m_2024_12_v0.pth,ok,
ba297577d3917b11409b87062ddd73a0b2fab7a48707b26c37d4717ae2e3f396,,GWHPBECS015057	mRNA=GWHTBECS015065	Gene=GWHGBECS015065	Position=GWHBECS00000002: 607306177-607307598: -	Frame=0	OriID=Ebr02G074860.1	OriTrascriptID=Ebr02G074860.1	transl_table=1	OriGeneID=Ebr02G074860	OriSeqID=Chr02,473,473,1152,473x1152,float16,embeddings/ba297577d3917b11409b87062ddd73a0b2fab7a48707b26c37d4717ae2e3f396.pt,/data/jnz/esmc-600m/data/weights/esmc_600m_2024_12_v0.pth,ok,
f2ea3539d9e42d8b54ee68cd5bd6ae0532278d0e4ea21fd6bc533ea86440a20b,,GWHPBECS015058	mRNA=GWHTBECS015066	Gene=GWHGBECS015066	Position=GWHBECS00000002: 607320374-607321771: -	Frame=0	OriID=Ebr02G074870.1	OriTrascriptID=Ebr02G074870.1	transl_table=1	OriGeneID=Ebr02G074870	OriSeqID=Chr02,465,465,1152,465x1152,float16,embeddings/f2ea3539d9e42d8b54ee68cd5bd6ae0532278d0e4ea21fd6bc533ea86440a20b.pt,/data/jnz/esmc-600m/data/weights/esmc_600m_2024_12_v0.pth,ok,
2d4aeb1f11b873f4e810ef9d9d8347c3b7fce4f52bd5b2e64662abd3a97ca73f,,GWHPBECS015059	mRNA=GWHTBECS015067	Gene=GWHGBECS015067	Position=GWHBECS00000002: 607328985-607330382: -	Frame=0	OriID=Ebr02G074880.1	OriTrascriptID=Ebr02G074880.1	transl_table=1	OriGeneID=Ebr02G074880	OriSeqID=Chr02,465,465,1152,465x1152,float16,embeddings/2d4aeb1f11b873f4e810ef9d9d8347c3b7fce4f52bd5b2e64662abd3a97ca73f.pt,/data/jnz/esmc-600m/data/weights/esmc_600m_2024_12_v0.pth,ok,
5e9a4be34f205ddf8cc72628d1781a351152b553db9139205e6ffa4f71d5eb58,,GWHPBECS015060	mRNA=GWHTBECS015068	Gene=GWHGBECS015068	Position=GWHBECS00000002: 607337601-607338998: -	Frame=0	OriID=Ebr02G074890.1	OriTrascriptID=Ebr02G074890.1	transl_table=1	OriGeneID=Ebr02G074890	OriSeqID=Chr02,465,465,1152,465x1152,float16,embeddings/5e9a4be34f205ddf8cc72628d1781a351152b553db9139205e6ffa4f71d5eb58.pt,/data/jnz/esmc-600m/data/weights/esmc_600m_2024_12_v0.pth,ok,
f197d9d86d55c46ae7e930e551982dd974a42631da37fb30808bf41300153fa6,,GWHPBECS015061	mRNA=GWHTBECS015069	Gene=GWHGBECS015069	Position=GWHBECS00000002: 607346197-607346913: -	Frame=0	OriID=Ebr02G074900.1	OriTrascriptID=Ebr02G074900.1	transl_table=1	OriGeneID=Ebr02G074900	OriSeqID=Chr02,238,238,1152,238x1152,float16,embeddings/f197d9d86d55c46ae7e930e551982dd974a42631da37fb30808bf41300153fa6.pt,/data/jnz/esmc-600m/data/weights/esmc_600m_2024_12_v0.pth,ok,
0973160429357c2155690a55f1922aaf46f893d34cb497ab83f22fc074757b35,,GWHPBECS015062	mRNA=GWHTBECS015070	Gene=GWHGBECS015070	Position=GWHBECS00000002: 607363477-607364235: -	Frame=0	OriID=Ebr02G074910.1	OriTrascriptID=Ebr02G074910.1	transl_table=1	OriGeneID=Ebr02G074910	OriSeqID=Chr02,252,252,1152,252x1152,float16,embeddings/0973160429357c2155690a55f1922aaf46f893d34cb497ab83f22fc074757b35.pt,/data/jnz/esmc-600m/data/weights/esmc_600m_2024_12_v0.pth,ok,
b02fb4bd4877b1476d46d8512e86f7cb90aae219ac5e9431eb8f3d2d7457aa68,,GWHPBECS015063	mRNA=GWHTBECS015071	Gene=GWHGBECS015071	Position=GWHBECS00000002: 607372134-607373555: -	Frame=0	OriID=Ebr02G074920.1	OriTrascriptID=Ebr02G074920.1	transl_table=1	OriGeneID=Ebr02G074920	OriSeqID=Chr02,473,473,1152,473x1152,float16,embeddings/b02fb4bd4877b1476d46d8512e86f7cb90aae219ac5e9431eb8f3d2d7457aa68.pt,/data/jnz/esmc-600m/data/weights/esmc_600m_2024_12_v0.pth,ok,
3a0c6db1dc46d273a3b95047238a33318ab8a3b2c22cdef2912557f9e17ac37b,,GWHPBECS015064	mRNA=GWHTBECS015072	Gene=GWHGBECS015072	Position=GWHBECS00000002: 607380795-607382216: -	Frame=0	OriID=Ebr02G074930.1	OriTrascriptID=Ebr02G074930.1	transl_table=1	OriGeneID=Ebr02G074930	OriSeqID=Chr02,473,473,1152,473x1152,float16,embeddings/3a0c6db1dc46d273a3b95047238a33318ab8a3b2c22cdef2912557f9e17ac37b.pt,/data/jnz/esmc-600m/data/weights/esmc_600m_2024_12_v0.pth,ok,
3b40ba3090fb58dc9a24a63b084d2313838f3f49674f0e5d1af06d679342c7e0,,"GWHPBECS015065	mRNA=GWHTBECS015073	Gene=GWHGBECS015073	Position=GWHBECS00000002: 607416551-607417561, 607417569-607417961: -	Frame=0	OriID=Ebr02G074940.1	OriTrascriptID=Ebr02G074940.1	transl_table=1	OriGeneID=Ebr02G074940	OriSeqID=Chr02",467,467,1152,467x1152,float16,embeddings/3b40ba3090fb58dc9a24a63b084d2313838f3f49674f0e5d1af06d679342c7e0.pt,/data/jnz/esmc-600m/data/weights/esmc_600m_2024_12_v0.pth,ok,
c6991bafb7e1120d5e6bffb778303d6102a5259919f2e89ad08bc7f897e8f78d,,GWHPBECS015066	mRNA=GWHTBECS015074	Gene=GWHGBECS015074	Position=GWHBECS00000002: 607455767-607457188: -	Frame=0	OriID=Ebr02G074950.1	OriTrascriptID=Ebr02G074950.1	transl_table=1	OriGeneID=Ebr02G074950	OriSeqID=Chr02,473,473,1152,473x1152,float16,embeddings/c6991bafb7e1120d5e6bffb778303d6102a5259919f2e89ad08bc7f897e8f78d.pt,/data/jnz/esmc-600m/data/weights/esmc_600m_2024_12_v0.pth,ok,
5e7909478a641d4e7917b38eabdcf06a452e9ed8523fa7e2f21e80d5daef6ade,,"GWHPBECS015068	mRNA=GWHTBECS015076	Gene=GWHGBECS015076	Position=GWHBECS00000002: 607563172-607564040, 607564466-607564952: -	Frame=0	OriID=Ebr02G074970.1	OriTrascriptID=Ebr02G074970.1	transl_table=1	OriGeneID=Ebr02G074970	OriSeqID=Chr02",451,451,1152,451x1152,float16,embeddings/5e7909478a641d4e7917b38eabdcf06a452e9ed8523fa7e2f21e80d5daef6ade.pt,/data/jnz/esmc-600m/data/weights/esmc_600m_2024_12_v0.pth,ok,
11f4d9d4234e1fa54d73a62798ac84fa86c84f1222c142d8b1da8a957768126f,,"GWHPBECS015146	mRNA=GWHTBECS015154	Gene=GWHGBECS015154	Position=GWHBECS00000002: 612334170-612336166, 612336261-612336534, 612336617-612336937: +	Frame=0	OriID=Ebr02G075750.1	OriTrascriptID=Ebr02G075750.1	transl_table=1	OriGeneID=Ebr02G075750	OriSeqID=Chr02",863,863,1152,863x1152,float16,embeddings/11f4d9d4234e1fa54d73a62798ac84fa86c84f1222c142d8b1da8a957768126f.pt,/data/jnz/esmc-600m/data/weights/esmc_600m_2024_12_v0.pth,ok,
b63203b8bca6a6624f97b4ce0f2d730b7713c0b09f39b76d8a47472ae3acb0de,,"GWHPBECS015402	mRNA=GWHTBECS015410	Gene=GWHGBECS015410	Position=GWHBECS00000003: 13952636-13952735, 13952833-13952867, 13952967-13953008, 13953106-13953205, 13953415-13953677, 13954540-13954805, 13955000-13955357, 13955446-13956021, 13956331-13956606: +	Frame=0	OriID=Ebr03G002200.1	OriTrascriptID=Ebr03G002200.1	transl_table=1	OriGeneID=Ebr03G002200	OriSeqID=Chr03",671,671,1152,671x1152,float16,embeddings/b63203b8bca6a6624f97b4ce0f2d730b7713c0b09f39b76d8a47472ae3acb0de.pt,/data/jnz/esmc-600m/data/weights/esmc_600m_2024_12_v0.pth,ok,
f4f78621934a735cdf8b72313285b51991a940961c9145309f1cbb6cd285d3f6,,"GWHPBECS015436	mRNA=GWHTBECS015444	Gene=GWHGBECS015444	Position=GWHBECS00000003: 17525142-17525163, 17527019-17527078, 17527964-17528162, 17528311-17528570, 17528660-17528750, 17528850-17528898, 17528980-17529071, 17529160-17529267, 17529356-17529490, 17529593-17530003, 17530113-17530254, 17530340-17530407, 17530496-17530630, 17530726-17530943, 17531033-17531409: +	Frame=0	OriID=Ebr03G002540.1	OriTrascriptID=Ebr03G002540.1	transl_table=1	OriGeneID=Ebr03G002540	OriSeqID=Chr03",788,788,1152,788x1152,float16,embeddings/f4f78621934a735cdf8b72313285b51991a940961c9145309f1cbb6cd285d3f6.pt,/data/jnz/esmc-600m/data/weights/esmc_600m_2024_12_v0.pth,ok,
20a656e3daafc34bf4e633305a5e306cd3bd5d08e4f6a3811b9a1fd321dbf0ff,,"GWHPBECS015452	mRNA=GWHTBECS015460	Gene=GWHGBECS015460	Position=GWHBECS00000003: 18780718-18780797, 18781153-18781641, 18781673-18781820: +	Frame=0	OriID=Ebr03G002700.1	OriTrascriptID=Ebr03G002700.1	transl_table=1	OriGeneID=Ebr03G002700	OriSeqID=Chr03",238,238,1152,238x1152,float16,embeddings/20a656e3daafc34bf4e633305a5e306cd3bd5d08e4f6a3811b9a1fd321dbf0ff.pt,/data/jnz/esmc-600m/data/weights/esmc_600m_2024_12_v0.pth,ok,
5a60d4be433fc026cd3080c7a932b9238519e7572b9a6dd3b2b50fddfac4cc0e,,"GWHPBECS015456	mRNA=GWHTBECS015464	Gene=GWHGBECS015464	Position=GWHBECS00000003: 19290503-19290787, 19290891-19290979, 19291072-19291286, 19291373-19291507, 19291642-19291709, 19291793-19291934, 19292075-19292608, 19292690-19292797, 19320687-19320778, 19320861-19320909, 19321009-19321099, 19321507-19321754, 19345314-19345609: -	Frame=0	OriID=Ebr03G002740.1	OriTrascriptID=Ebr03G002740.1	transl_table=1	OriGeneID=Ebr03G002740	OriSeqID=Chr03",783,783,1152,783x1152,float16,embeddings/5a60d4be433fc026cd3080c7a932b9238519e7572b9a6dd3b2b50fddfac4cc0e.pt,/data/jnz/esmc-600m/data/weights/esmc_600m_2024_12_v0.pth,ok,
36fa65cba26814510b4265c6768cc68c678841e04b512ef34accb6f3893f8a9a,,"GWHPBECS015470	mRNA=GWHTBECS015478	Gene=GWHGBECS015478	Position=GWHBECS00000003: 20242768-20243055, 20243155-20243817: +	Frame=0	OriID=Ebr03G002880.1	OriTrascriptID=Ebr03G002880.1	transl_table=1	OriGeneID=Ebr03G002880	OriSeqID=Chr03",316,316,1152,316x1152,float16,embeddings/36fa65cba26814510b4265c6768cc68c678841e04b512ef34accb6f3893f8a9a.pt,/data/jnz/esmc-600m/data/weights/esmc_600m_2024_12_v0.pth,ok,
f86bbadfd061feae801de5723858be7242c53fd2329a840521cd31f85eb701b9,,"GWHPBECS015508	mRNA=GWHTBECS015516	Gene=GWHGBECS015516	Position=GWHBECS00000003: 22497084-22497379, 22498696-22499014, 22499254-22499394, 22499475-22499606, 22499676-22499888, 22499973-22500197, 22500294-22500641, 22500736-22501275: +	Frame=0	OriID=Ebr03G003260.1	OriTrascriptID=Ebr03G003260.1	transl_table=1	OriGeneID=Ebr03G003260	OriSeqID=Chr03",737,737,1152,737x1152,float16,embeddings/f86bbadfd061feae801de5723858be7242c53fd2329a840521cd31f85eb701b9.pt,/data/jnz/esmc-600m/data/weights/esmc_600m_2024_12_v0.pth,ok,
18e9ba6b663091e7d198b659663ea3dcfa518d6170de2f881d2f77633b52c09f,,"GWHPBECS015523	mRNA=GWHTBECS015531	Gene=GWHGBECS015531	Position=GWHBECS00000003: 23566773-23567068, 23568929-23569247, 23569488-23569628, 23569709-23569840, 23569910-23570122, 23570207-23570431, 23570528-23570875, 23570970-23571509: +	Frame=0	OriID=Ebr03G003410.1	OriTrascriptID=Ebr03G003410.1	transl_table=1	OriGeneID=Ebr03G003410	OriSeqID=Chr03",737,737,1152,737x1152,float16,embeddings/18e9ba6b663091e7d198b659663ea3dcfa518d6170de2f881d2f77633b52c09f.pt,/data/jnz/esmc-600m/data/weights/esmc_600m_2024_12_v0.pth,ok,
6e1df45e0ddbe5e7d447e6da264b86ae3d9fef601b9ecd6c32a4b82c78092723,,"GWHPBECS015585	mRNA=GWHTBECS015593	Gene=GWHGBECS015593	Position=GWHBECS00000003: 27527792-27528145, 27531444-27531667, 27531742-27532090, 27532212-27532874: +	Frame=0	OriID=Ebr03G004030.1	OriTrascriptID=Ebr03G004030.1	transl_table=1	OriGeneID=Ebr03G004030	OriSeqID=Chr03",529,529,1152,529x1152,float16,embeddings/6e1df45e0ddbe5e7d447e6da264b86ae3d9fef601b9ecd6c32a4b82c78092723.pt,/data/jnz/esmc-600m/data/weights/esmc_600m_2024_12_v0.pth,ok,
6cf38bd01906b5bf937e721b07393fba2993248af216c2d735c6c1321dee9bac,,"GWHPBECS015591	mRNA=GWHTBECS015599	Gene=GWHGBECS015599	Position=GWHBECS00000003: 27836759-27836952, 27837408-27837547, 27837682-27837869, 27837953-27838027, 27838077-27838316: +	Frame=0	OriID=Ebr03G004090.1	OriTrascriptID=Ebr03G004090.1	transl_table=1	OriGeneID=Ebr03G004090	OriSeqID=Chr03",278,278,1152,278x1152,float16,embeddings/6cf38bd01906b5bf937e721b07393fba2993248af216c2d735c6c1321dee9bac.pt,/data/jnz/esmc-600m/data/weights/esmc_600m_2024_12_v0.pth,ok,
5cd4809577c9671afc24369e2f995129387e7cdf04b1372f876100e203daff70,,"GWHPBECS015608	mRNA=GWHTBECS015616	Gene=GWHGBECS015616	Position=GWHBECS00000003: 29500321-29500413, 29500502-29500634, 29501584-29502641: +	Frame=0	OriID=Ebr03G004260.1	OriTrascriptID=Ebr03G004260.1	transl_table=1	OriGeneID=Ebr03G004260	OriSeqID=Chr03",427,427,1152,427x1152,float16,embeddings/5cd4809577c9671afc24369e2f995129387e7cdf04b1372f876100e203daff70.pt,/data/jnz/esmc-600m/data/weights/esmc_600m_2024_12_v0.pth,ok,
9b2e78c82defa3ec0b2b7893cd15dbd599a80d2891718650488e61c52829d1e7,,"GWHPBECS015644	mRNA=GWHTBECS015652	Gene=GWHGBECS015652	Position=GWHBECS00000003: 32422698-32422856, 32423034-32423116, 32424291-32424363, 32424458-32424551, 32429804-32429864, 32438773-32438833, 32438943-32439026, 32439393-32439587, 32444431-32444510, 32466758-32466854, 32467706-32467824, 32468876-32468945, 32474246-32474337, 32478247-32478415, 32479788-32479997: -	Frame=0	OriID=Ebr03G004620.1	OriTrascriptID=Ebr03G004620.1	transl_table=1	OriGeneID=Ebr03G004620	OriSeqID=Chr03",548,548,1152,548x1152,float16,embeddings/9b2e78c82defa3ec0b2b7893cd15dbd599a80d2891718650488e61c52829d1e7.pt,/data/jnz/esmc-600m/data/weights/esmc_600m_2024_12_v0.pth,ok,
d2200fc0b8757075e8b238215868ee50bd1fd28228ef39c2dbef54a91687a349,,"GWHPBECS015659	mRNA=GWHTBECS015667	Gene=GWHGBECS015667	Position=GWHBECS00000003: 33127030-33127128, 33136504-33136533, 33136653-33136745, 33156520-33156639, 33160560-33160660, 33160847-33160955, 33161184-33161263, 33183514-33183592, 33195870-33195923, 33223906-33224005, 33267403-33267485, 33267779-33267846, 33269925-33270027, 33270170-33270472: +	Frame=0	OriID=Ebr03G004770.1	OriTrascriptID=Ebr03G004770.1	transl_table=1	OriGeneID=Ebr03G004770	OriSeqID=Chr03",473,473,1152,473x1152,float16,embeddings/d2200fc0b8757075e8b238215868ee50bd1fd28228ef39c2dbef54a91687a349.pt,/data/jnz/esmc-600m/data/weights/esmc_600m_2024_12_v0.pth,ok,
bb20fc2a338cac617662490a4c5a030972dc9ddfe6e5bd344f7251a14175a997,,"GWHPBECS015905	mRNA=GWHTBECS015913	Gene=GWHGBECS015913	Position=GWHBECS00000003: 52020026-52020134, 52021935-52021987, 52022850-52022936, 52023046-52023205, 52023295-52023387, 52023488-52023567, 52023602-52023722, 52023759-52023883: -	Frame=0	OriID=Ebr03G007230.1	OriTrascriptID=Ebr03G007230.1	transl_table=1	OriGeneID=Ebr03G007230	OriSeqID=Chr03",275,275,1152,275x1152,float16,embeddings/bb20fc2a338cac617662490a4c5a030972dc9ddfe6e5bd344f7251a14175a997.pt,/data/jnz/esmc-600m/data/weights/esmc_600m_2024_12_v0.pth,ok,
c9115146235faeb14bf8dfe65535283841e1a982fa9ef8ff24a66fcafe5416f2,,"GWHPBECS015994	mRNA=GWHTBECS016002	Gene=GWHGBECS016002	Position=GWHBECS00000003: 60043985-60044174, 60051735-60051961, 60052207-60052445, 60052921-60052999, 60053174-60053397, 60053489-60053594, 60087307-60087576: -	Frame=0	OriID=Ebr03G008120.1	OriTrascriptID=Ebr03G008120.1	transl_table=1	OriGeneID=Ebr03G008120	OriSeqID=Chr03",444,444,1152,444x1152,float16,embeddings/c9115146235faeb14bf8dfe65535283841e1a982fa9ef8ff24a66fcafe5416f2.pt,/data/jnz/esmc-600m/data/weights/esmc_600m_2024_12_v0.pth,ok,
fe1cc11dd93a6857b0ff295a26a582ae35efda661a8eeb49c3e15b70e7904ed9,,"GWHPBECS016004	mRNA=GWHTBECS016012	Gene=GWHGBECS016012	Position=GWHBECS00000003: 61146061-61146187, 61147014-61147086, 61147803-61147853, 61148120-61148186, 61148858-61148974, 61149150-61149279, 61149789-61149922, 61161626-61161670, 61161722-61161810, 61162957-61163013, 61163620-61163685, 61163753-61163774: -	Frame=0	OriID=Ebr03G008220.1	OriTrascriptID=Ebr03G008220.1	transl_table=1	OriGeneID=Ebr03G008220	OriSeqID=Chr03",325,325,1152,325x1152,float16,embeddings/fe1cc11dd93a6857b0ff295a26a582ae35efda661a8eeb49c3e15b70e7904ed9.pt,/data/jnz/esmc-600m/data/weights/esmc_600m_2024_12_v0.pth,ok,
e42cc3c87c959c0c56ee809e966690a503d41ee2ae00448a271ca6761957a11d,,"GWHPBECS016089	mRNA=GWHTBECS016097	Gene=GWHGBECS016097	Position=GWHBECS00000003: 68913641-68913667, 68937582-68937624, 68938958-68939195, 68940600-68940665, 68977399-68977444, 68989252-68989412, 68989496-68989625, 69018665-69018829, 69049080-69049217: +	Frame=0	OriID=Ebr03G009070.1	OriTrascriptID=Ebr03G009070.1	transl_table=1	OriGeneID=Ebr03G009070	OriSeqID=Chr03",337,337,1152,337x1152,float16,embeddings/e42cc3c87c959c0c56ee809e966690a503d41ee2ae00448a271ca6761957a11d.pt,/data/jnz/esmc-600m/data/weights/esmc_600m_2024_12_v0.pth,ok,
f636905c14561fa72300e5077d8121b099710476b2d8579e70c7447e551e7069,,"GWHPBECS016114	mRNA=GWHTBECS016122	Gene=GWHGBECS016122	Position=GWHBECS00000003: 70238790-70239061, 70239137-70239208, 70239412-70239476, 70239950-70240627, 70262812-70262984, 70263153-70263242, 70263824-70263899, 70301743-70301850, 70307295-70307385, 70307512-70307613, 70315810-70315912, 70316116-70316253, 70335124-70335195, 70335352-70335456, 70335693-70335770, 70335964-70336074, 70359795-70359875, 70372586-70372690, 70372976-70373061, 70373213-70373267, 70373972-70374004: +	Frame=0	OriID=Ebr03G009320.1	OriTrascriptID=Ebr03G009320.1	transl_table=1	OriGeneID=Ebr03G009320	OriSeqID=Chr03",897,897,1152,897x1152,float16,embeddings/f636905c14561fa72300e5077d8121b099710476b2d8579e70c7447e551e7069.pt,/data/jnz/esmc-600m/data/weights/esmc_600m_2024_12_v0.pth,ok,
7d8fde57cd0e3a2e5725805c182c0b24fb83421cdce5c2c1273cf65c7a143f70,,"GWHPBECS016122	mRNA=GWHTBECS016130	Gene=GWHGBECS016130	Position=GWHBECS00000003: 70868211-70869358, 70887027-70887167, 70887231-70887342: -	Frame=0	OriID=Ebr03G009400.1	OriTrascriptID=Ebr03G009400.1	transl_table=1	OriGeneID=Ebr03G009400	OriSeqID=Chr03",466,466,1152,466x1152,float16,embeddings/7d8fde57cd0e3a2e5725805c182c0b24fb83421cdce5c2c1273cf65c7a143f70.pt,/data/jnz/esmc-600m/data/weights/esmc_600m_2024_12_v0.pth,ok,
1947fff6319bd9e730e4e1337b316513e4eabe65ca1018e3ed0bb7f44eef0973,,"GWHPBECS016143	mRNA=GWHTBECS016151	Gene=GWHGBECS016151	Position=GWHBECS00000003: 74210664-74210975, 74211061-74211301, 74211410-74211735, 74211883-74212026, 74212134-74212254, 74229480-74229568, 74229737-74229795, 74229888-74229981, 74230091-74230180, 74231544-74232023: -	Frame=0	OriID=Ebr03G009610.1	OriTrascriptID=Ebr03G009610.1	transl_table=1	OriGeneID=Ebr03G009610	OriSeqID=Chr03",651,651,1152,651x1152,float16,embeddings/1947fff6319bd9e730e4e1337b316513e4eabe65ca1018e3ed0bb7f44eef0973.pt,/data/jnz/esmc-600m/data/weights/esmc_600m_2024_12_v0.pth,ok,
64c787a06e80c9a9387ef623dadccbba8d3d0b735820e955b83d3c7eb2c59d8f,,"GWHPBECS016196	mRNA=GWHTBECS016204	Gene=GWHGBECS016204	Position=GWHBECS00000003: 79880563-79880936, 79924211-79924363, 79924443-79924525, 79937793-79937892, 79938048-79938161, 79950438-79950580, 79951355-79951443: +	Frame=0	OriID=Ebr03G010140.1	OriTrascriptID=Ebr03G010140.1	transl_table=1	OriGeneID=Ebr03G010140	OriSeqID=Chr03",351,351,1152,351x1152,float16,embeddings/64c787a06e80c9a9387ef623dadccbba8d3d0b735820e955b83d3c7eb2c59d8f.pt,/data/jnz/esmc-600m/data/weights/esmc_600m_2024_12_v0.pth,ok,
48816f951c7fa6097d9ec619e9718a574b573570f7bbd7c14260458801606b5b,,GWHPBECS016199	mRNA=GWHTBECS016207	Gene=GWHGBECS016207	Position=GWHBECS00000003: 80126999-80128426: -	Frame=0	OriID=Ebr03G010170.1	OriTrascriptID=Ebr03G010170.1	transl_table=1	OriGeneID=Ebr03G010170	OriSeqID=Chr03,475,475,1152,475x1152,float16,embeddings/48816f951c7fa6097d9ec619e9718a574b573570f7bbd7c14260458801606b5b.pt,/data/jnz/esmc-600m/data/weights/esmc_600m_2024_12_v0.pth,ok,
325a5def538b45b4ddce83cbd1153513a4d9b8ee89a6f6d95006535e02d54ac7,,"GWHPBECS016285	mRNA=GWHTBECS016293	Gene=GWHGBECS016293	Position=GWHBECS00000003: 85968132-85968440, 85968585-85968678, 85986563-85986749, 85986838-85987096, 85987304-85987519, 86004998-86005084, 86005163-86005297, 86005483-86005596, 86005720-86005967, 86006063-86006143, 86006235-86006466, 86006599-86006697, 86006792-86006977, 86007089-86007190: +	Frame=0	OriID=Ebr03G011030.1	OriTrascriptID=Ebr03G011030.1	transl_table=1	OriGeneID=Ebr03G011030	OriSeqID=Chr03",782,782,1152,782x1152,float16,embeddings/325a5def538b45b4ddce83cbd1153513a4d9b8ee89a6f6d95006535e02d54ac7.pt,/data/jnz/esmc-600m/data/weights/esmc_600m_2024_12_v0.pth,ok,
060e6bfb78ba17ace9fe12b899eb90a7d91dc306bbe042214304d75bc9ef1bb8,,"GWHPBECS016369	mRNA=GWHTBECS016377	Gene=GWHGBECS016377	Position=GWHBECS00000003: 94919461-94919535, 94919601-94919705, 94919784-94919873, 94956772-94956872, 94959451-94959643, 94959733-94959807, 94990730-94990884, 94990967-94991048, 94991161-94991270, 94992443-94992656: +	Frame=0	OriID=Ebr03G011870.1	OriTrascriptID=Ebr03G011870.1	transl_table=1	OriGeneID=Ebr03G011870	OriSeqID=Chr03",399,399,1152,399x1152,float16,embeddings/060e6bfb78ba17ace9fe12b899eb90a7d91dc306bbe042214304d75bc9ef1bb8.pt,/data/jnz/esmc-600m/data/weights/esmc_600m_2024_12_v0.pth,ok,
eab44f2054e4aa22008893924eb0902724ab9c96de8044a82fa94a2f970fc624,,"GWHPBECS016383	mRNA=GWHTBECS016391	Gene=GWHGBECS016391	Position=GWHBECS00000003: 95530043-95530474, 95530505-95531401: +	Frame=0	OriID=Ebr03G012010.1	OriTrascriptID=Ebr03G012010.1	transl_table=1	OriGeneID=Ebr03G012010	OriSeqID=Chr03",442,442,1152,442x1152,float16,embeddings/eab44f2054e4aa22008893924eb0902724ab9c96de8044a82fa94a2f970fc624.pt,/data/jnz/esmc-600m/data/weights/esmc_600m_2024_12_v0.pth,ok,
3396c68480c61e9b6369105f47417c56f0845fcbdb7633b90b1353fb4788bb36,,GWHPBECS016419	mRNA=GWHTBECS016427	Gene=GWHGBECS016427	Position=GWHBECS00000003: 97672736-97674118: -	Frame=0	OriID=Ebr03G012370.1	OriTrascriptID=Ebr03G012370.1	transl_table=1	OriGeneID=Ebr03G012370	OriSeqID=Chr03,460,460,1152,460x1152,float16,embeddings/3396c68480c61e9b6369105f47417c56f0845fcbdb7633b90b1353fb4788bb36.pt,/data/jnz/esmc-600m/data/weights/esmc_600m_2024_12_v0.pth,ok,
5bb1d7a123d418e749076989cb40872b7ceaf75aa29f82e96ae73f722cbbf7af,,"GWHPBECS016591	mRNA=GWHTBECS016599	Gene=GWHGBECS016599	Position=GWHBECS00000003: 113008506-113008540, 113010198-113010256, 113010887-113011021, 113011208-113011567, 113011625-113011839: +	Frame=0	OriID=Ebr03G014090.1	OriTrascriptID=Ebr03G014090.1	transl_table=1	OriGeneID=Ebr03G014090	OriSeqID=Chr03",267,267,1152,267x1152,float16,embeddings/5bb1d7a123d418e749076989cb40872b7ceaf75aa29f82e96ae73f722cbbf7af.pt,/data/jnz/esmc-600m/data/weights/esmc_600m_2024_12_v0.pth,ok,
de386e1bceed42b539df6854abb3efcec3895ada2d520225827514b62b8ecb68,,"GWHPBECS016597	mRNA=GWHTBECS016605	Gene=GWHGBECS016605	Position=GWHBECS00000003: 113321411-113321422, 113321516-113321728, 113321808-113322032, 113322110-113322457, 113322537-113322734: +	Frame=0	OriID=Ebr03G014150.1	OriTrascriptID=Ebr03G014150.1	transl_table=1	OriGeneID=Ebr03G014150	OriSeqID=Chr03",331,331,1152,331x1152,float16,embeddings/de386e1bceed42b539df6854abb3efcec3895ada2d520225827514b62b8ecb68.pt,/data/jnz/esmc-600m/data/weights/esmc_600m_2024_12_v0.pth,ok,
f0ef7dab9e771235c167378fdb6d38dc6e19b43ea346d73e3192ad0feb647bbe,,"GWHPBECS016679	mRNA=GWHTBECS016687	Gene=GWHGBECS016687	Position=GWHBECS00000003: 120456099-120456678, 120456773-120456848, 120456936-120457051, 120457930-120458429: +	Frame=0	OriID=Ebr03G014970.1	OriTrascriptID=Ebr03G014970.1	transl_table=1	OriGeneID=Ebr03G014970	OriSeqID=Chr03",423,423,1152,423x1152,float16,embeddings/f0ef7dab9e771235c167378fdb6d38dc6e19b43ea346d73e3192ad0feb647bbe.pt,/data/jnz/esmc-600m/data/weights/esmc_600m_2024_12_v0.pth,ok,
05d109c188f0b6fa20a38b0557c2ce5017027597bc998b237a134eeb7767109a,,"GWHPBECS016691	mRNA=GWHTBECS016699	Gene=GWHGBECS016699	Position=GWHBECS00000003: 121868260-121868773, 121868956-121869470, 121869554-121869916: +	Frame=0	OriID=Ebr03G015090.1	OriTrascriptID=Ebr03G015090.1	transl_table=1	OriGeneID=Ebr03G015090	OriSeqID=Chr03",463,463,1152,463x1152,float16,embeddings/05d109c188f0b6fa20a38b0557c2ce5017027597bc998b237a134eeb7767109a.pt,/data/jnz/esmc-600m/data/weights/esmc_600m_2024_12_v0.pth,ok,
87698e311ebde08f192e95673d8541e25edd89703987ed619ec6051fc06a2f6a,,"GWHPBECS016726	mRNA=GWHTBECS016734	Gene=GWHGBECS016734	Position=GWHBECS00000003: 124284549-124284780, 124284881-124284989, 124285114-124285216, 124285425-124285581, 124285611-124285704, 124286322-124286427, 124286620-124286872, 124286965-124287052, 124287224-124287298, 124287382-124287457, 124287548-124287606, 124287693-124287752, 124287783-124287921: -	Frame=0	OriID=Ebr03G015440.1	OriTrascriptID=Ebr03G015440.1	transl_table=1	OriGeneID=Ebr03G015440	OriSeqID=Chr03",516,516,1152,516x1152,float16,embeddings/87698e311ebde08f192e95673d8541e25edd89703987ed619ec6051fc06a2f6a.pt,/data/jnz/esmc-600m/data/weights/esmc_600m_2024_12_v0.pth,ok,
e0178ca4c29809498091e71b198d1a1ea360c8953d3d6bb1dcc2b03fd0b353bc,,GWHPBECS016738	mRNA=GWHTBECS016746	Gene=GWHGBECS016746	Position=GWHBECS00000003: 125031153-125036498: +	Frame=0	OriID=Ebr03G015560.1	OriTrascriptID=Ebr03G015560.1	transl_table=1	OriGeneID=Ebr03G015560	OriSeqID=Chr03,1781,1781,1152,1781x1152,float16,embeddings/e0178ca4c29809498091e71b198d1a1ea360c8953d3d6bb1dcc2b03fd0b353bc.pt,/data/jnz/esmc-600m/data/weights/esmc_600m_2024_12_v0.pth,ok,
f56802cf54da3350779d5652209705068e9a0d2f7a43695a6799b46afd532e33,,"GWHPBECS016833	mRNA=GWHTBECS016841	Gene=GWHGBECS016841	Position=GWHBECS00000003: 132758852-132760250, 132764740-132764768: +	Frame=0	OriID=Ebr03G016510.1	OriTrascriptID=Ebr03G016510.1	transl_table=1	OriGeneID=Ebr03G016510	OriSeqID=Chr03",475,475,1152,475x1152,float16,embeddings/f56802cf54da3350779d5652209705068e9a0d2f7a43695a6799b46afd532e33.pt,/data/jnz/esmc-600m/data/weights/esmc_600m_2024_12_v0.pth,ok,
16d5ddec271db37cc804c40243012f9e77cc6e2c63f69666c1dcaabbca797663,,GWHPBECS016936	mRNA=GWHTBECS016944	Gene=GWHGBECS016944	Position=GWHBECS00000003: 141493130-141494449: -	Frame=0	OriID=Ebr03G017540.1	OriTrascriptID=Ebr03G017540.1	transl_table=1	OriGeneID=Ebr03G017540	OriSeqID=Chr03,439,439,1152,439x1152,float16,embeddings/16d5ddec271db37cc804c40243012f9e77cc6e2c63f69666c1dcaabbca797663.pt,/data/jnz/esmc-600m/data/weights/esmc_600m_2024_12_v0.pth,ok,
d194fbc01835ae5caae1a87bdae92d986fb454e0a6cf6fc2407353127d5b13b1,,"GWHPBECS016967	mRNA=GWHTBECS016975	Gene=GWHGBECS016975	Position=GWHBECS00000003: 143223156-143223287, 143223356-143223422, 143223518-143223576, 143223649-143223762: +	Frame=0	OriID=Ebr03G017850.1	OriTrascriptID=Ebr03G017850.1	transl_table=1	OriGeneID=Ebr03G017850	OriSeqID=Chr03",123,123,1152,123x1152,float16,embeddings/d194fbc01835ae5caae1a87bdae92d986fb454e0a6cf6fc2407353127d5b13b1.pt,/data/jnz/esmc-600m/data/weights/esmc_600m_2024_12_v0.pth,ok,
dc0765e152b9a58da686cbc0a5f27ba104a2a6bbb58527c1168bd5e4613fe4f4,,"GWHPBECS016968	mRNA=GWHTBECS016976	Gene=GWHGBECS016976	Position=GWHBECS00000003: 143289639-143289773, 143289862-143289928, 143290013-143290071, 143290182-143290257, 143290345-143290419, 143290525-143290612, 143290724-143290976, 143291061-143291176, 143294159-143294411, 143294526-143294625, 143294720-143294828, 143294925-143295135: +	Frame=0	OriID=Ebr03G017860.1	OriTrascriptID=Ebr03G017860.1	transl_table=1	OriGeneID=Ebr03G017860	OriSeqID=Chr03",513,513,1152,513x1152,float16,embeddings/dc0765e152b9a58da686cbc0a5f27ba104a2a6bbb58527c1168bd5e4613fe4f4.pt,/data/jnz/esmc-600m/data/weights/esmc_600m_2024_12_v0.pth,ok,
b8d22ef7ce4920847978e32b9311c7deebd6b60b3c62f5119d17944d2bf9e410,,"GWHPBECS016970	mRNA=GWHTBECS016978	Gene=GWHGBECS016978	Position=GWHBECS00000003: 143624050-143624281, 143624578-143624708, 143624957-143625209, 143625580-143625695, 143626252-143626504, 143626596-143626683, 143626863-143626934, 143627024-143627099, 143627188-143627246, 143627330-143627540: -	Frame=0	OriID=Ebr03G017880.1	OriTrascriptID=Ebr03G017880.1	transl_table=1	OriGeneID=Ebr03G017880	OriSeqID=Chr03",496,496,1152,496x1152,float16,embeddings/b8d22ef7ce4920847978e32b9311c7deebd6b60b3c62f5119d17944d2bf9e410.pt,/data/jnz/esmc-600m/data/weights/esmc_600m_2024_12_v0.pth,ok,
f0947a0532e9bbe788f2b32431c9ad7c591d8978fe64dbaacdadedfa134c0f50,,"GWHPBECS016973	mRNA=GWHTBECS016981	Gene=GWHGBECS016981	Position=GWHBECS00000003: 143895902-143896139, 143896247-143896355, 143896467-143896569, 143896666-143896918, 143897593-143897708, 143897895-143898147, 143898240-143898327, 143898426-143898500, 143898591-143898666, 143898743-143898801, 143898884-143899121: -	Frame=0	OriID=Ebr03G017910.1	OriTrascriptID=Ebr03G017910.1	transl_table=1	OriGeneID=Ebr03G017910	OriSeqID=Chr03",535,535,1152,535x1152,float16,embeddings/f0947a0532e9bbe788f2b32431c9ad7c591d8978fe64dbaacdadedfa134c0f50.pt,/data/jnz/esmc-600m/data/weights/esmc_600m_2024_12_v0.pth,ok,
53f710a79369894a381881982d6d941806653985850f7352869ee0c831e31ada,,"GWHPBECS016975	mRNA=GWHTBECS016983	Gene=GWHGBECS016983	Position=GWHBECS00000003: 144047990-144048197, 144048301-144048409, 144048508-144048641, 144048774-144048906, 144049480-144049588, 144049953-144050205, 144050288-144050375, 144050461-144050535, 144056276-144056339, 144056427-144056485, 144056563-144056622, 144056653-144056776: -	Frame=0	OriID=Ebr03G017930.1	OriTrascriptID=Ebr03G017930.1	transl_table=1	OriGeneID=Ebr03G017930	OriSeqID=Chr03",471,471,1152,471x1152,float16,embeddings/53f710a79369894a381881982d6d941806653985850f7352869ee0c831e31ada.pt,/data/jnz/esmc-600m/data/weights/esmc_600m_2024_12_v0.pth,ok,
f704b51a7ad5fde38ecf1067bdba7854ebdf0b9392bbfad0eaefb1acc09bd3d1,,"GWHPBECS017096	mRNA=GWHTBECS017104	Gene=GWHGBECS017104	Position=GWHBECS00000003: 152103001-152103577, 152116092-152116167, 152116275-152116390, 152156655-152157169: +	Frame=0	OriID=Ebr03G019140.1	OriTrascriptID=Ebr03G019140.1	transl_table=1	OriGeneID=Ebr03G019140	OriSeqID=Chr03",427,427,1152,427x1152,float16,embeddings/f704b51a7ad5fde38ecf1067bdba7854ebdf0b9392bbfad0eaefb1acc09bd3d1.pt,/data/jnz/esmc-600m/data/weights/esmc_600m_2024_12_v0.pth,ok,
e552bc9f6f5a8fe0869624ecd3e3300e7d59201dff3c516ef0ce0b1495b2546b,,"GWHPBECS017221	mRNA=GWHTBECS017229	Gene=GWHGBECS017229	Position=GWHBECS00000003: 159934424-159935875, 159977537-159977686: -	Frame=0	OriID=Ebr03G020390.1	OriTrascriptID=Ebr03G020390.1	transl_table=1	OriGeneID=Ebr03G020390	OriSeqID=Chr03",533,533,1152,533x1152,float16,embeddings/e552bc9f6f5a8fe0869624ecd3e3300e7d59201dff3c516ef0ce0b1495b2546b.pt,/data/jnz/esmc-600m/data/weights/esmc_600m_2024_12_v0.pth,ok,
9d80f0af3db85732436ff0559fc422d3d30deedac3f46f2cbe316d02641c7f0e,,"GWHPBECS017275	mRNA=GWHTBECS017283	Gene=GWHGBECS017283	Position=GWHBECS00000003: 163751605-163753284, 163753405-163753572, 163754523-163754645, 163755380-163755685: -	Frame=0	OriID=Ebr03G020930.1	OriTrascriptID=Ebr03G020930.1	transl_table=1	OriGeneID=Ebr03G020930	OriSeqID=Chr03",758,758,1152,758x1152,float16,embeddings/9d80f0af3db85732436ff0559fc422d3d30deedac3f46f2cbe316d02641c7f0e.pt,/data/jnz/esmc-600m/data/weights/esmc_600m_2024_12_v0.pth,ok,
51596c4e874b13c1529f8b33a327eb23625f204b0fa84b468080e48ceed8efce,,"GWHPBECS017451	mRNA=GWHTBECS017459	Gene=GWHGBECS017459	Position=GWHBECS00000003: 177034921-177035347, 177035547-177035740, 177035937-177036037, 177036128-177036296: -	Frame=0	OriID=Ebr03G022690.1	OriTrascriptID=Ebr03G022690.1	transl_table=1	OriGeneID=Ebr03G022690	OriSeqID=Chr03",296,296,1152,296x1152,float16,embeddings/51596c4e874b13c1529f8b33a327eb23625f204b0fa84b468080e48ceed8efce.pt,/data/jnz/esmc-600m/data/weights/esmc_600m_2024_12_v0.pth,ok,
ba805c604007f69791937e1c693364345e5844c3df406254be9b6e83f2f1603f,,"GWHPBECS017455	mRNA=GWHTBECS017463	Gene=GWHGBECS017463	Position=GWHBECS00000003: 177649129-177649297, 177649457-177649565, 177649662-177649764, 177649861-177649892, 177649974-177650197, 177650297-177650412, 177650502-177650757, 177650828-177650915, 177650993-177651064, 177651144-177651219, 177651401-177651526, 177651598-177651714: -	Frame=0	OriID=Ebr03G022730.1	OriTrascriptID=Ebr03G022730.1	transl_table=1	OriGeneID=Ebr03G022730	OriSeqID=Chr03",495,495,1152,495x1152,float16,embeddings/ba805c604007f69791937e1c693364345e5844c3df406254be9b6e83f2f1603f.pt,/data/jnz/esmc-600m/data/weights/esmc_600m_2024_12_v0.pth,ok,
c976a52d66cac0f61ed768ecab563daba3b78cedcb85f4a09423596b1fea963f,,"GWHPBECS017547	mRNA=GWHTBECS017555	Gene=GWHGBECS017555	Position=GWHBECS00000003: 183712334-183712544, 183713731-183713789, 183713911-183714075, 183714163-183714666, 183714751-183715053, 183715146-183715430: +	Frame=0	OriID=Ebr03G023650.1	OriTrascriptID=Ebr03G023650.1	transl_table=1	OriGeneID=Ebr03G023650	OriSeqID=Chr03",508,508,1152,508x1152,float16,embeddings/c976a52d66cac0f61ed768ecab563daba3b78cedcb85f4a09423596b1fea963f.pt,/data/jnz/esmc-600m/data/weights/esmc_600m_2024_12_v0.pth,ok,
80b376c9685eb15f7bd36d72749f15715f5d860d66750fe42f7079d6f019e7d4,,"GWHPBECS017551	mRNA=GWHTBECS017559	Gene=GWHGBECS017559	Position=GWHBECS00000003: 184077032-184077080, 184078663-184078726, 184078782-184079333, 184080559-184080643: +	Frame=0	OriID=Ebr03G023690.1	OriTrascriptID=Ebr03G023690.1	transl_table=1	OriGeneID=Ebr03G023690	OriSeqID=Chr03",249,249,1152,249x1152,float16,embeddings/80b376c9685eb15f7bd36d72749f15715f5d860d66750fe42f7079d6f019e7d4.pt,/data/jnz/esmc-600m/data/weights/esmc_600m_2024_12_v0.pth,ok,
6b2e6f4af2b19264b11d44b4cfbaebc43d24d912d80914741157ab1b4f49d436,,"GWHPBECS017552	mRNA=GWHTBECS017560	Gene=GWHGBECS017560	Position=GWHBECS00000003: 184086317-184086377, 184086826-184086910, 184086945-184087496, 184088717-184088801: +	Frame=0	OriID=Ebr03G023700.1	OriTrascriptID=Ebr03G023700.1	transl_table=1	OriGeneID=Ebr03G023700	OriSeqID=Chr03",260,260,1152,260x1152,float16,embeddings/6b2e6f4af2b19264b11d44b4cfbaebc43d24d912d80914741157ab1b4f49d436.pt,/data/jnz/esmc-600m/data/weights/esmc_600m_2024_12_v0.pth,ok,
0c2c935bff0dd2dd051472e3483ca95adce65246a4fdde8bed6c10e74d0d053d,,GWHPBECS017634	mRNA=GWHTBECS017642	Gene=GWHGBECS017642	Position=GWHBECS00000003: 190322320-190323309: +	Frame=0	OriID=Ebr03G024520.1	OriTrascriptID=Ebr03G024520.1	transl_table=1	OriGeneID=Ebr03G024520	OriSeqID=Chr03,329,329,1152,329x1152,float16,embeddings/0c2c935bff0dd2dd051472e3483ca95adce65246a4fdde8bed6c10e74d0d053d.pt,/data/jnz/esmc-600m/data/weights/esmc_600m_2024_12_v0.pth,ok,
c947fb2917ed33b6732a3d6bab9c5714a0fd7c50b39a061e79df06e5dab2b57f,,"GWHPBECS017676	mRNA=GWHTBECS017684	Gene=GWHGBECS017684	Position=GWHBECS00000003: 193004634-193004686, 193004881-193004924, 193005018-193005070, 193005122-193005167, 193005204-193005286, 193005335-193005496: +	Frame=0	OriID=Ebr03G024940.1	OriTrascriptID=Ebr03G024940.1	transl_table=1	OriGeneID=Ebr03G024940	OriSeqID=Chr03",146,146,1152,146x1152,float16,embeddings/c947fb2917ed33b6732a3d6bab9c5714a0fd7c50b39a061e79df06e5dab2b57f.pt,/data/jnz/esmc-600m/data/weights/esmc_600m_2024_12_v0.pth,ok,
d19531853b6dd1c9a52a31275c527fd76c1be8c7b10cbdc1fa5237744615d2e7,,"GWHPBECS017691	mRNA=GWHTBECS017699	Gene=GWHGBECS017699	Position=GWHBECS00000003: 194548670-194548867, 194548903-194549979: +	Frame=0	OriID=Ebr03G025090.1	OriTrascriptID=Ebr03G025090.1	transl_table=1	OriGeneID=Ebr03G025090	OriSeqID=Chr03",424,424,1152,424x1152,float16,embeddings/d19531853b6dd1c9a52a31275c527fd76c1be8c7b10cbdc1fa5237744615d2e7.pt,/data/jnz/esmc-600m/data/weights/esmc_600m_2024_12_v0.pth,ok,
da70f575324a4adacdca7aa563ea3b5ae94fd219605f8796e36a107824a5ec70,,"GWHPBECS017747	mRNA=GWHTBECS017755	Gene=GWHGBECS017755	Position=GWHBECS00000003: 198974076-198974171, 198990841-198990969, 199016985-199017070, 199031284-199031860, 199035981-199036256: +	Frame=0	OriID=Ebr03G025650.1	OriTrascriptID=Ebr03G025650.1	transl_table=1	OriGeneID=Ebr03G025650	OriSeqID=Chr03",387,387,1152,387x1152,float16,embeddings/da70f575324a4adacdca7aa563ea3b5ae94fd219605f8796e36a107824a5ec70.pt,/data/jnz/esmc-600m/data/weights/esmc_600m_2024_12_v0.pth,ok,
22363fca9ce6e36c148d7193621f0ca03c43985ae42b87de00787f33c5329738,,"GWHPBECS017773	mRNA=GWHTBECS017781	Gene=GWHGBECS017781	Position=GWHBECS00000003: 200616415-200616652, 200616696-200616876, 200617093-200617209, 200617339-200617451, 200618430-200618477, 200620313-200620416: +	Frame=0	OriID=Ebr03G025910.1	OriTrascriptID=Ebr03G025910.1	transl_table=1	OriGeneID=Ebr03G025910	OriSeqID=Chr03",266,266,1152,266x1152,float16,embeddings/22363fca9ce6e36c148d7193621f0ca03c43985ae42b87de00787f33c5329738.pt,/data/jnz/esmc-600m/data/weights/esmc_600m_2024_12_v0.pth,ok,
c2e9a775875daf0f23c9955d0e7e396cb634f80e370d03da8475454f8a7c8c32,,"GWHPBECS017835	mRNA=GWHTBECS017843	Gene=GWHGBECS017843	Position=GWHBECS00000003: 205271773-205271911, 205272154-205272277, 205282657-205282768, 205282862-205282993, 205283524-205283706, 205297713-205297841, 205305665-205305835, 205306244-205306349, 205331836-205331945, 205332682-205332789, 205334157-205334332, 205343440-205343710, 205350396-205350610, 205369619-205371205, 205371288-205371348, 205381290-205381394: -	Frame=0	OriID=Ebr03G026530.1	OriTrascriptID=Ebr03G026530.1	transl_table=1	OriGeneID=Ebr03G026530	OriSeqID=Chr03",1242,1242,1152,1242x1152,float16,embeddings/c2e9a775875daf0f23c9955d0e7e396cb634f80e370d03da8475454f8a7c8c32.pt,/data/jnz/esmc-600m/data/weights/esmc_600m_2024_12_v0.pth,ok,
13b8c55f02bd0c67e7c424af81428f167fa6c065dd0d57b5a564caf0e4e04ca4,,"GWHPBECS017875	mRNA=GWHTBECS017883	Gene=GWHGBECS017883	Position=GWHBECS00000003: 208823836-208823951, 208824959-208825055, 208825196-208825260, 208825353-208825564, 208825681-208825744, 208836323-208836395, 208836491-208836611, 208837086-208837173, 208837256-208837381, 208837643-208837752, 208837924-208838072: +	Frame=0	OriID=Ebr03G026930.1	OriTrascriptID=Ebr03G026930.1	transl_table=1	OriGeneID=Ebr03G026930	OriSeqID=Chr03",406,406,1152,406x1152,float16,embeddings/13b8c55f02bd0c67e7c424af81428f167fa6c065dd0d57b5a564caf0e4e04ca4.pt,/data/jnz/esmc-600m/data/weights/esmc_600m_2024_12_v0.pth,ok,
a8eb84ffdc53a0ae37b34632335650fa9f6f7cbab79936f692ed1ca67495781c,,"GWHPBECS017989	mRNA=GWHTBECS017997	Gene=GWHGBECS017997	Position=GWHBECS00000003: 217438452-217438592, 217438676-217438765, 217438861-217439057, 217439141-217439279, 217473371-217473685, 217476442-217476659, 217508887-217508996, 217511092-217511375: -	Frame=0	OriID=Ebr03G028070.1	OriTrascriptID=Ebr03G028070.1	transl_table=1	OriGeneID=Ebr03G028070	OriSeqID=Chr03",497,497,1152,497x1152,float16,embeddings/a8eb84ffdc53a0ae37b34632335650fa9f6f7cbab79936f692ed1ca67495781c.pt,/data/jnz/esmc-600m/data/weights/esmc_600m_2024_12_v0.pth,ok,
b05aef96fdaaf5c6ebc27d633145a2a8d394d35e1cd94f7d4000e39c0d8b308a,,"GWHPBECS018062	mRNA=GWHTBECS018070	Gene=GWHGBECS018070	Position=GWHBECS00000003: 223224663-223225149, 223225250-223225325, 223225396-223225511, 223225817-223225980, 223226027-223226338: +	Frame=0	OriID=Ebr03G028800.1	OriTrascriptID=Ebr03G028800.1	transl_table=1	OriGeneID=Ebr03G028800	OriSeqID=Chr03",384,384,1152,384x1152,float16,embeddings/b05aef96fdaaf5c6ebc27d633145a2a8d394d35e1cd94f7d4000e39c0d8b308a.pt,/data/jnz/esmc-600m/data/weights/esmc_600m_2024_12_v0.pth,ok,
ddc7a182299c056ed44f65e192dabb1759df5b3658a8d20ebbbbfb10d47e839f,,GWHPBECS018064	mRNA=GWHTBECS018072	Gene=GWHGBECS018072	Position=GWHBECS00000003: 223337248-223340232: -	Frame=0	OriID=Ebr03G028820.1	OriTrascriptID=Ebr03G028820.1	transl_table=1	OriGeneID=Ebr03G028820	OriSeqID=Chr03,994,994,1152,994x1152,float16,embeddings/ddc7a182299c056ed44f65e192dabb1759df5b3658a8d20ebbbbfb10d47e839f.pt,/data/jnz/esmc-600m/data/weights/esmc_600m_2024_12_v0.pth,ok,
999238fbaca93a6823b628ec52bea1d9e28f7bb18c4857c9b51368dae541c7ac,,"GWHPBECS018080	mRNA=GWHTBECS018088	Gene=GWHGBECS018088	Position=GWHBECS00000003: 224471340-224471385, 224471829-224472106, 224478067-224478304, 224478519-224478853, 224489964-224490107, 224490196-224490316, 224535362-224535477, 224535586-224535675, 224540284-224540604: -	Frame=0	OriID=Ebr03G028980.1	OriTrascriptID=Ebr03G028980.1	transl_table=1	OriGeneID=Ebr03G028980	OriSeqID=Chr03",562,562,1152,562x1152,float16,embeddings/999238fbaca93a6823b628ec52bea1d9e28f7bb18c4857c9b51368dae541c7ac.pt,/data/jnz/esmc-600m/data/weights/esmc_600m_2024_12_v0.pth,ok,
34b9b4a4ff35b7f88fff8dce6d40b1d2bad5bd966db6b6b208c54a2fbe6b3fde,,"GWHPBECS018095	mRNA=GWHTBECS018103	Gene=GWHGBECS018103	Position=GWHBECS00000003: 225684364-225684550, 225685635-225685714, 225685834-225685879, 225685990-225686143, 225687488-225687751, 225688033-225688378, 225688482-225688619, 225689077-225689202, 225689293-225689505, 225689606-225689864, 225689945-225690144, 225690314-225690667, 225690798-225691385: +	Frame=0	OriID=Ebr03G029130.1	OriTrascriptID=Ebr03G029130.1	transl_table=1	OriGeneID=Ebr03G029130	OriSeqID=Chr03",984,984,1152,984x1152,float16,embeddings/34b9b4a4ff35b7f88fff8dce6d40b1d2bad5bd966db6b6b208c54a2fbe6b3fde.pt,/data/jnz/esmc-600m/data/weights/esmc_600m_2024_12_v0.pth,ok,
f9c399b7c8f59104a01258ca89bf09acf2e86df846ca8626fec0f436fdb3d5bc,,"GWHPBECS018107	mRNA=GWHTBECS018115	Gene=GWHGBECS018115	Position=GWHBECS00000003: 226187358-226187651, 226187733-226187899, 226207090-226207229, 226207369-226207516, 226207626-226207731, 226207818-226208011, 226217204-226217320, 226220316-226220382: -	Frame=0	OriID=Ebr03G029250.1	OriTrascriptID=Ebr03G029250.1	transl_table=1	OriGeneID=Ebr03G029250	OriSeqID=Chr03",410,410,1152,410x1152,float16,embeddings/f9c399b7c8f59104a01258ca89bf09acf2e86df846ca8626fec0f436fdb3d5bc.pt,/data/jnz/esmc-600m/data/weights/esmc_600m_2024_12_v0.pth,ok,
552a504b656e573d8eac5b808cdda4ba0d650c5be0d7b3e52851b645083ade27,,"GWHPBECS018241	mRNA=GWHTBECS018249	Gene=GWHGBECS018249	Position=GWHBECS00000003: 236694149-236694568, 236695189-236695287, 236695394-236695524, 236695632-236695719, 236695805-236695957, 236696044-236696223, 236697392-236697509, 236706472-236706659, 236723135-236723235, 236726705-236726753, 236727739-236727827, 236737484-236737634, 236739548-236739649, 236739819-236739933, 236742239-236742627, 236742747-236742844, 236742967-236743351: -	Frame=0	OriID=Ebr03G030590.1	OriTrascriptID=Ebr03G030590.1	transl_table=1	OriGeneID=Ebr03G030590	OriSeqID=Chr03",951,951,1152,951x1152,float16,embeddings/552a504b656e573d8eac5b808cdda4ba0d650c5be0d7b3e52851b645083ade27.pt,/data/jnz/esmc-600m/data/weights/esmc_600m_2024_12_v0.pth,ok,
6b2c6c78e26ee0e6826853766641d2387f24d8ede060ab4471214d9f7f1885d3,,"GWHPBECS018274	mRNA=GWHTBECS018282	Gene=GWHGBECS018282	Position=GWHBECS00000003: 239709082-239709460, 239709568-239709761, 239709848-239710120: -	Frame=0	OriID=Ebr03G030920.1	OriTrascriptID=Ebr03G030920.1	transl_table=1	OriGeneID=Ebr03G030920	OriSeqID=Chr03",281,281,1152,281x1152,float16,embeddings/6b2c6c78e26ee0e6826853766641d2387f24d8ede060ab4471214d9f7f1885d3.pt,/data/jnz/esmc-600m/data/weights/esmc_600m_2024_12_v0.pth,ok,
a608859356ba8ff749f25fdc65a251f0dd3ade808a63a859359f2a20fc78d9cc,,"GWHPBECS018275	mRNA=GWHTBECS018283	Gene=GWHGBECS018283	Position=GWHBECS00000003: 239711420-239711539, 239711573-239711647, 239711727-239711920, 239712031-239712406: +	Frame=0	OriID=Ebr03G030930.1	OriTrascriptID=Ebr03G030930.1	transl_table=1	OriGeneID=Ebr03G030930	OriSeqID=Chr03",254,254,1152,254x1152,float16,embeddings/a608859356ba8ff749f25fdc65a251f0dd3ade808a63a859359f2a20fc78d9cc.pt,/data/jnz/esmc-600m/data/weights/esmc_600m_2024_12_v0.pth,ok,
3de5fa01d73be74fa737428f5b0e8ff878e5fe4475b7a82a9916a674cd75d796,,"GWHPBECS018278	mRNA=GWHTBECS018286	Gene=GWHGBECS018286	Position=GWHBECS00000003: 240439007-240439385, 240439493-240439686, 240439773-240439851, 240439894-240440045: -	Frame=0	OriID=Ebr03G030960.1	OriTrascriptID=Ebr03G030960.1	transl_table=1	OriGeneID=Ebr03G030960	OriSeqID=Chr03",267,267,1152,267x1152,float16,embeddings/3de5fa01d73be74fa737428f5b0e8ff878e5fe4475b7a82a9916a674cd75d796.pt,/data/jnz/esmc-600m/data/weights/esmc_600m_2024_12_v0.pth,ok,
f2391a26ac9f724611edf3440630e5503de11e0740305d08e4113acb6152403a,,"GWHPBECS018279	mRNA=GWHTBECS018287	Gene=GWHGBECS018287	Position=GWHBECS00000003: 240441301-240441483, 240441517-240441591, 240441671-240441864, 240441977-240442352: +	Frame=0	OriID=Ebr03G030970.1	OriTrascriptID=Ebr03G030970.1	transl_table=1	OriGeneID=Ebr03G030970	OriSeqID=Chr03",275,275,1152,275x1152,float16,embeddings/f2391a26ac9f724611edf3440630e5503de11e0740305d08e4113acb6152403a.pt,/data/jnz/esmc-600m/data/weights/esmc_600m_2024_12_v0.pth,ok,
c60690894574a247812e6c23d9f6e8fec6dc053b1686e6ecdb14d1950517ae59,,"GWHPBECS018295	mRNA=GWHTBECS018303	Gene=GWHGBECS018303	Position=GWHBECS00000003: 242655798-242655830, 242656480-242656547, 242658067-242658082, 242659111-242659170, 242660097-242660129, 242661168-242661526, 242661657-242661813, 242661925-242661972, 242662447-242662488, 242663202-242663240: -	Frame=0	OriID=Ebr03G031130.1	OriTrascriptID=Ebr03G031130.1	transl_table=1	OriGeneID=Ebr03G031130	OriSeqID=Chr03",284,284,1152,284x1152,float16,embeddings/c60690894574a247812e6c23d9f6e8fec6dc053b1686e6ecdb14d1950517ae59.pt,/data/jnz/esmc-600m/data/weights/esmc_600m_2024_12_v0.pth,ok,
78223c4b6f17000ffdae8c1be884d7d227cfae4fd799d724b867af51a0ebf8e2,,"GWHPBECS018355	mRNA=GWHTBECS018363	Gene=GWHGBECS018363	Position=GWHBECS00000003: 247539080-247539213, 247541253-247541622, 247546850-247546928, 247547029-247548121, 247548258-247548309, 247576888-247577010, 247577157-247577232, 247577330-247577514, 247577602-247577796, 247578102-247578173, 247609695-247609904, 247610246-247610371, 247642795-247642944, 247643220-247643281, 247643370-247643445, 247643584-247643760: +	Frame=0	OriID=Ebr03G031730.1	OriTrascriptID=Ebr03G031730.1	transl_table=1	OriGeneID=Ebr03G031730	OriSeqID=Chr03",1059,1059,1152,1059x1152,float16,embeddings/78223c4b6f17000ffdae8c1be884d7d227cfae4fd799d724b867af51a0ebf8e2.pt,/data/jnz/esmc-600m/data/weights/esmc_600m_2024_12_v0.pth,ok,
870ee5b369ada20a4dbf9d1870f0fbffef3c53d0eadda9ab60754455a8133c7f,,"GWHPBECS018370	mRNA=GWHTBECS018378	Gene=GWHGBECS018378	Position=GWHBECS00000003: 249055343-249055548, 249099993-249100080, 249100190-249100300, 249100390-249100548, 249101554-249101643, 249101776-249101862, 249133270-249133404, 249183774-249183896, 249183981-249184098, 249184335-249184666, 249187486-249187538, 249187622-249187682, 249196885-249196966, 249197055-249197104, 249197184-249197270, 249197498-249197602, 249197786-249197883, 249197967-249198048, 249198159-249198322, 249198476-249198599, 249198714-249198814, 249198902-249199037, 249199161-249199312, 249199924-249200033, 249200110-249200229, 249200327-249200395, 249200535-249200724, 249200839-249200950, 249201972-249202094, 249202167-249202285, 249238224-249238336, 249238410-249238639, 249238958-249239755, 249239848-249239898, 249239967-249240152, 249240241-249240467, 249242296-249242341: +	Frame=0	OriID=Ebr03G031880.1	OriTrascriptID=Ebr03G031880.1	transl_table=1	OriGeneID=Ebr03G031880	OriSeqID=Chr03",1745,1745,1152,1745x1152,float16,embeddings/870ee5b369ada20a4dbf9d1870f0fbffef3c53d0eadda9ab60754455a8133c7f.pt,/data/jnz/esmc-600m/data/weights/esmc_600m_2024_12_v0.pth,ok,
b38c455cad0f28b25631b1aff7d5ebd874347adb504de77a36b5a29985d51d28,,"GWHPBECS018421	mRNA=GWHTBECS018429	Gene=GWHGBECS018429	Position=GWHBECS00000003: 253062493-253063542, 253063623-253063746, 253068851-253069034, 253069111-253069203, 253104122-253104170, 253104390-253104431, 253104544-253104696, 253139427-253139558, 253139670-253139765, 253139852-253139995, 253140144-253140218, 253140628-253140753: -	Frame=0	OriID=Ebr03G032390.1	OriTrascriptID=Ebr03G032390.1	transl_table=1	OriGeneID=Ebr03G032390	OriSeqID=Chr03",755,755,1152,755x1152,float16,embeddings/b38c455cad0f28b25631b1aff7d5ebd874347adb504de77a36b5a29985d51d28.pt,/data/jnz/esmc-600m/data/weights/esmc_600m_2024_12_v0.pth,ok,
d71ca535a02bbe87d0bef10db9739f9617f802d67f5a70b43305be6f3685120f,,"GWHPBECS018488	mRNA=GWHTBECS018496	Gene=GWHGBECS018496	Position=GWHBECS00000003: 259099546-259099604, 259100028-259100838, 259100901-259100995, 259101032-259101248: +	Frame=0	OriID=Ebr03G033060.1	OriTrascriptID=Ebr03G033060.1	transl_table=1	OriGeneID=Ebr03G033060	OriSeqID=Chr03",393,393,1152,393x1152,float16,embeddings/d71ca535a02bbe87d0bef10db9739f9617f802d67f5a70b43305be6f3685120f.pt,/data/jnz/esmc-600m/data/weights/esmc_600m_2024_12_v0.pth,ok,
ed087bc539da296940449918d6bf4411fcd854b02a56dd9b3fcb8483928f105f,,"GWHPBECS018520	mRNA=GWHTBECS018528	Gene=GWHGBECS018528	Position=GWHBECS00000003: 261564296-261564482, 261609450-261609644, 261629237-261629371, 261643190-261643339, 261671583-261672991: -	Frame=0	OriID=Ebr03G033380.1	OriTrascriptID=Ebr03G033380.1	transl_table=1	OriGeneID=Ebr03G033380	OriSeqID=Chr03",691,691,1152,691x1152,float16,embeddings/ed087bc539da296940449918d6bf4411fcd854b02a56dd9b3fcb8483928f105f.pt,/data/jnz/esmc-600m/data/weights/esmc_600m_2024_12_v0.pth,ok,
9df356e631f7aa36f4c12b4974db0fe4b1ad5a25ec68665f9b1ecb38c21b92f2,,"GWHPBECS018535	mRNA=GWHTBECS018543	Gene=GWHGBECS018543	Position=GWHBECS00000003: 262738860-262738957, 262739201-262739300, 262739572-262739755, 262739853-262739916, 262757075-262757147, 262757245-262757365, 262757558-262757645, 262757760-262757885, 262762821-262762930, 262763029-262763177: +	Frame=0	OriID=Ebr03G033530.1	OriTrascriptID=Ebr03G033530.1	transl_table=1	OriGeneID=Ebr03G033530	OriSeqID=Chr03",370,370,1152,370x1152,float16,embeddings/9df356e631f7aa36f4c12b4974db0fe4b1ad5a25ec68665f9b1ecb38c21b92f2.pt,/data/jnz/esmc-600m/data/weights/esmc_600m_2024_12_v0.pth,ok,
16443176642fbcbad8681e789d0ca03c20e682be5f2455544a927415005774a9,,"GWHPBECS018747	mRNA=GWHTBECS018755	Gene=GWHGBECS018755	Position=GWHBECS00000003: 285829653-285829813, 285871372-285871442, 285871585-285871748, 285872737-285873133, 285873339-285873610: -	Frame=0	OriID=Ebr03G035650.1	OriTrascriptID=Ebr03G035650.1	transl_table=1	OriGeneID=Ebr03G035650	OriSeqID=Chr03",354,354,1152,354x1152,float16,embeddings/16443176642fbcbad8681e789d0ca03c20e682be5f2455544a927415005774a9.pt,/data/jnz/esmc-600m/data/weights/esmc_600m_2024_12_v0.pth,ok,
f4c7dcc9216102a16438871127572a62cba631183c02ca255a7f64cbb0e4af70,,"GWHPBECS018757	mRNA=GWHTBECS018765	Gene=GWHGBECS018765	Position=GWHBECS00000003: 286891561-286891943, 286892694-286892760, 286892899-286892969, 286911308-286911425, 286914592-286914665, 286914823-286914878, 286914970-286915053, 286921345-286921432, 286921512-286921589, 286921742-286921798, 286940582-286941077: +	Frame=0	OriID=Ebr03G035750.1	OriTrascriptID=Ebr03G035750.1	transl_table=1	OriGeneID=Ebr03G035750	OriSeqID=Chr03",523,523,1152,523x1152,float16,embeddings/f4c7dcc9216102a16438871127572a62cba631183c02ca255a7f64cbb0e4af70.pt,/data/jnz/esmc-600m/data/weights/esmc_600m_2024_12_v0.pth,ok,
8505c68606436ac64d0bf93fbd5abea4b4f2adeb9955f443b80a06793612d0f7,,"GWHPBECS018975	mRNA=GWHTBECS018983	Gene=GWHGBECS018983	Position=GWHBECS00000003: 303907069-303907169, 303907261-303907393, 303907484-303907638, 303907739-303907931, 303908043-303908161, 303908233-303908719, 303908806-303908883, 303908923-303909089, 303909206-303909430, 303909512-303910078, 303910162-303910304, 303911306-303911337: +	Frame=0	OriID=Ebr03G037930.1	OriTrascriptID=Ebr03G037930.1	transl_table=1	OriGeneID=Ebr03G037930	OriSeqID=Chr03",799,799,1152,799x1152,float16,embeddings/8505c68606436ac64d0bf93fbd5abea4b4f2adeb9955f443b80a06793612d0f7.pt,/data/jnz/esmc-600m/data/weights/esmc_600m_2024_12_v0.pth,ok,
138d771e5c99e7a5a576c8f5393a143473b5d8c0db622f039b1401b2a50ae524,,"GWHPBECS018989	mRNA=GWHTBECS018997	Gene=GWHGBECS018997	Position=GWHBECS00000003: 305461374-305461601, 305461687-305461872, 305462159-305462956, 305463275-305463504, 305463578-305463690, 305489486-305489604, 305489677-305489799, 305501007-305501118, 305501233-305501422, 305504315-305504383, 305504481-305504600, 305504673-305504782, 305505416-305505567, 305505924-305506010, 305506125-305506248, 305506402-305506565, 305506676-305506757, 305506841-305506938, 305507121-305507225, 305507457-305507543, 305507623-305507672, 305507761-305507842, 305520176-305520236, 305520313-305520365, 305523174-305523421, 305523742-305523859, 305523944-305524039, 305582276-305582410, 305598859-305598982, 305599120-305599211, 305599337-305599426, 305600324-305600482, 305600575-305600685, 305610338-305610425, 305610538-305610647, 305626581-305626647, 305645898-305646100: -	Frame=0	OriID=Ebr03G038070.1	OriTrascriptID=Ebr03G038070.1	transl_table=1	OriGeneID=Ebr03G038070	OriSeqID=Chr03",1727,1727,1152,1727x1152,float16,embeddings/138d771e5c99e7a5a576c8f5393a143473b5d8c0db622f039b1401b2a50ae524.pt,/data/jnz/esmc-600m/data/weights/esmc_600m_2024_12_v0.pth,ok,
8a2cb9184f24ab981001b4543e794d17ef8bd1b07356807758a28f093f932607,,"GWHPBECS019000	mRNA=GWHTBECS019008	Gene=GWHGBECS019008	Position=GWHBECS00000003: 306380049-306380255, 306380349-306380471: -	Frame=0	OriID=Ebr03G038180.1	OriTrascriptID=Ebr03G038180.1	transl_table=1	OriGeneID=Ebr03G038180	OriSeqID=Chr03",109,109,1152,109x1152,float16,embeddings/8a2cb9184f24ab981001b4543e794d17ef8bd1b07356807758a28f093f932607.pt,/data/jnz/esmc-600m/data/weights/esmc_600m_2024_12_v0.pth,ok,
d0147aad7c18e0a7d601c47f73bdb6ee5f34d34adf5b5eba8859cd280a36c8d9,,"GWHPBECS019001	mRNA=GWHTBECS019009	Gene=GWHGBECS019009	Position=GWHBECS00000003: 306380547-306380622, 306380714-306381053, 306381101-306381533, 306381565-306381852, 306384322-306384459: -	Frame=0	OriID=Ebr03G038190.1	OriTrascriptID=Ebr03G038190.1	transl_table=1	OriGeneID=Ebr03G038190	OriSeqID=Chr03",424,424,1152,424x1152,float16,embeddings/d0147aad7c18e0a7d601c47f73bdb6ee5f34d34adf5b5eba8859cd280a36c8d9.pt,/data/jnz/esmc-600m/data/weights/esmc_600m_2024_12_v0.pth,ok,
d53dde38e7c3da142730f35883d6f7a1344890a303a5270286c86f7958866c3d,,"GWHPBECS019024	mRNA=GWHTBECS019033	Gene=GWHGBECS019033	Position=GWHBECS00000003: 308493118-308493346, 308493433-308493491, 308493578-308493653, 308493737-308493811, 308493982-308494069, 308494162-308494414, 308494607-308494722, 308495359-308495611, 308495820-308495922, 308496047-308496155, 308496256-308496487: +	Frame=0	OriID=Ebr03G038430.1	OriTrascriptID=Ebr03G038430.1	transl_table=1	OriGeneID=Ebr03G038430	OriSeqID=Chr03",530,530,1152,530x1152,float16,embeddings/d53dde38e7c3da142730f35883d6f7a1344890a303a5270286c86f7958866c3d.pt,/data/jnz/esmc-600m/data/weights/esmc_600m_2024_12_v0.pth,ok,
8cef17908af3bb072597f3f99b4ded5d22f14b715f59f5d085f7bd81c374589d,,"GWHPBECS019101	mRNA=GWHTBECS019110	Gene=GWHGBECS019110	Position=GWHBECS00000003: 316529570-316529691, 316529819-316529966, 316530204-316530525, 316533014-316533186, 316533226-316533307, 316533365-316533465, 316533511-316533786, 316533849-316534065, 316534095-316534407, 316534452-316534554: -	Frame=0	OriID=Ebr03G039200.1	OriTrascriptID=Ebr03G039200.1	transl_table=1	OriGeneID=Ebr03G039200	OriSeqID=Chr03",618,618,1152,618x1152,float16,embeddings/8cef17908af3bb072597f3f99b4ded5d22f14b715f59f5d085f7bd81c374589d.pt,/data/jnz/esmc-600m/data/weights/esmc_600m_2024_12_v0.pth,ok,
7a40291e68bdefe076b49bd118f73e28c34866d0fcd3bd2e4ada3f7f35bb48fd,,"GWHPBECS019108	mRNA=GWHTBECS019117	Gene=GWHGBECS019117	Position=GWHBECS00000003: 317034685-317034837, 317034940-317035168, 317035249-317035922: -	Frame=0	OriID=Ebr03G039270.1	OriTrascriptID=Ebr03G039270.1	transl_table=1	OriGeneID=Ebr03G039270	OriSeqID=Chr03",351,351,1152,351x1152,float16,embeddings/7a40291e68bdefe076b49bd118f73e28c34866d0fcd3bd2e4ada3f7f35bb48fd.pt,/data/jnz/esmc-600m/data/weights/esmc_600m_2024_12_v0.pth,ok,
39e795eb5fc45c11b710b76c2cf180d601ae58c38638498726fcedff5148c631,,"GWHPBECS019123	mRNA=GWHTBECS019132	Gene=GWHGBECS019132	Position=GWHBECS00000003: 317904568-317904673, 317904750-317904919, 317906311-317906381, 317906510-317906547, 317906627-317906737, 317906934-317907033, 317907221-317907356, 317925127-317925225: +	Frame=0	OriID=Ebr03G039420.1	OriTrascriptID=Ebr03G039420.1	transl_table=1	OriGeneID=Ebr03G039420	OriSeqID=Chr03",276,276,1152,276x1152,float16,embeddings/39e795eb5fc45c11b710b76c2cf180d601ae58c38638498726fcedff5148c631.pt,/data/jnz/esmc-600m/data/weights/esmc_600m_2024_12_v0.pth,ok,
b26fa177a05d19bc8c64fff92753a0376e9a508175b4ca3a303e5c28a1bebff9,,"GWHPBECS019144	mRNA=GWHTBECS019153	Gene=GWHGBECS019153	Position=GWHBECS00000003: 321208837-321208921, 321210594-321211123, 321211176-321211264, 321211785-321211794: -	Frame=0	OriID=Ebr03G039630.1	OriTrascriptID=Ebr03G039630.1	transl_table=1	OriGeneID=Ebr03G039630	OriSeqID=Chr03",237,237,1152,237x1152,float16,embeddings/b26fa177a05d19bc8c64fff92753a0376e9a508175b4ca3a303e5c28a1bebff9.pt,/data/jnz/esmc-600m/data/weights/esmc_600m_2024_12_v0.pth,ok,
cceb094899c13c96e7c339fd5e93a628b0a49c6f7891dc737b84696b8c37b960,,"GWHPBECS019174	mRNA=GWHTBECS019183	Gene=GWHGBECS019183	Position=GWHBECS00000003: 323489203-323489493, 323489608-323489881, 323489968-323491979: -	Frame=0	OriID=Ebr03G039930.1	OriTrascriptID=Ebr03G039930.1	transl_table=1	OriGeneID=Ebr03G039930	OriSeqID=Chr03",858,858,1152,858x1152,float16,embeddings/cceb094899c13c96e7c339fd5e93a628b0a49c6f7891dc737b84696b8c37b960.pt,/data/jnz/esmc-600m/data/weights/esmc_600m_2024_12_v0.pth,ok,
faa55b9feb0ec940c293429ede55a4d3581d4bd8c14d278cfaa10b82ecaa9c31,,"GWHPBECS019280	mRNA=GWHTBECS019289	Gene=GWHGBECS019289	Position=GWHBECS00000003: 333287194-333287344, 333287456-333287790, 333287873-333288221, 333288309-333288505, 333288938-333289164, 333289841-333289905, 333292013-333292041: -	Frame=0	OriID=Ebr03G040990.1	OriTrascriptID=Ebr03G040990.1	transl_table=1	OriGeneID=Ebr03G040990	OriSeqID=Chr03",450,450,1152,450x1152,float16,embeddings/faa55b9feb0ec940c293429ede55a4d3581d4bd8c14d278cfaa10b82ecaa9c31.pt,/data/jnz/esmc-600m/data/weights/esmc_600m_2024_12_v0.pth,ok,
be91135d8f41c455316183059c33f8a3b74b0fb46e5234e372c76e673b98f248,,"GWHPBECS019315	mRNA=GWHTBECS019324	Gene=GWHGBECS019324	Position=GWHBECS00000003: 336587509-336587786, 336587876-336587978, 336588048-336588079, 336588167-336588384, 336588466-336588581, 336588663-336588878, 336589031-336589116, 336589199-336589270, 336589404-336589479, 336605701-336605759, 336605858-336606104: -	Frame=0	OriID=Ebr03G041340.1	OriTrascriptID=Ebr03G041340.1	transl_table=1	OriGeneID=Ebr03G041340	OriSeqID=Chr03",500,500,1152,500x1152,float16,embeddings/be91135d8f41c455316183059c33f8a3b74b0fb46e5234e372c76e673b98f248.pt,/data/jnz/esmc-600m/data/weights/esmc_600m_2024_12_v0.pth,ok,
1aca24907beb73c92bbca2df48726071c7e6a256519600b3631f9a7e7f3cdcc4,,"GWHPBECS019316	mRNA=GWHTBECS019325	Gene=GWHGBECS019325	Position=GWHBECS00000003: 336639527-336639804, 336639894-336639996, 336640068-336640099, 336640198-336640415, 336640496-336640611, 336640691-336640943, 336641033-336641120, 336641203-336641274, 336641408-336641483, 336643839-336643897, 336643995-336644241: -	Frame=0	OriID=Ebr03G041350.1	OriTrascriptID=Ebr03G041350.1	transl_table=1	OriGeneID=Ebr03G041350	OriSeqID=Chr03",513,513,1152,513x1152,float16,embeddings/1aca24907beb73c92bbca2df48726071c7e6a256519600b3631f9a7e7f3cdcc4.pt,/data/jnz/esmc-600m/data/weights/esmc_600m_2024_12_v0.pth,ok,
3e862a69ac4aaedd71772bbcd368c54c0f434108777d599dacc9be2f06b5a59f,,"GWHPBECS019338	mRNA=GWHTBECS019347	Gene=GWHGBECS019347	Position=GWHBECS00000003: 338370742-338371431, 338371465-338371580, 338371616-338371880, 338375033-338375230: -	Frame=0	OriID=Ebr03G041570.1	OriTrascriptID=Ebr03G041570.1	transl_table=1	OriGeneID=Ebr03G041570	OriSeqID=Chr03",422,422,1152,422x1152,float16,embeddings/3e862a69ac4aaedd71772bbcd368c54c0f434108777d599dacc9be2f06b5a59f.pt,/data/jnz/esmc-600m/data/weights/esmc_600m_2024_12_v0.pth,ok,
eca51972d40801e5f01e7dad11084979b70e0a3fe82828288f36a969aa3408d9,,"GWHPBECS019345	mRNA=GWHTBECS019354	Gene=GWHGBECS019354	Position=GWHBECS00000003: 338789243-338789367, 338789488-338789623, 338806966-338807074, 338816482-338817312, 338817411-338817505: -	Frame=0	OriID=Ebr03G041640.1	OriTrascriptID=Ebr03G041640.1	transl_table=1	OriGeneID=Ebr03G041640	OriSeqID=Chr03",431,431,1152,431x1152,float16,embeddings/eca51972d40801e5f01e7dad11084979b70e0a3fe82828288f36a969aa3408d9.pt,/data/jnz/esmc-600m/data/weights/esmc_600m_2024_12_v0.pth,ok,
32542d39cffeefde65756c1ea4b4d51048b2f0eeb8ad07a21b940e806eac44d4,,GWHPBECS019368	mRNA=GWHTBECS019377	Gene=GWHGBECS019377	Position=GWHBECS00000003: 340885075-340886439: -	Frame=0	OriID=Ebr03G041870.1	OriTrascriptID=Ebr03G041870.1	transl_table=1	OriGeneID=Ebr03G041870	OriSeqID=Chr03,454,454,1152,454x1152,float16,embeddings/32542d39cffeefde65756c1ea4b4d51048b2f0eeb8ad07a21b940e806eac44d4.pt,/data/jnz/esmc-600m/data/weights/esmc_600m_2024_12_v0.pth,ok,
33eaec0d4af1a3f6576d1a5dc491d814f93a66a7295136c8b75be41a618e4e9a,,"GWHPBECS019377	mRNA=GWHTBECS019386	Gene=GWHGBECS019386	Position=GWHBECS00000003: 341631656-341631685, 341633001-341633288, 341633343-341633990: +	Frame=0	OriID=Ebr03G041960.1	OriTrascriptID=Ebr03G041960.1	transl_table=1	OriGeneID=Ebr03G041960	OriSeqID=Chr03",321,321,1152,321x1152,float16,embeddings/33eaec0d4af1a3f6576d1a5dc491d814f93a66a7295136c8b75be41a618e4e9a.pt,/data/jnz/esmc-600m/data/weights/esmc_600m_2024_12_v0.pth,ok,
7dc6a8f7b0a245d94c634c64092235b31e34a5f6804077cca99dce588f5009bc,,"GWHPBECS019389	mRNA=GWHTBECS019398	Gene=GWHGBECS019398	Position=GWHBECS00000003: 342406971-342407112, 342407284-342407475, 342407571-342407665, 342407783-342407860, 342407951-342408060, 342414999-342415140, 342415278-342415379, 342415575-342415677, 342415710-342415787, 342415874-342415990, 342416296-342416417: -	Frame=0	OriID=Ebr03G042080.1	OriTrascriptID=Ebr03G042080.1	transl_table=1	OriGeneID=Ebr03G042080	OriSeqID=Chr03",426,426,1152,426x1152,float16,embeddings/7dc6a8f7b0a245d94c634c64092235b31e34a5f6804077cca99dce588f5009bc.pt,/data/jnz/esmc-600m/data/weights/esmc_600m_2024_12_v0.pth,ok,
91548966d03587a1c2ecba870c016295c4c7568d6ecdb98121e5515af58f4cf5,,GWHPBECS019398	mRNA=GWHTBECS019407	Gene=GWHGBECS019407	Position=GWHBECS00000003: 342952251-342953615: +	Frame=0	OriID=Ebr03G042170.1	OriTrascriptID=Ebr03G042170.1	transl_table=1	OriGeneID=Ebr03G042170	OriSeqID=Chr03,454,454,1152,454x1152,float16,embeddings/91548966d03587a1c2ecba870c016295c4c7568d6ecdb98121e5515af58f4cf5.pt,/data/jnz/esmc-600m/data/weights/esmc_600m_2024_12_v0.pth,ok,
05f827c8f59a1396e4dfc2b287b60b1982bdb0af7f4f97013c260bceaa5a6adb,,"GWHPBECS019466	mRNA=GWHTBECS019475	Gene=GWHGBECS019475	Position=GWHBECS00000003: 348495601-348496496, 348496869-348497412: -	Frame=0	OriID=Ebr03G042850.1	OriTrascriptID=Ebr03G042850.1	transl_table=1	OriGeneID=Ebr03G042850	OriSeqID=Chr03",479,479,1152,479x1152,float16,embeddings/05f827c8f59a1396e4dfc2b287b60b1982bdb0af7f4f97013c260bceaa5a6adb.pt,/data/jnz/esmc-600m/data/weights/esmc_600m_2024_12_v0.pth,ok,
16e89e86da0255c26a04daddfa530f20e97148557ceeccc63bd0bdd0906460a6,,GWHPBECS019467	mRNA=GWHTBECS019476	Gene=GWHGBECS019476	Position=GWHBECS00000003: 348539184-348540551: +	Frame=0	OriID=Ebr03G042860.1	OriTrascriptID=Ebr03G042860.1	transl_table=1	OriGeneID=Ebr03G042860	OriSeqID=Chr03,455,455,1152,455x1152,float16,embeddings/16e89e86da0255c26a04daddfa530f20e97148557ceeccc63bd0bdd0906460a6.pt,/data/jnz/esmc-600m/data/weights/esmc_600m_2024_12_v0.pth,ok,
6b87f6920d3a6b3be8718e0bc4624155adca7f01ab6bc2941e6e960e2388eda5,,GWHPBECS019468	mRNA=GWHTBECS019477	Gene=GWHGBECS019477	Position=GWHBECS00000003: 348547290-348548663: -	Frame=0	OriID=Ebr03G042870.1	OriTrascriptID=Ebr03G042870.1	transl_table=1	OriGeneID=Ebr03G042870	OriSeqID=Chr03,457,457,1152,457x1152,float16,embeddings/6b87f6920d3a6b3be8718e0bc4624155adca7f01ab6bc2941e6e960e2388eda5.pt,/data/jnz/esmc-600m/data/weights/esmc_600m_2024_12_v0.pth,ok,
eb627a528f187bc2c6a8e12cf2883d84c58480a15337b995bd84af7bbbc4af73,,"GWHPBECS019478	mRNA=GWHTBECS019487	Gene=GWHGBECS019487	Position=GWHBECS00000003: 349053454-349053793, 349053880-349053911: -	Frame=0	OriID=Ebr03G042970.1	OriTrascriptID=Ebr03G042970.1	transl_table=1	OriGeneID=Ebr03G042970	OriSeqID=Chr03",123,123,1152,123x1152,float16,embeddings/eb627a528f187bc2c6a8e12cf2883d84c58480a15337b995bd84af7bbbc4af73.pt,/data/jnz/esmc-600m/data/weights/esmc_600m_2024_12_v0.pth,ok,
cbef1873b0f5a430e7c8e07484c5aa029163429c5df50f96b9f8b084869108f1,,"GWHPBECS019695	mRNA=GWHTBECS019704	Gene=GWHGBECS019704	Position=GWHBECS00000003: 365029221-365029335, 365029375-365029513, 365029546-365029836, 365029874-365030054, 365030111-365030258, 365036118-365036587, 365036623-365036834, 365036872-365036947, 365037184-365037308, 365037383-365037587, 365037624-365037728: +	Frame=0	OriID=Ebr03G045140.1	OriTrascriptID=Ebr03G045140.1	transl_table=1	OriGeneID=Ebr03G045140	OriSeqID=Chr03",688,688,1152,688x1152,float16,embeddings/cbef1873b0f5a430e7c8e07484c5aa029163429c5df50f96b9f8b084869108f1.pt,/data/jnz/esmc-600m/data/weights/esmc_600m_2024_12_v0.pth,ok,
6184d9ab7e8c38f6f1418dedeabdec401633c6f791c80ce250a70fa48e879950,,"GWHPBECS019730	mRNA=GWHTBECS019739	Gene=GWHGBECS019739	Position=GWHBECS00000003: 369002708-369002909, 369002940-369003106, 369003196-369003249, 369003360-369003605, 369003657-369003777, 369004827-369004984: -	Frame=0	OriID=Ebr03G045490.1	OriTrascriptID=Ebr03G045490.1	transl_table=1	OriGeneID=Ebr03G045490	OriSeqID=Chr03",315,315,1152,315x1152,float16,embeddings/6184d9ab7e8c38f6f1418dedeabdec401633c6f791c80ce250a70fa48e879950.pt,/data/jnz/esmc-600m/data/weights/esmc_600m_2024_12_v0.pth,ok,
660bf0aec7bc2e2cf3fd4b458dfa2106114ce640c2fe5804a4be44cc3d752628,,"GWHPBECS019733	mRNA=GWHTBECS019742	Gene=GWHGBECS019742	Position=GWHBECS00000003: 369130958-369131174, 369131266-369131423, 369145960-369146164, 369146954-369147243, 369175659-369175821, 369175914-369176002, 369176091-369176158, 369177994-369178270: -	Frame=0	OriID=Ebr03G045520.1	OriTrascriptID=Ebr03G045520.1	transl_table=1	OriGeneID=Ebr03G045520	OriSeqID=Chr03",488,488,1152,488x1152,float16,embeddings/660bf0aec7bc2e2cf3fd4b458dfa2106114ce640c2fe5804a4be44cc3d752628.pt,/data/jnz/esmc-600m/data/weights/esmc_600m_2024_12_v0.pth,ok,
827b2535aa681790b6cf6b54525dbf8a68ad23d42b736d99607b6bd848eb20b6,,GWHPBECS019754	mRNA=GWHTBECS019763	Gene=GWHGBECS019763	Position=GWHBECS00000003: 370881056-370882405: +	Frame=0	OriID=Ebr03G045730.1	OriTrascriptID=Ebr03G045730.1	transl_table=1	OriGeneID=Ebr03G045730	OriSeqID=Chr03,449,449,1152,449x1152,float16,embeddings/827b2535aa681790b6cf6b54525dbf8a68ad23d42b736d99607b6bd848eb20b6.pt,/data/jnz/esmc-600m/data/weights/esmc_600m_2024_12_v0.pth,ok,
8407163a8ec3ce9ad93f85566ff149f29953f690b1b8f21301218a92949d1adc,,"GWHPBECS019865	mRNA=GWHTBECS019874	Gene=GWHGBECS019874	Position=GWHBECS00000003: 379082582-379083756, 379085173-379085256, 379086768-379086840: -	Frame=0	OriID=Ebr03G046840.1	OriTrascriptID=Ebr03G046840.1	transl_table=1	OriGeneID=Ebr03G046840	OriSeqID=Chr03",443,443,1152,443x1152,float16,embeddings/8407163a8ec3ce9ad93f85566ff149f29953f690b1b8f21301218a92949d1adc.pt,/data/jnz/esmc-600m/data/weights/esmc_600m_2024_12_v0.pth,ok,
c62f5562175123bc63e6496418378b4b9e1329b18318aa8a9df3c920aa3d2c2b,,GWHPBECS019871	mRNA=GWHTBECS019880	Gene=GWHGBECS019880	Position=GWHBECS00000003: 379477773-379479140: -	Frame=0	OriID=Ebr03G046900.1	OriTrascriptID=Ebr03G046900.1	transl_table=1	OriGeneID=Ebr03G046900	OriSeqID=Chr03,455,455,1152,455x1152,float16,embeddings/c62f5562175123bc63e6496418378b4b9e1329b18318aa8a9df3c920aa3d2c2b.pt,/data/jnz/esmc-600m/data/weights/esmc_600m_2024_12_v0.pth,ok,
f410ef55f4edffb12db57c46b75d1b0361fe0e366692f073790b67c9d77b49f9,,GWHPBECS019872	mRNA=GWHTBECS019881	Gene=GWHGBECS019881	Position=GWHBECS00000003: 379488081-379489472: -	Frame=0	OriID=Ebr03G046910.1	OriTrascriptID=Ebr03G046910.1	transl_table=1	OriGeneID=Ebr03G046910	OriSeqID=Chr03,463,463,1152,463x1152,float16,embeddings/f410ef55f4edffb12db57c46b75d1b0361fe0e366692f073790b67c9d77b49f9.pt,/data/jnz/esmc-600m/data/weights/esmc_600m_2024_12_v0.pth,ok,
1f9931324bacf457be6fdd2f2f5146ff6bb30aebfb7d282adcd7d2146f938e02,,GWHPBECS019873	mRNA=GWHTBECS019882	Gene=GWHGBECS019882	Position=GWHBECS00000003: 379523959-379525347: -	Frame=0	OriID=Ebr03G046920.1	OriTrascriptID=Ebr03G046920.1	transl_table=1	OriGeneID=Ebr03G046920	OriSeqID=Chr03,462,462,1152,462x1152,float16,embeddings/1f9931324bacf457be6fdd2f2f5146ff6bb30aebfb7d282adcd7d2146f938e02.pt,/data/jnz/esmc-600m/data/weights/esmc_600m_2024_12_v0.pth,ok,
24c16955df23a53e22afca4cb504afc1bd05edb992810b81356a985175331120,,GWHPBECS019874	mRNA=GWHTBECS019883	Gene=GWHGBECS019883	Position=GWHBECS00000003: 379576073-379577461: -	Frame=0	OriID=Ebr03G046930.1	OriTrascriptID=Ebr03G046930.1	transl_table=1	OriGeneID=Ebr03G046930	OriSeqID=Chr03,462,462,1152,462x1152,float16,embeddings/24c16955df23a53e22afca4cb504afc1bd05edb992810b81356a985175331120.pt,/data/jnz/esmc-600m/data/weights/esmc_600m_2024_12_v0.pth,ok,
fcdf913af83b7c41c1a1506e734f7d71eb8b927035747c62e1149a361d12a622,,GWHPBECS019877	mRNA=GWHTBECS019886	Gene=GWHGBECS019886	Position=GWHBECS00000003: 379741810-379743198: +	Frame=0	OriID=Ebr03G046960.1	OriTrascriptID=Ebr03G046960.1	transl_table=1	OriGeneID=Ebr03G046960	OriSeqID=Chr03,462,462,1152,462x1152,float16,embeddings/fcdf913af83b7c41c1a1506e734f7d71eb8b927035747c62e1149a361d12a622.pt,/data/jnz/esmc-600m/data/weights/esmc_600m_2024_12_v0.pth,ok,
9bed2604d25c9ef1812f0b60ce21272712dcca6b9a1704a8b9f47bccc85aed65,,GWHPBECS019878	mRNA=GWHTBECS019887	Gene=GWHGBECS019887	Position=GWHBECS00000003: 379761029-379762417: +	Frame=0	OriID=Ebr03G046970.1	OriTrascriptID=Ebr03G046970.1	transl_table=1	OriGeneID=Ebr03G046970	OriSeqID=Chr03,462,462,1152,462x1152,float16,embeddings/9bed2604d25c9ef1812f0b60ce21272712dcca6b9a1704a8b9f47bccc85aed65.pt,/data/jnz/esmc-600m/data/weights/esmc_600m_2024_12_v0.pth,ok,
07dd4da0a3286b9d1738122930777af1cc4836e825beee67c45459736ad876c2,,GWHPBECS019879	mRNA=GWHTBECS019888	Gene=GWHGBECS019888	Position=GWHBECS00000003: 379787592-379788983: +	Frame=0	OriID=Ebr03G046980.1	OriTrascriptID=Ebr03G046980.1	transl_table=1	OriGeneID=Ebr03G046980	OriSeqID=Chr03,463,463,1152,463x1152,float16,embeddings/07dd4da0a3286b9d1738122930777af1cc4836e825beee67c45459736ad876c2.pt,/data/jnz/esmc-600m/data/weights/esmc_600m_2024_12_v0.pth,ok,
bfed96dc77cef3589d8c6e17a12ffad88745b3ced29f4c3399679569360f8252,,"GWHPBECS019880	mRNA=GWHTBECS019889	Gene=GWHGBECS019889	Position=GWHBECS00000003: 379797943-379798946, 379799044-379799050: +	Frame=0	OriID=Ebr03G046990.1	OriTrascriptID=Ebr03G046990.1	transl_table=1	OriGeneID=Ebr03G046990	OriSeqID=Chr03",336,336,1152,336x1152,float16,embeddings/bfed96dc77cef3589d8c6e17a12ffad88745b3ced29f4c3399679569360f8252.pt,/data/jnz/esmc-600m/data/weights/esmc_600m_2024_12_v0.pth,ok,
26213bbf647eb42f47599462bff18acd8a78a2a84dbe97fe47770aa99f14c8fe,,GWHPBECS019883	mRNA=GWHTBECS019892	Gene=GWHGBECS019892	Position=GWHBECS00000003: 380027273-380028664: -	Frame=0	OriID=Ebr03G047020.1	OriTrascriptID=Ebr03G047020.1	transl_table=1	OriGeneID=Ebr03G047020	OriSeqID=Chr03,463,463,1152,463x1152,float16,embeddings/26213bbf647eb42f47599462bff18acd8a78a2a84dbe97fe47770aa99f14c8fe.pt,/data/jnz/esmc-600m/data/weights/esmc_600m_2024_12_v0.pth,ok,
7e7106712c310d862d99f214e26cbf63a6cf22a0a1aa488b8d3ece593d5380b1,,"GWHPBECS019892	mRNA=GWHTBECS019901	Gene=GWHGBECS019901	Position=GWHBECS00000003: 381306840-381307239, 381307321-381307514, 381307586-381307873: -	Frame=0	OriID=Ebr03G047110.1	OriTrascriptID=Ebr03G047110.1	transl_table=1	OriGeneID=Ebr03G047110	OriSeqID=Chr03",293,293,1152,293x1152,float16,embeddings/7e7106712c310d862d99f214e26cbf63a6cf22a0a1aa488b8d3ece593d5380b1.pt,/data/jnz/esmc-600m/data/weights/esmc_600m_2024_12_v0.pth,ok,
954d25168bed680b396c369968f737f7d231147bf3e2a001d6f60eedff22dd8b,,"GWHPBECS019897	mRNA=GWHTBECS019906	Gene=GWHGBECS019906	Position=GWHBECS00000003: 381589010-381589294, 381591787-381592089, 381592843-381593433, 381602290-381602445, 381602601-381602656, 381604002-381604212: -	Frame=0	OriID=Ebr03G047160.1	OriTrascriptID=Ebr03G047160.1	transl_table=1	OriGeneID=Ebr03G047160	OriSeqID=Chr03",533,533,1152,533x1152,float16,embeddings/954d25168bed680b396c369968f737f7d231147bf3e2a001d6f60eedff22dd8b.pt,/data/jnz/esmc-600m/data/weights/esmc_600m_2024_12_v0.pth,ok,
d3b26c9c502a659225b6b591d74dbc07693e1c460072a0aa78149bd365a7409f,,"GWHPBECS019926	mRNA=GWHTBECS019935	Gene=GWHGBECS019935	Position=GWHBECS00000003: 383651768-383651987, 383652093-383652322, 383652431-383652532, 383669764-383669940, 383670379-383670451, 383670488-383670654, 383671246-383671321, 383671373-383671517, 383734743-383734905, 383735038-383735145, 383755364-383755440, 383759126-383759312, 383759645-383759845, 383760532-383760648: +	Frame=0	OriID=Ebr03G047450.1	OriTrascriptID=Ebr03G047450.1	transl_table=1	OriGeneID=Ebr03G047450	OriSeqID=Chr03",680,680,1152,680x1152,float16,embeddings/d3b26c9c502a659225b6b591d74dbc07693e1c460072a0aa78149bd365a7409f.pt,/data/jnz/esmc-600m/data/weights/esmc_600m_2024_12_v0.pth,ok,
8881d603147225d50959ec90e35d5db37c03daa1ffdb3210f3f6fea3760d9887,,"GWHPBECS019951	mRNA=GWHTBECS019960	Gene=GWHGBECS019960	Position=GWHBECS00000003: 385754724-385755210, 385755385-385756259: +	Frame=0	OriID=Ebr03G047700.1	OriTrascriptID=Ebr03G047700.1	transl_table=1	OriGeneID=Ebr03G047700	OriSeqID=Chr03",453,453,1152,453x1152,float16,embeddings/8881d603147225d50959ec90e35d5db37c03daa1ffdb3210f3f6fea3760d9887.pt,/data/jnz/esmc-600m/data/weights/esmc_600m_2024_12_v0.pth,ok,
4cb286e63be9acb7468575c464a1160b939493f1e25effa2cb9376f1bfd5f0b5,,"GWHPBECS019952	mRNA=GWHTBECS019961	Gene=GWHGBECS019961	Position=GWHBECS00000003: 385767540-385768020, 385768977-385769005, 385769559-385770443: +	Frame=0	OriID=Ebr03G047710.1	OriTrascriptID=Ebr03G047710.1	transl_table=1	OriGeneID=Ebr03G047710	OriSeqID=Chr03",464,464,1152,464x1152,float16,embeddings/4cb286e63be9acb7468575c464a1160b939493f1e25effa2cb9376f1bfd5f0b5.pt,/data/jnz/esmc-600m/data/weights/esmc_600m_2024_12_v0.pth,ok,
1274d22ef8396fb7fcdcb7c951f2b6b9cc6f04bdc8945e227edf097df4ef5241,,"GWHPBECS019953	mRNA=GWHTBECS019962	Gene=GWHGBECS019962	Position=GWHBECS00000003: 385804055-385804538, 385821531-385821584, 385826803-385827668: +	Frame=0	OriID=Ebr03G047720.1	OriTrascriptID=Ebr03G047720.1	transl_table=1	OriGeneID=Ebr03G047720	OriSeqID=Chr03",467,467,1152,467x1152,float16,embeddings/1274d22ef8396fb7fcdcb7c951f2b6b9cc6f04bdc8945e227edf097df4ef5241.pt,/data/jnz/esmc-600m/data/weights/esmc_600m_2024_12_v0.pth,ok,
2b5e27cc673c50cfb8bcea65788efa6a0cd341a49bbb84ae02ccb21de1c0092b,,"GWHPBECS019955	mRNA=GWHTBECS019964	Gene=GWHGBECS019964	Position=GWHBECS00000003: 385865543-385866026, 385866825-385867687: +	Frame=0	OriID=Ebr03G047740.1	OriTrascriptID=Ebr03G047740.1	transl_table=1	OriGeneID=Ebr03G047740	OriSeqID=Chr03",448,448,1152,448x1152,float16,embeddings/2b5e27cc673c50cfb8bcea65788efa6a0cd341a49bbb84ae02ccb21de1c0092b.pt,/data/jnz/esmc-600m/data/weights/esmc_600m_2024_12_v0.pth,ok,
f50dff7e41304b4c6678bbfc7e6116b1aaae24a9383b21ade76a03b4576644cc,,GWHPBECS019961	mRNA=GWHTBECS019970	Gene=GWHGBECS019970	Position=GWHBECS00000003: 386340719-386342161: +	Frame=0	OriID=Ebr03G047800.1	OriTrascriptID=Ebr03G047800.1	transl_table=1	OriGeneID=Ebr03G047800	OriSeqID=Chr03,480,480,1152,480x1152,float16,embeddings/f50dff7e41304b4c6678bbfc7e6116b1aaae24a9383b21ade76a03b4576644cc.pt,/data/jnz/esmc-600m/data/weights/esmc_600m_2024_12_v0.pth,ok,
8422b8a24f2c4b9419bdbf713cb6fb7c86fe63649a4f7f53099c54efb3aad38d,,"GWHPBECS019974	mRNA=GWHTBECS019983	Gene=GWHGBECS019983	Position=GWHBECS00000003: 387341728-387341902, 387342002-387342110, 387342233-387342335, 387342425-387342456, 387342578-387342801, 387342905-387343020, 387343161-387343416, 387343501-387343588, 387343661-387343732, 387343812-387343887, 387344026-387344084, 387344219-387344285, 387344951-387345085: -	Frame=0	OriID=Ebr03G047930.1	OriTrascriptID=Ebr03G047930.1	transl_table=1	OriGeneID=Ebr03G047930	OriSeqID=Chr03",503,503,1152,503x1152,float16,embeddings/8422b8a24f2c4b9419bdbf713cb6fb7c86fe63649a4f7f53099c54efb3aad38d.pt,/data/jnz/esmc-600m/data/weights/esmc_600m_2024_12_v0.pth,ok,
c63405bfab006abbe6369132a41788301396eacafcae5357cfe58a4be62c7383,,GWHPBECS019976	mRNA=GWHTBECS019985	Gene=GWHGBECS019985	Position=GWHBECS00000003: 387756089-387757531: -	Frame=0	OriID=Ebr03G047950.1	OriTrascriptID=Ebr03G047950.1	transl_table=1	OriGeneID=Ebr03G047950	OriSeqID=Chr03,480,480,1152,480x1152,float16,embeddings/c63405bfab006abbe6369132a41788301396eacafcae5357cfe58a4be62c7383.pt,/data/jnz/esmc-600m/data/weights/esmc_600m_2024_12_v0.pth,ok,
1f18cd09db3d1f63e7a8316d76f85627d0e54a4e65e7d59866b3b3f0be43539c,,"GWHPBECS019981	mRNA=GWHTBECS019990	Gene=GWHGBECS019990	Position=GWHBECS00000003: 388413948-388414422, 388414491-388415365: +	Frame=0	OriID=Ebr03G048000.1	OriTrascriptID=Ebr03G048000.1	transl_table=1	OriGeneID=Ebr03G048000	OriSeqID=Chr03",449,449,1152,449x1152,float16,embeddings/1f18cd09db3d1f63e7a8316d76f85627d0e54a4e65e7d59866b3b3f0be43539c.pt,/data/jnz/esmc-600m/data/weights/esmc_600m_2024_12_v0.pth,ok,
cae985f9f681320e9b5bcdd58172f809e92552d2f59dfd2bb1a85c4c9d104af1,,"GWHPBECS019983	mRNA=GWHTBECS019992	Gene=GWHGBECS019992	Position=GWHBECS00000003: 388485252-388485693, 388485758-388486548: +	Frame=0	OriID=Ebr03G048020.1	OriTrascriptID=Ebr03G048020.1	transl_table=1	OriGeneID=Ebr03G048020	OriSeqID=Chr03",410,410,1152,410x1152,float16,embeddings/cae985f9f681320e9b5bcdd58172f809e92552d2f59dfd2bb1a85c4c9d104af1.pt,/data/jnz/esmc-600m/data/weights/esmc_600m_2024_12_v0.pth,ok,
d372c8d1ea5c487e12db0a16ccc504b93074304cd5ec555a956bc59adc325b38,,"GWHPBECS019984	mRNA=GWHTBECS019993	Gene=GWHGBECS019993	Position=GWHBECS00000003: 388587742-388587844, 388587918-388588039, 388588116-388588754: +	Frame=0	OriID=Ebr03G048030.1	OriTrascriptID=Ebr03G048030.1	transl_table=1	OriGeneID=Ebr03G048030	OriSeqID=Chr03",287,287,1152,287x1152,float16,embeddings/d372c8d1ea5c487e12db0a16ccc504b93074304cd5ec555a956bc59adc325b38.pt,/data/jnz/esmc-600m/data/weights/esmc_600m_2024_12_v0.pth,ok,
96c9fbc1d5ba887282629cadaf6adc48aa7a9e2ccbc832255b461304d0a2492f,,"GWHPBECS019985	mRNA=GWHTBECS019994	Gene=GWHGBECS019994	Position=GWHBECS00000003: 388657404-388657878, 388657948-388658822: +	Frame=0	OriID=Ebr03G048040.1	OriTrascriptID=Ebr03G048040.1	transl_table=1	OriGeneID=Ebr03G048040	OriSeqID=Chr03",449,449,1152,449x1152,float16,embeddings/96c9fbc1d5ba887282629cadaf6adc48aa7a9e2ccbc832255b461304d0a2492f.pt,/data/jnz/esmc-600m/data/weights/esmc_600m_2024_12_v0.pth,ok,
468c6e00882ff299ce0a6a0271fd18c50d0ed88bd1f6587e6721148c97d7b98c,,"GWHPBECS019991	mRNA=GWHTBECS020000	Gene=GWHGBECS020000	Position=GWHBECS00000003: 389042045-389042916, 389042982-389043468: -	Frame=0	OriID=Ebr03G048100.1	OriTrascriptID=Ebr03G048100.1	transl_table=1	OriGeneID=Ebr03G048100	OriSeqID=Chr03",452,452,1152,452x1152,float16,embeddings/468c6e00882ff299ce0a6a0271fd18c50d0ed88bd1f6587e6721148c97d7b98c.pt,/data/jnz/esmc-600m/data/weights/esmc_600m_2024_12_v0.pth,ok,
5cae07efc1e38dbce4f52e4e8dc4ca96f6840f7428f92275f9ebc55b816bad62,,"GWHPBECS019992	mRNA=GWHTBECS020001	Gene=GWHGBECS020001	Position=GWHBECS00000003: 389057606-389057712, 389057789-389058275: -	Frame=0	OriID=Ebr03G048110.1	OriTrascriptID=Ebr03G048110.1	transl_table=1	OriGeneID=Ebr03G048110	OriSeqID=Chr03",197,197,1152,197x1152,float16,embeddings/5cae07efc1e38dbce4f52e4e8dc4ca96f6840f7428f92275f9ebc55b816bad62.pt,/data/jnz/esmc-600m/data/weights/esmc_600m_2024_12_v0.pth,ok,
e829df4bbef1c9fa76f0c80da139116017d432b99ac6421f03b9cb8f8a14d0a4,,"GWHPBECS019993	mRNA=GWHTBECS020002	Gene=GWHGBECS020002	Position=GWHBECS00000003: 389092881-389093710, 389093787-389094273: -	Frame=0	OriID=Ebr03G048120.1	OriTrascriptID=Ebr03G048120.1	transl_table=1	OriGeneID=Ebr03G048120	OriSeqID=Chr03",438,438,1152,438x1152,float16,embeddings/e829df4bbef1c9fa76f0c80da139116017d432b99ac6421f03b9cb8f8a14d0a4.pt,/data/jnz/esmc-600m/data/weights/esmc_600m_2024_12_v0.pth,ok,
0c483791e3600c4d204feb40d5e0fecb69dd73e36b7e96db231c0c593c50242c,,GWHPBECS019994	mRNA=GWHTBECS020003	Gene=GWHGBECS020003	Position=GWHBECS00000003: 389194871-389196313: -	Frame=0	OriID=Ebr03G048130.1	OriTrascriptID=Ebr03G048130.1	transl_table=1	OriGeneID=Ebr03G048130	OriSeqID=Chr03,480,480,1152,480x1152,float16,embeddings/0c483791e3600c4d204feb40d5e0fecb69dd73e36b7e96db231c0c593c50242c.pt,/data/jnz/esmc-600m/data/weights/esmc_600m_2024_12_v0.pth,ok,
c671140d65cc9094d22c36c65583181b675aa30160d42c409a64227f28109ad8,,"GWHPBECS020126	mRNA=GWHTBECS020135	Gene=GWHGBECS020135	Position=GWHBECS00000003: 399178902-399179002, 399179338-399179460, 399179495-399180680: +	Frame=0	OriID=Ebr03G049450.1	OriTrascriptID=Ebr03G049450.1	transl_table=1	OriGeneID=Ebr03G049450	OriSeqID=Chr03",469,469,1152,469x1152,float16,embeddings/c671140d65cc9094d22c36c65583181b675aa30160d42c409a64227f28109ad8.pt,/data/jnz/esmc-600m/data/weights/esmc_600m_2024_12_v0.pth,ok,
e58dc7e41dc8e2afb15fc8520efe8880d7ac5c9b59b97fa2e00df97cc97641fa,,"GWHPBECS020135	mRNA=GWHTBECS020144	Gene=GWHGBECS020144	Position=GWHBECS00000003: 400084215-400084364, 400106740-400108194: +	Frame=0	OriID=Ebr03G049540.1	OriTrascriptID=Ebr03G049540.1	transl_table=1	OriGeneID=Ebr03G049540	OriSeqID=Chr03",534,534,1152,534x1152,float16,embeddings/e58dc7e41dc8e2afb15fc8520efe8880d7ac5c9b59b97fa2e00df97cc97641fa.pt,/data/jnz/esmc-600m/data/weights/esmc_600m_2024_12_v0.pth,ok,
c02de696a08209e5fa62758831b1b300aa455fac2e70ff8ecf2abcec4394fa07,,"GWHPBECS020176	mRNA=GWHTBECS020185	Gene=GWHGBECS020185	Position=GWHBECS00000003: 404482071-404482217, 404482315-404482384, 404482663-404482721, 404482806-404482881, 404482981-404483050, 404483137-404483247, 404483334-404483602, 404483674-404483770, 404483810-404483972, 404484239-404484362, 404484477-404484585, 404484706-404484874: +	Frame=0	OriID=Ebr03G049950.1	OriTrascriptID=Ebr03G049950.1	transl_table=1	OriGeneID=Ebr03G049950	OriSeqID=Chr03",487,487,1152,487x1152,float16,embeddings/c02de696a08209e5fa62758831b1b300aa455fac2e70ff8ecf2abcec4394fa07.pt,/data/jnz/esmc-600m/data/weights/esmc_600m_2024_12_v0.pth,ok,
ce99c3a0154c6ce3095406acbfe4e4e30ad1fe590518f8f5647c987e5a5b084f,,GWHPBECS020297	mRNA=GWHTBECS020306	Gene=GWHGBECS020306	Position=GWHBECS00000003: 415111447-415112757: -	Frame=0	OriID=Ebr03G051160.1	OriTrascriptID=Ebr03G051160.1	transl_table=1	OriGeneID=Ebr03G051160	OriSeqID=Chr03,436,436,1152,436x1152,float16,embeddings/ce99c3a0154c6ce3095406acbfe4e4e30ad1fe590518f8f5647c987e5a5b084f.pt,/data/jnz/esmc-600m/data/weights/esmc_600m_2024_12_v0.pth,ok,
a3d72a77671416cecc241a38e25b03e5327030a36f6957ec6b1e13cf88090bcf,,GWHPBECS020299	mRNA=GWHTBECS020308	Gene=GWHGBECS020308	Position=GWHBECS00000003: 415151912-415153354: -	Frame=0	OriID=Ebr03G051180.1	OriTrascriptID=Ebr03G051180.1	transl_table=1	OriGeneID=Ebr03G051180	OriSeqID=Chr03,480,480,1152,480x1152,float16,embeddings/a3d72a77671416cecc241a38e25b03e5327030a36f6957ec6b1e13cf88090bcf.pt,/data/jnz/esmc-600m/data/weights/esmc_600m_2024_12_v0.pth,ok,
c980441d14850f4ae6a7fd048383db3afd45d7618ddb769a393a77421e94f472,,GWHPBECS020309	mRNA=GWHTBECS020318	Gene=GWHGBECS020318	Position=GWHBECS00000003: 415471768-415473177: +	Frame=0	OriID=Ebr03G051280.1	OriTrascriptID=Ebr03G051280.1	transl_table=1	OriGeneID=Ebr03G051280	OriSeqID=Chr03,469,469,1152,469x1152,float16,embeddings/c980441d14850f4ae6a7fd048383db3afd45d7618ddb769a393a77421e94f472.pt,/data/jnz/esmc-600m/data/weights/esmc_600m_2024_12_v0.pth,ok,
69a6cf0b6d9d7d6a696151a2b46d8e4f787417fadde79ed1e77829ecd6cbeccc,,"GWHPBECS020320	mRNA=GWHTBECS020329	Gene=GWHGBECS020329	Position=GWHBECS00000003: 416017294-416017504, 416034233-416034330, 416034499-416034659, 416041267-416041390, 416050838-416050933, 416051236-416051361, 416070894-416070983, 416071640-416071737, 416071819-416071936, 416080064-416080192, 416091448-416091524, 416091603-416091681, 416094594-416094686, 416094879-416094981, 416095234-416095357, 416095483-416095672, 416095749-416095801, 416107537-416107597, 416123694-416123775, 416142918-416142967, 416159011-416159097, 416159225-416159310, 416162828-416162867, 416170278-416170375, 416170478-416170559, 416170662-416170822, 416185371-416185491, 416207941-416208027, 416208108-416208268, 416208665-416208774, 416229126-416229194, 416229267-416229444, 416240228-416240345, 416257244-416257363, 416270991-416271109, 416271193-416271276, 416278396-416278508, 416291263-416291315, 416291408-416291584, 416291662-416291709, 416291898-416292056, 416304028-416304141, 416304241-416304329, 416304484-416304642, 416304810-416304912, 416308679-416308798, 416315335-416315385, 416315481-416315663, 416315785-416316021: +	Frame=0	OriID=Ebr03G051390.1	OriTrascriptID=Ebr03G051390.1	transl_table=1	OriGeneID=Ebr03G051390	OriSeqID=Chr03",1829,1829,1152,1829x1152,float16,embeddings/69a6cf0b6d9d7d6a696151a2b46d8e4f787417fadde79ed1e77829ecd6cbeccc.pt,/data/jnz/esmc-600m/data/weights/esmc_600m_2024_12_v0.pth,ok,
198e93288b6cbf069cb246ebf15c6c7be4534c904af5794f9a34bd22f92440f1,,"GWHPBECS020425	mRNA=GWHTBECS020434	Gene=GWHGBECS020434	Position=GWHBECS00000003: 426538789-426538933, 426540609-426540668, 426541321-426541368, 426543011-426543077, 426545628-426545660, 426546878-426547498, 426547679-426547814: -	Frame=0	OriID=Ebr03G052440.1	OriTrascriptID=Ebr03G052440.1	transl_table=1	OriGeneID=Ebr03G052440	OriSeqID=Chr03",369,369,1152,369x1152,float16,embeddings/198e93288b6cbf069cb246ebf15c6c7be4534c904af5794f9a34bd22f92440f1.pt,/data/jnz/esmc-600m/data/weights/esmc_600m_2024_12_v0.pth,ok,
cef0edcae087012527b82312eab7869ca626db7e4dfc0fb9e305274b8069af6a,,"GWHPBECS020492	mRNA=GWHTBECS020501	Gene=GWHGBECS020501	Position=GWHBECS00000003: 431212726-431212866, 431212957-431213065, 431268810-431268852, 431294374-431294470, 431294621-431294815, 431295647-431295726, 431296764-431296860, 431297249-431297361, 431302143-431302212, 431339026-431339088: -	Frame=0	OriID=Ebr03G053110.1	OriTrascriptID=Ebr03G053110.1	transl_table=1	OriGeneID=Ebr03G053110	OriSeqID=Chr03",335,335,1152,335x1152,float16,embeddings/cef0edcae087012527b82312eab7869ca626db7e4dfc0fb9e305274b8069af6a.pt,/data/jnz/esmc-600m/data/weights/esmc_600m_2024_12_v0.pth,ok,
db1a1ea1feb97fde21863b9b31edbdadab97ccb469a78cdb86ea91d024036ec4,,"GWHPBECS020632	mRNA=GWHTBECS020641	Gene=GWHGBECS020641	Position=GWHBECS00000003: 446749868-446750089, 446781407-446781492, 446781696-446781819, 446782042-446782149, 446815188-446815269, 446841542-446841594, 446841702-446841785, 446841886-446842043, 446842150-446842626, 446842706-446843084: -	Frame=0	OriID=Ebr03G054510.1	OriTrascriptID=Ebr03G054510.1	transl_table=1	OriGeneID=Ebr03G054510	OriSeqID=Chr03",590,590,1152,590x1152,float16,embeddings/db1a1ea1feb97fde21863b9b31edbdadab97ccb469a78cdb86ea91d024036ec4.pt,/data/jnz/esmc-600m/data/weights/esmc_600m_2024_12_v0.pth,ok,
fc684954fd12fd8b9ba28e1fd33e5fa02bf846a8efccc674cf14e07cc26b9c56,,"GWHPBECS020656	mRNA=GWHTBECS020665	Gene=GWHGBECS020665	Position=GWHBECS00000003: 448681121-448681375, 448681414-448681676, 448681715-448682102, 448682138-448682372, 448682416-448682485, 448682727-448682823, 448682929-448683027, 448688825-448688926: +	Frame=0	OriID=Ebr03G054750.1	OriTrascriptID=Ebr03G054750.1	transl_table=1	OriGeneID=Ebr03G054750	OriSeqID=Chr03",502,502,1152,502x1152,float16,embeddings/fc684954fd12fd8b9ba28e1fd33e5fa02bf846a8efccc674cf14e07cc26b9c56.pt,/data/jnz/esmc-600m/data/weights/esmc_600m_2024_12_v0.pth,ok,
f2c632998b7ab4ca1e3134ded253df24d835eeb62ce5303ab92f595d8bef8984,,"GWHPBECS020673	mRNA=GWHTBECS020682	Gene=GWHGBECS020682	Position=GWHBECS00000003: 449402570-449403283, 449403371-449403679, 449403806-449404096, 449404186-449404299, 449404385-449405011: +	Frame=0	OriID=Ebr03G054920.1	OriTrascriptID=Ebr03G054920.1	transl_table=1	OriGeneID=Ebr03G054920	OriSeqID=Chr03",684,684,1152,684x1152,float16,embeddings/f2c632998b7ab4ca1e3134ded253df24d835eeb62ce5303ab92f595d8bef8984.pt,/data/jnz/esmc-600m/data/weights/esmc_600m_2024_12_v0.pth,ok,
fc027674f9ce12c349d3c2907d808ecd2c6a28a16b871d4eef3332db754cc82e,,"GWHPBECS020702	mRNA=GWHTBECS020711	Gene=GWHGBECS020711	Position=GWHBECS00000003: 451055794-451056357, 451056443-451056810, 451056898-451057075, 451057274-451058464: -	Frame=0	OriID=Ebr03G055210.1	OriTrascriptID=Ebr03G055210.1	transl_table=1	OriGeneID=Ebr03G055210	OriSeqID=Chr03",766,766,1152,766x1152,float16,embeddings/fc027674f9ce12c349d3c2907d808ecd2c6a28a16b871d4eef3332db754cc82e.pt,/data/jnz/esmc-600m/data/weights/esmc_600m_2024_12_v0.pth,ok,
1aea4f68c878919de30f7ccaa2b3ae2651b20de5a6e0f2dd7a9210e4e8bf9edb,,"GWHPBECS020710	mRNA=GWHTBECS020719	Gene=GWHGBECS020719	Position=GWHBECS00000003: 451760465-451760506, 451760738-451760866, 451761147-451761296, 451777786-451777851, 451796463-451796501, 451797089-451797169, 451797294-451797375, 451817846-451817917, 451850541-451850641, 451862913-451863029, 451900208-451900456: -	Frame=0	OriID=Ebr03G055290.1	OriTrascriptID=Ebr03G055290.1	transl_table=1	OriGeneID=Ebr03G055290	OriSeqID=Chr03",375,375,1152,375x1152,float16,embeddings/1aea4f68c878919de30f7ccaa2b3ae2651b20de5a6e0f2dd7a9210e4e8bf9edb.pt,/data/jnz/esmc-600m/data/weights/esmc_600m_2024_12_v0.pth,ok,
4f0ed0c6f723213f9d6574a5cf6631645f4a96187ce7db126d5a902d4e9f2246,,"GWHPBECS020829	mRNA=GWHTBECS020838	Gene=GWHGBECS020838	Position=GWHBECS00000003: 462449146-462450338, 462471901-462472150, 462472370-462472546: +	Frame=0	OriID=Ebr03G056480.1	OriTrascriptID=Ebr03G056480.1	transl_table=1	OriGeneID=Ebr03G056480	OriSeqID=Chr03",539,539,1152,539x1152,float16,embeddings/4f0ed0c6f723213f9d6574a5cf6631645f4a96187ce7db126d5a902d4e9f2246.pt,/data/jnz/esmc-600m/data/weights/esmc_600m_2024_12_v0.pth,ok,
c59d6ce047054753c21b6b76b4afe10a8b89db6447fffd5391e6dcaf15e9b800,,GWHPBECS020849	mRNA=GWHTBECS020858	Gene=GWHGBECS020858	Position=GWHBECS00000003: 463713268-463714731: -	Frame=0	OriID=Ebr03G056680.1	OriTrascriptID=Ebr03G056680.1	transl_table=1	OriGeneID=Ebr03G056680	OriSeqID=Chr03,487,487,1152,487x1152,float16,embeddings/c59d6ce047054753c21b6b76b4afe10a8b89db6447fffd5391e6dcaf15e9b800.pt,/data/jnz/esmc-600m/data/weights/esmc_600m_2024_12_v0.pth,ok,
d536097c4cf724973b30bd22ad1442f13e6f3e8599dcd5e7325d028592c4f65a,,"GWHPBECS020861	mRNA=GWHTBECS020870	Gene=GWHGBECS020870	Position=GWHBECS00000003: 464745092-464745187, 464745264-464745398, 464745487-464745807, 464745901-464746236: -	Frame=0	OriID=Ebr03G056800.1	OriTrascriptID=Ebr03G056800.1	transl_table=1	OriGeneID=Ebr03G056800	OriSeqID=Chr03",295,295,1152,295x1152,float16,embeddings/d536097c4cf724973b30bd22ad1442f13e6f3e8599dcd5e7325d028592c4f65a.pt,/data/jnz/esmc-600m/data/weights/esmc_600m_2024_12_v0.pth,ok,
8eb84b5e4b8995308f1deccc8dd6e61cd36d3b1cc9d4273797f50fc44693e41d,,"GWHPBECS020868	mRNA=GWHTBECS020877	Gene=GWHGBECS020877	Position=GWHBECS00000003: 465191691-465191912, 465191989-465192123, 465192202-465192522, 465192614-465192949: -	Frame=0	OriID=Ebr03G056870.1	OriTrascriptID=Ebr03G056870.1	transl_table=1	OriGeneID=Ebr03G056870	OriSeqID=Chr03",337,337,1152,337x1152,float16,embeddings/8eb84b5e4b8995308f1deccc8dd6e61cd36d3b1cc9d4273797f50fc44693e41d.pt,/data/jnz/esmc-600m/data/weights/esmc_600m_2024_12_v0.pth,ok,
0c64add7616c0707760205b8ec59636f10be70ddb1535ae0622ab5c932ebea38,,"GWHPBECS020969	mRNA=GWHTBECS020978	Gene=GWHGBECS020978	Position=GWHBECS00000003: 473629974-473630208, 473630289-473630389, 473630475-473630683, 473630770-473631178: +	Frame=0	OriID=Ebr03G057880.1	OriTrascriptID=Ebr03G057880.1	transl_table=1	OriGeneID=Ebr03G057880	OriSeqID=Chr03",317,317,1152,317x1152,float16,embeddings/0c64add7616c0707760205b8ec59636f10be70ddb1535ae0622ab5c932ebea38.pt,/data/jnz/esmc-600m/data/weights/esmc_600m_2024_12_v0.pth,ok,
f6ab6b426adffdd2e9d3b44ec33229208d22231608b7e5bc800c253a0005eb95,,"GWHPBECS021043	mRNA=GWHTBECS021052	Gene=GWHGBECS021052	Position=GWHBECS00000003: 479033688-479034293, 479034459-479034567, 479034598-479034767, 479034906-479035226, 479035314-479035889: +	Frame=0	OriID=Ebr03G058620.1	OriTrascriptID=Ebr03G058620.1	transl_table=1	OriGeneID=Ebr03G058620	OriSeqID=Chr03",593,593,1152,593x1152,float16,embeddings/f6ab6b426adffdd2e9d3b44ec33229208d22231608b7e5bc800c253a0005eb95.pt,/data/jnz/esmc-600m/data/weights/esmc_600m_2024_12_v0.pth,ok,
cbea2ee34ce03c3ee9357b339e53b00e8e72efb934d62ef6bba496d637361876,,"GWHPBECS021044	mRNA=GWHTBECS021053	Gene=GWHGBECS021053	Position=GWHBECS00000003: 479085555-479086169, 479086338-479086646, 479086732-479087139, 479087230-479087407, 479087464-479087738, 479087933-479088001, 479089478-479089501: +	Frame=0	OriID=Ebr03G058630.1	OriTrascriptID=Ebr03G058630.1	transl_table=1	OriGeneID=Ebr03G058630	OriSeqID=Chr03",625,625,1152,625x1152,float16,embeddings/cbea2ee34ce03c3ee9357b339e53b00e8e72efb934d62ef6bba496d637361876.pt,/data/jnz/esmc-600m/data/weights/esmc_600m_2024_12_v0.pth,ok,
02cb2e35591f83bd30a180f7ad54c54e4b51b18d61e7458f3bceb4ad371db914,,"GWHPBECS021046	mRNA=GWHTBECS021055	Gene=GWHGBECS021055	Position=GWHBECS00000003: 479218244-479218822, 479218988-479219096, 479219127-479219296, 479219492-479220171, 479220315-479220417: +	Frame=0	OriID=Ebr03G058650.1	OriTrascriptID=Ebr03G058650.1	transl_table=1	OriGeneID=Ebr03G058650	OriSeqID=Chr03",546,546,1152,546x1152,float16,embeddings/02cb2e35591f83bd30a180f7ad54c54e4b51b18d61e7458f3bceb4ad371db914.pt,/data/jnz/esmc-600m/data/weights/esmc_600m_2024_12_v0.pth,ok,
790aac7cb10e6f9676ef3d149dfe1d8756233312600603f1f5641c598a3908c7,,"GWHPBECS021047	mRNA=GWHTBECS021056	Gene=GWHGBECS021056	Position=GWHBECS00000003: 479292621-479292693, 479292806-479292892, 479292933-479293234, 479293647-479293955, 479294041-479294448, 479294532-479295122: +	Frame=0	OriID=Ebr03G058660.1	OriTrascriptID=Ebr03G058660.1	transl_table=1	OriGeneID=Ebr03G058660	OriSeqID=Chr03",589,589,1152,589x1152,float16,embeddings/790aac7cb10e6f9676ef3d149dfe1d8756233312600603f1f5641c598a3908c7.pt,/data/jnz/esmc-600m/data/weights/esmc_600m_2024_12_v0.pth,ok,
3416ac4feeb87c61e41ab844586a854feae4402e42a57080d1b48c759ffccd15,,"GWHPBECS021103	mRNA=GWHTBECS021112	Gene=GWHGBECS021112	Position=GWHBECS00000003: 484093081-484093278, 484093314-484093523, 484093571-484093726, 484101216-484101803: +	Frame=0	OriID=Ebr03G059220.1	OriTrascriptID=Ebr03G059220.1	transl_table=1	OriGeneID=Ebr03G059220	OriSeqID=Chr03",383,383,1152,383x1152,float16,embeddings/3416ac4feeb87c61e41ab844586a854feae4402e42a57080d1b48c759ffccd15.pt,/data/jnz/esmc-600m/data/weights/esmc_600m_2024_12_v0.pth,ok,
7e7500d73e2dc3db8bd0c8d729cbe5e27a652d955a4525dc2e735153e5bccb59,,"GWHPBECS021126	mRNA=GWHTBECS021135	Gene=GWHGBECS021135	Position=GWHBECS00000003: 486503086-486503752, 486503785-486504020, 486504057-486504161: +	Frame=0	OriID=Ebr03G059450.1	OriTrascriptID=Ebr03G059450.1	transl_table=1	OriGeneID=Ebr03G059450	OriSeqID=Chr03",335,335,1152,335x1152,float16,embeddings/7e7500d73e2dc3db8bd0c8d729cbe5e27a652d955a4525dc2e735153e5bccb59.pt,/data/jnz/esmc-600m/data/weights/esmc_600m_2024_12_v0.pth,ok,
0f2ab4118127988fcd26fa80df94f6b3923caf14437c255049d743a73abbdd07,,"GWHPBECS021172	mRNA=GWHTBECS021181	Gene=GWHGBECS021181	Position=GWHBECS00000003: 490452892-490453122, 490453875-490454060, 490454192-490454242, 490454338-490455135, 490457705-490457934, 490458014-490458126, 490458669-490458752, 490458866-490458981, 490459070-490459189, 490459280-490459391, 490459514-490459703, 490473427-490473495, 490473567-490473692, 490473807-490473916, 490474366-490474517, 490474604-490474727, 490474842-490474936, 490475039-490475162, 490493097-490493257, 490493335-490493399, 490493508-490493607, 490493728-490493850, 490494221-490494307, 490494421-490494470, 490494637-490494718, 490494807-490494867, 490494985-490495037, 490501954-490502288, 490502448-490502562, 490502651-490502776, 490502848-490502929, 490503016-490503092, 490503178-490503315, 490503435-490503561, 490503689-490503780, 490505342-490505434, 490505537-490505665, 490505758-490505868, 490505970-490506066, 490506155-490506276, 490506473-490506573, 490509787-490509892, 490558704-490558946, 490559120-490559419: -	Frame=0	OriID=Ebr03G059910.1	OriTrascriptID=Ebr03G059910.1	transl_table=1	OriGeneID=Ebr03G059910	OriSeqID=Chr03",2068,2068,1152,2068x1152,float16,embeddings/0f2ab4118127988fcd26fa80df94f6b3923caf14437c255049d743a73abbdd07.pt,/data/jnz/esmc-600m/data/weights/esmc_600m_2024_12_v0.pth,ok,
781fb1d287d4924c7b32ca6bce919856c2f2e1beb61df4793a296fdfc6d04bc3,,GWHPBECS021183	mRNA=GWHTBECS021192	Gene=GWHGBECS021192	Position=GWHBECS00000003: 491689522-491690604: -	Frame=0	OriID=Ebr03G060020.1	OriTrascriptID=Ebr03G060020.1	transl_table=1	OriGeneID=Ebr03G060020	OriSeqID=Chr03,360,360,1152,360x1152,float16,embeddings/781fb1d287d4924c7b32ca6bce919856c2f2e1beb61df4793a296fdfc6d04bc3.pt,/data/jnz/esmc-600m/data/weights/esmc_600m_2024_12_v0.pth,ok,
230d338f3d0ae16a23d794c418614ac21f4c74958a8c24c880ba060149541274,,GWHPBECS021199	mRNA=GWHTBECS021208	Gene=GWHGBECS021208	Position=GWHBECS00000003: 493368993-493370807: +	Frame=0	OriID=Ebr03G060180.1	OriTrascriptID=Ebr03G060180.1	transl_table=1	OriGeneID=Ebr03G060180	OriSeqID=Chr03,604,604,1152,604x1152,float16,embeddings/230d338f3d0ae16a23d794c418614ac21f4c74958a8c24c880ba060149541274.pt,/data/jnz/esmc-600m/data/weights/esmc_600m_2024_12_v0.pth,ok,
1938917fba3912ce947ed37c62072011318a532bb9bf22769bd08824d76464d2,,"GWHPBECS021247	mRNA=GWHTBECS021256	Gene=GWHGBECS021256	Position=GWHBECS00000003: 497170470-497171328, 497171588-497171820, 497171930-497172220, 497172309-497172437, 497172522-497172695, 497173435-497173565, 497173650-497173803: +	Frame=0	OriID=Ebr03G060660.1	OriTrascriptID=Ebr03G060660.1	transl_table=1	OriGeneID=Ebr03G060660	OriSeqID=Chr03",656,656,1152,656x1152,float16,embeddings/1938917fba3912ce947ed37c62072011318a532bb9bf22769bd08824d76464d2.pt,/data/jnz/esmc-600m/data/weights/esmc_600m_2024_12_v0.pth,ok,
cef8b2584f6e1ee3dd4e2b05505b84b1a21e6176056caeb82114c73beafe2ba5,,"GWHPBECS021270	mRNA=GWHTBECS021279	Gene=GWHGBECS021279	Position=GWHBECS00000003: 498311312-498311903, 498311995-498312070, 498312159-498312274, 498345829-498346343: +	Frame=0	OriID=Ebr03G060890.1	OriTrascriptID=Ebr03G060890.1	transl_table=1	OriGeneID=Ebr03G060890	OriSeqID=Chr03",432,432,1152,432x1152,float16,embeddings/cef8b2584f6e1ee3dd4e2b05505b84b1a21e6176056caeb82114c73beafe2ba5.pt,/data/jnz/esmc-600m/data/weights/esmc_600m_2024_12_v0.pth,ok,
7972836804a836f7cee885ab99bf928c04cc33135a6d395dcc65f2a8368dbfe5,,"GWHPBECS021326	mRNA=GWHTBECS021335	Gene=GWHGBECS021335	Position=GWHBECS00000003: 502057570-502058139, 502082511-502082684, 502095983-502096456: -	Frame=0	OriID=Ebr03G061450.1	OriTrascriptID=Ebr03G061450.1	transl_table=1	OriGeneID=Ebr03G061450	OriSeqID=Chr03",405,405,1152,405x1152,float16,embeddings/7972836804a836f7cee885ab99bf928c04cc33135a6d395dcc65f2a8368dbfe5.pt,/data/jnz/esmc-600m/data/weights/esmc_600m_2024_12_v0.pth,ok,
5d2f4efaafb34c1288101a055e274ce8a042ba543fdd8ed6cd3ce28ce802e31a,,"GWHPBECS021413	mRNA=GWHTBECS021422	Gene=GWHGBECS021422	Position=GWHBECS00000003: 511331332-511331661, 511333040-511333109, 511333203-511333246, 511333353-511333428, 511333558-511333635, 511333723-511333810, 511333913-511334162, 511334244-511334359, 511338126-511338346, 511338451-511338482, 511339068-511339173, 511340147-511340255, 511340365-511340530: +	Frame=0	OriID=Ebr03G062320.1	OriTrascriptID=Ebr03G062320.1	transl_table=1	OriGeneID=Ebr03G062320	OriSeqID=Chr03",561,561,1152,561x1152,float16,embeddings/5d2f4efaafb34c1288101a055e274ce8a042ba543fdd8ed6cd3ce28ce802e31a.pt,/data/jnz/esmc-600m/data/weights/esmc_600m_2024_12_v0.pth,ok,
33e6992b6bf4a059c3a1ddd182b470c3ccccc2e7636c6979dbd3eaff1371b1dc,,"GWHPBECS021414	mRNA=GWHTBECS021423	Gene=GWHGBECS021423	Position=GWHBECS00000003: 511536580-511536734, 511536909-511537212: +	Frame=0	OriID=Ebr03G062330.1	OriTrascriptID=Ebr03G062330.1	transl_table=1	OriGeneID=Ebr03G062330	OriSeqID=Chr03",152,152,1152,152x1152,float16,embeddings/33e6992b6bf4a059c3a1ddd182b470c3ccccc2e7636c6979dbd3eaff1371b1dc.pt,/data/jnz/esmc-600m/data/weights/esmc_600m_2024_12_v0.pth,ok,
4f2db8e586d88dfb66f23a84ed5fba818967d316dc0bae46bf6a797ab5ccb0cc,,"GWHPBECS021416	mRNA=GWHTBECS021425	Gene=GWHGBECS021425	Position=GWHBECS00000003: 511797065-511797394, 511798830-511798899, 511799000-511799043, 511799158-511799233, 511799329-511799406, 511799485-511799572, 511799674-511799923, 511800007-511800122, 511800258-511800478, 511800583-511800614, 511800875-511800980, 511801409-511801517, 511801628-511801793: +	Frame=0	OriID=Ebr03G062350.1	OriTrascriptID=Ebr03G062350.1	transl_table=1	OriGeneID=Ebr03G062350	OriSeqID=Chr03",561,561,1152,561x1152,float16,embeddings/4f2db8e586d88dfb66f23a84ed5fba818967d316dc0bae46bf6a797ab5ccb0cc.pt,/data/jnz/esmc-600m/data/weights/esmc_600m_2024_12_v0.pth,ok,
41deea27d5a23c105f05bce427f643ce4cec40b2b59b44dd539f915ac33d74b8,,"GWHPBECS021419	mRNA=GWHTBECS021428	Gene=GWHGBECS021428	Position=GWHBECS00000003: 511972967-511973296, 511975652-511975721, 511975815-511975858, 511975972-511976047, 511976143-511976220, 511976299-511976386, 511976468-511976717, 511976800-511976915, 511977154-511977374, 511977479-511977510, 511978378-511978483, 511978929-511979037, 511979147-511979312: +	Frame=0	OriID=Ebr03G062380.1	OriTrascriptID=Ebr03G062380.1	transl_table=1	OriGeneID=Ebr03G062380	OriSeqID=Chr03",561,561,1152,561x1152,float16,embeddings/41deea27d5a23c105f05bce427f643ce4cec40b2b59b44dd539f915ac33d74b8.pt,/data/jnz/esmc-600m/data/weights/esmc_600m_2024_12_v0.pth,ok,
08833b36e41ba6bf4e35a7ffcb3026f9f178432fc76c95bbe96b5146c8338d86,,"GWHPBECS021492	mRNA=GWHTBECS021501	Gene=GWHGBECS021501	Position=GWHBECS00000003: 521688670-521688840, 521689193-521689524, 521692066-521692231: -	Frame=0	OriID=Ebr03G063110.1	OriTrascriptID=Ebr03G063110.1	transl_table=1	OriGeneID=Ebr03G063110	OriSeqID=Chr03",222,222,1152,222x1152,float16,embeddings/08833b36e41ba6bf4e35a7ffcb3026f9f178432fc76c95bbe96b5146c8338d86.pt,/data/jnz/esmc-600m/data/weights/esmc_600m_2024_12_v0.pth,ok,
f33d41254729fa6e8afbad252dd37ad61c686fe0e267510ef4d3bb66eebe4ceb,,"GWHPBECS021603	mRNA=GWHTBECS021612	Gene=GWHGBECS021612	Position=GWHBECS00000003: 530479735-530479778, 530501392-530502355: -	Frame=0	OriID=Ebr03G064220.1	OriTrascriptID=Ebr03G064220.1	transl_table=1	OriGeneID=Ebr03G064220	OriSeqID=Chr03",335,335,1152,335x1152,float16,embeddings/f33d41254729fa6e8afbad252dd37ad61c686fe0e267510ef4d3bb66eebe4ceb.pt,/data/jnz/esmc-600m/data/weights/esmc_600m_2024_12_v0.pth,ok,
ea65fd238f5fb7038011a19ea6d7e3c609ae5c6ee8be97132e4f16d2f62475be,,"GWHPBECS021642	mRNA=GWHTBECS021651	Gene=GWHGBECS021651	Position=GWHBECS00000003: 533370420-533370629, 533410462-533410641, 533421488-533421616, 533440980-533441261, 533441354-533441586, 533459010-533459778: -	Frame=0	OriID=Ebr03G064610.1	OriTrascriptID=Ebr03G064610.1	transl_table=1	OriGeneID=Ebr03G064610	OriSeqID=Chr03",600,600,1152,600x1152,float16,embeddings/ea65fd238f5fb7038011a19ea6d7e3c609ae5c6ee8be97132e4f16d2f62475be.pt,/data/jnz/esmc-600m/data/weights/esmc_600m_2024_12_v0.pth,ok,
c91e7a4baac38639888826f90e71608315ac1327818b2407ce7cd53e60651b01,,"GWHPBECS021647	mRNA=GWHTBECS021656	Gene=GWHGBECS021656	Position=GWHBECS00000003: 533626101-533626469, 533652323-533652860, 533653354-533653418, 533690532-533690609, 533690701-533690811, 533691359-533691403, 533698125-533698298, 533699308-533700264: +	Frame=0	OriID=Ebr03G064660.1	OriTrascriptID=Ebr03G064660.1	transl_table=1	OriGeneID=Ebr03G064660	OriSeqID=Chr03",778,778,1152,778x1152,float16,embeddings/c91e7a4baac38639888826f90e71608315ac1327818b2407ce7cd53e60651b01.pt,/data/jnz/esmc-600m/data/weights/esmc_600m_2024_12_v0.pth,ok,
b868f85ac1b347a03333ec0c8fa8409d6b45ec59230b9f999c167cceca345873,,"GWHPBECS021652	mRNA=GWHTBECS021661	Gene=GWHGBECS021661	Position=GWHBECS00000003: 533874429-533874872, 533875862-533876506: +	Frame=0	OriID=Ebr03G064710.1	OriTrascriptID=Ebr03G064710.1	transl_table=1	OriGeneID=Ebr03G064710	OriSeqID=Chr03",362,362,1152,362x1152,float16,embeddings/b868f85ac1b347a03333ec0c8fa8409d6b45ec59230b9f999c167cceca345873.pt,/data/jnz/esmc-600m/data/weights/esmc_600m_2024_12_v0.pth,ok,
be87de8e2cdc240b3a8382579499cfa1e626240d7490f911897ec82c662b1126,,"GWHPBECS021692	mRNA=GWHTBECS021701	Gene=GWHGBECS021701	Position=GWHBECS00000003: 536527261-536527917, 536528010-536528253, 536529607-536529771, 536539203-536539678, 536543149-536543349, 536543439-536543682, 536544541-536544711, 536552362-536552672: -	Frame=0	OriID=Ebr03G065110.1	OriTrascriptID=Ebr03G065110.1	transl_table=1	OriGeneID=Ebr03G065110	OriSeqID=Chr03",822,822,1152,822x1152,float16,embeddings/be87de8e2cdc240b3a8382579499cfa1e626240d7490f911897ec82c662b1126.pt,/data/jnz/esmc-600m/data/weights/esmc_600m_2024_12_v0.pth,ok,
8e73d5921513f85d3b9381f5ed126f2be7ebf31482aba8d2e938e91b161565bb,,"GWHPBECS021742	mRNA=GWHTBECS021751	Gene=GWHGBECS021751	Position=GWHBECS00000003: 540055478-540055564, 540055959-540056035, 540057277-540057322, 540058742-540058837, 540060794-540060826, 540061954-540062442, 540062502-540062583, 540062946-540063136: -	Frame=0	OriID=Ebr03G065610.1	OriTrascriptID=Ebr03G065610.1	transl_table=1	OriGeneID=Ebr03G065610	OriSeqID=Chr03",366,366,1152,366x1152,float16,embeddings/8e73d5921513f85d3b9381f5ed126f2be7ebf31482aba8d2e938e91b161565bb.pt,/data/jnz/esmc-600m/data/weights/esmc_600m_2024_12_v0.pth,ok,
95e28f2b0a5ba3998b551d1518293f873158e6a322f81f3d570791faa9f4a1cb,,"GWHPBECS021876	mRNA=GWHTBECS021885	Gene=GWHGBECS021885	Position=GWHBECS00000003: 551689158-551689407, 551689805-551689913, 551690419-551690521, 551690613-551690644, 551690798-551691018, 551691110-551691225, 551691296-551691545, 551691620-551691707, 551692285-551692362, 551692490-551692565, 551692797-551692840, 551692929-551692998, 551693465-551693794: -	Frame=0	OriID=Ebr03G066950.1	OriTrascriptID=Ebr03G066950.1	transl_table=1	OriGeneID=Ebr03G066950	OriSeqID=Chr03",588,588,1152,588x1152,float16,embeddings/95e28f2b0a5ba3998b551d1518293f873158e6a322f81f3d570791faa9f4a1cb.pt,/data/jnz/esmc-600m/data/weights/esmc_600m_2024_12_v0.pth,ok,
5ca3c4d498e52f87f524719aa8ee5e36a546e96a217e06c5013960d67d3fd9c9,,"GWHPBECS021880	mRNA=GWHTBECS021889	Gene=GWHGBECS021889	Position=GWHBECS00000003: 552106603-552106614, 552106852-552106927, 552107016-552107093, 552107184-552107271, 552107344-552107611, 552107692-552107807, 552107901-552108121, 552108231-552108262, 552108372-552108477, 552109107-552109215, 552116397-552116562: +	Frame=0	OriID=Ebr03G066990.1	OriTrascriptID=Ebr03G066990.1	transl_table=1	OriGeneID=Ebr03G066990	OriSeqID=Chr03",423,423,1152,423x1152,float16,embeddings/5ca3c4d498e52f87f524719aa8ee5e36a546e96a217e06c5013960d67d3fd9c9.pt,/data/jnz/esmc-600m/data/weights/esmc_600m_2024_12_v0.pth,ok,
d1512798bfa390bb18b5b88983b93079d98d7bc8627d32b49955e434e31d08df,,"GWHPBECS021881	mRNA=GWHTBECS021890	Gene=GWHGBECS021890	Position=GWHBECS00000003: 552170845-552171168, 552171869-552171938, 552172032-552172075, 552172176-552172251, 552172340-552172417, 552172508-552172595, 552172686-552172935, 552173019-552173134, 552173228-552173448, 552173558-552173842, 552174469-552174577, 552174670-552174835: +	Frame=0	OriID=Ebr03G067000.1	OriTrascriptID=Ebr03G067000.1	transl_table=1	OriGeneID=Ebr03G067000	OriSeqID=Chr03",608,608,1152,608x1152,float16,embeddings/d1512798bfa390bb18b5b88983b93079d98d7bc8627d32b49955e434e31d08df.pt,/data/jnz/esmc-600m/data/weights/esmc_600m_2024_12_v0.pth,ok,
23d299904fc21792d8949c29ee9185eee85756b1538ed98ee014debe6c13b177,,"GWHPBECS021989	mRNA=GWHTBECS021998	Gene=GWHGBECS021998	Position=GWHBECS00000003: 563000579-563001280, 563001360-563002094: +	Frame=0	OriID=Ebr03G068080.1	OriTrascriptID=Ebr03G068080.1	transl_table=1	OriGeneID=Ebr03G068080	OriSeqID=Chr03",478,478,1152,478x1152,float16,embeddings/23d299904fc21792d8949c29ee9185eee85756b1538ed98ee014debe6c13b177.pt,/data/jnz/esmc-600m/data/weights/esmc_600m_2024_12_v0.pth,ok,
9f9a10164711b17dd53f3f3d49811f21ed8e0b04be52f87429d0befbbcf464f4,,"GWHPBECS021990	mRNA=GWHTBECS021999	Gene=GWHGBECS021999	Position=GWHBECS00000003: 563014027-563014677, 563014757-563015413: +	Frame=0	OriID=Ebr03G068090.1	OriTrascriptID=Ebr03G068090.1	transl_table=1	OriGeneID=Ebr03G068090	OriSeqID=Chr03",435,435,1152,435x1152,float16,embeddings/9f9a10164711b17dd53f3f3d49811f21ed8e0b04be52f87429d0befbbcf464f4.pt,/data/jnz/esmc-600m/data/weights/esmc_600m_2024_12_v0.pth,ok,
51de63c9005fd83b07459d2c847f4f108d05cd778a9c8f2533408612e25b9e1c,,"GWHPBECS022048	mRNA=GWHTBECS022057	Gene=GWHGBECS022057	Position=GWHBECS00000003: 567531312-567531433, 567532866-567532996, 567534113-567534266, 567535351-567535482, 567535579-567535919, 567536007-567536113: -	Frame=0	OriID=Ebr03G068670.1	OriTrascriptID=Ebr03G068670.1	transl_table=1	OriGeneID=Ebr03G068670	OriSeqID=Chr03",328,328,1152,328x1152,float16,embeddings/51de63c9005fd83b07459d2c847f4f108d05cd778a9c8f2533408612e25b9e1c.pt,/data/jnz/esmc-600m/data/weights/esmc_600m_2024_12_v0.pth,ok,
3939ae4a9f6092f28cead22d9c8ebea6a60826e4f14fe48124e3a25c6cdea839,,"GWHPBECS022280	mRNA=GWHTBECS022289	Gene=GWHGBECS022289	Position=GWHBECS00000003: 586593754-586593922, 586594087-586594187, 586594270-586594463, 586594547-586594931: +	Frame=0	OriID=Ebr03G070990.1	OriTrascriptID=Ebr03G070990.1	transl_table=1	OriGeneID=Ebr03G070990	OriSeqID=Chr03",282,282,1152,282x1152,float16,embeddings/3939ae4a9f6092f28cead22d9c8ebea6a60826e4f14fe48124e3a25c6cdea839.pt,/data/jnz/esmc-600m/data/weights/esmc_600m_2024_12_v0.pth,ok,
9a5a9fdfd2ef09ff100641ac9d891e50a5b093efea2dab144c9a3089f41cb31d,,"GWHPBECS022298	mRNA=GWHTBECS022307	Gene=GWHGBECS022307	Position=GWHBECS00000003: 588520564-588520716, 588520819-588521047, 588521128-588521801: -	Frame=0	OriID=Ebr03G071170.1	OriTrascriptID=Ebr03G071170.1	transl_table=1	OriGeneID=Ebr03G071170	OriSeqID=Chr03",351,351,1152,351x1152,float16,embeddings/9a5a9fdfd2ef09ff100641ac9d891e50a5b093efea2dab144c9a3089f41cb31d.pt,/data/jnz/esmc-600m/data/weights/esmc_600m_2024_12_v0.pth,ok,
fd1b3a66cc4ce6fd91d95439cdae8575dac22c234c01a3ed3fae6bafbda9220d,,"GWHPBECS022375	mRNA=GWHTBECS022384	Gene=GWHGBECS022384	Position=GWHBECS00000003: 595023502-595024415, 595055300-595055783: +	Frame=0	OriID=Ebr03G071940.1	OriTrascriptID=Ebr03G071940.1	transl_table=1	OriGeneID=Ebr03G071940	OriSeqID=Chr03",465,465,1152,465x1152,float16,embeddings/fd1b3a66cc4ce6fd91d95439cdae8575dac22c234c01a3ed3fae6bafbda9220d.pt,/data/jnz/esmc-600m/data/weights/esmc_600m_2024_12_v0.pth,ok,
6bb8961f02e348393549e37dc6ca3de1116730176e3f03503b1b23bb3c2857cf,,"GWHPBECS022421	mRNA=GWHTBECS022430	Gene=GWHGBECS022430	Position=GWHBECS00000003: 598404827-598405226, 598405591-598405784, 598405903-598406003, 598406081-598406267: -	Frame=0	OriID=Ebr03G072400.1	OriTrascriptID=Ebr03G072400.1	transl_table=1	OriGeneID=Ebr03G072400	OriSeqID=Chr03",293,293,1152,293x1152,float16,embeddings/6bb8961f02e348393549e37dc6ca3de1116730176e3f03503b1b23bb3c2857cf.pt,/data/jnz/esmc-600m/data/weights/esmc_600m_2024_12_v0.pth,ok,
a1d36cf59fe3348ae9a7d53ee328babe3fd52f3686825f1c8a796ffaad03fd84,,"GWHPBECS022470	mRNA=GWHTBECS022479	Gene=GWHGBECS022479	Position=GWHBECS00000003: 601542877-601544133, 601548993-601549058, 601550900-601550992: +	Frame=0	OriID=Ebr03G072890.1	OriTrascriptID=Ebr03G072890.1	transl_table=1	OriGeneID=Ebr03G072890	OriSeqID=Chr03",471,471,1152,471x1152,float16,embeddings/a1d36cf59fe3348ae9a7d53ee328babe3fd52f3686825f1c8a796ffaad03fd84.pt,/data/jnz/esmc-600m/data/weights/esmc_600m_2024_12_v0.pth,ok,
66ee2418773f3cd86e15673cf5391dccadfe7730a244211132b0cd66757e466c,,"GWHPBECS022523	mRNA=GWHTBECS022532	Gene=GWHGBECS022532	Position=GWHBECS00000003: 606742716-606743381, 606757570-606757719, 606771297-606772019: +	Frame=0	OriID=Ebr03G073420.1	OriTrascriptID=Ebr03G073420.1	transl_table=1	OriGeneID=Ebr03G073420	OriSeqID=Chr03",512,512,1152,512x1152,float16,embeddings/66ee2418773f3cd86e15673cf5391dccadfe7730a244211132b0cd66757e466c.pt,/data/jnz/esmc-600m/data/weights/esmc_600m_2024_12_v0.pth,ok,
27a3fc8b8be3f2aba91fcb01ee1bcd7db6239fa3eae4e80e90d357b8ef58e553,,"GWHPBECS022574	mRNA=GWHTBECS022583	Gene=GWHGBECS022583	Position=GWHBECS00000003: 611355724-611355846, 611357503-611357886, 611358134-611358382: +	Frame=0	OriID=Ebr03G073930.1	OriTrascriptID=Ebr03G073930.1	transl_table=1	OriGeneID=Ebr03G073930	OriSeqID=Chr03",251,251,1152,251x1152,float16,embeddings/27a3fc8b8be3f2aba91fcb01ee1bcd7db6239fa3eae4e80e90d357b8ef58e553.pt,/data/jnz/esmc-600m/data/weights/esmc_600m_2024_12_v0.pth,ok,
d719ebe458b7c342d5fd55c73fc3d20d83c53699272fe363bf64edf3fd5a2916,,"GWHPBECS022626	mRNA=GWHTBECS022635	Gene=GWHGBECS022635	Position=GWHBECS00000003: 615098439-615098637, 615098738-615098846, 615098975-615099077, 615099296-615099548, 615099973-615100088, 615100482-615100734, 615100825-615100912, 615101079-615101153, 615101237-615101312, 615101419-615101477, 615101561-615101657: -	Frame=0	OriID=Ebr03G074450.1	OriTrascriptID=Ebr03G074450.1	transl_table=1	OriGeneID=Ebr03G074450	OriSeqID=Chr03",475,475,1152,475x1152,float16,embeddings/d719ebe458b7c342d5fd55c73fc3d20d83c53699272fe363bf64edf3fd5a2916.pt,/data/jnz/esmc-600m/data/weights/esmc_600m_2024_12_v0.pth,ok,
71d6718b168780d387fda3df31a5700cc72aa3f510a74ac39295b2ed19e9acfa,,"GWHPBECS022627	mRNA=GWHTBECS022636	Gene=GWHGBECS022636	Position=GWHBECS00000003: 615121785-615121995, 615122079-615122137, 615122244-615122319, 615122644-615122731, 615122822-615123074, 615123474-615123589, 615124013-615124265, 615124484-615124586, 615124714-615124822, 615124924-615125155: +	Frame=0	OriID=Ebr03G074460.1	OriTrascriptID=Ebr03G074460.1	transl_table=1	OriGeneID=Ebr03G074460	OriSeqID=Chr03",499,499,1152,499x1152,float16,embeddings/71d6718b168780d387fda3df31a5700cc72aa3f510a74ac39295b2ed19e9acfa.pt,/data/jnz/esmc-600m/data/weights/esmc_600m_2024_12_v0.pth,ok,
93ed19a8c4f0b9aafcc8e42e5ecedf0323c029999c2553e7d1a923a9120b8de4,,"GWHPBECS022638	mRNA=GWHTBECS022647	Gene=GWHGBECS022647	Position=GWHBECS00000004: 1121820-1122049, 1125533-1125881, 1125956-1126618: +	Frame=0	OriID=Ebr04G000110.1	OriTrascriptID=Ebr04G000110.1	transl_table=1	OriGeneID=Ebr04G000110	OriSeqID=Chr04",413,413,1152,413x1152,float16,embeddings/93ed19a8c4f0b9aafcc8e42e5ecedf0323c029999c2553e7d1a923a9120b8de4.pt,/data/jnz/esmc-600m/data/weights/esmc_600m_2024_12_v0.pth,ok,
fcb8847dd7a59b1032b7f06b544483119269013af56e6bfcb672f87a6ff2675b,,"GWHPBECS022639	mRNA=GWHTBECS022648	Gene=GWHGBECS022648	Position=GWHBECS00000004: 1136481-1136713, 1137136-1137484, 1137572-1138234: +	Frame=0	OriID=Ebr04G000120.1	OriTrascriptID=Ebr04G000120.1	transl_table=1	OriGeneID=Ebr04G000120	OriSeqID=Chr04",414,414,1152,414x1152,float16,embeddings/fcb8847dd7a59b1032b7f06b544483119269013af56e6bfcb672f87a6ff2675b.pt,/data/jnz/esmc-600m/data/weights/esmc_600m_2024_12_v0.pth,ok,
bfe4ac844d6479eceb1da0db3121db9cac09576effb425f63847c274aed0c02f,,"GWHPBECS022937	mRNA=GWHTBECS022946	Gene=GWHGBECS022946	Position=GWHBECS00000004: 17412759-17412954, 17413048-17413148, 17413765-17413973, 17414053-17414590: +	Frame=0	OriID=Ebr04G003100.1	OriTrascriptID=Ebr04G003100.1	transl_table=1	OriGeneID=Ebr04G003100	OriSeqID=Chr04",347,347,1152,347x1152,float16,embeddings/bfe4ac844d6479eceb1da0db3121db9cac09576effb425f63847c274aed0c02f.pt,/data/jnz/esmc-600m/data/weights/esmc_600m_2024_12_v0.pth,ok,
775a35fc9807282b4ac8652e0eca2f44c9542d978daf1abf1e1eac630182e353,,"GWHPBECS022939	mRNA=GWHTBECS022948	Gene=GWHGBECS022948	Position=GWHBECS00000004: 17462891-17464648, 17465140-17465947, 17467159-17467418: -	Frame=0	OriID=Ebr04G003120.1	OriTrascriptID=Ebr04G003120.1	transl_table=1	OriGeneID=Ebr04G003120	OriSeqID=Chr04",941,941,1152,941x1152,float16,embeddings/775a35fc9807282b4ac8652e0eca2f44c9542d978daf1abf1e1eac630182e353.pt,/data/jnz/esmc-600m/data/weights/esmc_600m_2024_12_v0.pth,ok,
8686af9b12496600e5f8f7e2bcf12fcff88d2d7c929b09096add3accc8d3a7b7,,"GWHPBECS023034	mRNA=GWHTBECS023043	Gene=GWHGBECS023043	Position=GWHBECS00000004: 24733235-24735228, 24735762-24736035, 24748488-24748796: +	Frame=0	OriID=Ebr04G004070.1	OriTrascriptID=Ebr04G004070.1	transl_table=1	OriGeneID=Ebr04G004070	OriSeqID=Chr04",858,858,1152,858x1152,float16,embeddings/8686af9b12496600e5f8f7e2bcf12fcff88d2d7c929b09096add3accc8d3a7b7.pt,/data/jnz/esmc-600m/data/weights/esmc_600m_2024_12_v0.pth,ok,
32f8753b932b02055035bd524b811d13be6f9dc02fa62dce4f652e111a7634b2,,"GWHPBECS023322	mRNA=GWHTBECS023331	Gene=GWHGBECS023331	Position=GWHBECS00000004: 45721285-45721971, 45735088-45735436, 45764041-45764165, 45764281-45764718: -	Frame=0	OriID=Ebr04G006950.1	OriTrascriptID=Ebr04G006950.1	transl_table=1	OriGeneID=Ebr04G006950	OriSeqID=Chr04",532,532,1152,532x1152,float16,embeddings/32f8753b932b02055035bd524b811d13be6f9dc02fa62dce4f652e111a7634b2.pt,/data/jnz/esmc-600m/data/weights/esmc_600m_2024_12_v0.pth,ok,
3a01379c32aae441f3580718af0bbfc83f7c5af9564377a38194fd831ce57e7d,,"GWHPBECS023565	mRNA=GWHTBECS023574	Gene=GWHGBECS023574	Position=GWHBECS00000004: 68526104-68526253, 68526324-68526707, 68529056-68529592: +	Frame=0	OriID=Ebr04G009380.1	OriTrascriptID=Ebr04G009380.1	transl_table=1	OriGeneID=Ebr04G009380	OriSeqID=Chr04",356,356,1152,356x1152,float16,embeddings/3a01379c32aae441f3580718af0bbfc83f7c5af9564377a38194fd831ce57e7d.pt,/data/jnz/esmc-600m/data/weights/esmc_600m_2024_12_v0.pth,ok,
50bfdba870356deefb30db7d3a8e62578a50eabda851b7a10b4585a7753e826a,,"GWHPBECS023593	mRNA=GWHTBECS023602	Gene=GWHGBECS023602	Position=GWHBECS00000004: 70243161-70243417, 70243539-70243704: -	Frame=0	OriID=Ebr04G009660.1	OriTrascriptID=Ebr04G009660.1	transl_table=1	OriGeneID=Ebr04G009660	OriSeqID=Chr04",140,140,1152,140x1152,float16,embeddings/50bfdba870356deefb30db7d3a8e62578a50eabda851b7a10b4585a7753e826a.pt,/data/jnz/esmc-600m/data/weights/esmc_600m_2024_12_v0.pth,ok,
2480a5864b7f1439a0cec184b00173327c6464035abb11031a4ae3dc186764f4,,"GWHPBECS023656	mRNA=GWHTBECS023665	Gene=GWHGBECS023665	Position=GWHBECS00000004: 73672366-73672446, 73672539-73672632, 73674210-73674275, 73674662-73674761, 73686954-73687036, 73687116-73687184, 73689438-73689505, 73689588-73689674, 73702316-73702387, 73719038-73719141, 73741357-73741432, 73757596-73757654, 73775022-73775174, 73818826-73818871, 73818964-73819005, 73837932-73838017, 73839033-73839051: -	Frame=0	OriID=Ebr04G010290.1	OriTrascriptID=Ebr04G010290.1	transl_table=1	OriGeneID=Ebr04G010290	OriSeqID=Chr04",434,434,1152,434x1152,float16,embeddings/2480a5864b7f1439a0cec184b00173327c6464035abb11031a4ae3dc186764f4.pt,/data/jnz/esmc-600m/data/weights/esmc_600m_2024_12_v0.pth,ok,
d75d7ecc9ff7f031b0170a304c3300a140f33342d8dfcbfd0a38a33f71e87e6c,,"GWHPBECS023687	mRNA=GWHTBECS023696	Gene=GWHGBECS023696	Position=GWHBECS00000004: 76118409-76118486, 76119435-76119493, 76119807-76119935, 76119990-76120062, 76120097-76120392, 76120522-76120970, 76121059-76121137, 76121171-76121232, 76121275-76121558: -	Frame=0	OriID=Ebr04G010600.1	OriTrascriptID=Ebr04G010600.1	transl_table=1	OriGeneID=Ebr04G010600	OriSeqID=Chr04",502,502,1152,502x1152,float16,embeddings/d75d7ecc9ff7f031b0170a304c3300a140f33342d8dfcbfd0a38a33f71e87e6c.pt,/data/jnz/esmc-600m/data/weights/esmc_600m_2024_12_v0.pth,ok,
5f4f09baa0542cccd6bd448bc618e0db3d9d3b7364b6779c45a84bd47a61b08b,,"GWHPBECS023795	mRNA=GWHTBECS023804	Gene=GWHGBECS023804	Position=GWHBECS00000004: 84017797-84017828, 84017915-84018254: +	Frame=0	OriID=Ebr04G011680.1	OriTrascriptID=Ebr04G011680.1	transl_table=1	OriGeneID=Ebr04G011680	OriSeqID=Chr04",123,123,1152,123x1152,float16,embeddings/5f4f09baa0542cccd6bd448bc618e0db3d9d3b7364b6779c45a84bd47a61b08b.pt,/data/jnz/esmc-600m/data/weights/esmc_600m_2024_12_v0.pth,ok,
84846c62afd72991c576e68bd0ddc1f01350cc5ab6201d7aa425e58ebb88b99a,,GWHPBECS023832	mRNA=GWHTBECS023841	Gene=GWHGBECS023841	Position=GWHBECS00000004: 85970175-85971605: +	Frame=0	OriID=Ebr04G012050.1	OriTrascriptID=Ebr04G012050.1	transl_table=1	OriGeneID=Ebr04G012050	OriSeqID=Chr04,476,476,1152,476x1152,float16,embeddings/84846c62afd72991c576e68bd0ddc1f01350cc5ab6201d7aa425e58ebb88b99a.pt,/data/jnz/esmc-600m/data/weights/esmc_600m_2024_12_v0.pth,ok,
e22cf7508929f7857e409eaaffed735d4bf952ec05288e2ab468c74cdd3a35bd,,GWHPBECS023836	mRNA=GWHTBECS023845	Gene=GWHGBECS023845	Position=GWHBECS00000004: 86101261-86102652: -	Frame=0	OriID=Ebr04G012090.1	OriTrascriptID=Ebr04G012090.1	transl_table=1	OriGeneID=Ebr04G012090	OriSeqID=Chr04,463,463,1152,463x1152,float16,embeddings/e22cf7508929f7857e409eaaffed735d4bf952ec05288e2ab468c74cdd3a35bd.pt,/data/jnz/esmc-600m/data/weights/esmc_600m_2024_12_v0.pth,ok,
782284d2e5fc4ac35073b72ba5aac1ec1f0f8fef8e8319f3ddc1ae3a0ee8adc6,,"GWHPBECS023837	mRNA=GWHTBECS023846	Gene=GWHGBECS023846	Position=GWHBECS00000004: 86102955-86103495, 86103522-86104351: -	Frame=0	OriID=Ebr04G012100.1	OriTrascriptID=Ebr04G012100.1	transl_table=1	OriGeneID=Ebr04G012100	OriSeqID=Chr04",456,456,1152,456x1152,float16,embeddings/782284d2e5fc4ac35073b72ba5aac1ec1f0f8fef8e8319f3ddc1ae3a0ee8adc6.pt,/data/jnz/esmc-600m/data/weights/esmc_600m_2024_12_v0.pth,ok,
2e5cbff90d70d0e3cc72b6660b5f19cd109628651b14b3c835ef2ff158e99eae,,GWHPBECS023839	mRNA=GWHTBECS023848	Gene=GWHGBECS023848	Position=GWHBECS00000004: 86233896-86234831: +	Frame=0	OriID=Ebr04G012120.1	OriTrascriptID=Ebr04G012120.1	transl_table=1	OriGeneID=Ebr04G012120	OriSeqID=Chr04,311,311,1152,311x1152,float16,embeddings/2e5cbff90d70d0e3cc72b6660b5f19cd109628651b14b3c835ef2ff158e99eae.pt,/data/jnz/esmc-600m/data/weights/esmc_600m_2024_12_v0.pth,ok,
9f4bb94a8f3b714f17f5e619d84407e9957eafa8494a16561a981d438ecd4317,,"GWHPBECS023840	mRNA=GWHTBECS023849	Gene=GWHGBECS023849	Position=GWHBECS00000004: 86330242-86330570, 86330591-86331059: +	Frame=0	OriID=Ebr04G012130.1	OriTrascriptID=Ebr04G012130.1	transl_table=1	OriGeneID=Ebr04G012130	OriSeqID=Chr04",265,265,1152,265x1152,float16,embeddings/9f4bb94a8f3b714f17f5e619d84407e9957eafa8494a16561a981d438ecd4317.pt,/data/jnz/esmc-600m/data/weights/esmc_600m_2024_12_v0.pth,ok,
c1d77ee305468e602e40390e416dda5a478ce84c8a878fcf397c02b3b059143b,,GWHPBECS023843	mRNA=GWHTBECS023852	Gene=GWHGBECS023852	Position=GWHBECS00000004: 86370861-86372297: +	Frame=0	OriID=Ebr04G012160.1	OriTrascriptID=Ebr04G012160.1	transl_table=1	OriGeneID=Ebr04G012160	OriSeqID=Chr04,478,478,1152,478x1152,float16,embeddings/c1d77ee305468e602e40390e416dda5a478ce84c8a878fcf397c02b3b059143b.pt,/data/jnz/esmc-600m/data/weights/esmc_600m_2024_12_v0.pth,ok,
c559a3c2fe4d0b8563a9c8d5cc3484f8c3fc7e42381396d6104c4c03e42fdb11,,GWHPBECS023844	mRNA=GWHTBECS023853	Gene=GWHGBECS023853	Position=GWHBECS00000004: 86440802-86442232: -	Frame=0	OriID=Ebr04G012170.1	OriTrascriptID=Ebr04G012170.1	transl_table=1	OriGeneID=Ebr04G012170	OriSeqID=Chr04,476,476,1152,476x1152,float16,embeddings/c559a3c2fe4d0b8563a9c8d5cc3484f8c3fc7e42381396d6104c4c03e42fdb11.pt,/data/jnz/esmc-600m/data/weights/esmc_600m_2024_12_v0.pth,ok,
7f2611eb1ade745eba676258dcd31af05507d2313f19a9bb978d29c4dbf464a1,,GWHPBECS023845	mRNA=GWHTBECS023854	Gene=GWHGBECS023854	Position=GWHBECS00000004: 86469209-86470597: +	Frame=0	OriID=Ebr04G012180.1	OriTrascriptID=Ebr04G012180.1	transl_table=1	OriGeneID=Ebr04G012180	OriSeqID=Chr04,462,462,1152,462x1152,float16,embeddings/7f2611eb1ade745eba676258dcd31af05507d2313f19a9bb978d29c4dbf464a1.pt,/data/jnz/esmc-600m/data/weights/esmc_600m_2024_12_v0.pth,ok,
e01bce24ca602d787bb861ed83a1dafffca1d120233aced5dfb4ee3ae9e63ecf,,GWHPBECS023846	mRNA=GWHTBECS023855	Gene=GWHGBECS023855	Position=GWHBECS00000004: 86470876-86472267: +	Frame=0	OriID=Ebr04G012190.1	OriTrascriptID=Ebr04G012190.1	transl_table=1	OriGeneID=Ebr04G012190	OriSeqID=Chr04,463,463,1152,463x1152,float16,embeddings/e01bce24ca602d787bb861ed83a1dafffca1d120233aced5dfb4ee3ae9e63ecf.pt,/data/jnz/esmc-600m/data/weights/esmc_600m_2024_12_v0.pth,ok,
3fd37fd5ab553ab0b263c3b2cdbd843b67f9eea9aad9b4e4be23deb4fe3e5f3e,,GWHPBECS023850	mRNA=GWHTBECS023859	Gene=GWHGBECS023859	Position=GWHBECS00000004: 86839027-86840523: -	Frame=0	OriID=Ebr04G012230.1	OriTrascriptID=Ebr04G012230.1	transl_table=1	OriGeneID=Ebr04G012230	OriSeqID=Chr04,498,498,1152,498x1152,float16,embeddings/3fd37fd5ab553ab0b263c3b2cdbd843b67f9eea9aad9b4e4be23deb4fe3e5f3e.pt,/data/jnz/esmc-600m/data/weights/esmc_600m_2024_12_v0.pth,ok,
30dda4d7722ad69a5bf71a7ee5ccab0f519d3a1d9f1759f7b50f598d60a7041b,,GWHPBECS023852	mRNA=GWHTBECS023861	Gene=GWHGBECS023861	Position=GWHBECS00000004: 86883463-86884914: -	Frame=0	OriID=Ebr04G012250.1	OriTrascriptID=Ebr04G012250.1	transl_table=1	OriGeneID=Ebr04G012250	OriSeqID=Chr04,483,483,1152,483x1152,float16,embeddings/30dda4d7722ad69a5bf71a7ee5ccab0f519d3a1d9f1759f7b50f598d60a7041b.pt,/data/jnz/esmc-600m/data/weights/esmc_600m_2024_12_v0.pth,ok,
6b9cd58bac0f26682ba148cc06b02371aad91da25602ad6fbfc0eabce28e95b3,,"GWHPBECS023873	mRNA=GWHTBECS023882	Gene=GWHGBECS023882	Position=GWHBECS00000004: 88495874-88496301, 88518174-88519233: +	Frame=0	OriID=Ebr04G012460.1	OriTrascriptID=Ebr04G012460.1	transl_table=1	OriGeneID=Ebr04G012460	OriSeqID=Chr04",495,495,1152,495x1152,float16,embeddings/6b9cd58bac0f26682ba148cc06b02371aad91da25602ad6fbfc0eabce28e95b3.pt,/data/jnz/esmc-600m/data/weights/esmc_600m_2024_12_v0.pth,ok,
750f820da3f0305e35f4431f201427f3eb272b3213a4181acaa0935dc00e9b70,,GWHPBECS023914	mRNA=GWHTBECS023923	Gene=GWHGBECS023923	Position=GWHBECS00000004: 90875705-90877081: +	Frame=0	OriID=Ebr04G012870.1	OriTrascriptID=Ebr04G012870.1	transl_table=1	OriGeneID=Ebr04G012870	OriSeqID=Chr04,458,458,1152,458x1152,float16,embeddings/750f820da3f0305e35f4431f201427f3eb272b3213a4181acaa0935dc00e9b70.pt,/data/jnz/esmc-600m/data/weights/esmc_600m_2024_12_v0.pth,ok,
ee765c1807228390bd41f0f20665c84d03cf4d1b7facc715b75505f67671ba7d,,"GWHPBECS024058	mRNA=GWHTBECS024067	Gene=GWHGBECS024067	Position=GWHBECS00000004: 101024005-101024416, 101025380-101026398, 101026489-101026724, 101026809-101026896, 101027016-101027243: +	Frame=0	OriID=Ebr04G014310.1	OriTrascriptID=Ebr04G014310.1	transl_table=1	OriGeneID=Ebr04G014310	OriSeqID=Chr04",660,660,1152,660x1152,float16,embeddings/ee765c1807228390bd41f0f20665c84d03cf4d1b7facc715b75505f67671ba7d.pt,/data/jnz/esmc-600m/data/weights/esmc_600m_2024_12_v0.pth,ok,
0e8e7ba2c4fa92b13fb100782c6fa39694fee3aa713bdeb2011c0378650d0777,,"GWHPBECS024067	mRNA=GWHTBECS024076	Gene=GWHGBECS024076	Position=GWHBECS00000004: 101521373-101521535, 101544559-101544749, 101544836-101545003, 101560083-101560250, 101560364-101560568, 101581154-101581351, 101582228-101582316, 101582443-101582510, 101596141-101596210, 101603560-101603922: -	Frame=0	OriID=Ebr04G014400.1	OriTrascriptID=Ebr04G014400.1	transl_table=1	OriGeneID=Ebr04G014400	OriSeqID=Chr04",560,560,1152,560x1152,float16,embeddings/0e8e7ba2c4fa92b13fb100782c6fa39694fee3aa713bdeb2011c0378650d0777.pt,/data/jnz/esmc-600m/data/weights/esmc_600m_2024_12_v0.pth,ok,
1df1503669a1589e01b77f0bb19090b81d8797b394b65312f9ad2cc6ba3afa77,,"GWHPBECS024126	mRNA=GWHTBECS024135	Gene=GWHGBECS024135	Position=GWHBECS00000004: 105736688-105737233, 105737309-105737656, 105737739-105738185, 105738303-105738428, 105738499-105738651, 105739013-105739626, 105740521-105740554: -	Frame=0	OriID=Ebr04G014990.1	OriTrascriptID=Ebr04G014990.1	transl_table=1	OriGeneID=Ebr04G014990	OriSeqID=Chr04",755,755,1152,755x1152,float16,embeddings/1df1503669a1589e01b77f0bb19090b81d8797b394b65312f9ad2cc6ba3afa77.pt,/data/jnz/esmc-600m/data/weights/esmc_600m_2024_12_v0.pth,ok,
31b56599f474cd0d27fcd3f86e224ab3dc878cf6cf5a38a2e6f6f5c9dcd5d9d9,,"GWHPBECS024129	mRNA=GWHTBECS024138	Gene=GWHGBECS024138	Position=GWHBECS00000004: 106152006-106152551, 106152632-106152979, 106153062-106153345, 106153389-106153509, 106153627-106153752, 106153823-106153975, 106154364-106154975: -	Frame=0	OriID=Ebr04G015020.1	OriTrascriptID=Ebr04G015020.1	transl_table=1	OriGeneID=Ebr04G015020	OriSeqID=Chr04",729,729,1152,729x1152,float16,embeddings/31b56599f474cd0d27fcd3f86e224ab3dc878cf6cf5a38a2e6f6f5c9dcd5d9d9.pt,/data/jnz/esmc-600m/data/weights/esmc_600m_2024_12_v0.pth,ok,
898c1f7be3c2bbafa2c4e42b50a215f6c0333d6ce021857ab3fe84c4ec078c46,,GWHPBECS024194	mRNA=GWHTBECS024203	Gene=GWHGBECS024203	Position=GWHBECS00000004: 110885328-110885978: -	Frame=0	OriID=Ebr04G015670.1	OriTrascriptID=Ebr04G015670.1	transl_table=1	OriGeneID=Ebr04G015670	OriSeqID=Chr04,216,216,1152,216x1152,float16,embeddings/898c1f7be3c2bbafa2c4e42b50a215f6c0333d6ce021857ab3fe84c4ec078c46.pt,/data/jnz/esmc-600m/data/weights/esmc_600m_2024_12_v0.pth,ok,
1f2de13b8c30db3037b208f9b060e5371cfe4ec56fb5b9ce35c6977891f5326f,,"GWHPBECS024210	mRNA=GWHTBECS024219	Gene=GWHGBECS024219	Position=GWHBECS00000004: 112004952-112004960, 112005117-112005192, 112005260-112005334, 112005426-112005513, 112005598-112005850, 112006018-112006392, 112006487-112006705, 112006789-112006880, 112006988-112007054, 112007142-112007238, 112007397-112007473, 112007654-112007778, 112007955-112008035, 112008126-112008258, 112008401-112008602, 112009443-112009520, 112010276-112010361: +	Frame=0	OriID=Ebr04G015830.1	OriTrascriptID=Ebr04G015830.1	transl_table=1	OriGeneID=Ebr04G015830	OriSeqID=Chr04",710,710,1152,710x1152,float16,embeddings/1f2de13b8c30db3037b208f9b060e5371cfe4ec56fb5b9ce35c6977891f5326f.pt,/data/jnz/esmc-600m/data/weights/esmc_600m_2024_12_v0.pth,ok,
8f5de5d4a677f956b7505bc195f5000e4615a3d51dc2009938bf1d41ac1e8b65,,"GWHPBECS024212	mRNA=GWHTBECS024221	Gene=GWHGBECS024221	Position=GWHBECS00000004: 112256822-112257585, 112257671-112258700: -	Frame=0	OriID=Ebr04G015850.1	OriTrascriptID=Ebr04G015850.1	transl_table=1	OriGeneID=Ebr04G015850	OriSeqID=Chr04",597,597,1152,597x1152,float16,embeddings/8f5de5d4a677f956b7505bc195f5000e4615a3d51dc2009938bf1d41ac1e8b65.pt,/data/jnz/esmc-600m/data/weights/esmc_600m_2024_12_v0.pth,ok,
56e750f96f4558b8c326f46720967beb0ad44d67c4dd7e7f5c43df1b2e78a155,,GWHPBECS024319	mRNA=GWHTBECS024328	Gene=GWHGBECS024328	Position=GWHBECS00000004: 122501088-122502527: -	Frame=0	OriID=Ebr04G016920.1	OriTrascriptID=Ebr04G016920.1	transl_table=1	OriGeneID=Ebr04G016920	OriSeqID=Chr04,479,479,1152,479x1152,float16,embeddings/56e750f96f4558b8c326f46720967beb0ad44d67c4dd7e7f5c43df1b2e78a155.pt,/data/jnz/esmc-600m/data/weights/esmc_600m_2024_12_v0.pth,ok,
2a8e6a2a357f4253c113527723a8c311985e3794d75e7c5fb456383e87e818a0,,GWHPBECS024446	mRNA=GWHTBECS024455	Gene=GWHGBECS024455	Position=GWHBECS00000004: 131627266-131628675: -	Frame=0	OriID=Ebr04G018190.1	OriTrascriptID=Ebr04G018190.1	transl_table=1	OriGeneID=Ebr04G018190	OriSeqID=Chr04,469,469,1152,469x1152,float16,embeddings/2a8e6a2a357f4253c113527723a8c311985e3794d75e7c5fb456383e87e818a0.pt,/data/jnz/esmc-600m/data/weights/esmc_600m_2024_12_v0.pth,ok,
aed5a02bc13d34a844c764d45cd2b0d0fbca9d787314ac8cdecf7d469213ae0f,,"GWHPBECS024453	mRNA=GWHTBECS024462	Gene=GWHGBECS024462	Position=GWHBECS00000004: 132099648-132100199, 132115584-132115840, 132125379-132126087: -	Frame=0	OriID=Ebr04G018260.1	OriTrascriptID=Ebr04G018260.1	transl_table=1	OriGeneID=Ebr04G018260	OriSeqID=Chr04",505,505,1152,505x1152,float16,embeddings/aed5a02bc13d34a844c764d45cd2b0d0fbca9d787314ac8cdecf7d469213ae0f.pt,/data/jnz/esmc-600m/data/weights/esmc_600m_2024_12_v0.pth,ok,
5d111a1ab3eea7984a1892f8f9bf1dd27c1c6986adf809a609ce8e209fd2f9b2,,"GWHPBECS024459	mRNA=GWHTBECS024468	Gene=GWHGBECS024468	Position=GWHBECS00000004: 132579721-132579915, 132580534-132580674, 132580806-132580877, 132580964-132581080, 132581306-132581407, 132581672-132581812, 132581900-132581962, 132581993-132582061: +	Frame=0	OriID=Ebr04G018320.1	OriTrascriptID=Ebr04G018320.1	transl_table=1	OriGeneID=Ebr04G018320	OriSeqID=Chr04",299,299,1152,299x1152,float16,embeddings/5d111a1ab3eea7984a1892f8f9bf1dd27c1c6986adf809a609ce8e209fd2f9b2.pt,/data/jnz/esmc-600m/data/weights/esmc_600m_2024_12_v0.pth,ok,
b9bd520fe1c861bdea7298a0c54e18bda802746dff0ecd42eb352aad190715ac,,"GWHPBECS024677	mRNA=GWHTBECS024686	Gene=GWHGBECS024686	Position=GWHBECS00000004: 151225452-151225600, 151226483-151226585, 151226668-151226729, 151226900-151227111, 151227225-151227288, 151227388-151227460, 151237450-151237570, 151237659-151237746, 151237853-151237978, 151238061-151238170, 151252235-151252383: +	Frame=0	OriID=Ebr04G020500.1	OriTrascriptID=Ebr04G020500.1	transl_table=1	OriGeneID=Ebr04G020500	OriSeqID=Chr04",418,418,1152,418x1152,float16,embeddings/b9bd520fe1c861bdea7298a0c54e18bda802746dff0ecd42eb352aad190715ac.pt,/data/jnz/esmc-600m/data/weights/esmc_600m_2024_12_v0.pth,ok,
845d1f296716e235beb7de4a5aebba15147c8d138efa531561d9b57b4b447099,,"GWHPBECS024698	mRNA=GWHTBECS024707	Gene=GWHGBECS024707	Position=GWHBECS00000004: 152975043-152975390, 152975478-152975558, 152975651-152975749, 152975828-152975917, 152976201-152976264, 152976357-152976457, 152976550-152976659, 152980238-152980481, 152980561-152980737, 152980825-152981016, 152981121-152981207, 152981303-152981431, 152981551-152981667: +	Frame=0	OriID=Ebr04G020710.1	OriTrascriptID=Ebr04G020710.1	transl_table=1	OriGeneID=Ebr04G020710	OriSeqID=Chr04",612,612,1152,612x1152,float16,embeddings/845d1f296716e235beb7de4a5aebba15147c8d138efa531561d9b57b4b447099.pt,/data/jnz/esmc-600m/data/weights/esmc_600m_2024_12_v0.pth,ok,
62daf745d57aeb3b82df0973b0209ed22129f8b9e682f219ebac164224f56361,,"GWHPBECS024700	mRNA=GWHTBECS024709	Gene=GWHGBECS024709	Position=GWHBECS00000004: 153218174-153218539, 153218629-153218709, 153218801-153218899, 153218978-153219067, 153219261-153219324, 153219414-153219514, 153219608-153219717, 153220525-153220768, 153220849-153221025, 153221113-153221304, 153221409-153221495, 153221604-153221732, 153221852-153221968: +	Frame=0	OriID=Ebr04G020730.1	OriTrascriptID=Ebr04G020730.1	transl_table=1	OriGeneID=Ebr04G020730	OriSeqID=Chr04",618,618,1152,618x1152,float16,embeddings/62daf745d57aeb3b82df0973b0209ed22129f8b9e682f219ebac164224f56361.pt,/data/jnz/esmc-600m/data/weights/esmc_600m_2024_12_v0.pth,ok,
f179cc66b2d12122107d8e550120349d6a025e7316e153bc4815de492c714905,,"GWHPBECS024712	mRNA=GWHTBECS024721	Gene=GWHGBECS024721	Position=GWHBECS00000004: 153744646-153744843, 153744879-153745134, 153764098-153764252, 153764286-153764369, 153764400-153764625, 153764668-153764912: +	Frame=0	OriID=Ebr04G020850.1	OriTrascriptID=Ebr04G020850.1	transl_table=1	OriGeneID=Ebr04G020850	OriSeqID=Chr04",387,387,1152,387x1152,float16,embeddings/f179cc66b2d12122107d8e550120349d6a025e7316e153bc4815de492c714905.pt,/data/jnz/esmc-600m/data/weights/esmc_600m_2024_12_v0.pth,ok,
80aadddfc3a56d2cd966d01196405f80c9b3d09ad38166fa9fbaf4c4e7f501e8,,"GWHPBECS024946	mRNA=GWHTBECS024955	Gene=GWHGBECS024955	Position=GWHBECS00000004: 175026589-175027239, 175027319-175028041, 175029273-175029360, 175029791-175029807: +	Frame=0	OriID=Ebr04G023190.1	OriTrascriptID=Ebr04G023190.1	transl_table=1	OriGeneID=Ebr04G023190	OriSeqID=Chr04",492,492,1152,492x1152,float16,embeddings/80aadddfc3a56d2cd966d01196405f80c9b3d09ad38166fa9fbaf4c4e7f501e8.pt,/data/jnz/esmc-600m/data/weights/esmc_600m_2024_12_v0.pth,ok,
a5f96c463ba01d5ec1bc567ff80549758b96ab2f252a3e9501501c8b274f5bc7,,"GWHPBECS025037	mRNA=GWHTBECS025046	Gene=GWHGBECS025046	Position=GWHBECS00000004: 182501326-182501868, 182501959-182502306, 182502406-182502852, 182502936-182503214, 182504187-182504786: -	Frame=0	OriID=Ebr04G024100.1	OriTrascriptID=Ebr04G024100.1	transl_table=1	OriGeneID=Ebr04G024100	OriSeqID=Chr04",738,738,1152,738x1152,float16,embeddings/a5f96c463ba01d5ec1bc567ff80549758b96ab2f252a3e9501501c8b274f5bc7.pt,/data/jnz/esmc-600m/data/weights/esmc_600m_2024_12_v0.pth,ok,
21f3335728f9a3185d337a3f2a1fa41ce9f6176b972590a1b6f4e07d2043e256,,"GWHPBECS025095	mRNA=GWHTBECS025104	Gene=GWHGBECS025104	Position=GWHBECS00000004: 188416153-188416272, 188416363-188416462, 188416605-188416762, 188416841-188417188, 188417270-188417812: +	Frame=0	OriID=Ebr04G024680.1	OriTrascriptID=Ebr04G024680.1	transl_table=1	OriGeneID=Ebr04G024680	OriSeqID=Chr04",422,422,1152,422x1152,float16,embeddings/21f3335728f9a3185d337a3f2a1fa41ce9f6176b972590a1b6f4e07d2043e256.pt,/data/jnz/esmc-600m/data/weights/esmc_600m_2024_12_v0.pth,ok,
cbf6d86bc3e2f366eedc96ade422503b32c61beb88aebc5791eba307f6924cdc,,"GWHPBECS025187	mRNA=GWHTBECS025196	Gene=GWHGBECS025196	Position=GWHBECS00000004: 197731308-197731460, 197731618-197731972, 197733428-197733561: -	Frame=0	OriID=Ebr04G025600.1	OriTrascriptID=Ebr04G025600.1	transl_table=1	OriGeneID=Ebr04G025600	OriSeqID=Chr04",213,213,1152,213x1152,float16,embeddings/cbf6d86bc3e2f366eedc96ade422503b32c61beb88aebc5791eba307f6924cdc.pt,/data/jnz/esmc-600m/data/weights/esmc_600m_2024_12_v0.pth,ok,
009cd68de03974a0416b68d81c3658692af78a572e32515b28d4c446b3d686aa,,"GWHPBECS025306	mRNA=GWHTBECS025315	Gene=GWHGBECS025315	Position=GWHBECS00000004: 209680588-209680665, 209680745-209680857, 209690795-209690903, 209698563-209698661, 209698737-209698871, 209710320-209710483, 209769100-209769205, 209786074-209786149, 209791376-209791437, 209791531-209791665, 209791785-209791904, 209806105-209806252, 209813846-209814009: -	Frame=0	OriID=Ebr04G026790.1	OriTrascriptID=Ebr04G026790.1	transl_table=1	OriGeneID=Ebr04G026790	OriSeqID=Chr04",502,502,1152,502x1152,float16,embeddings/009cd68de03974a0416b68d81c3658692af78a572e32515b28d4c446b3d686aa.pt,/data/jnz/esmc-600m/data/weights/esmc_600m_2024_12_v0.pth,ok,
0d754e5aff482df5545089957e99df7094e01f40cdc7de31bcb2152a756531bb,,"GWHPBECS025325	mRNA=GWHTBECS025334	Gene=GWHGBECS025334	Position=GWHBECS00000004: 210634979-210635434, 210649704-210649802, 210649908-210650038, 210650141-210650228, 210650315-210650437, 210700373-210700548, 210766773-210766923, 210780106-210780207, 210780688-210780802, 210785552-210785940, 210786047-210786144, 210786253-210786622: -	Frame=0	OriID=Ebr04G026980.1	OriTrascriptID=Ebr04G026980.1	transl_table=1	OriGeneID=Ebr04G026980	OriSeqID=Chr04",765,765,1152,765x1152,float16,embeddings/0d754e5aff482df5545089957e99df7094e01f40cdc7de31bcb2152a756531bb.pt,/data/jnz/esmc-600m/data/weights/esmc_600m_2024_12_v0.pth,ok,
e95d387326587b3c16ad4c4290785ccfe95b9e9c26bb4129886c76f75b997daf,,"GWHPBECS025352	mRNA=GWHTBECS025361	Gene=GWHGBECS025361	Position=GWHBECS00000004: 213077649-213077701, 213077781-213078030, 213078097-213078306, 213078536-213079003: -	Frame=0	OriID=Ebr04G027250.1	OriTrascriptID=Ebr04G027250.1	transl_table=1	OriGeneID=Ebr04G027250	OriSeqID=Chr04",326,326,1152,326x1152,float16,embeddings/e95d387326587b3c16ad4c4290785ccfe95b9e9c26bb4129886c76f75b997daf.pt,/data/jnz/esmc-600m/data/weights/esmc_600m_2024_12_v0.pth,ok,
6cca69c529af7854b20ee6eda66451314b0078152192a4e9bc6c2ddbc7efe4a7,,GWHPBECS025353	mRNA=GWHTBECS025362	Gene=GWHGBECS025362	Position=GWHBECS00000004: 213093256-213094689: +	Frame=0	OriID=Ebr04G027260.1	OriTrascriptID=Ebr04G027260.1	transl_table=1	OriGeneID=Ebr04G027260	OriSeqID=Chr04,477,477,1152,477x1152,float16,embeddings/6cca69c529af7854b20ee6eda66451314b0078152192a4e9bc6c2ddbc7efe4a7.pt,/data/jnz/esmc-600m/data/weights/esmc_600m_2024_12_v0.pth,ok,
c0ec6fc2008d317f1b53f07f9fc1bc7079042b0ecbee5b100e6f629cfd87e63f,,GWHPBECS025355	mRNA=GWHTBECS025364	Gene=GWHGBECS025364	Position=GWHBECS00000004: 213296651-213298087: +	Frame=0	OriID=Ebr04G027280.1	OriTrascriptID=Ebr04G027280.1	transl_table=1	OriGeneID=Ebr04G027280	OriSeqID=Chr04,478,478,1152,478x1152,float16,embeddings/c0ec6fc2008d317f1b53f07f9fc1bc7079042b0ecbee5b100e6f629cfd87e63f.pt,/data/jnz/esmc-600m/data/weights/esmc_600m_2024_12_v0.pth,ok,
8d208368c70dbeac42058b6d95cba85ff40c151a49baf5442329c6fbe3f12f2f,,GWHPBECS025356	mRNA=GWHTBECS025365	Gene=GWHGBECS025365	Position=GWHBECS00000004: 213315200-213316657: +	Frame=0	OriID=Ebr04G027290.1	OriTrascriptID=Ebr04G027290.1	transl_table=1	OriGeneID=Ebr04G027290	OriSeqID=Chr04,485,485,1152,485x1152,float16,embeddings/8d208368c70dbeac42058b6d95cba85ff40c151a49baf5442329c6fbe3f12f2f.pt,/data/jnz/esmc-600m/data/weights/esmc_600m_2024_12_v0.pth,ok,
b47122045013bee1da96d065d8d1ca3bd33e3f34f297a26105dbb2e98705d032,,"GWHPBECS025361	mRNA=GWHTBECS025370	Gene=GWHGBECS025370	Position=GWHBECS00000004: 213734237-213735364, 213753834-213754226: -	Frame=0	OriID=Ebr04G027340.1	OriTrascriptID=Ebr04G027340.1	transl_table=1	OriGeneID=Ebr04G027340	OriSeqID=Chr04",506,506,1152,506x1152,float16,embeddings/b47122045013bee1da96d065d8d1ca3bd33e3f34f297a26105dbb2e98705d032.pt,/data/jnz/esmc-600m/data/weights/esmc_600m_2024_12_v0.pth,ok,
83648cbc36cf51d0fb0252b51ff33fc2663259c394afee9687d8fa1fa3e433e4,,GWHPBECS025363	mRNA=GWHTBECS025372	Gene=GWHGBECS025372	Position=GWHBECS00000004: 213771558-213772994: -	Frame=0	OriID=Ebr04G027360.1	OriTrascriptID=Ebr04G027360.1	transl_table=1	OriGeneID=Ebr04G027360	OriSeqID=Chr04,478,478,1152,478x1152,float16,embeddings/83648cbc36cf51d0fb0252b51ff33fc2663259c394afee9687d8fa1fa3e433e4.pt,/data/jnz/esmc-600m/data/weights/esmc_600m_2024_12_v0.pth,ok,
83648cbc36cf51d0fb0252b51ff33fc2663259c394afee9687d8fa1fa3e433e4,,GWHPBECS025365	mRNA=GWHTBECS025374	Gene=GWHGBECS025374	Position=GWHBECS00000004: 213790360-213791796: -	Frame=0	OriID=Ebr04G027380.1	OriTrascriptID=Ebr04G027380.1	transl_table=1	OriGeneID=Ebr04G027380	OriSeqID=Chr04,478,478,1152,478x1152,float16,embeddings/83648cbc36cf51d0fb0252b51ff33fc2663259c394afee9687d8fa1fa3e433e4.pt,/data/jnz/esmc-600m/data/weights/esmc_600m_2024_12_v0.pth,skipped_exists,
70b108e31ff66be394382b807642c2bfe6388ce85155d39ee7e6754389387fcf,,"GWHPBECS025367	mRNA=GWHTBECS025376	Gene=GWHGBECS025376	Position=GWHBECS00000004: 213809113-213810327, 213810384-213810548: -	Frame=0	OriID=Ebr04G027400.1	OriTrascriptID=Ebr04G027400.1	transl_table=1	OriGeneID=Ebr04G027400	OriSeqID=Chr04",459,459,1152,459x1152,float16,embeddings/70b108e31ff66be394382b807642c2bfe6388ce85155d39ee7e6754389387fcf.pt,/data/jnz/esmc-600m/data/weights/esmc_600m_2024_12_v0.pth,ok,
8114223e89507465c50008fd21fe83052af7e59a635b0a9eefae3ebcbf1d62ec,,"GWHPBECS025372	mRNA=GWHTBECS025381	Gene=GWHGBECS025381	Position=GWHBECS00000004: 214422774-214423303, 214423415-214423687, 214423853-214424207: -	Frame=0	OriID=Ebr04G027450.1	OriTrascriptID=Ebr04G027450.1	transl_table=1	OriGeneID=Ebr04G027450	OriSeqID=Chr04",385,385,1152,385x1152,float16,embeddings/8114223e89507465c50008fd21fe83052af7e59a635b0a9eefae3ebcbf1d62ec.pt,/data/jnz/esmc-600m/data/weights/esmc_600m_2024_12_v0.pth,ok,
d3104442619a7480e97c8187024843b79157bf7fe644e5a213f729e879168605,,GWHPBECS025373	mRNA=GWHTBECS025382	Gene=GWHGBECS025382	Position=GWHBECS00000004: 214499533-214500972: -	Frame=0	OriID=Ebr04G027460.1	OriTrascriptID=Ebr04G027460.1	transl_table=1	OriGeneID=Ebr04G027460	OriSeqID=Chr04,479,479,1152,479x1152,float16,embeddings/d3104442619a7480e97c8187024843b79157bf7fe644e5a213f729e879168605.pt,/data/jnz/esmc-600m/data/weights/esmc_600m_2024_12_v0.pth,ok,
1456f3e92ce1d81fdc65d1a334cabef4c12908b3007e6e9dab7f6d987cc5cc39,,GWHPBECS025600	mRNA=GWHTBECS025609	Gene=GWHGBECS025609	Position=GWHBECS00000004: 234655743-234657458: +	Frame=0	OriID=Ebr04G029730.1	OriTrascriptID=Ebr04G029730.1	transl_table=1	OriGeneID=Ebr04G029730	OriSeqID=Chr04,571,571,1152,571x1152,float16,embeddings/1456f3e92ce1d81fdc65d1a334cabef4c12908b3007e6e9dab7f6d987cc5cc39.pt,/data/jnz/esmc-600m/data/weights/esmc_600m_2024_12_v0.pth,ok,
ef3c9fc7f52b4c3a3d6720f05257a71f11c048a17b7b8c491107f188511b09cc,,GWHPBECS025601	mRNA=GWHTBECS025610	Gene=GWHGBECS025610	Position=GWHBECS00000004: 234660325-234661986: +	Frame=0	OriID=Ebr04G029740.1	OriTrascriptID=Ebr04G029740.1	transl_table=1	OriGeneID=Ebr04G029740	OriSeqID=Chr04,553,553,1152,553x1152,float16,embeddings/ef3c9fc7f52b4c3a3d6720f05257a71f11c048a17b7b8c491107f188511b09cc.pt,/data/jnz/esmc-600m/data/weights/esmc_600m_2024_12_v0.pth,ok,
4edc3e7c4caa082d6a58fafbcb49ae73fd86ff48f540c0fe680c6009424881aa,,GWHPBECS025639	mRNA=GWHTBECS025648	Gene=GWHGBECS025648	Position=GWHBECS00000004: 238088018-238089382: -	Frame=0	OriID=Ebr04G030120.1	OriTrascriptID=Ebr04G030120.1	transl_table=1	OriGeneID=Ebr04G030120	OriSeqID=Chr04,454,454,1152,454x1152,float16,embeddings/4edc3e7c4caa082d6a58fafbcb49ae73fd86ff48f540c0fe680c6009424881aa.pt,/data/jnz/esmc-600m/data/weights/esmc_600m_2024_12_v0.pth,ok,
5cff300cc7fc3744c9c47d1be954a2329b463fe7009d90a9a76f62b6005e83e6,,"GWHPBECS025696	mRNA=GWHTBECS025705	Gene=GWHGBECS025705	Position=GWHBECS00000004: 244671756-244671822, 244672061-244672177, 244682439-244682632, 244682718-244682823, 244682935-244683082, 244683222-244683361, 244728195-244728361, 244728453-244728746: +	Frame=0	OriID=Ebr04G030690.1	OriTrascriptID=Ebr04G030690.1	transl_table=1	OriGeneID=Ebr04G030690	OriSeqID=Chr04",410,410,1152,410x1152,float16,embeddings/5cff300cc7fc3744c9c47d1be954a2329b463fe7009d90a9a76f62b6005e83e6.pt,/data/jnz/esmc-600m/data/weights/esmc_600m_2024_12_v0.pth,ok,
4f5ac93fc3d27259f5362a66fa8dc939ce7fcc77325b841e94b6d33f93290af7,,"GWHPBECS025697	mRNA=GWHTBECS025706	Gene=GWHGBECS025706	Position=GWHBECS00000004: 244733164-244733203, 244733368-244733534, 244738799-244739092: +	Frame=0	OriID=Ebr04G030700.1	OriTrascriptID=Ebr04G030700.1	transl_table=1	OriGeneID=Ebr04G030700	OriSeqID=Chr04",166,166,1152,166x1152,float16,embeddings/4f5ac93fc3d27259f5362a66fa8dc939ce7fcc77325b841e94b6d33f93290af7.pt,/data/jnz/esmc-600m/data/weights/esmc_600m_2024_12_v0.pth,ok,
1ec9fadf5c447520daa6369d41c55697c6d42fa87e613bb84cb9d59bdda7fb22,,GWHPBECS025711	mRNA=GWHTBECS025720	Gene=GWHGBECS025720	Position=GWHBECS00000004: 245433786-245435192: -	Frame=0	OriID=Ebr04G030840.1	OriTrascriptID=Ebr04G030840.1	transl_table=1	OriGeneID=Ebr04G030840	OriSeqID=Chr04,468,468,1152,468x1152,float16,embeddings/1ec9fadf5c447520daa6369d41c55697c6d42fa87e613bb84cb9d59bdda7fb22.pt,/data/jnz/esmc-600m/data/weights/esmc_600m_2024_12_v0.pth,ok,
6a55d7ee6691c7095c55e8310f89cd002c45bddaa9a55540b8e0909aa961f69d,,"GWHPBECS025754	mRNA=GWHTBECS025763	Gene=GWHGBECS025763	Position=GWHBECS00000004: 249498049-249498056, 249499482-249499557, 249500294-249500375, 249535567-249535642, 249542761-249542929, 249543007-249543290, 249543479-249543608, 249543718-249543778, 249543854-249544320: +	Frame=0	OriID=Ebr04G031270.1	OriTrascriptID=Ebr04G031270.1	transl_table=1	OriGeneID=Ebr04G031270	OriSeqID=Chr04",450,450,1152,450x1152,float16,embeddings/6a55d7ee6691c7095c55e8310f89cd002c45bddaa9a55540b8e0909aa961f69d.pt,/data/jnz/esmc-600m/data/weights/esmc_600m_2024_12_v0.pth,ok,
9b11c8a611fc9c37509fc95d18b206f9f8a33f48cb08a14e48e7598fe724c4d3,,"GWHPBECS025951	mRNA=GWHTBECS025960	Gene=GWHGBECS025960	Position=GWHBECS00000004: 267462685-267462873, 267491387-267492505: +	Frame=0	OriID=Ebr04G033240.1	OriTrascriptID=Ebr04G033240.1	transl_table=1	OriGeneID=Ebr04G033240	OriSeqID=Chr04",435,435,1152,435x1152,float16,embeddings/9b11c8a611fc9c37509fc95d18b206f9f8a33f48cb08a14e48e7598fe724c4d3.pt,/data/jnz/esmc-600m/data/weights/esmc_600m_2024_12_v0.pth,ok,
0d05b0ea99d37f5a2dfdd24743ebd67f66636a9668fda2927d4f18861b04e309,,GWHPBECS025958	mRNA=GWHTBECS025967	Gene=GWHGBECS025967	Position=GWHBECS00000004: 267977547-267978968: -	Frame=0	OriID=Ebr04G033310.1	OriTrascriptID=Ebr04G033310.1	transl_table=1	OriGeneID=Ebr04G033310	OriSeqID=Chr04,473,473,1152,473x1152,float16,embeddings/0d05b0ea99d37f5a2dfdd24743ebd67f66636a9668fda2927d4f18861b04e309.pt,/data/jnz/esmc-600m/data/weights/esmc_600m_2024_12_v0.pth,ok,
ed106fc00a65227b318f21235dc4fe7b3f4e73c7471c0854d235e035890c87df,,GWHPBECS025959	mRNA=GWHTBECS025968	Gene=GWHGBECS025968	Position=GWHBECS00000004: 267998454-267999242: -	Frame=0	OriID=Ebr04G033320.1	OriTrascriptID=Ebr04G033320.1	transl_table=1	OriGeneID=Ebr04G033320	OriSeqID=Chr04,262,262,1152,262x1152,float16,embeddings/ed106fc00a65227b318f21235dc4fe7b3f4e73c7471c0854d235e035890c87df.pt,/data/jnz/esmc-600m/data/weights/esmc_600m_2024_12_v0.pth,ok,
43859bbda2bb2079928b2e6b239a7efa408ecddb6715a1874ec8dce85597a8fc,,GWHPBECS025961	mRNA=GWHTBECS025970	Gene=GWHGBECS025970	Position=GWHBECS00000004: 268193786-268195207: -	Frame=0	OriID=Ebr04G033340.1	OriTrascriptID=Ebr04G033340.1	transl_table=1	OriGeneID=Ebr04G033340	OriSeqID=Chr04,473,473,1152,473x1152,float16,embeddings/43859bbda2bb2079928b2e6b239a7efa408ecddb6715a1874ec8dce85597a8fc.pt,/data/jnz/esmc-600m/data/weights/esmc_600m_2024_12_v0.pth,ok,
7738c49a51273269aa53d0e960ec4f290b2c3249c0a2de8d1784bfd7088465d3,,GWHPBECS025962	mRNA=GWHTBECS025971	Gene=GWHGBECS025971	Position=GWHBECS00000004: 268213970-268215082: -	Frame=0	OriID=Ebr04G033350.1	OriTrascriptID=Ebr04G033350.1	transl_table=1	OriGeneID=Ebr04G033350	OriSeqID=Chr04,370,370,1152,370x1152,float16,embeddings/7738c49a51273269aa53d0e960ec4f290b2c3249c0a2de8d1784bfd7088465d3.pt,/data/jnz/esmc-600m/data/weights/esmc_600m_2024_12_v0.pth,ok,
b7720e618cc7ba5984a9f23b7f05926f94ace7f26581703a8cfe97d6ba059661,,GWHPBECS025966	mRNA=GWHTBECS025975	Gene=GWHGBECS025975	Position=GWHBECS00000004: 268273327-268274751: -	Frame=0	OriID=Ebr04G033390.1	OriTrascriptID=Ebr04G033390.1	transl_table=1	OriGeneID=Ebr04G033390	OriSeqID=Chr04,474,474,1152,474x1152,float16,embeddings/b7720e618cc7ba5984a9f23b7f05926f94ace7f26581703a8cfe97d6ba059661.pt,/data/jnz/esmc-600m/data/weights/esmc_600m_2024_12_v0.pth,ok,
d726e92716a4394cccbb78710ce7ae8756c610e8caab65c8d1e991aab2e1d087,,GWHPBECS026005	mRNA=GWHTBECS026014	Gene=GWHGBECS026014	Position=GWHBECS00000004: 271331568-271332989: -	Frame=0	OriID=Ebr04G033780.1	OriTrascriptID=Ebr04G033780.1	transl_table=1	OriGeneID=Ebr04G033780	OriSeqID=Chr04,473,473,1152,473x1152,float16,embeddings/d726e92716a4394cccbb78710ce7ae8756c610e8caab65c8d1e991aab2e1d087.pt,/data/jnz/esmc-600m/data/weights/esmc_600m_2024_12_v0.pth,ok,
ffd371d5760065a920e97269ab216c33a391155f889d7f337334058b6e24647b,,GWHPBECS026006	mRNA=GWHTBECS026015	Gene=GWHGBECS026015	Position=GWHBECS00000004: 271379662-271380783: -	Frame=0	OriID=Ebr04G033790.1	OriTrascriptID=Ebr04G033790.1	transl_table=1	OriGeneID=Ebr04G033790	OriSeqID=Chr04,373,373,1152,373x1152,float16,embeddings/ffd371d5760065a920e97269ab216c33a391155f889d7f337334058b6e24647b.pt,/data/jnz/esmc-600m/data/weights/esmc_600m_2024_12_v0.pth,ok,
447f59eb01c103dc73ec00d17fc3129563ff9106510efdc130151b66649db53e,,GWHPBECS026007	mRNA=GWHTBECS026016	Gene=GWHGBECS026016	Position=GWHBECS00000004: 271419891-271421312: -	Frame=0	OriID=Ebr04G033800.1	OriTrascriptID=Ebr04G033800.1	transl_table=1	OriGeneID=Ebr04G033800	OriSeqID=Chr04,473,473,1152,473x1152,float16,embeddings/447f59eb01c103dc73ec00d17fc3129563ff9106510efdc130151b66649db53e.pt,/data/jnz/esmc-600m/data/weights/esmc_600m_2024_12_v0.pth,ok,
4e0c91eed348888d98dc549634707342e841a60e7be1678a7e8feedfdb4ea319,,"GWHPBECS026008	mRNA=GWHTBECS026017	Gene=GWHGBECS026017	Position=GWHBECS00000004: 271461089-271461318, 271461631-271461646: -	Frame=0	OriID=Ebr04G033810.1	OriTrascriptID=Ebr04G033810.1	transl_table=1	OriGeneID=Ebr04G033810	OriSeqID=Chr04",81,81,1152,81x1152,float16,embeddings/4e0c91eed348888d98dc549634707342e841a60e7be1678a7e8feedfdb4ea319.pt,/data/jnz/esmc-600m/data/weights/esmc_600m_2024_12_v0.pth,ok,
ea61fb514360fe062ab0887fb923783d62bb92009eaca5207a20d1cc0b7aed7d,,GWHPBECS026009	mRNA=GWHTBECS026018	Gene=GWHGBECS026018	Position=GWHBECS00000004: 271532537-271533967: -	Frame=0	OriID=Ebr04G033820.1	OriTrascriptID=Ebr04G033820.1	transl_table=1	OriGeneID=Ebr04G033820	OriSeqID=Chr04,476,476,1152,476x1152,float16,embeddings/ea61fb514360fe062ab0887fb923783d62bb92009eaca5207a20d1cc0b7aed7d.pt,/data/jnz/esmc-600m/data/weights/esmc_600m_2024_12_v0.pth,ok,
83d37187d88d2d10a89dfe9abb1e94b528d5597b0ab705ae2368ab3b7b434551,,GWHPBECS026010	mRNA=GWHTBECS026019	Gene=GWHGBECS026019	Position=GWHBECS00000004: 271566021-271567451: -	Frame=0	OriID=Ebr04G033830.1	OriTrascriptID=Ebr04G033830.1	transl_table=1	OriGeneID=Ebr04G033830	OriSeqID=Chr04,476,476,1152,476x1152,float16,embeddings/83d37187d88d2d10a89dfe9abb1e94b528d5597b0ab705ae2368ab3b7b434551.pt,/data/jnz/esmc-600m/data/weights/esmc_600m_2024_12_v0.pth,ok,
4e6a9ca9b0dd0b43b310a40fca013dec4ab6ae9dd045bb6da9186237ce3ab971,,"GWHPBECS026013	mRNA=GWHTBECS026022	Gene=GWHGBECS026022	Position=GWHBECS00000004: 271728402-271729355, 271729406-271729846: +	Frame=0	OriID=Ebr04G033860.1	OriTrascriptID=Ebr04G033860.1	transl_table=1	OriGeneID=Ebr04G033860	OriSeqID=Chr04",464,464,1152,464x1152,float16,embeddings/4e6a9ca9b0dd0b43b310a40fca013dec4ab6ae9dd045bb6da9186237ce3ab971.pt,/data/jnz/esmc-600m/data/weights/esmc_600m_2024_12_v0.pth,ok,
24706811959289270ad24a4e08c8b96b8d12c7c0700a3886f425a60201778148,,GWHPBECS026014	mRNA=GWHTBECS026023	Gene=GWHGBECS026023	Position=GWHBECS00000004: 271781003-271782490: +	Frame=0	OriID=Ebr04G033870.1	OriTrascriptID=Ebr04G033870.1	transl_table=1	OriGeneID=Ebr04G033870	OriSeqID=Chr04,495,495,1152,495x1152,float16,embeddings/24706811959289270ad24a4e08c8b96b8d12c7c0700a3886f425a60201778148.pt,/data/jnz/esmc-600m/data/weights/esmc_600m_2024_12_v0.pth,ok,
bdd4743e21c82b2322104e1aa8a313523243eeeb6bf30d0c14d09ea3a760071e,,"GWHPBECS026039	mRNA=GWHTBECS026048	Gene=GWHGBECS026048	Position=GWHBECS00000004: 273302155-273302525, 273302561-273303202, 273304099-273304354: -	Frame=0	OriID=Ebr04G034120.1	OriTrascriptID=Ebr04G034120.1	transl_table=1	OriGeneID=Ebr04G034120	OriSeqID=Chr04",422,422,1152,422x1152,float16,embeddings/bdd4743e21c82b2322104e1aa8a313523243eeeb6bf30d0c14d09ea3a760071e.pt,/data/jnz/esmc-600m/data/weights/esmc_600m_2024_12_v0.pth,ok,
d6561469b7e3c1b7d629ebece43a816c39f460fa915d6f5cb3d6836b3b50e765,,GWHPBECS026050	mRNA=GWHTBECS026059	Gene=GWHGBECS026059	Position=GWHBECS00000004: 274247901-274248932: +	Frame=0	OriID=Ebr04G034230.1	OriTrascriptID=Ebr04G034230.1	transl_table=1	OriGeneID=Ebr04G034230	OriSeqID=Chr04,343,343,1152,343x1152,float16,embeddings/d6561469b7e3c1b7d629ebece43a816c39f460fa915d6f5cb3d6836b3b50e765.pt,/data/jnz/esmc-600m/data/weights/esmc_600m_2024_12_v0.pth,ok,
e03f73bceaa9976bfb3d92384ced2ac8a0977b44066759fffa29adadd01a55f5,,"GWHPBECS026182	mRNA=GWHTBECS026191	Gene=GWHGBECS026191	Position=GWHBECS00000004: 285021258-285021527, 285021628-285021768, 285021869-285021940, 285022029-285022121, 285022206-285022262, 285022353-285022454, 285022559-285022636, 285022776-285022845, 285023013-285023083, 285023168-285023329: +	Frame=0	OriID=Ebr04G035550.1	OriTrascriptID=Ebr04G035550.1	transl_table=1	OriGeneID=Ebr04G035550	OriSeqID=Chr04",371,371,1152,371x1152,float16,embeddings/e03f73bceaa9976bfb3d92384ced2ac8a0977b44066759fffa29adadd01a55f5.pt,/data/jnz/esmc-600m/data/weights/esmc_600m_2024_12_v0.pth,ok,
1043a701d07fcbbccbaffa5f557fe34ea61c9a4de107fd0d830d01a0293c85a9,,"GWHPBECS026242	mRNA=GWHTBECS026251	Gene=GWHGBECS026251	Position=GWHBECS00000004: 288784764-288785012, 288785067-288785661, 288786823-288786956: -	Frame=0	OriID=Ebr04G036150.1	OriTrascriptID=Ebr04G036150.1	transl_table=1	OriGeneID=Ebr04G036150	OriSeqID=Chr04",325,325,1152,325x1152,float16,embeddings/1043a701d07fcbbccbaffa5f557fe34ea61c9a4de107fd0d830d01a0293c85a9.pt,/data/jnz/esmc-600m/data/weights/esmc_600m_2024_12_v0.pth,ok,
29794761fdd5b761c79220f665d255fe71152e5aa52ad86b8aae9022c215a9e1,,"GWHPBECS026427	mRNA=GWHTBECS026436	Gene=GWHGBECS026436	Position=GWHBECS00000004: 299580983-299581143, 299581518-299582070: -	Frame=0	OriID=Ebr04G038000.1	OriTrascriptID=Ebr04G038000.1	transl_table=1	OriGeneID=Ebr04G038000	OriSeqID=Chr04",237,237,1152,237x1152,float16,embeddings/29794761fdd5b761c79220f665d255fe71152e5aa52ad86b8aae9022c215a9e1.pt,/data/jnz/esmc-600m/data/weights/esmc_600m_2024_12_v0.pth,ok,
52b8a6c9d2b7a1cb0f2a29409ae1fa4a8f06919154659c89a26b14efac29a3c5,,GWHPBECS026428	mRNA=GWHTBECS026437	Gene=GWHGBECS026437	Position=GWHBECS00000004: 299587276-299588685: -	Frame=0	OriID=Ebr04G038010.1	OriTrascriptID=Ebr04G038010.1	transl_table=1	OriGeneID=Ebr04G038010	OriSeqID=Chr04,469,469,1152,469x1152,float16,embeddings/52b8a6c9d2b7a1cb0f2a29409ae1fa4a8f06919154659c89a26b14efac29a3c5.pt,/data/jnz/esmc-600m/data/weights/esmc_600m_2024_12_v0.pth,ok,
11eda6758cd8fc27337e4b4fb44d13c547b490392ce0716d20cc1af9bd22655f,,"GWHPBECS026429	mRNA=GWHTBECS026438	Gene=GWHGBECS026438	Position=GWHBECS00000004: 299593952-299594724, 299595090-299595732: -	Frame=0	OriID=Ebr04G038020.1	OriTrascriptID=Ebr04G038020.1	transl_table=1	OriGeneID=Ebr04G038020	OriSeqID=Chr04",471,471,1152,471x1152,float16,embeddings/11eda6758cd8fc27337e4b4fb44d13c547b490392ce0716d20cc1af9bd22655f.pt,/data/jnz/esmc-600m/data/weights/esmc_600m_2024_12_v0.pth,ok,
095f0d3760f4bd0299d6babe7cc86eb93ae0601fd7e0ff6f98a0a33e53a08407,,"GWHPBECS026430	mRNA=GWHTBECS026439	Gene=GWHGBECS026439	Position=GWHBECS00000004: 299615541-299615646, 299615753-299616116, 299616209-299616479, 299616710-299616823, 299618842-299618922: +	Frame=0	OriID=Ebr04G038030.1	OriTrascriptID=Ebr04G038030.1	transl_table=1	OriGeneID=Ebr04G038030	OriSeqID=Chr04",311,311,1152,311x1152,float16,embeddings/095f0d3760f4bd0299d6babe7cc86eb93ae0601fd7e0ff6f98a0a33e53a08407.pt,/data/jnz/esmc-600m/data/weights/esmc_600m_2024_12_v0.pth,ok,
99a43c0c7748a0762bb6236a7f7bab7890c5ca7ceb04b4ab62f24c3cb64ec2ce,,GWHPBECS026431	mRNA=GWHTBECS026440	Gene=GWHGBECS026440	Position=GWHBECS00000004: 299668617-299669924: +	Frame=0	OriID=Ebr04G038040.1	OriTrascriptID=Ebr04G038040.1	transl_table=1	OriGeneID=Ebr04G038040	OriSeqID=Chr04,435,435,1152,435x1152,float16,embeddings/99a43c0c7748a0762bb6236a7f7bab7890c5ca7ceb04b4ab62f24c3cb64ec2ce.pt,/data/jnz/esmc-600m/data/weights/esmc_600m_2024_12_v0.pth,ok,
432f0a864b5ff1d3c1135c38d025417785c15a4ab99a8502041c8964ac327b88,,GWHPBECS026432	mRNA=GWHTBECS026441	Gene=GWHGBECS026441	Position=GWHBECS00000004: 299729834-299730748: -	Frame=0	OriID=Ebr04G038050.1	OriTrascriptID=Ebr04G038050.1	transl_table=1	OriGeneID=Ebr04G038050	OriSeqID=Chr04,304,304,1152,304x1152,float16,embeddings/432f0a864b5ff1d3c1135c38d025417785c15a4ab99a8502041c8964ac327b88.pt,/data/jnz/esmc-600m/data/weights/esmc_600m_2024_12_v0.pth,ok,
02b23fa4cb5058fa111d9d376abe0f31cc6f811aede6309d2dfc5070adbc1c60,,"GWHPBECS026433	mRNA=GWHTBECS026442	Gene=GWHGBECS026442	Position=GWHBECS00000004: 299733822-299734068, 299734345-299734873, 299753261-299753666: -	Frame=0	OriID=Ebr04G038060.1	OriTrascriptID=Ebr04G038060.1	transl_table=1	OriGeneID=Ebr04G038060	OriSeqID=Chr04",393,393,1152,393x1152,float16,embeddings/02b23fa4cb5058fa111d9d376abe0f31cc6f811aede6309d2dfc5070adbc1c60.pt,/data/jnz/esmc-600m/data/weights/esmc_600m_2024_12_v0.pth,ok,
f8133481d231a923a04275547635fba5f4be09e7365e0b011b1e4d2049ae5ebe,,"GWHPBECS026434	mRNA=GWHTBECS026443	Gene=GWHGBECS026443	Position=GWHBECS00000004: 299754134-299754408, 299754438-299755542: -	Frame=0	OriID=Ebr04G038070.1	OriTrascriptID=Ebr04G038070.1	transl_table=1	OriGeneID=Ebr04G038070	OriSeqID=Chr04",459,459,1152,459x1152,float16,embeddings/f8133481d231a923a04275547635fba5f4be09e7365e0b011b1e4d2049ae5ebe.pt,/data/jnz/esmc-600m/data/weights/esmc_600m_2024_12_v0.pth,ok,
c2c0937ac0eb275992c1ec2e96682d21d148975265699706e572a0c630097383,,"GWHPBECS026435	mRNA=GWHTBECS026444	Gene=GWHGBECS026444	Position=GWHBECS00000004: 299761091-299761593, 299761875-299762517: -	Frame=0	OriID=Ebr04G038080.1	OriTrascriptID=Ebr04G038080.1	transl_table=1	OriGeneID=Ebr04G038080	OriSeqID=Chr04",381,381,1152,381x1152,float16,embeddings/c2c0937ac0eb275992c1ec2e96682d21d148975265699706e572a0c630097383.pt,/data/jnz/esmc-600m/data/weights/esmc_600m_2024_12_v0.pth,ok,
4740ce18a5d0b5c8c1db8205a4a0814de11abad80e111bd4c2b4269c6ba2a599,,GWHPBECS026436	mRNA=GWHTBECS026445	Gene=GWHGBECS026445	Position=GWHBECS00000004: 299780101-299781531: +	Frame=0	OriID=Ebr04G038090.1	OriTrascriptID=Ebr04G038090.1	transl_table=1	OriGeneID=Ebr04G038090	OriSeqID=Chr04,476,476,1152,476x1152,float16,embeddings/4740ce18a5d0b5c8c1db8205a4a0814de11abad80e111bd4c2b4269c6ba2a599.pt,/data/jnz/esmc-600m/data/weights/esmc_600m_2024_12_v0.pth,ok,
fe65db8e795f4a8475b2d1b6fbced517175aab7e20e5ce12f001eab8f06189ae,,"GWHPBECS026437	mRNA=GWHTBECS026446	Gene=GWHGBECS026446	Position=GWHBECS00000004: 299858075-299858097, 299858376-299859018: -	Frame=0	OriID=Ebr04G038100.1	OriTrascriptID=Ebr04G038100.1	transl_table=1	OriGeneID=Ebr04G038100	OriSeqID=Chr04",221,221,1152,221x1152,float16,embeddings/fe65db8e795f4a8475b2d1b6fbced517175aab7e20e5ce12f001eab8f06189ae.pt,/data/jnz/esmc-600m/data/weights/esmc_600m_2024_12_v0.pth,ok,
a0fb095e95fb9b15b0c981df495f8dab0d03d50459560ef9a75cf78826c6e7a9,,GWHPBECS026438	mRNA=GWHTBECS026447	Gene=GWHGBECS026447	Position=GWHBECS00000004: 299860909-299862321: -	Frame=0	OriID=Ebr04G038110.1	OriTrascriptID=Ebr04G038110.1	transl_table=1	OriGeneID=Ebr04G038110	OriSeqID=Chr04,470,470,1152,470x1152,float16,embeddings/a0fb095e95fb9b15b0c981df495f8dab0d03d50459560ef9a75cf78826c6e7a9.pt,/data/jnz/esmc-600m/data/weights/esmc_600m_2024_12_v0.pth,ok,
6af70cb8252df9c4e1d4e7b168cd7eae5b0a0d551af857bc3bf9e86fab36f0bf,,GWHPBECS026439	mRNA=GWHTBECS026448	Gene=GWHGBECS026448	Position=GWHBECS00000004: 299878722-299880110: -	Frame=0	OriID=Ebr04G038120.1	OriTrascriptID=Ebr04G038120.1	transl_table=1	OriGeneID=Ebr04G038120	OriSeqID=Chr04,462,462,1152,462x1152,float16,embeddings/6af70cb8252df9c4e1d4e7b168cd7eae5b0a0d551af857bc3bf9e86fab36f0bf.pt,/data/jnz/esmc-600m/data/weights/esmc_600m_2024_12_v0.pth,ok,
81c5b46fd87aea8027324bcee716bf2555eef1d5a0b46b9c085a91c7ee235680,,"GWHPBECS026440	mRNA=GWHTBECS026449	Gene=GWHGBECS026449	Position=GWHBECS00000004: 299880729-299880986, 299881046-299881498, 299881811-299882356: -	Frame=0	OriID=Ebr04G038130.1	OriTrascriptID=Ebr04G038130.1	transl_table=1	OriGeneID=Ebr04G038130	OriSeqID=Chr04",418,418,1152,418x1152,float16,embeddings/81c5b46fd87aea8027324bcee716bf2555eef1d5a0b46b9c085a91c7ee235680.pt,/data/jnz/esmc-600m/data/weights/esmc_600m_2024_12_v0.pth,ok,
babf8a7847ece2824d01c03ebcc41bafbd771971fff687c44736c0fb0d226492,,GWHPBECS026441	mRNA=GWHTBECS026450	Gene=GWHGBECS026450	Position=GWHBECS00000004: 299886161-299887573: -	Frame=0	OriID=Ebr04G038140.1	OriTrascriptID=Ebr04G038140.1	transl_table=1	OriGeneID=Ebr04G038140	OriSeqID=Chr04,470,470,1152,470x1152,float16,embeddings/babf8a7847ece2824d01c03ebcc41bafbd771971fff687c44736c0fb0d226492.pt,/data/jnz/esmc-600m/data/weights/esmc_600m_2024_12_v0.pth,ok,
db7d91e6b11a071a6f5db30085898318fdb1a8b2c2ca8d98f47da816dcedfd28,,"GWHPBECS026442	mRNA=GWHTBECS026451	Gene=GWHGBECS026451	Position=GWHBECS00000004: 299906444-299907504, 299907550-299907715: -	Frame=0	OriID=Ebr04G038150.1	OriTrascriptID=Ebr04G038150.1	transl_table=1	OriGeneID=Ebr04G038150	OriSeqID=Chr04",408,408,1152,408x1152,float16,embeddings/db7d91e6b11a071a6f5db30085898318fdb1a8b2c2ca8d98f47da816dcedfd28.pt,/data/jnz/esmc-600m/data/weights/esmc_600m_2024_12_v0.pth,ok,
66f1e2a004527bd81f74b66f8b4cfd6b2f6aa33768e33671ef553ac25fd53d76,,GWHPBECS026447	mRNA=GWHTBECS026456	Gene=GWHGBECS026456	Position=GWHBECS00000004: 300103034-300104461: -	Frame=0	OriID=Ebr04G038200.1	OriTrascriptID=Ebr04G038200.1	transl_table=1	OriGeneID=Ebr04G038200	OriSeqID=Chr04,475,475,1152,475x1152,float16,embeddings/66f1e2a004527bd81f74b66f8b4cfd6b2f6aa33768e33671ef553ac25fd53d76.pt,/data/jnz/esmc-600m/data/weights/esmc_600m_2024_12_v0.pth,ok,
7d0784c076a18ae24daa14819c187ea8056b88765d2cb9dce99ce647bc47d8c3,,GWHPBECS026448	mRNA=GWHTBECS026457	Gene=GWHGBECS026457	Position=GWHBECS00000004: 300105529-300106956: -	Frame=0	OriID=Ebr04G038210.1	OriTrascriptID=Ebr04G038210.1	transl_table=1	OriGeneID=Ebr04G038210	OriSeqID=Chr04,475,475,1152,475x1152,float16,embeddings/7d0784c076a18ae24daa14819c187ea8056b88765d2cb9dce99ce647bc47d8c3.pt,/data/jnz/esmc-600m/data/weights/esmc_600m_2024_12_v0.pth,ok,
7774385236ebdb1d8d36bc5d89b8e44b9efef56d448c44e9e8cda5048ec8df05,,GWHPBECS026452	mRNA=GWHTBECS026461	Gene=GWHGBECS026461	Position=GWHBECS00000004: 300222601-300224028: +	Frame=0	OriID=Ebr04G038250.1	OriTrascriptID=Ebr04G038250.1	transl_table=1	OriGeneID=Ebr04G038250	OriSeqID=Chr04,475,475,1152,475x1152,float16,embeddings/7774385236ebdb1d8d36bc5d89b8e44b9efef56d448c44e9e8cda5048ec8df05.pt,/data/jnz/esmc-600m/data/weights/esmc_600m_2024_12_v0.pth,ok,
6afbe86f53dc20a0fcf19cba5b8332fac8e6a04af1264f2f2f59ee17d29be936,,GWHPBECS026453	mRNA=GWHTBECS026462	Gene=GWHGBECS026462	Position=GWHBECS00000004: 300225126-300226553: +	Frame=0	OriID=Ebr04G038260.1	OriTrascriptID=Ebr04G038260.1	transl_table=1	OriGeneID=Ebr04G038260	OriSeqID=Chr04,475,475,1152,475x1152,float16,embeddings/6afbe86f53dc20a0fcf19cba5b8332fac8e6a04af1264f2f2f59ee17d29be936.pt,/data/jnz/esmc-600m/data/weights/esmc_600m_2024_12_v0.pth,ok,
8ed442b9bd9c6acc833d228c3c9c69e624870c46d7ed4ba1f376b6bb9e9242b3,,GWHPBECS026456	mRNA=GWHTBECS026465	Gene=GWHGBECS026465	Position=GWHBECS00000004: 300360702-300362099: +	Frame=0	OriID=Ebr04G038290.1	OriTrascriptID=Ebr04G038290.1	transl_table=1	OriGeneID=Ebr04G038290	OriSeqID=Chr04,465,465,1152,465x1152,float16,embeddings/8ed442b9bd9c6acc833d228c3c9c69e624870c46d7ed4ba1f376b6bb9e9242b3.pt,/data/jnz/esmc-600m/data/weights/esmc_600m_2024_12_v0.pth,ok,
97128055c0d07cefcec71f82667c1c6696c5b6e62c8fd39e32dfe0f0e0b988c3,,"GWHPBECS026457	mRNA=GWHTBECS026466	Gene=GWHGBECS026466	Position=GWHBECS00000004: 300391379-300392015, 300392049-300392249, 300396890-300397326: +	Frame=0	OriID=Ebr04G038300.1	OriTrascriptID=Ebr04G038300.1	transl_table=1	OriGeneID=Ebr04G038300	OriSeqID=Chr04",424,424,1152,424x1152,float16,embeddings/97128055c0d07cefcec71f82667c1c6696c5b6e62c8fd39e32dfe0f0e0b988c3.pt,/data/jnz/esmc-600m/data/weights/esmc_600m_2024_12_v0.pth,ok,
0743e11c3784a8527477c5f7363dfb684c5ee7087137132b0ed96e105eeda1af,,"GWHPBECS026460	mRNA=GWHTBECS026469	Gene=GWHGBECS026469	Position=GWHBECS00000004: 300466202-300467525, 300472301-300472491: +	Frame=0	OriID=Ebr04G038330.1	OriTrascriptID=Ebr04G038330.1	transl_table=1	OriGeneID=Ebr04G038330	OriSeqID=Chr04",504,504,1152,504x1152,float16,embeddings/0743e11c3784a8527477c5f7363dfb684c5ee7087137132b0ed96e105eeda1af.pt,/data/jnz/esmc-600m/data/weights/esmc_600m_2024_12_v0.pth,ok,
36e08d54bb440d2051d9e9a7ba4f67135291408992b39dd1835b3b1691f65a65,,GWHPBECS026461	mRNA=GWHTBECS026470	Gene=GWHGBECS026470	Position=GWHBECS00000004: 300473209-300474591: +	Frame=0	OriID=Ebr04G038340.1	OriTrascriptID=Ebr04G038340.1	transl_table=1	OriGeneID=Ebr04G038340	OriSeqID=Chr04,460,460,1152,460x1152,float16,embeddings/36e08d54bb440d2051d9e9a7ba4f67135291408992b39dd1835b3b1691f65a65.pt,/data/jnz/esmc-600m/data/weights/esmc_600m_2024_12_v0.pth,ok,
bd6193929fe1e7a2bfa99b1b55659825fd7a8be552dad1d10c92c96691edd638,,"GWHPBECS026462	mRNA=GWHTBECS026471	Gene=GWHGBECS026471	Position=GWHBECS00000004: 300477372-300477896, 300478352-300479038: +	Frame=0	OriID=Ebr04G038350.1	OriTrascriptID=Ebr04G038350.1	transl_table=1	OriGeneID=Ebr04G038350	OriSeqID=Chr04",403,403,1152,403x1152,float16,embeddings/bd6193929fe1e7a2bfa99b1b55659825fd7a8be552dad1d10c92c96691edd638.pt,/data/jnz/esmc-600m/data/weights/esmc_600m_2024_12_v0.pth,ok,
b1b415d76ff14d4633447ab8030042a01f9b5273d4472731af1c85eb74497d95,,"GWHPBECS026463	mRNA=GWHTBECS026472	Gene=GWHGBECS026472	Position=GWHBECS00000004: 300479640-300480243, 300480321-300480959, 300482053-300482093: +	Frame=0	OriID=Ebr04G038360.1	OriTrascriptID=Ebr04G038360.1	transl_table=1	OriGeneID=Ebr04G038360	OriSeqID=Chr04",427,427,1152,427x1152,float16,embeddings/b1b415d76ff14d4633447ab8030042a01f9b5273d4472731af1c85eb74497d95.pt,/data/jnz/esmc-600m/data/weights/esmc_600m_2024_12_v0.pth,ok,
db99382df8e814cd8f9ef5c0198bdd92ae605090591eb14a42ab84646bf39223,,GWHPBECS026464	mRNA=GWHTBECS026473	Gene=GWHGBECS026473	Position=GWHBECS00000004: 300498094-300499506: +	Frame=0	OriID=Ebr04G038370.1	OriTrascriptID=Ebr04G038370.1	transl_table=1	OriGeneID=Ebr04G038370	OriSeqID=Chr04,470,470,1152,470x1152,float16,embeddings/db99382df8e814cd8f9ef5c0198bdd92ae605090591eb14a42ab84646bf39223.pt,/data/jnz/esmc-600m/data/weights/esmc_600m_2024_12_v0.pth,ok,
e005b85522456d0eb4e983bd94f6163a26e365531704977720ec639a3c02d848,,GWHPBECS026466	mRNA=GWHTBECS026475	Gene=GWHGBECS026475	Position=GWHBECS00000004: 300579958-300581388: -	Frame=0	OriID=Ebr04G038390.1	OriTrascriptID=Ebr04G038390.1	transl_table=1	OriGeneID=Ebr04G038390	OriSeqID=Chr04,476,476,1152,476x1152,float16,embeddings/e005b85522456d0eb4e983bd94f6163a26e365531704977720ec639a3c02d848.pt,/data/jnz/esmc-600m/data/weights/esmc_600m_2024_12_v0.pth,ok,
f16bb38bcc6a265b43f4dbf5c5e1268d2b4d1e1579dd4678891bd747e1c5cdcb,,GWHPBECS026467	mRNA=GWHTBECS026476	Gene=GWHGBECS026476	Position=GWHBECS00000004: 300582173-300582934: +	Frame=0	OriID=Ebr04G038400.1	OriTrascriptID=Ebr04G038400.1	transl_table=1	OriGeneID=Ebr04G038400	OriSeqID=Chr04,253,253,1152,253x1152,float16,embeddings/f16bb38bcc6a265b43f4dbf5c5e1268d2b4d1e1579dd4678891bd747e1c5cdcb.pt,/data/jnz/esmc-600m/data/weights/esmc_600m_2024_12_v0.pth,ok,
83f6117b9ca9a02dc03f332da8b77a494ec72419f9223c3469ad0ed3ff8036b1,,"GWHPBECS026493	mRNA=GWHTBECS026502	Gene=GWHGBECS026502	Position=GWHBECS00000004: 302321726-302322480, 302322557-302323253: -	Frame=0	OriID=Ebr04G038660.1	OriTrascriptID=Ebr04G038660.1	transl_table=1	OriGeneID=Ebr04G038660	OriSeqID=Chr04",483,483,1152,483x1152,float16,embeddings/83f6117b9ca9a02dc03f332da8b77a494ec72419f9223c3469ad0ed3ff8036b1.pt,/data/jnz/esmc-600m/data/weights/esmc_600m_2024_12_v0.pth,ok,
6fd74fffbb42ad5ce5ca217543c7e9b0070c0768d047bb4465c4ac3b6bfcd48f,,"GWHPBECS026555	mRNA=GWHTBECS026564	Gene=GWHGBECS026564	Position=GWHBECS00000004: 307584588-307584707, 307584915-307585181, 307585192-307585854: +	Frame=0	OriID=Ebr04G039280.1	OriTrascriptID=Ebr04G039280.1	transl_table=1	OriGeneID=Ebr04G039280	OriSeqID=Chr04",349,349,1152,349x1152,float16,embeddings/6fd74fffbb42ad5ce5ca217543c7e9b0070c0768d047bb4465c4ac3b6bfcd48f.pt,/data/jnz/esmc-600m/data/weights/esmc_600m_2024_12_v0.pth,ok,
3cfb8684ef0044f82068bc63747c45bcce4a55c304e014a7d6bc0b0cddc7ad8a,,"GWHPBECS026575	mRNA=GWHTBECS026584	Gene=GWHGBECS026584	Position=GWHBECS00000004: 309036262-309036634, 309036881-309037384, 309037622-309037759, 309072621-309072731, 309072854-309073158: +	Frame=0	OriID=Ebr04G039480.1	OriTrascriptID=Ebr04G039480.1	transl_table=1	OriGeneID=Ebr04G039480	OriSeqID=Chr04",476,476,1152,476x1152,float16,embeddings/3cfb8684ef0044f82068bc63747c45bcce4a55c304e014a7d6bc0b0cddc7ad8a.pt,/data/jnz/esmc-600m/data/weights/esmc_600m_2024_12_v0.pth,ok,
fa9df17dc140cba787f6ed180d1fb3f219d99876cd57c16bad94a5df67b607da,,GWHPBECS026582	mRNA=GWHTBECS026591	Gene=GWHGBECS026591	Position=GWHBECS00000004: 309437937-309438935: +	Frame=0	OriID=Ebr04G039550.1	OriTrascriptID=Ebr04G039550.1	transl_table=1	OriGeneID=Ebr04G039550	OriSeqID=Chr04,332,332,1152,332x1152,float16,embeddings/fa9df17dc140cba787f6ed180d1fb3f219d99876cd57c16bad94a5df67b607da.pt,/data/jnz/esmc-600m/data/weights/esmc_600m_2024_12_v0.pth,ok,
f6b54da6874e4d9fbc1cb7f539e05005296d1259003cf0fe5e3969447b3bf241,,"GWHPBECS026588	mRNA=GWHTBECS026597	Gene=GWHGBECS026597	Position=GWHBECS00000004: 309939391-309939901, 309940000-309940946: +	Frame=0	OriID=Ebr04G039610.1	OriTrascriptID=Ebr04G039610.1	transl_table=1	OriGeneID=Ebr04G039610	OriSeqID=Chr04",485,485,1152,485x1152,float16,embeddings/f6b54da6874e4d9fbc1cb7f539e05005296d1259003cf0fe5e3969447b3bf241.pt,/data/jnz/esmc-600m/data/weights/esmc_600m_2024_12_v0.pth,ok,
768cb88a85e30829eb512069d874dd1194385ea36bccd6849cf6b73d4b93f93c,,"GWHPBECS026589	mRNA=GWHTBECS026598	Gene=GWHGBECS026598	Position=GWHBECS00000004: 309947435-309947945, 309948048-309948991: +	Frame=0	OriID=Ebr04G039620.1	OriTrascriptID=Ebr04G039620.1	transl_table=1	OriGeneID=Ebr04G039620	OriSeqID=Chr04",484,484,1152,484x1152,float16,embeddings/768cb88a85e30829eb512069d874dd1194385ea36bccd6849cf6b73d4b93f93c.pt,/data/jnz/esmc-600m/data/weights/esmc_600m_2024_12_v0.pth,ok,
0f2e86212e12e0125b6d86c74d2644d373e210845d2e6197dd39198adaa305b7,,"GWHPBECS026591	mRNA=GWHTBECS026600	Gene=GWHGBECS026600	Position=GWHBECS00000004: 310325159-310325669, 310325770-310326770: +	Frame=0	OriID=Ebr04G039640.1	OriTrascriptID=Ebr04G039640.1	transl_table=1	OriGeneID=Ebr04G039640	OriSeqID=Chr04",503,503,1152,503x1152,float16,embeddings/0f2e86212e12e0125b6d86c74d2644d373e210845d2e6197dd39198adaa305b7.pt,/data/jnz/esmc-600m/data/weights/esmc_600m_2024_12_v0.pth,ok,
954199f87d98519e97f49a507631124fed281201860dbb15c4e217da3f169a3a,,"GWHPBECS026592	mRNA=GWHTBECS026601	Gene=GWHGBECS026601	Position=GWHBECS00000004: 310333061-310333571, 310333674-310334617: +	Frame=0	OriID=Ebr04G039650.1	OriTrascriptID=Ebr04G039650.1	transl_table=1	OriGeneID=Ebr04G039650	OriSeqID=Chr04",484,484,1152,484x1152,float16,embeddings/954199f87d98519e97f49a507631124fed281201860dbb15c4e217da3f169a3a.pt,/data/jnz/esmc-600m/data/weights/esmc_600m_2024_12_v0.pth,ok,
7447d8d41f536f6e745530f0b751f115f3134ec98fa250b1add096d35c79b316,,"GWHPBECS026596	mRNA=GWHTBECS026605	Gene=GWHGBECS026605	Position=GWHBECS00000004: 310538460-310539093, 310539277-310539746: +	Frame=0	OriID=Ebr04G039690.1	OriTrascriptID=Ebr04G039690.1	transl_table=1	OriGeneID=Ebr04G039690	OriSeqID=Chr04",367,367,1152,367x1152,float16,embeddings/7447d8d41f536f6e745530f0b751f115f3134ec98fa250b1add096d35c79b316.pt,/data/jnz/esmc-600m/data/weights/esmc_600m_2024_12_v0.pth,ok,
b3dab6665d57a184f65a438a86f3b7becef0b9bd49139d67849cfbaef5a129d3,,"GWHPBECS026643	mRNA=GWHTBECS026652	Gene=GWHGBECS026652	Position=GWHBECS00000004: 316442762-316443016, 316478267-316478632, 316502638-316503119, 316503267-316503330: +	Frame=0	OriID=Ebr04G040160.1	OriTrascriptID=Ebr04G040160.1	transl_table=1	OriGeneID=Ebr04G040160	OriSeqID=Chr04",388,388,1152,388x1152,float16,embeddings/b3dab6665d57a184f65a438a86f3b7becef0b9bd49139d67849cfbaef5a129d3.pt,/data/jnz/esmc-600m/data/weights/esmc_600m_2024_12_v0.pth,ok,
1579e2a590ff1af04c82fe5d07aa3db82ba423efc5189c912eb54780bf4582df,,GWHPBECS026810	mRNA=GWHTBECS026819	Gene=GWHGBECS026819	Position=GWHBECS00000004: 329578879-329580294: -	Frame=0	OriID=Ebr04G041830.1	OriTrascriptID=Ebr04G041830.1	transl_table=1	OriGeneID=Ebr04G041830	OriSeqID=Chr04,471,471,1152,471x1152,float16,embeddings/1579e2a590ff1af04c82fe5d07aa3db82ba423efc5189c912eb54780bf4582df.pt,/data/jnz/esmc-600m/data/weights/esmc_600m_2024_12_v0.pth,ok,
362c46ff0a0622f403ed0d4d3564d85c43e2678d179661e45daf64374300cf79,,"GWHPBECS026890	mRNA=GWHTBECS026899	Gene=GWHGBECS026899	Position=GWHBECS00000004: 337281977-337282346, 337282453-337282520, 337282598-337282686, 337282803-337282968, 337283050-337283339, 337283433-337283637, 337284511-337284668, 337285075-337285342: +	Frame=0	OriID=Ebr04G042630.1	OriTrascriptID=Ebr04G042630.1	transl_table=1	OriGeneID=Ebr04G042630	OriSeqID=Chr04",537,537,1152,537x1152,float16,embeddings/362c46ff0a0622f403ed0d4d3564d85c43e2678d179661e45daf64374300cf79.pt,/data/jnz/esmc-600m/data/weights/esmc_600m_2024_12_v0.pth,ok,
697b9cadcd5541c97832d3230218c96ed307adf870ffa9b1e6dca9a7ab820931,,"GWHPBECS026893	mRNA=GWHTBECS026902	Gene=GWHGBECS026902	Position=GWHBECS00000004: 337595350-337595806, 337627903-337628453, 337632596-337632724, 337632834-337632924, 337633002-337633114, 337654168-337654411, 337654518-337654606, 337654695-337654765, 337666532-337666616, 337666834-337667028: -	Frame=0	OriID=Ebr04G042660.1	OriTrascriptID=Ebr04G042660.1	transl_table=1	OriGeneID=Ebr04G042660	OriSeqID=Chr04",674,674,1152,674x1152,float16,embeddings/697b9cadcd5541c97832d3230218c96ed307adf870ffa9b1e6dca9a7ab820931.pt,/data/jnz/esmc-600m/data/weights/esmc_600m_2024_12_v0.pth,ok,
4300cdb83eea8099faaaa6d20fe49329c35c544974142b8f5ce3fc4d874f174c,,"GWHPBECS026971	mRNA=GWHTBECS026980	Gene=GWHGBECS026980	Position=GWHBECS00000004: 342719945-342720862, 342731529-342732065, 342732939-342733393, 342746982-342747104, 342761612-342761671, 342772055-342772184: +	Frame=0	OriID=Ebr04G043440.1	OriTrascriptID=Ebr04G043440.1	transl_table=1	OriGeneID=Ebr04G043440	OriSeqID=Chr04",740,740,1152,740x1152,float16,embeddings/4300cdb83eea8099faaaa6d20fe49329c35c544974142b8f5ce3fc4d874f174c.pt,/data/jnz/esmc-600m/data/weights/esmc_600m_2024_12_v0.pth,ok,
2cb7ec20219b761f26c0a46c0fdaf01ab799c44b6cab32debd7654ea33c8b131,,"GWHPBECS027025	mRNA=GWHTBECS027034	Gene=GWHGBECS027034	Position=GWHBECS00000004: 347224837-347225019, 347226228-347226327, 347256612-347256868: +	Frame=0	OriID=Ebr04G043980.1	OriTrascriptID=Ebr04G043980.1	transl_table=1	OriGeneID=Ebr04G043980	OriSeqID=Chr04",179,179,1152,179x1152,float16,embeddings/2cb7ec20219b761f26c0a46c0fdaf01ab799c44b6cab32debd7654ea33c8b131.pt,/data/jnz/esmc-600m/data/weights/esmc_600m_2024_12_v0.pth,ok,
399c41dc21c8cfcd125e3f74986720a0a6fa23976812e056915b1bc2c212628b,,"GWHPBECS027045	mRNA=GWHTBECS027054	Gene=GWHGBECS027054	Position=GWHBECS00000004: 348196596-348197147, 348212297-348212550, 348229971-348230625: -	Frame=0	OriID=Ebr04G044180.1	OriTrascriptID=Ebr04G044180.1	transl_table=1	OriGeneID=Ebr04G044180	OriSeqID=Chr04",486,486,1152,486x1152,float16,embeddings/399c41dc21c8cfcd125e3f74986720a0a6fa23976812e056915b1bc2c212628b.pt,/data/jnz/esmc-600m/data/weights/esmc_600m_2024_12_v0.pth,ok,
756b18d6a5993c2248f6fd5d73dcc3f6c316527a5f30e27617303670d271c42a,,"GWHPBECS027082	mRNA=GWHTBECS027091	Gene=GWHGBECS027091	Position=GWHBECS00000004: 350791999-350792362, 350792392-350792554, 350792862-350793327, 350793457-350793771: -	Frame=0	OriID=Ebr04G044550.1	OriTrascriptID=Ebr04G044550.1	transl_table=1	OriGeneID=Ebr04G044550	OriSeqID=Chr04",435,435,1152,435x1152,float16,embeddings/756b18d6a5993c2248f6fd5d73dcc3f6c316527a5f30e27617303670d271c42a.pt,/data/jnz/esmc-600m/data/weights/esmc_600m_2024_12_v0.pth,ok,
ae13b70b72254093ef0787803655e0ccbf99bc49ee80ff024dce3f33a0ade384,,"GWHPBECS027152	mRNA=GWHTBECS027161	Gene=GWHGBECS027161	Position=GWHBECS00000004: 355486861-355487107, 355487395-355487552, 355487632-355487836, 355487921-355488210, 355488308-355488473, 355488568-355488656, 355489032-355489099, 355489904-355490231: -	Frame=0	OriID=Ebr04G045250.1	OriTrascriptID=Ebr04G045250.1	transl_table=1	OriGeneID=Ebr04G045250	OriSeqID=Chr04",516,516,1152,516x1152,float16,embeddings/ae13b70b72254093ef0787803655e0ccbf99bc49ee80ff024dce3f33a0ade384.pt,/data/jnz/esmc-600m/data/weights/esmc_600m_2024_12_v0.pth,ok,
7984ea2024688990a3cfc72a8738431ffd60015d47f744f82a3a9eefbe3dacbc,,"GWHPBECS027248	mRNA=GWHTBECS027257	Gene=GWHGBECS027257	Position=GWHBECS00000004: 362306862-362306964, 362325979-362326263, 362326419-362326624, 362340129-362340234, 362354249-362354505, 362354751-362354886, 362361340-362361434, 362361571-362361624, 362374036-362374149, 362400892-362400987, 362401072-362401191, 362422460-362422546, 362422633-362422800: +	Frame=0	OriID=Ebr04G046210.1	OriTrascriptID=Ebr04G046210.1	transl_table=1	OriGeneID=Ebr04G046210	OriSeqID=Chr04",608,608,1152,608x1152,float16,embeddings/7984ea2024688990a3cfc72a8738431ffd60015d47f744f82a3a9eefbe3dacbc.pt,/data/jnz/esmc-600m/data/weights/esmc_600m_2024_12_v0.pth,ok,
19ac4a12d206cc32c12ad77452c813f0fd3a7879b4fd415a26046b17ee58480a,,"GWHPBECS027409	mRNA=GWHTBECS027418	Gene=GWHGBECS027418	Position=GWHBECS00000004: 374647156-374647377, 374647510-374647644, 374647687-374647725, 374648389-374648592: +	Frame=0	OriID=Ebr04G047820.1	OriTrascriptID=Ebr04G047820.1	transl_table=1	OriGeneID=Ebr04G047820	OriSeqID=Chr04",199,199,1152,199x1152,float16,embeddings/19ac4a12d206cc32c12ad77452c813f0fd3a7879b4fd415a26046b17ee58480a.pt,/data/jnz/esmc-600m/data/weights/esmc_600m_2024_12_v0.pth,ok,
ee601d21488d9f9cc43998ba940e58e0d51a1643e4a615747117186d53d96ab0,,"GWHPBECS027435	mRNA=GWHTBECS027444	Gene=GWHGBECS027444	Position=GWHBECS00000004: 376872010-376872116, 376872377-376872560, 376872623-376872665, 376873053-376873098, 376874355-376874420, 376875945-376875995, 376877309-376877377, 376878276-376878639, 376878742-376878863, 376878917-376879406: -	Frame=0	OriID=Ebr04G048080.1	OriTrascriptID=Ebr04G048080.1	transl_table=1	OriGeneID=Ebr04G048080	OriSeqID=Chr04",513,513,1152,513x1152,float16,embeddings/ee601d21488d9f9cc43998ba940e58e0d51a1643e4a615747117186d53d96ab0.pt,/data/jnz/esmc-600m/data/weights/esmc_600m_2024_12_v0.pth,ok,
cc1adf335242e45a5aae1e09f098dd2319b0aec853e3a7aceff36a49fb0b58cc,,"GWHPBECS027441	mRNA=GWHTBECS027450	Gene=GWHGBECS027450	Position=GWHBECS00000004: 377459094-377459201, 377460391-377460464, 377462770-377462906, 377463149-377463189, 377463472-377463521, 377464526-377464616, 377466333-377466367, 377468198-377468278, 377468455-377468878, 377468924-377468962, 377468996-377469083, 377469144-377469373, 377469476-377469586: -	Frame=0	OriID=Ebr04G048140.1	OriTrascriptID=Ebr04G048140.1	transl_table=1	OriGeneID=Ebr04G048140	OriSeqID=Chr04",502,502,1152,502x1152,float16,embeddings/cc1adf335242e45a5aae1e09f098dd2319b0aec853e3a7aceff36a49fb0b58cc.pt,/data/jnz/esmc-600m/data/weights/esmc_600m_2024_12_v0.pth,ok,
6e29c857d88167f30d7ac7272c7e060e5ae97f96eaab8e1eff5d217f9bd90030,,"GWHPBECS027494	mRNA=GWHTBECS027503	Gene=GWHGBECS027503	Position=GWHBECS00000004: 381228689-381228829, 381228882-381228957, 381229025-381229099, 381229176-381229278, 381229363-381229615, 381230568-381230945, 381231040-381231258, 381231342-381231433, 381231573-381231606, 381231933-381232025, 381232206-381232335, 381232507-381232586, 381232728-381232811, 381232954-381233159, 381234723-381234757, 381235181-381235341, 381235491-381235820: +	Frame=0	OriID=Ebr04G048670.1	OriTrascriptID=Ebr04G048670.1	transl_table=1	OriGeneID=Ebr04G048670	OriSeqID=Chr04",829,829,1152,829x1152,float16,embeddings/6e29c857d88167f30d7ac7272c7e060e5ae97f96eaab8e1eff5d217f9bd90030.pt,/data/jnz/esmc-600m/data/weights/esmc_600m_2024_12_v0.pth,ok,
bd0acaa95682d398f4927abf1049c6aee11cb1be44e63bd210f1e882407249f6,,"GWHPBECS027565	mRNA=GWHTBECS027574	Gene=GWHGBECS027574	Position=GWHBECS00000004: 388550880-388551014, 388551377-388551400, 388551906-388552433: +	Frame=0	OriID=Ebr04G049380.1	OriTrascriptID=Ebr04G049380.1	transl_table=1	OriGeneID=Ebr04G049380	OriSeqID=Chr04",228,228,1152,228x1152,float16,embeddings/bd0acaa95682d398f4927abf1049c6aee11cb1be44e63bd210f1e882407249f6.pt,/data/jnz/esmc-600m/data/weights/esmc_600m_2024_12_v0.pth,ok,
7a815408b98e9ec28a3cdd4f10af4986b974e6ec30d7865fd77a257163dc2519,,"GWHPBECS027571	mRNA=GWHTBECS027580	Gene=GWHGBECS027580	Position=GWHBECS00000004: 389004159-389004280, 389004414-389004477, 389004570-389004619, 389004698-389004877, 389038606-389038682, 389070639-389070726, 389118412-389118524, 389118639-389118661: +	Frame=0	OriID=Ebr04G049440.1	OriTrascriptID=Ebr04G049440.1	transl_table=1	OriGeneID=Ebr04G049440	OriSeqID=Chr04",238,238,1152,238x1152,float16,embeddings/7a815408b98e9ec28a3cdd4f10af4986b974e6ec30d7865fd77a257163dc2519.pt,/data/jnz/esmc-600m/data/weights/esmc_600m_2024_12_v0.pth,ok,
9ee90e594fcecb77b261721d8b837f2bee096f370bb5d6c170d359d2aceb3da6,,"GWHPBECS027689	mRNA=GWHTBECS027699	Gene=GWHGBECS027699	Position=GWHBECS00000004: 396982086-396982338, 396982649-396982870, 396983020-396983176, 396983384-396983488, 397019037-397019278, 397022080-397022246, 397039748-397040227: -	Frame=0	OriID=Ebr04G050630.1	OriTrascriptID=Ebr04G050630.1	transl_table=1	OriGeneID=Ebr04G050630	OriSeqID=Chr04",541,541,1152,541x1152,float16,embeddings/9ee90e594fcecb77b261721d8b837f2bee096f370bb5d6c170d359d2aceb3da6.pt,/data/jnz/esmc-600m/data/weights/esmc_600m_2024_12_v0.pth,ok,
027f0b43749d67d6fee637c12291d5acb188f823a4a37d87d086e5ed98592d56,,"GWHPBECS027725	mRNA=GWHTBECS027735	Gene=GWHGBECS027735	Position=GWHBECS00000004: 399689540-399689591, 399689671-399689748, 399689855-399689942, 399690053-399690266, 399696519-399696554, 399696638-399696753, 399696817-399697037, 399697109-399697140, 399697299-399697404, 399697613-399697721, 399697832-399697997: +	Frame=0	OriID=Ebr04G050990.1	OriTrascriptID=Ebr04G050990.1	transl_table=1	OriGeneID=Ebr04G050990	OriSeqID=Chr04",405,405,1152,405x1152,float16,embeddings/027f0b43749d67d6fee637c12291d5acb188f823a4a37d87d086e5ed98592d56.pt,/data/jnz/esmc-600m/data/weights/esmc_600m_2024_12_v0.pth,ok,
58b4a83c786c6043e656f2ebe8a7c3f6cdd1ce02a250c2544042b43eca082146,,"GWHPBECS027728	mRNA=GWHTBECS027738	Gene=GWHGBECS027738	Position=GWHBECS00000004: 400140655-400140706, 400140786-400140863, 400157055-400157142, 400157253-400157502, 400157586-400157701, 400157788-400158008, 400158131-400158162, 400158321-400158426, 400158630-400158738, 400158849-400159014: +	Frame=0	OriID=Ebr04G051020.1	OriTrascriptID=Ebr04G051020.1	transl_table=1	OriGeneID=Ebr04G051020	OriSeqID=Chr04",405,405,1152,405x1152,float16,embeddings/58b4a83c786c6043e656f2ebe8a7c3f6cdd1ce02a250c2544042b43eca082146.pt,/data/jnz/esmc-600m/data/weights/esmc_600m_2024_12_v0.pth,ok,
3fa61e457df471d63e43b71975f2754ff432ca11e53e7b5b70c7b647b1050886,,"GWHPBECS027729	mRNA=GWHTBECS027739	Gene=GWHGBECS027739	Position=GWHBECS00000004: 400232199-400232501, 400233055-400233124, 400233225-400233268, 400233361-400233436, 400282684-400282761, 400282883-400282970, 400283055-400283304, 400283374-400283489, 400283663-400283883, 400284002-400284033, 400284141-400284246, 400284418-400284526, 400284653-400284818: +	Frame=0	OriID=Ebr04G051030.1	OriTrascriptID=Ebr04G051030.1	transl_table=1	OriGeneID=Ebr04G051030	OriSeqID=Chr04",552,552,1152,552x1152,float16,embeddings/3fa61e457df471d63e43b71975f2754ff432ca11e53e7b5b70c7b647b1050886.pt,/data/jnz/esmc-600m/data/weights/esmc_600m_2024_12_v0.pth,ok,
7191c9c5c52a545e8822d12c25ae6d0764149a1c72ee59020cd0dab5d3251a87,,"GWHPBECS027730	mRNA=GWHTBECS027740	Gene=GWHGBECS027740	Position=GWHBECS00000004: 400333999-400334301, 400334852-400334921, 400335022-400335065, 400335158-400335233, 400335341-400335418, 400335540-400335627, 400335714-400335963, 400336033-400336148, 400336323-400336543, 400336662-400336693, 400336801-400336906, 400337079-400337187, 400337314-400337479: +	Frame=0	OriID=Ebr04G051040.1	OriTrascriptID=Ebr04G051040.1	transl_table=1	OriGeneID=Ebr04G051040	OriSeqID=Chr04",552,552,1152,552x1152,float16,embeddings/7191c9c5c52a545e8822d12c25ae6d0764149a1c72ee59020cd0dab5d3251a87.pt,/data/jnz/esmc-600m/data/weights/esmc_600m_2024_12_v0.pth,skipped_exists,
7cdb7e46c2297bbabfca0c062317e2af863c9e822ca0413431bbfe9fc9bda79b,,"GWHPBECS027747	mRNA=GWHTBECS027757	Gene=GWHGBECS027757	Position=GWHBECS00000004: 401509092-401509173, 401509464-401509534, 401510748-401510866, 401511286-401511384, 401527874-401528094, 401528217-401528332, 401528429-401528684, 401528765-401528852, 401528972-401529043, 401529124-401529199, 401530097-401530155, 401530242-401530305, 401530406-401530552: -	Frame=0	OriID=Ebr04G051210.1	OriTrascriptID=Ebr04G051210.1	transl_table=1	OriGeneID=Ebr04G051210	OriSeqID=Chr04",489,489,1152,489x1152,float16,embeddings/7cdb7e46c2297bbabfca0c062317e2af863c9e822ca0413431bbfe9fc9bda79b.pt,/data/jnz/esmc-600m/data/weights/esmc_600m_2024_12_v0.pth,ok,
e6265381f77bfe61f83f23021b8682bee8d978bba2b5cd0fed7036f3e498e0d8,,"GWHPBECS028000	mRNA=GWHTBECS028010	Gene=GWHGBECS028010	Position=GWHBECS00000004: 422155476-422156459, 422156606-422156857: +	Frame=0	OriID=Ebr04G053740.1	OriTrascriptID=Ebr04G053740.1	transl_table=1	OriGeneID=Ebr04G053740	OriSeqID=Chr04",411,411,1152,411x1152,float16,embeddings/e6265381f77bfe61f83f23021b8682bee8d978bba2b5cd0fed7036f3e498e0d8.pt,/data/jnz/esmc-600m/data/weights/esmc_600m_2024_12_v0.pth,ok,
27d48dd61227dd70951bf7d55b67d2d9194c118a616518903823c299c78f2479,,"GWHPBECS028055	mRNA=GWHTBECS028065	Gene=GWHGBECS028065	Position=GWHBECS00000004: 425497141-425497624, 425497696-425498549: +	Frame=0	OriID=Ebr04G054290.1	OriTrascriptID=Ebr04G054290.1	transl_table=1	OriGeneID=Ebr04G054290	OriSeqID=Chr04",445,445,1152,445x1152,float16,embeddings/27d48dd61227dd70951bf7d55b67d2d9194c118a616518903823c299c78f2479.pt,/data/jnz/esmc-600m/data/weights/esmc_600m_2024_12_v0.pth,ok,
51cb85eed0cd130153556060f180b9a695d0e2e9024e00a0d9299eea4303958a,,"GWHPBECS028070	mRNA=GWHTBECS028080	Gene=GWHGBECS028080	Position=GWHBECS00000004: 426363464-426363599, 426363686-426363805, 426397850-426397987, 426398075-426398123, 426398743-426398794, 426398928-426398998, 426418730-426418826, 426431615-426431773, 426431926-426432100, 426438355-426438560: -	Frame=0	OriID=Ebr04G054440.1	OriTrascriptID=Ebr04G054440.1	transl_table=1	OriGeneID=Ebr04G054440	OriSeqID=Chr04",400,400,1152,400x1152,float16,embeddings/51cb85eed0cd130153556060f180b9a695d0e2e9024e00a0d9299eea4303958a.pt,/data/jnz/esmc-600m/data/weights/esmc_600m_2024_12_v0.pth,ok,
f3d0b809887cbe50303dafe7663ba78bd7051b114dafe37a77802092a7e37ab1,,"GWHPBECS028110	mRNA=GWHTBECS028120	Gene=GWHGBECS028120	Position=GWHBECS00000004: 430278307-430279678, 430279718-430280831, 430280892-430281309: -	Frame=0	OriID=Ebr04G054840.1	OriTrascriptID=Ebr04G054840.1	transl_table=1	OriGeneID=Ebr04G054840	OriSeqID=Chr04",967,967,1152,967x1152,float16,embeddings/f3d0b809887cbe50303dafe7663ba78bd7051b114dafe37a77802092a7e37ab1.pt,/data/jnz/esmc-600m/data/weights/esmc_600m_2024_12_v0.pth,ok,
c8c72624b81442939fbc01f1b6bdc4f1dcdd658cbc77281c3565d79062311fc6,,"GWHPBECS028153	mRNA=GWHTBECS028163	Gene=GWHGBECS028163	Position=GWHBECS00000004: 433195987-433196190, 433197083-433197172, 433197340-433197563, 433197659-433197722, 433197885-433198099, 433198186-433198666, 433198752-433198886, 433198994-433199125, 433199206-433199382, 433199473-433199526, 433199662-433199724, 433199894-433200748, 433200836-433200963, 433201074-433201347: +	Frame=0	OriID=Ebr04G055270.1	OriTrascriptID=Ebr04G055270.1	transl_table=1	OriGeneID=Ebr04G055270	OriSeqID=Chr04",1031,1031,1152,1031x1152,float16,embeddings/c8c72624b81442939fbc01f1b6bdc4f1dcdd658cbc77281c3565d79062311fc6.pt,/data/jnz/esmc-600m/data/weights/esmc_600m_2024_12_v0.pth,ok,
1a9a5a14c38096938826912e294d170e0be5eab252c392ca380e76564c428283,,GWHPBECS028155	mRNA=GWHTBECS028165	Gene=GWHGBECS028165	Position=GWHBECS00000004: 433330759-433332471: +	Frame=0	OriID=Ebr04G055290.1	OriTrascriptID=Ebr04G055290.1	transl_table=1	OriGeneID=Ebr04G055290	OriSeqID=Chr04,570,570,1152,570x1152,float16,embeddings/1a9a5a14c38096938826912e294d170e0be5eab252c392ca380e76564c428283.pt,/data/jnz/esmc-600m/data/weights/esmc_600m_2024_12_v0.pth,ok,
4e24322038b42858afec86fdeb400f785aef83522ba03766709c48a307663ada,,GWHPBECS028168	mRNA=GWHTBECS028178	Gene=GWHGBECS028178	Position=GWHBECS00000004: 434100043-434100882: -	Frame=0	OriID=Ebr04G055420.1	OriTrascriptID=Ebr04G055420.1	transl_table=1	OriGeneID=Ebr04G055420	OriSeqID=Chr04,279,279,1152,279x1152,float16,embeddings/4e24322038b42858afec86fdeb400f785aef83522ba03766709c48a307663ada.pt,/data/jnz/esmc-600m/data/weights/esmc_600m_2024_12_v0.pth,ok,
4360d1c557f39be4fcf8db74aa3f5707e94ea70138702e567e4ecc963a831c31,,"GWHPBECS028206	mRNA=GWHTBECS028216	Gene=GWHGBECS028216	Position=GWHBECS00000004: 436592833-436592994, 436593043-436593091, 436593131-436593448, 436593608-436593711: -	Frame=0	OriID=Ebr04G055800.1	OriTrascriptID=Ebr04G055800.1	transl_table=1	OriGeneID=Ebr04G055800	OriSeqID=Chr04",210,210,1152,210x1152,float16,embeddings/4360d1c557f39be4fcf8db74aa3f5707e94ea70138702e567e4ecc963a831c31.pt,/data/jnz/esmc-600m/data/weights/esmc_600m_2024_12_v0.pth,ok,
e942d9a00bb9159026fac5758b238d4d98a2dfaac03f9c6451852969febd268f,,"GWHPBECS028231	mRNA=GWHTBECS028241	Gene=GWHGBECS028241	Position=GWHBECS00000004: 438753208-438753483, 438753630-438754575, 438754687-438755021, 438757071-438757208, 438757533-438757670, 438771216-438771326: -	Frame=0	OriID=Ebr04G056050.1	OriTrascriptID=Ebr04G056050.1	transl_table=1	OriGeneID=Ebr04G056050	OriSeqID=Chr04",647,647,1152,647x1152,float16,embeddings/e942d9a00bb9159026fac5758b238d4d98a2dfaac03f9c6451852969febd268f.pt,/data/jnz/esmc-600m/data/weights/esmc_600m_2024_12_v0.pth,ok,
e0f4c78068fcda2229385c9644d109ef9ee5d798a70756926f3842ba247eda84,,GWHPBECS028272	mRNA=GWHTBECS028282	Gene=GWHGBECS028282	Position=GWHBECS00000004: 440770571-440772427: -	Frame=0	OriID=Ebr04G056460.1	OriTrascriptID=Ebr04G056460.1	transl_table=1	OriGeneID=Ebr04G056460	OriSeqID=Chr04,618,618,1152,618x1152,float16,embeddings/e0f4c78068fcda2229385c9644d109ef9ee5d798a70756926f3842ba247eda84.pt,/data/jnz/esmc-600m/data/weights/esmc_600m_2024_12_v0.pth,ok,
d948d90f8581f0a038879a725b14e4c76b7fe6f4e06a142cbf441be204f7c71c,,"GWHPBECS028295	mRNA=GWHTBECS028305	Gene=GWHGBECS028305	Position=GWHBECS00000004: 443652798-443652854, 443655329-443655357, 443656097-443656150, 443657170-443657217, 443658696-443658751, 443659707-443659762, 443660844-443661010, 443661066-443661171, 443661202-443661330, 443661621-443661668: -	Frame=0	OriID=Ebr04G056690.1	OriTrascriptID=Ebr04G056690.1	transl_table=1	OriGeneID=Ebr04G056690	OriSeqID=Chr04",249,249,1152,249x1152,float16,embeddings/d948d90f8581f0a038879a725b14e4c76b7fe6f4e06a142cbf441be204f7c71c.pt,/data/jnz/esmc-600m/data/weights/esmc_600m_2024_12_v0.pth,ok,
4e70c210f6e82c9413eb01257bb34bd699f5c9be252830ac80e429b17e532b1c,,"GWHPBECS028336	mRNA=GWHTBECS028346	Gene=GWHGBECS028346	Position=GWHBECS00000004: 446645138-446645612, 446645708-446646039, 446646126-446646228, 446647450-446647631, 446648607-446648790, 446648916-446649004, 446654990-446655066, 446655368-446655458, 446655544-446655606, 446655708-446655941: -	Frame=0	OriID=Ebr04G057100.1	OriTrascriptID=Ebr04G057100.1	transl_table=1	OriGeneID=Ebr04G057100	OriSeqID=Chr04",609,609,1152,609x1152,float16,embeddings/4e70c210f6e82c9413eb01257bb34bd699f5c9be252830ac80e429b17e532b1c.pt,/data/jnz/esmc-600m/data/weights/esmc_600m_2024_12_v0.pth,ok,
4cf7f56a2b84f1550a0acc012e052e92500e71a87a7ec074248641ed67218d4a,,GWHPBECS028344	mRNA=GWHTBECS028354	Gene=GWHGBECS028354	Position=GWHBECS00000004: 447585583-447586962: +	Frame=0	OriID=Ebr04G057180.1	OriTrascriptID=Ebr04G057180.1	transl_table=1	OriGeneID=Ebr04G057180	OriSeqID=Chr04,459,459,1152,459x1152,float16,embeddings/4cf7f56a2b84f1550a0acc012e052e92500e71a87a7ec074248641ed67218d4a.pt,/data/jnz/esmc-600m/data/weights/esmc_600m_2024_12_v0.pth,ok,
901b34d58410b15396d887a9bdeee8c653681c8aabbe65c39c8b6de85572f273,,GWHPBECS028532	mRNA=GWHTBECS028542	Gene=GWHGBECS028542	Position=GWHBECS00000004: 459068289-459068981: -	Frame=0	OriID=Ebr04G059060.1	OriTrascriptID=Ebr04G059060.1	transl_table=1	OriGeneID=Ebr04G059060	OriSeqID=Chr04,230,230,1152,230x1152,float16,embeddings/901b34d58410b15396d887a9bdeee8c653681c8aabbe65c39c8b6de85572f273.pt,/data/jnz/esmc-600m/data/weights/esmc_600m_2024_12_v0.pth,ok,
f606f9382268669e2b89fbcc4903591b25290ec6a5d8f7b0099d4b5a12e9da59,,"GWHPBECS028556	mRNA=GWHTBECS028566	Gene=GWHGBECS028566	Position=GWHBECS00000004: 460887502-460887609, 460888320-460888793, 460888951-460889199: +	Frame=0	OriID=Ebr04G059300.1	OriTrascriptID=Ebr04G059300.1	transl_table=1	OriGeneID=Ebr04G059300	OriSeqID=Chr04",276,276,1152,276x1152,float16,embeddings/f606f9382268669e2b89fbcc4903591b25290ec6a5d8f7b0099d4b5a12e9da59.pt,/data/jnz/esmc-600m/data/weights/esmc_600m_2024_12_v0.pth,ok,
3e9f0fde2fbcb87b5af141a8396f498b1c787e8db81d03417100878ed2a995f6,,"GWHPBECS028559	mRNA=GWHTBECS028569	Gene=GWHGBECS028569	Position=GWHBECS00000004: 461069485-461069606, 461094120-461094219, 461094329-461094362, 461094436-461094512, 461112583-461112608, 461117103-461117267, 461117362-461117476, 461144847-461144951: +	Frame=0	OriID=Ebr04G059330.1	OriTrascriptID=Ebr04G059330.1	transl_table=1	OriGeneID=Ebr04G059330	OriSeqID=Chr04",247,247,1152,247x1152,float16,embeddings/3e9f0fde2fbcb87b5af141a8396f498b1c787e8db81d03417100878ed2a995f6.pt,/data/jnz/esmc-600m/data/weights/esmc_600m_2024_12_v0.pth,ok,
4ade3aafd65744c731c59ce48f0402795252576e047b11e5aae389dbc8899dae,,"GWHPBECS028562	mRNA=GWHTBECS028572	Gene=GWHGBECS028572	Position=GWHBECS00000004: 461208641-461208961, 461209221-461209768, 461225396-461225578, 461250390-461250660: -	Frame=0	OriID=Ebr04G059360.1	OriTrascriptID=Ebr04G059360.1	transl_table=1	OriGeneID=Ebr04G059360	OriSeqID=Chr04",440,440,1152,440x1152,float16,embeddings/4ade3aafd65744c731c59ce48f0402795252576e047b11e5aae389dbc8899dae.pt,/data/jnz/esmc-600m/data/weights/esmc_600m_2024_12_v0.pth,ok,
6b94c2e7387826721d76c4202bfb931f49ab0d3da9b69ed8c835f9ba183de8df,,"GWHPBECS028583	mRNA=GWHTBECS028593	Gene=GWHGBECS028593	Position=GWHBECS00000004: 462689769-462690168, 462690257-462690450, 462690539-462690808: -	Frame=0	OriID=Ebr04G059570.1	OriTrascriptID=Ebr04G059570.1	transl_table=1	OriGeneID=Ebr04G059570	OriSeqID=Chr04",287,287,1152,287x1152,float16,embeddings/6b94c2e7387826721d76c4202bfb931f49ab0d3da9b69ed8c835f9ba183de8df.pt,/data/jnz/esmc-600m/data/weights/esmc_600m_2024_12_v0.pth,ok,
4550f005245fb931561920aac4901eb15842a6dd45f8f0736c132f073589b94f,,"GWHPBECS028584	mRNA=GWHTBECS028594	Gene=GWHGBECS028594	Position=GWHBECS00000004: 462732851-462733138, 462733230-462733423, 462733517-462733916: +	Frame=0	OriID=Ebr04G059580.1	OriTrascriptID=Ebr04G059580.1	transl_table=1	OriGeneID=Ebr04G059580	OriSeqID=Chr04",293,293,1152,293x1152,float16,embeddings/4550f005245fb931561920aac4901eb15842a6dd45f8f0736c132f073589b94f.pt,/data/jnz/esmc-600m/data/weights/esmc_600m_2024_12_v0.pth,ok,
e20dda652f61ecb0810ee90e1a177dfd0531899e417ce1c68ff9b163bcbaaf28,,"GWHPBECS028585	mRNA=GWHTBECS028595	Gene=GWHGBECS028595	Position=GWHBECS00000004: 462788704-462789103, 462789193-462789373, 462789459-462789732: -	Frame=0	OriID=Ebr04G059590.1	OriTrascriptID=Ebr04G059590.1	transl_table=1	OriGeneID=Ebr04G059590	OriSeqID=Chr04",284,284,1152,284x1152,float16,embeddings/e20dda652f61ecb0810ee90e1a177dfd0531899e417ce1c68ff9b163bcbaaf28.pt,/data/jnz/esmc-600m/data/weights/esmc_600m_2024_12_v0.pth,ok,
9a5ac21b81ccf15873c295d6e709480c0db7d1e9a9444a60ecd00d07f981c2a6,,"GWHPBECS028588	mRNA=GWHTBECS028598	Gene=GWHGBECS028598	Position=GWHBECS00000004: 462817183-462817467, 462817559-462817752, 462817846-462818245: +	Frame=0	OriID=Ebr04G059620.1	OriTrascriptID=Ebr04G059620.1	transl_table=1	OriGeneID=Ebr04G059620	OriSeqID=Chr04",292,292,1152,292x1152,float16,embeddings/9a5ac21b81ccf15873c295d6e709480c0db7d1e9a9444a60ecd00d07f981c2a6.pt,/data/jnz/esmc-600m/data/weights/esmc_600m_2024_12_v0.pth,ok,
426ffae82dc08426c98978becec296c2d9013cfebd9f5174a625a74a32f061ef,,"GWHPBECS028589	mRNA=GWHTBECS028599	Gene=GWHGBECS028599	Position=GWHBECS00000004: 462824785-462824813, 462824902-462825232: -	Frame=0	OriID=Ebr04G059630.1	OriTrascriptID=Ebr04G059630.1	transl_table=1	OriGeneID=Ebr04G059630	OriSeqID=Chr04",119,119,1152,119x1152,float16,embeddings/426ffae82dc08426c98978becec296c2d9013cfebd9f5174a625a74a32f061ef.pt,/data/jnz/esmc-600m/data/weights/esmc_600m_2024_12_v0.pth,ok,
2c0fae5f3955c7231f1c8e6c86137b1f09087bcdb2dc40b8572cde22f260a2fa,,"GWHPBECS028590	mRNA=GWHTBECS028600	Gene=GWHGBECS028600	Position=GWHBECS00000004: 462826041-462826325, 462826417-462826610, 462826704-462827103: +	Frame=0	OriID=Ebr04G059640.1	OriTrascriptID=Ebr04G059640.1	transl_table=1	OriGeneID=Ebr04G059640	OriSeqID=Chr04",292,292,1152,292x1152,float16,embeddings/2c0fae5f3955c7231f1c8e6c86137b1f09087bcdb2dc40b8572cde22f260a2fa.pt,/data/jnz/esmc-600m/data/weights/esmc_600m_2024_12_v0.pth,ok,
1e1feff400b8805cb49c7eb91ad17f975e71dc9b2418e105b422c65569da20f9,,"GWHPBECS028593	mRNA=GWHTBECS028603	Gene=GWHGBECS028603	Position=GWHBECS00000004: 462875561-462875960, 462876054-462876247, 462876339-462876626: -	Frame=0	OriID=Ebr04G059670.1	OriTrascriptID=Ebr04G059670.1	transl_table=1	OriGeneID=Ebr04G059670	OriSeqID=Chr04",293,293,1152,293x1152,float16,embeddings/1e1feff400b8805cb49c7eb91ad17f975e71dc9b2418e105b422c65569da20f9.pt,/data/jnz/esmc-600m/data/weights/esmc_600m_2024_12_v0.pth,ok,
eaacef74a2e9cc438f222b42917d7f057da7e6ce496584ad3ccbecd10935e41e,,"GWHPBECS028594	mRNA=GWHTBECS028604	Gene=GWHGBECS028604	Position=GWHBECS00000004: 462897089-462897401, 462897495-462897688, 462897780-462898067: -	Frame=0	OriID=Ebr04G059680.1	OriTrascriptID=Ebr04G059680.1	transl_table=1	OriGeneID=Ebr04G059680	OriSeqID=Chr04",264,264,1152,264x1152,float16,embeddings/eaacef74a2e9cc438f222b42917d7f057da7e6ce496584ad3ccbecd10935e41e.pt,/data/jnz/esmc-600m/data/weights/esmc_600m_2024_12_v0.pth,ok,
afc3982f025a70b9ed0dabc31b32d9c25c65b73a542c486faf3ba8813853a3f2,,"GWHPBECS028595	mRNA=GWHTBECS028605	Gene=GWHGBECS028605	Position=GWHBECS00000004: 462913584-462913983, 462914077-462914270, 462914362-462914649: -	Frame=0	OriID=Ebr04G059690.1	OriTrascriptID=Ebr04G059690.1	transl_table=1	OriGeneID=Ebr04G059690	OriSeqID=Chr04",293,293,1152,293x1152,float16,embeddings/afc3982f025a70b9ed0dabc31b32d9c25c65b73a542c486faf3ba8813853a3f2.pt,/data/jnz/esmc-600m/data/weights/esmc_600m_2024_12_v0.pth,ok,
1e1feff400b8805cb49c7eb91ad17f975e71dc9b2418e105b422c65569da20f9,,"GWHPBECS028596	mRNA=GWHTBECS028606	Gene=GWHGBECS028606	Position=GWHBECS00000004: 462929136-462929535, 462929629-462929822, 462929914-462930201: -	Frame=0	OriID=Ebr04G059700.1	OriTrascriptID=Ebr04G059700.1	transl_table=1	OriGeneID=Ebr04G059700	OriSeqID=Chr04",293,293,1152,293x1152,float16,embeddings/1e1feff400b8805cb49c7eb91ad17f975e71dc9b2418e105b422c65569da20f9.pt,/data/jnz/esmc-600m/data/weights/esmc_600m_2024_12_v0.pth,skipped_exists,
aab3a5fc3b5ecb2d45ea0d304fbe0ce2713b08133190907519ac62b60c3168f4,,"GWHPBECS028597	mRNA=GWHTBECS028607	Gene=GWHGBECS028607	Position=GWHBECS00000004: 462998536-462998814, 462998894-462999087, 462999177-462999576: +	Frame=0	OriID=Ebr04G059710.1	OriTrascriptID=Ebr04G059710.1	transl_table=1	OriGeneID=Ebr04G059710	OriSeqID=Chr04",290,290,1152,290x1152,float16,embeddings/aab3a5fc3b5ecb2d45ea0d304fbe0ce2713b08133190907519ac62b60c3168f4.pt,/data/jnz/esmc-600m/data/weights/esmc_600m_2024_12_v0.pth,ok,
aab3a5fc3b5ecb2d45ea0d304fbe0ce2713b08133190907519ac62b60c3168f4,,"GWHPBECS028598	mRNA=GWHTBECS028608	Gene=GWHGBECS028608	Position=GWHBECS00000004: 463012489-463012767, 463012847-463013040, 463013130-463013529: +	Frame=0	OriID=Ebr04G059720.1	OriTrascriptID=Ebr04G059720.1	transl_table=1	OriGeneID=Ebr04G059720	OriSeqID=Chr04",290,290,1152,290x1152,float16,embeddings/aab3a5fc3b5ecb2d45ea0d304fbe0ce2713b08133190907519ac62b60c3168f4.pt,/data/jnz/esmc-600m/data/weights/esmc_600m_2024_12_v0.pth,skipped_exists,
10f25a3eb3db307266df763ab566a2374d9079c0dfdd94eb012a91eee70916e1,,"GWHPBECS028601	mRNA=GWHTBECS028611	Gene=GWHGBECS028611	Position=GWHBECS00000004: 463061738-463062025, 463062105-463062298, 463062379-463062778: +	Frame=0	OriID=Ebr04G059750.1	OriTrascriptID=Ebr04G059750.1	transl_table=1	OriGeneID=Ebr04G059750	OriSeqID=Chr04",293,293,1152,293x1152,float16,embeddings/10f25a3eb3db307266df763ab566a2374d9079c0dfdd94eb012a91eee70916e1.pt,/data/jnz/esmc-600m/data/weights/esmc_600m_2024_12_v0.pth,ok,
03f452027384127c25174af550e50cfc4aff73cfa1b3e654c1834d1cda33e8ce,,"GWHPBECS028730	mRNA=GWHTBECS028740	Gene=GWHGBECS028740	Position=GWHBECS00000004: 475220393-475220507, 475220538-475220670, 475220753-475220841, 475220934-475220994, 475221084-475221151, 475221259-475221387, 475221547-475221660, 475221789-475221848, 475221881-475222134, 475222321-475222486, 475224077-475224135: +	Frame=0	OriID=Ebr04G061040.1	OriTrascriptID=Ebr04G061040.1	transl_table=1	OriGeneID=Ebr04G061040	OriSeqID=Chr04",415,415,1152,415x1152,float16,embeddings/03f452027384127c25174af550e50cfc4aff73cfa1b3e654c1834d1cda33e8ce.pt,/data/jnz/esmc-600m/data/weights/esmc_600m_2024_12_v0.pth,ok,
8e5d7dbe268c40af5d3802870b68aa3a10d2ab3dbf7a9a12f6c260a02c06d177,,"GWHPBECS028731	mRNA=GWHTBECS028741	Gene=GWHGBECS028741	Position=GWHBECS00000004: 475251025-475251074, 475255539-475255704, 475255890-475256237, 475256372-475256481, 475256641-475256769, 475256877-475256944, 475257034-475257094, 475257184-475257272, 475257359-475257636: -	Frame=0	OriID=Ebr04G061050.1	OriTrascriptID=Ebr04G061050.1	transl_table=1	OriGeneID=Ebr04G061050	OriSeqID=Chr04",432,432,1152,432x1152,float16,embeddings/8e5d7dbe268c40af5d3802870b68aa3a10d2ab3dbf7a9a12f6c260a02c06d177.pt,/data/jnz/esmc-600m/data/weights/esmc_600m_2024_12_v0.pth,ok,
0eba8f5f14df90aeb2c11f321ea44838e13f26c3aa190e5ec6203ccc29ae6fc9,,"GWHPBECS028930	mRNA=GWHTBECS028940	Gene=GWHGBECS028940	Position=GWHBECS00000004: 492598211-492598975, 492612419-492612625, 492634335-492634572, 492652683-492653083: +	Frame=0	OriID=Ebr04G063040.1	OriTrascriptID=Ebr04G063040.1	transl_table=1	OriGeneID=Ebr04G063040	OriSeqID=Chr04",536,536,1152,536x1152,float16,embeddings/0eba8f5f14df90aeb2c11f321ea44838e13f26c3aa190e5ec6203ccc29ae6fc9.pt,/data/jnz/esmc-600m/data/weights/esmc_600m_2024_12_v0.pth,ok,
74eff646e481b2869da1380dd9b7595dfcf257c784f9a0cb5e56cae0eff60f6b,,GWHPBECS029090	mRNA=GWHTBECS029101	Gene=GWHGBECS029101	Position=GWHBECS00000004: 502132111-502133496: -	Frame=0	OriID=Ebr04G064650.1	OriTrascriptID=Ebr04G064650.1	transl_table=1	OriGeneID=Ebr04G064650	OriSeqID=Chr04,461,461,1152,461x1152,float16,embeddings/74eff646e481b2869da1380dd9b7595dfcf257c784f9a0cb5e56cae0eff60f6b.pt,/data/jnz/esmc-600m/data/weights/esmc_600m_2024_12_v0.pth,ok,
f569c871d509880f7527d1ca94ad45e8eb21a25b897644a9bc1679636fa0119f,,"GWHPBECS029109	mRNA=GWHTBECS029120	Gene=GWHGBECS029120	Position=GWHBECS00000004: 503925535-503925582, 503925880-503926045, 503926139-503926227, 503926452-503926493: -	Frame=0	OriID=Ebr04G064840.1	OriTrascriptID=Ebr04G064840.1	transl_table=1	OriGeneID=Ebr04G064840	OriSeqID=Chr04",114,114,1152,114x1152,float16,embeddings/f569c871d509880f7527d1ca94ad45e8eb21a25b897644a9bc1679636fa0119f.pt,/data/jnz/esmc-600m/data/weights/esmc_600m_2024_12_v0.pth,ok,
fc33d3b89ce53774cd4493354278e2d0cea5ca13d456a57a1d5847a80bc64de5,,GWHPBECS029122	mRNA=GWHTBECS029133	Gene=GWHGBECS029133	Position=GWHBECS00000004: 504639823-504641208: -	Frame=0	OriID=Ebr04G064970.1	OriTrascriptID=Ebr04G064970.1	transl_table=1	OriGeneID=Ebr04G064970	OriSeqID=Chr04,461,461,1152,461x1152,float16,embeddings/fc33d3b89ce53774cd4493354278e2d0cea5ca13d456a57a1d5847a80bc64de5.pt,/data/jnz/esmc-600m/data/weights/esmc_600m_2024_12_v0.pth,ok,
b6c05e64464c21d262792a5366c8ac1c6e0ebf64edb09e16a59d2f9c5b325b94,,GWHPBECS029124	mRNA=GWHTBECS029135	Gene=GWHGBECS029135	Position=GWHBECS00000004: 504684171-504685556: -	Frame=0	OriID=Ebr04G064990.1	OriTrascriptID=Ebr04G064990.1	transl_table=1	OriGeneID=Ebr04G064990	OriSeqID=Chr04,461,461,1152,461x1152,float16,embeddings/b6c05e64464c21d262792a5366c8ac1c6e0ebf64edb09e16a59d2f9c5b325b94.pt,/data/jnz/esmc-600m/data/weights/esmc_600m_2024_12_v0.pth,ok,
f128894e42e4f92daf316640ee02c607236f9985b1feac7d41c3f0514857bc60,,"GWHPBECS029214	mRNA=GWHTBECS029225	Gene=GWHGBECS029225	Position=GWHBECS00000004: 511111953-511112145, 511112224-511112324, 511112412-511112608, 511112693-511113074: +	Frame=0	OriID=Ebr04G065890.1	OriTrascriptID=Ebr04G065890.1	transl_table=1	OriGeneID=Ebr04G065890	OriSeqID=Chr04",290,290,1152,290x1152,float16,embeddings/f128894e42e4f92daf316640ee02c607236f9985b1feac7d41c3f0514857bc60.pt,/data/jnz/esmc-600m/data/weights/esmc_600m_2024_12_v0.pth,ok,
8bbf0479647c776744ffd8082adf993e32e8598f6e7f0c627790cf870e4378e4,,GWHPBECS029273	mRNA=GWHTBECS029284	Gene=GWHGBECS029284	Position=GWHBECS00000004: 514850650-514851294: +	Frame=0	OriID=Ebr04G066480.1	OriTrascriptID=Ebr04G066480.1	transl_table=1	OriGeneID=Ebr04G066480	OriSeqID=Chr04,214,214,1152,214x1152,float16,embeddings/8bbf0479647c776744ffd8082adf993e32e8598f6e7f0c627790cf870e4378e4.pt,/data/jnz/esmc-600m/data/weights/esmc_600m_2024_12_v0.pth,ok,
ed1bb6b70a89ccbbf3c5ef19f32ae3cd76b32e80d11662fbab0d856e95522a58,,"GWHPBECS029301	mRNA=GWHTBECS029312	Gene=GWHGBECS029312	Position=GWHBECS00000004: 516800294-516801073, 516801622-516801930, 516802176-516802466, 516802562-516802675, 516802785-516803399: +	Frame=0	OriID=Ebr04G066760.1	OriTrascriptID=Ebr04G066760.1	transl_table=1	OriGeneID=Ebr04G066760	OriSeqID=Chr04",702,702,1152,702x1152,float16,embeddings/ed1bb6b70a89ccbbf3c5ef19f32ae3cd76b32e80d11662fbab0d856e95522a58.pt,/data/jnz/esmc-600m/data/weights/esmc_600m_2024_12_v0.pth,ok,
531bbffd123e981c34ca48ac3a53ded89cdac321617aa2e71621dbc216d2f7e3,,"GWHPBECS029363	mRNA=GWHTBECS029374	Gene=GWHGBECS029374	Position=GWHBECS00000004: 521216950-521217177, 521217211-521217516, 521217547-521217723, 521217769-521218182: -	Frame=0	OriID=Ebr04G067380.1	OriTrascriptID=Ebr04G067380.1	transl_table=1	OriGeneID=Ebr04G067380	OriSeqID=Chr04",374,374,1152,374x1152,float16,embeddings/531bbffd123e981c34ca48ac3a53ded89cdac321617aa2e71621dbc216d2f7e3.pt,/data/jnz/esmc-600m/data/weights/esmc_600m_2024_12_v0.pth,ok,
13108679ccfc01871d36820f37a09fb9f0328229a10cdde1e6c4b138f611d621,,GWHPBECS029411	mRNA=GWHTBECS029422	Gene=GWHGBECS029422	Position=GWHBECS00000004: 524724709-524726061: -	Frame=0	OriID=Ebr04G067860.1	OriTrascriptID=Ebr04G067860.1	transl_table=1	OriGeneID=Ebr04G067860	OriSeqID=Chr04,450,450,1152,450x1152,float16,embeddings/13108679ccfc01871d36820f37a09fb9f0328229a10cdde1e6c4b138f611d621.pt,/data/jnz/esmc-600m/data/weights/esmc_600m_2024_12_v0.pth,ok,
5e579e1f47c46bb22e2289892046718fee62d90614e21e7fb97a9bcc2b5f824f,,"GWHPBECS029414	mRNA=GWHTBECS029425	Gene=GWHGBECS029425	Position=GWHBECS00000004: 525083236-525083493, 525083604-525084557: -	Frame=0	OriID=Ebr04G067890.1	OriTrascriptID=Ebr04G067890.1	transl_table=1	OriGeneID=Ebr04G067890	OriSeqID=Chr04",403,403,1152,403x1152,float16,embeddings/5e579e1f47c46bb22e2289892046718fee62d90614e21e7fb97a9bcc2b5f824f.pt,/data/jnz/esmc-600m/data/weights/esmc_600m_2024_12_v0.pth,ok,
7ad3a2f7815fe231e44ec35c07a7252422b5899cf41000edb1449c7c6ff6e214,,GWHPBECS029415	mRNA=GWHTBECS029426	Gene=GWHGBECS029426	Position=GWHBECS00000004: 525305090-525306172: -	Frame=0	OriID=Ebr04G067900.1	OriTrascriptID=Ebr04G067900.1	transl_table=1	OriGeneID=Ebr04G067900	OriSeqID=Chr04,360,360,1152,360x1152,float16,embeddings/7ad3a2f7815fe231e44ec35c07a7252422b5899cf41000edb1449c7c6ff6e214.pt,/data/jnz/esmc-600m/data/weights/esmc_600m_2024_12_v0.pth,ok,
1ff779961089ce6e3fb7e6eea9a5ad28678227e8537a1eb6e5800fd00748c7a5,,GWHPBECS029416	mRNA=GWHTBECS029427	Gene=GWHGBECS029427	Position=GWHBECS00000004: 525329069-525330358: -	Frame=0	OriID=Ebr04G067910.1	OriTrascriptID=Ebr04G067910.1	transl_table=1	OriGeneID=Ebr04G067910	OriSeqID=Chr04,429,429,1152,429x1152,float16,embeddings/1ff779961089ce6e3fb7e6eea9a5ad28678227e8537a1eb6e5800fd00748c7a5.pt,/data/jnz/esmc-600m/data/weights/esmc_600m_2024_12_v0.pth,ok,
3b3bcc38f089859f6914a1304eb85efc81ba65720525215dcaaf65b24b55d119,,GWHPBECS029418	mRNA=GWHTBECS029429	Gene=GWHGBECS029429	Position=GWHBECS00000004: 525399053-525400219: -	Frame=0	OriID=Ebr04G067930.1	OriTrascriptID=Ebr04G067930.1	transl_table=1	OriGeneID=Ebr04G067930	OriSeqID=Chr04,388,388,1152,388x1152,float16,embeddings/3b3bcc38f089859f6914a1304eb85efc81ba65720525215dcaaf65b24b55d119.pt,/data/jnz/esmc-600m/data/weights/esmc_600m_2024_12_v0.pth,ok,
074cc3de19f0e33c7eb518de3a76e6137a4a93a204adcdbe8b696927e17b4e17,,GWHPBECS029419	mRNA=GWHTBECS029430	Gene=GWHGBECS029430	Position=GWHBECS00000004: 525431543-525432793: -	Frame=0	OriID=Ebr04G067940.1	OriTrascriptID=Ebr04G067940.1	transl_table=1	OriGeneID=Ebr04G067940	OriSeqID=Chr04,416,416,1152,416x1152,float16,embeddings/074cc3de19f0e33c7eb518de3a76e6137a4a93a204adcdbe8b696927e17b4e17.pt,/data/jnz/esmc-600m/data/weights/esmc_600m_2024_12_v0.pth,ok,
c6086c8e6a2ba414374189bfe4fa345ad05be55b2fe9357fd04355a5996e5b26,,GWHPBECS029420	mRNA=GWHTBECS029431	Gene=GWHGBECS029431	Position=GWHBECS00000004: 525560543-525561790: -	Frame=0	OriID=Ebr04G067950.1	OriTrascriptID=Ebr04G067950.1	transl_table=1	OriGeneID=Ebr04G067950	OriSeqID=Chr04,415,415,1152,415x1152,float16,embeddings/c6086c8e6a2ba414374189bfe4fa345ad05be55b2fe9357fd04355a5996e5b26.pt,/data/jnz/esmc-600m/data/weights/esmc_600m_2024_12_v0.pth,ok,
4e46546c17c1b1277f485b0541be3772ec152081924e506895b3ec0d28e6abb8,,GWHPBECS029421	mRNA=GWHTBECS029432	Gene=GWHGBECS029432	Position=GWHBECS00000004: 525599786-525601009: -	Frame=0	OriID=Ebr04G067960.1	OriTrascriptID=Ebr04G067960.1	transl_table=1	OriGeneID=Ebr04G067960	OriSeqID=Chr04,407,407,1152,407x1152,float16,embeddings/4e46546c17c1b1277f485b0541be3772ec152081924e506895b3ec0d28e6abb8.pt,/data/jnz/esmc-600m/data/weights/esmc_600m_2024_12_v0.pth,ok,
31e0f1f3141ebf7836834e6c9909f648e62493e66c9ebf051a37f05220ebb348,,GWHPBECS029424	mRNA=GWHTBECS029435	Gene=GWHGBECS029435	Position=GWHBECS00000004: 525922680-525924014: +	Frame=0	OriID=Ebr04G067990.1	OriTrascriptID=Ebr04G067990.1	transl_table=1	OriGeneID=Ebr04G067990	OriSeqID=Chr04,444,444,1152,444x1152,float16,embeddings/31e0f1f3141ebf7836834e6c9909f648e62493e66c9ebf051a37f05220ebb348.pt,/data/jnz/esmc-600m/data/weights/esmc_600m_2024_12_v0.pth,ok,
d97c37c010a1d39ed3d20a60f89148965ad0f042727085861f2a3175d2c7623e,,GWHPBECS029427	mRNA=GWHTBECS029438	Gene=GWHGBECS029438	Position=GWHBECS00000004: 526554186-526555508: +	Frame=0	OriID=Ebr04G068020.1	OriTrascriptID=Ebr04G068020.1	transl_table=1	OriGeneID=Ebr04G068020	OriSeqID=Chr04,440,440,1152,440x1152,float16,embeddings/d97c37c010a1d39ed3d20a60f89148965ad0f042727085861f2a3175d2c7623e.pt,/data/jnz/esmc-600m/data/weights/esmc_600m_2024_12_v0.pth,ok,
fa66275df70cbefd40bf46e87d77d4750e2b13547296bb1c6b64e9156aace27d,,GWHPBECS029430	mRNA=GWHTBECS029441	Gene=GWHGBECS029441	Position=GWHBECS00000004: 526601072-526602418: +	Frame=0	OriID=Ebr04G068050.1	OriTrascriptID=Ebr04G068050.1	transl_table=1	OriGeneID=Ebr04G068050	OriSeqID=Chr04,448,448,1152,448x1152,float16,embeddings/fa66275df70cbefd40bf46e87d77d4750e2b13547296bb1c6b64e9156aace27d.pt,/data/jnz/esmc-600m/data/weights/esmc_600m_2024_12_v0.pth,ok,
c922cfa93088d06ef78f0c11b296addf0935535b752fffe67f9e2ff21dff14b4,,GWHPBECS029433	mRNA=GWHTBECS029444	Gene=GWHGBECS029444	Position=GWHBECS00000004: 526647868-526649190: +	Frame=0	OriID=Ebr04G068080.1	OriTrascriptID=Ebr04G068080.1	transl_table=1	OriGeneID=Ebr04G068080	OriSeqID=Chr04,440,440,1152,440x1152,float16,embeddings/c922cfa93088d06ef78f0c11b296addf0935535b752fffe67f9e2ff21dff14b4.pt,/data/jnz/esmc-600m/data/weights/esmc_600m_2024_12_v0.pth,ok,
de302ce3676c2f1fe0fd3a5b8acfb415fc5745e0a4b412a1a6a00095622c54ef,,"GWHPBECS029556	mRNA=GWHTBECS029567	Gene=GWHGBECS029567	Position=GWHBECS00000004: 535069890-535069946, 535070531-535070589, 535071019-535071168, 535071921-535072013, 535082369-535082479, 535082692-535082773: -	Frame=0	OriID=Ebr04G069310.1	OriTrascriptID=Ebr04G069310.1	transl_table=1	OriGeneID=Ebr04G069310	OriSeqID=Chr04",183,183,1152,183x1152,float16,embeddings/de302ce3676c2f1fe0fd3a5b8acfb415fc5745e0a4b412a1a6a00095622c54ef.pt,/data/jnz/esmc-600m/data/weights/esmc_600m_2024_12_v0.pth,ok,
de302ce3676c2f1fe0fd3a5b8acfb415fc5745e0a4b412a1a6a00095622c54ef,,"GWHPBECS029563	mRNA=GWHTBECS029574	Gene=GWHGBECS029574	Position=GWHBECS00000004: 535940079-535940160, 535940373-535940483, 535951804-535951896, 535952642-535952791, 535953178-535953236, 535953820-535953876: +	Frame=0	OriID=Ebr04G069380.1	OriTrascriptID=Ebr04G069380.1	transl_table=1	OriGeneID=Ebr04G069380	OriSeqID=Chr04",183,183,1152,183x1152,float16,embeddings/de302ce3676c2f1fe0fd3a5b8acfb415fc5745e0a4b412a1a6a00095622c54ef.pt,/data/jnz/esmc-600m/data/weights/esmc_600m_2024_12_v0.pth,skipped_exists,
08c42dbf4adc76655be9803a961a61468a85a85d0ebdceefe0adbeeb1ef1a6fa,,"GWHPBECS029806	mRNA=GWHTBECS029817	Gene=GWHGBECS029817	Position=GWHBECS00000004: 551873115-551874214, 551881767-551882109: -	Frame=0	OriID=Ebr04G071810.1	OriTrascriptID=Ebr04G071810.1	transl_table=1	OriGeneID=Ebr04G071810	OriSeqID=Chr04",480,480,1152,480x1152,float16,embeddings/08c42dbf4adc76655be9803a961a61468a85a85d0ebdceefe0adbeeb1ef1a6fa.pt,/data/jnz/esmc-600m/data/weights/esmc_600m_2024_12_v0.pth,ok,
d9b64de8b92d22168883af57730b067260fb23c0cd75f4fbb34373b8a976002b,,GWHPBECS029808	mRNA=GWHTBECS029819	Gene=GWHGBECS029819	Position=GWHBECS00000004: 551967789-551969231: -	Frame=0	OriID=Ebr04G071830.1	OriTrascriptID=Ebr04G071830.1	transl_table=1	OriGeneID=Ebr04G071830	OriSeqID=Chr04,480,480,1152,480x1152,float16,embeddings/d9b64de8b92d22168883af57730b067260fb23c0cd75f4fbb34373b8a976002b.pt,/data/jnz/esmc-600m/data/weights/esmc_600m_2024_12_v0.pth,ok,
caadac4dbae3857604f93ff39f6e5e199bb1cb57d412b0961bca717935cd889e,,GWHPBECS029810	mRNA=GWHTBECS029821	Gene=GWHGBECS029821	Position=GWHBECS00000004: 552139891-552141324: +	Frame=0	OriID=Ebr04G071850.1	OriTrascriptID=Ebr04G071850.1	transl_table=1	OriGeneID=Ebr04G071850	OriSeqID=Chr04,477,477,1152,477x1152,float16,embeddings/caadac4dbae3857604f93ff39f6e5e199bb1cb57d412b0961bca717935cd889e.pt,/data/jnz/esmc-600m/data/weights/esmc_600m_2024_12_v0.pth,ok,
2404012eced722fdf9675253e1d6cd7bc7b3b92ee2151e0e15ce5111b8790e1d,,GWHPBECS029816	mRNA=GWHTBECS029827	Gene=GWHGBECS029827	Position=GWHBECS00000004: 552287471-552288919: -	Frame=0	OriID=Ebr04G071910.1	OriTrascriptID=Ebr04G071910.1	transl_table=1	OriGeneID=Ebr04G071910	OriSeqID=Chr04,482,482,1152,482x1152,float16,embeddings/2404012eced722fdf9675253e1d6cd7bc7b3b92ee2151e0e15ce5111b8790e1d.pt,/data/jnz/esmc-600m/data/weights/esmc_600m_2024_12_v0.pth,ok,
5c23ea76a35dfb5154532829c5ac317b67fb5f243af2a4c5a6661a96988145c3,,GWHPBECS029821	mRNA=GWHTBECS029832	Gene=GWHGBECS029832	Position=GWHBECS00000004: 552620181-552621575: +	Frame=0	OriID=Ebr04G071960.1	OriTrascriptID=Ebr04G071960.1	transl_table=1	OriGeneID=Ebr04G071960	OriSeqID=Chr04,464,464,1152,464x1152,float16,embeddings/5c23ea76a35dfb5154532829c5ac317b67fb5f243af2a4c5a6661a96988145c3.pt,/data/jnz/esmc-600m/data/weights/esmc_600m_2024_12_v0.pth,ok,
544fdf359cdaa3490fba7c0d6142431852444e6e98b0b4d9969915e7cee66d4e,,GWHPBECS029822	mRNA=GWHTBECS029833	Gene=GWHGBECS029833	Position=GWHBECS00000004: 552642472-552643887: -	Frame=0	OriID=Ebr04G071970.1	OriTrascriptID=Ebr04G071970.1	transl_table=1	OriGeneID=Ebr04G071970	OriSeqID=Chr04,471,471,1152,471x1152,float16,embeddings/544fdf359cdaa3490fba7c0d6142431852444e6e98b0b4d9969915e7cee66d4e.pt,/data/jnz/esmc-600m/data/weights/esmc_600m_2024_12_v0.pth,ok,
e45b8208a843d20639534a169c3f0ad2ef1909ed42b5ad004e34c63f6ab03c6d,,"GWHPBECS029823	mRNA=GWHTBECS029834	Gene=GWHGBECS029834	Position=GWHBECS00000004: 552709153-552710154, 552710188-552710586: +	Frame=0	OriID=Ebr04G071980.1	OriTrascriptID=Ebr04G071980.1	transl_table=1	OriGeneID=Ebr04G071980	OriSeqID=Chr04",466,466,1152,466x1152,float16,embeddings/e45b8208a843d20639534a169c3f0ad2ef1909ed42b5ad004e34c63f6ab03c6d.pt,/data/jnz/esmc-600m/data/weights/esmc_600m_2024_12_v0.pth,ok,
ed33d40730c756ec5ab161b0b0071f78e7e4118f341c8cd614396037417cf998,,GWHPBECS029833	mRNA=GWHTBECS029844	Gene=GWHGBECS029844	Position=GWHBECS00000004: 553662748-553664106: +	Frame=0	OriID=Ebr04G072080.1	OriTrascriptID=Ebr04G072080.1	transl_table=1	OriGeneID=Ebr04G072080	OriSeqID=Chr04,452,452,1152,452x1152,float16,embeddings/ed33d40730c756ec5ab161b0b0071f78e7e4118f341c8cd614396037417cf998.pt,/data/jnz/esmc-600m/data/weights/esmc_600m_2024_12_v0.pth,ok,
145285011c00163b730327f588bf93d318fb13d4b2e50d62c1c340f81a7658a3,,"GWHPBECS029880	mRNA=GWHTBECS029891	Gene=GWHGBECS029891	Position=GWHBECS00000004: 556207073-556207612, 556207696-556208043, 556208512-556208724, 556208806-556208916, 556209273-556209365, 556209780-556210370: -	Frame=0	OriID=Ebr04G072550.1	OriTrascriptID=Ebr04G072550.1	transl_table=1	OriGeneID=Ebr04G072550	OriSeqID=Chr04",631,631,1152,631x1152,float16,embeddings/145285011c00163b730327f588bf93d318fb13d4b2e50d62c1c340f81a7658a3.pt,/data/jnz/esmc-600m/data/weights/esmc_600m_2024_12_v0.pth,ok,
14595e18ddf48c0aae6484c460e3f895422c96b1a738ef9a0a8286c85e89428d,,"GWHPBECS029881	mRNA=GWHTBECS029892	Gene=GWHGBECS029892	Position=GWHBECS00000004: 556318765-556320159, 556320240-556320452, 556320534-556320644, 556332240-556332332, 556333137-556333770, 556335840-556335862: -	Frame=0	OriID=Ebr04G072560.1	OriTrascriptID=Ebr04G072560.1	transl_table=1	OriGeneID=Ebr04G072560	OriSeqID=Chr04",822,822,1152,822x1152,float16,embeddings/14595e18ddf48c0aae6484c460e3f895422c96b1a738ef9a0a8286c85e89428d.pt,/data/jnz/esmc-600m/data/weights/esmc_600m_2024_12_v0.pth,ok,
e8b0bc23e616e45554b4d133289981d0a2df9a6cdfa1f8b628e2badcdd085d27,,"GWHPBECS029884	mRNA=GWHTBECS029895	Gene=GWHGBECS029895	Position=GWHBECS00000004: 556456939-556457478, 556457560-556457907, 556457974-556458128, 556458359-556458458, 556458539-556458751, 556458833-556458943, 556469984-556470076, 556476989-556477622, 556478485-556478585: -	Frame=0	OriID=Ebr04G072590.1	OriTrascriptID=Ebr04G072590.1	transl_table=1	OriGeneID=Ebr04G072590	OriSeqID=Chr04",764,764,1152,764x1152,float16,embeddings/e8b0bc23e616e45554b4d133289981d0a2df9a6cdfa1f8b628e2badcdd085d27.pt,/data/jnz/esmc-600m/data/weights/esmc_600m_2024_12_v0.pth,ok,
c6bf0b062d4e6efe6d1dddb2cd175ed8322ff459634aede27c667f91bf287500,,"GWHPBECS029885	mRNA=GWHTBECS029896	Gene=GWHGBECS029896	Position=GWHBECS00000004: 556603080-556603619, 556603701-556604048, 556604115-556604269, 556604375-556604474, 556604555-556604767, 556604849-556604959, 556615199-556615291, 556617204-556617767, 556618652-556618822, 556625591-556626224, 556627086-556627186: -	Frame=0	OriID=Ebr04G072600.1	OriTrascriptID=Ebr04G072600.1	transl_table=1	OriGeneID=Ebr04G072600	OriSeqID=Chr04",1009,1009,1152,1009x1152,float16,embeddings/c6bf0b062d4e6efe6d1dddb2cd175ed8322ff459634aede27c667f91bf287500.pt,/data/jnz/esmc-600m/data/weights/esmc_600m_2024_12_v0.pth,ok,
9adcd65c7f0da875b8c718d1186298c2a2b87513cccf8eff209d85f108adcf55,,GWHPBECS029940	mRNA=GWHTBECS029951	Gene=GWHGBECS029951	Position=GWHBECS00000004: 562480583-562482091: -	Frame=0	OriID=Ebr04G073150.1	OriTrascriptID=Ebr04G073150.1	transl_table=1	OriGeneID=Ebr04G073150	OriSeqID=Chr04,502,502,1152,502x1152,float16,embeddings/9adcd65c7f0da875b8c718d1186298c2a2b87513cccf8eff209d85f108adcf55.pt,/data/jnz/esmc-600m/data/weights/esmc_600m_2024_12_v0.pth,ok,
57cd2c64917f8c4dd9efe540ecb867278ef1ec1a2eb667ec378f1e76c7ef6f72,,GWHPBECS029941	mRNA=GWHTBECS029952	Gene=GWHGBECS029952	Position=GWHBECS00000004: 562544183-562545715: -	Frame=0	OriID=Ebr04G073160.1	OriTrascriptID=Ebr04G073160.1	transl_table=1	OriGeneID=Ebr04G073160	OriSeqID=Chr04,510,510,1152,510x1152,float16,embeddings/57cd2c64917f8c4dd9efe540ecb867278ef1ec1a2eb667ec378f1e76c7ef6f72.pt,/data/jnz/esmc-600m/data/weights/esmc_600m_2024_12_v0.pth,ok,
bae4de519423458df05cd94314fcc074f5992c1e2c74ccd205f565ffacae1a7c,,GWHPBECS029942	mRNA=GWHTBECS029953	Gene=GWHGBECS029953	Position=GWHBECS00000004: 562635686-562636984: +	Frame=0	OriID=Ebr04G073170.1	OriTrascriptID=Ebr04G073170.1	transl_table=1	OriGeneID=Ebr04G073170	OriSeqID=Chr04,432,432,1152,432x1152,float16,embeddings/bae4de519423458df05cd94314fcc074f5992c1e2c74ccd205f565ffacae1a7c.pt,/data/jnz/esmc-600m/data/weights/esmc_600m_2024_12_v0.pth,ok,
10991a21c7d431befbcadaec87ed86175bf88752077158cb37c22fa01deb47ee,,"GWHPBECS029977	mRNA=GWHTBECS029988	Gene=GWHGBECS029988	Position=GWHBECS00000004: 565289360-565289555, 565289591-565289703, 565289734-565290363: +	Frame=0	OriID=Ebr04G073520.1	OriTrascriptID=Ebr04G073520.1	transl_table=1	OriGeneID=Ebr04G073520	OriSeqID=Chr04",312,312,1152,312x1152,float16,embeddings/10991a21c7d431befbcadaec87ed86175bf88752077158cb37c22fa01deb47ee.pt,/data/jnz/esmc-600m/data/weights/esmc_600m_2024_12_v0.pth,ok,
80cb8b9dbd1c0a63b1e2f73872c6c723bde03ea890e87256227d96d93663661a,,"GWHPBECS030111	mRNA=GWHTBECS030122	Gene=GWHGBECS030122	Position=GWHBECS00000005: 579393-580321, 580420-580930: -	Frame=0	OriID=Ebr05G000090.1	OriTrascriptID=Ebr05G000090.1	transl_table=1	OriGeneID=Ebr05G000090	OriSeqID=Chr05",479,479,1152,479x1152,float16,embeddings/80cb8b9dbd1c0a63b1e2f73872c6c723bde03ea890e87256227d96d93663661a.pt,/data/jnz/esmc-600m/data/weights/esmc_600m_2024_12_v0.pth,ok,
2e1418cc0892361919b16e41223ee9a9213ebcaccd13f52eebc6756ac0541edc,,"GWHPBECS030199	mRNA=GWHTBECS030210	Gene=GWHGBECS030210	Position=GWHBECS00000005: 5178943-5179069, 5179106-5179309, 5179378-5179472, 5179561-5180103: +	Frame=0	OriID=Ebr05G000970.1	OriTrascriptID=Ebr05G000970.1	transl_table=1	OriGeneID=Ebr05G000970	OriSeqID=Chr05",322,322,1152,322x1152,float16,embeddings/2e1418cc0892361919b16e41223ee9a9213ebcaccd13f52eebc6756ac0541edc.pt,/data/jnz/esmc-600m/data/weights/esmc_600m_2024_12_v0.pth,ok,
4131150585bfbd0469b6fce2c3ef6184a28ae1364d31281abbadb8ba97d75131,,"GWHPBECS030221	mRNA=GWHTBECS030232	Gene=GWHGBECS030232	Position=GWHBECS00000005: 6036931-6037534, 6038346-6038421, 6038528-6038643, 6076480-6076970: +	Frame=0	OriID=Ebr05G001190.1	OriTrascriptID=Ebr05G001190.1	transl_table=1	OriGeneID=Ebr05G001190	OriSeqID=Chr05",428,428,1152,428x1152,float16,embeddings/4131150585bfbd0469b6fce2c3ef6184a28ae1364d31281abbadb8ba97d75131.pt,/data/jnz/esmc-600m/data/weights/esmc_600m_2024_12_v0.pth,ok,
72b88a409ddca323dcebe0f1ca0991193aa7e1752c219f2a478cef79ac2fa761,,GWHPBECS030272	mRNA=GWHTBECS030283	Gene=GWHGBECS030283	Position=GWHBECS00000005: 8200897-8202570: -	Frame=0	OriID=Ebr05G001700.1	OriTrascriptID=Ebr05G001700.1	transl_table=1	OriGeneID=Ebr05G001700	OriSeqID=Chr05,557,557,1152,557x1152,float16,embeddings/72b88a409ddca323dcebe0f1ca0991193aa7e1752c219f2a478cef79ac2fa761.pt,/data/jnz/esmc-600m/data/weights/esmc_600m_2024_12_v0.pth,ok,
18cda63922d30e5083e7008402fdabf1d8e26b820167bf0a732425bb6befa96e,,"GWHPBECS030282	mRNA=GWHTBECS030293	Gene=GWHGBECS030293	Position=GWHBECS00000005: 8887553-8887606, 8910930-8911058, 8915117-8915233, 8915432-8915496, 8918857-8918896, 8919113-8919175, 8919921-8920194, 8920276-8920334: -	Frame=0	OriID=Ebr05G001800.1	OriTrascriptID=Ebr05G001800.1	transl_table=1	OriGeneID=Ebr05G001800	OriSeqID=Chr05",266,266,1152,266x1152,float16,embeddings/18cda63922d30e5083e7008402fdabf1d8e26b820167bf0a732425bb6befa96e.pt,/data/jnz/esmc-600m/data/weights/esmc_600m_2024_12_v0.pth,ok,
8b67b0f4b26bf42b67692dde2b089ec7d34a18895df40179869755ae23a83505,,"GWHPBECS030301	mRNA=GWHTBECS030312	Gene=GWHGBECS030312	Position=GWHBECS00000005: 9717049-9717161, 9717248-9717321, 9717530-9717612, 9717708-9717813, 9717909-9717949, 9718105-9718179, 9718292-9718488, 9719037-9719116, 9722754-9722831, 9724372-9724454, 9743016-9743073, 9748154-9748206, 9748315-9748413, 9748758-9749282, 9749381-9749476, 9749551-9749721: -	Frame=0	OriID=Ebr05G001990.1	OriTrascriptID=Ebr05G001990.1	transl_table=1	OriGeneID=Ebr05G001990	OriSeqID=Chr05",643,643,1152,643x1152,float16,embeddings/8b67b0f4b26bf42b67692dde2b089ec7d34a18895df40179869755ae23a83505.pt,/data/jnz/esmc-600m/data/weights/esmc_600m_2024_12_v0.pth,ok,
d616d66a078e09746f38f22911fedf44bfb1e2b42f7e5170c3b81a50f2ce388b,,"GWHPBECS030322	mRNA=GWHTBECS030333	Gene=GWHGBECS030333	Position=GWHBECS00000005: 10488915-10489026, 10489152-10489385, 10489783-10490026, 10490260-10490495, 10490698-10490803, 10490838-10491273, 10499647-10499865: +	Frame=0	OriID=Ebr05G002200.1	OriTrascriptID=Ebr05G002200.1	transl_table=1	OriGeneID=Ebr05G002200	OriSeqID=Chr05",528,528,1152,528x1152,float16,embeddings/d616d66a078e09746f38f22911fedf44bfb1e2b42f7e5170c3b81a50f2ce388b.pt,/data/jnz/esmc-600m/data/weights/esmc_600m_2024_12_v0.pth,ok,
c739e5e7475122e2c14bd6d4b0bf93ef84ab7b2d33a58fd30997bc52e02d99e7,,GWHPBECS030361	mRNA=GWHTBECS030372	Gene=GWHGBECS030372	Position=GWHBECS00000005: 12747191-12748102: -	Frame=0	OriID=Ebr05G002590.1	OriTrascriptID=Ebr05G002590.1	transl_table=1	OriGeneID=Ebr05G002590	OriSeqID=Chr05,303,303,1152,303x1152,float16,embeddings/c739e5e7475122e2c14bd6d4b0bf93ef84ab7b2d33a58fd30997bc52e02d99e7.pt,/data/jnz/esmc-600m/data/weights/esmc_600m_2024_12_v0.pth,ok,
81c834078a02c12193107ac4b281fbf247a4ba34ef194f6a1f5fd80b3795eb8b,,GWHPBECS030390	mRNA=GWHTBECS030401	Gene=GWHGBECS030401	Position=GWHBECS00000005: 14057953-14058960: -	Frame=0	OriID=Ebr05G002880.1	OriTrascriptID=Ebr05G002880.1	transl_table=1	OriGeneID=Ebr05G002880	OriSeqID=Chr05,335,335,1152,335x1152,float16,embeddings/81c834078a02c12193107ac4b281fbf247a4ba34ef194f6a1f5fd80b3795eb8b.pt,/data/jnz/esmc-600m/data/weights/esmc_600m_2024_12_v0.pth,ok,
d6ed239f05114ce1d10c87fea4ba5186e48d02ce5eafd497a35a37521b220aa9,,"GWHPBECS030402	mRNA=GWHTBECS030413	Gene=GWHGBECS030413	Position=GWHBECS00000005: 14588504-14588764, 14588888-14589005, 14589108-14589190, 14589281-14589361, 14589842-14589925, 14597345-14597503, 14597655-14597747, 14597903-14597989, 14598232-14598358, 14598444-14598515, 14603599-14603684, 14625050-14625157, 14625236-14625377, 14626103-14626194, 14629385-14629537, 14629834-14629926, 14630109-14630291, 14632490-14632855: -	Frame=0	OriID=Ebr05G003000.1	OriTrascriptID=Ebr05G003000.1	transl_table=1	OriGeneID=Ebr05G003000	OriSeqID=Chr05",795,795,1152,795x1152,float16,embeddings/d6ed239f05114ce1d10c87fea4ba5186e48d02ce5eafd497a35a37521b220aa9.pt,/data/jnz/esmc-600m/data/weights/esmc_600m_2024_12_v0.pth,ok,
e135754cf24418b0d093b5c3ea51559c88d99d40e453394e1779f95dec4d7df9,,"GWHPBECS030477	mRNA=GWHTBECS030488	Gene=GWHGBECS030488	Position=GWHBECS00000005: 21413418-21413941, 21414040-21414155, 21414276-21414351, 21414472-21414994: -	Frame=0	OriID=Ebr05G003750.1	OriTrascriptID=Ebr05G003750.1	transl_table=1	OriGeneID=Ebr05G003750	OriSeqID=Chr05",412,412,1152,412x1152,float16,embeddings/e135754cf24418b0d093b5c3ea51559c88d99d40e453394e1779f95dec4d7df9.pt,/data/jnz/esmc-600m/data/weights/esmc_600m_2024_12_v0.pth,ok,
6e9388b66fccf69a6423f8e1d0bc4d07e39ac169c14e870ead00c87343652268,,"GWHPBECS030583	mRNA=GWHTBECS030594	Gene=GWHGBECS030594	Position=GWHBECS00000005: 28704356-28704498, 28704532-28704619, 28704710-28704903, 28704986-28705367: +	Frame=0	OriID=Ebr05G004810.1	OriTrascriptID=Ebr05G004810.1	transl_table=1	OriGeneID=Ebr05G004810	OriSeqID=Chr05",268,268,1152,268x1152,float16,embeddings/6e9388b66fccf69a6423f8e1d0bc4d07e39ac169c14e870ead00c87343652268.pt,/data/jnz/esmc-600m/data/weights/esmc_600m_2024_12_v0.pth,ok,
4a6af68add74a2930392b37b01391f27036ef5ea0b0a221164516822be34e2b3,,"GWHPBECS030596	mRNA=GWHTBECS030607	Gene=GWHGBECS030607	Position=GWHBECS00000005: 29360291-29360557, 29360650-29360843, 29360934-29361315: +	Frame=0	OriID=Ebr05G004940.1	OriTrascriptID=Ebr05G004940.1	transl_table=1	OriGeneID=Ebr05G004940	OriSeqID=Chr05",280,280,1152,280x1152,float16,embeddings/4a6af68add74a2930392b37b01391f27036ef5ea0b0a221164516822be34e2b3.pt,/data/jnz/esmc-600m/data/weights/esmc_600m_2024_12_v0.pth,ok,
cb7a3fecf131a8233054df150e83862f95f8b5acb12353b934d3b494d1f5d84b,,"GWHPBECS030858	mRNA=GWHTBECS030869	Gene=GWHGBECS030869	Position=GWHBECS00000005: 46772198-46772433, 46772513-46772630, 46804863-46804967, 46805063-46805343, 46824739-46825020, 46825139-46825337, 46825441-46825592, 46825699-46825861, 46825970-46826053: +	Frame=0	OriID=Ebr05G007560.1	OriTrascriptID=Ebr05G007560.1	transl_table=1	OriGeneID=Ebr05G007560	OriSeqID=Chr05",539,539,1152,539x1152,float16,embeddings/cb7a3fecf131a8233054df150e83862f95f8b5acb12353b934d3b494d1f5d84b.pt,/data/jnz/esmc-600m/data/weights/esmc_600m_2024_12_v0.pth,ok,
81c1ead2f5aff39d7eed74cdcdad79410da095465c1c91521bd7cf0e3cce29f8,,"GWHPBECS030922	mRNA=GWHTBECS030933	Gene=GWHGBECS030933	Position=GWHBECS00000005: 50877601-50878024, 50878136-50878329, 50878497-50878571, 50878605-50878775: -	Frame=0	OriID=Ebr05G008200.1	OriTrascriptID=Ebr05G008200.1	transl_table=1	OriGeneID=Ebr05G008200	OriSeqID=Chr05",287,287,1152,287x1152,float16,embeddings/81c1ead2f5aff39d7eed74cdcdad79410da095465c1c91521bd7cf0e3cce29f8.pt,/data/jnz/esmc-600m/data/weights/esmc_600m_2024_12_v0.pth,ok,
864d505888d2c3c048844f9461f241803e0fc414d1c1f5ff20186f54579b3a09,,"GWHPBECS030933	mRNA=GWHTBECS030944	Gene=GWHGBECS030944	Position=GWHBECS00000005: 51253899-51254135, 51316293-51316367, 51316442-51316504, 51316740-51316964, 51320334-51320475, 51320556-51320717, 51324155-51324327, 51324425-51324931: -	Frame=0	OriID=Ebr05G008310.1	OriTrascriptID=Ebr05G008310.1	transl_table=1	OriGeneID=Ebr05G008310	OriSeqID=Chr05",527,527,1152,527x1152,float16,embeddings/864d505888d2c3c048844f9461f241803e0fc414d1c1f5ff20186f54579b3a09.pt,/data/jnz/esmc-600m/data/weights/esmc_600m_2024_12_v0.pth,ok,
c5146eea20a39c9ad56c600d37d0f3254d626bb4534846f7ed35a1a98edc3656,,"GWHPBECS031011	mRNA=GWHTBECS031022	Gene=GWHGBECS031022	Position=GWHBECS00000005: 57268904-57269302, 57269392-57269775, 57269826-57270218: -	Frame=0	OriID=Ebr05G009090.1	OriTrascriptID=Ebr05G009090.1	transl_table=1	OriGeneID=Ebr05G009090	OriSeqID=Chr05",391,391,1152,391x1152,float16,embeddings/c5146eea20a39c9ad56c600d37d0f3254d626bb4534846f7ed35a1a98edc3656.pt,/data/jnz/esmc-600m/data/weights/esmc_600m_2024_12_v0.pth,ok,
751f541e1588fab89cf57bdf99063ba2860b3791dd2b86b5bd7f27897bc20150,,"GWHPBECS031027	mRNA=GWHTBECS031038	Gene=GWHGBECS031038	Position=GWHBECS00000005: 58866048-58866234, 58866320-58866420, 58866508-58866704, 58867992-58868379: +	Frame=0	OriID=Ebr05G009250.1	OriTrascriptID=Ebr05G009250.1	transl_table=1	OriGeneID=Ebr05G009250	OriSeqID=Chr05",290,290,1152,290x1152,float16,embeddings/751f541e1588fab89cf57bdf99063ba2860b3791dd2b86b5bd7f27897bc20150.pt,/data/jnz/esmc-600m/data/weights/esmc_600m_2024_12_v0.pth,ok,
439e90ba5f8c5c6382e583803ae90faa86cb3f80f9d34179354d04942cf101a2,,"GWHPBECS031110	mRNA=GWHTBECS031121	Gene=GWHGBECS031121	Position=GWHBECS00000005: 65288342-65288528, 65288632-65288732, 65303669-65303787, 65303874-65303970, 65304061-65304171, 65304289-65304417, 65304513-65304605, 65305339-65305430, 65305549-65305675, 65305796-65305933, 65308143-65308219, 65308324-65308402, 65308490-65308615, 65309267-65309381, 65328465-65328799, 65345869-65345921, 65346011-65346071, 65346183-65346264, 65346346-65346395, 65346501-65346587, 65355717-65355839, 65355930-65356017, 65356139-65356203, 65356281-65356441, 65356852-65356975, 65357082-65357180, 65371768-65371919, 65386972-65387081, 65387174-65387299, 65387386-65387454, 65387666-65387855, 65387978-65388089, 65388177-65388296, 65388378-65388493, 65412169-65412281, 65436204-65436985, 65438385-65438435, 65438520-65438705, 65444012-65444242: +	Frame=0	OriID=Ebr05G010080.1	OriTrascriptID=Ebr05G010080.1	transl_table=1	OriGeneID=Ebr05G010080	OriSeqID=Chr05",1758,1758,1152,1758x1152,float16,embeddings/439e90ba5f8c5c6382e583803ae90faa86cb3f80f9d34179354d04942cf101a2.pt,/data/jnz/esmc-600m/data/weights/esmc_600m_2024_12_v0.pth,ok,
145b2e807b2d47692ce4c8ea828f2889cf36164efc046f38f87b5065bd9f7fb9,,"GWHPBECS031112	mRNA=GWHTBECS031123	Gene=GWHGBECS031123	Position=GWHBECS00000005: 65506591-65506709, 65510288-65510353, 65511593-65511664, 65512781-65512790, 65513491-65513547, 65514581-65514657, 65514724-65514841, 65514872-65514961: -	Frame=0	OriID=Ebr05G010100.1	OriTrascriptID=Ebr05G010100.1	transl_table=1	OriGeneID=Ebr05G010100	OriSeqID=Chr05",202,202,1152,202x1152,float16,embeddings/145b2e807b2d47692ce4c8ea828f2889cf36164efc046f38f87b5065bd9f7fb9.pt,/data/jnz/esmc-600m/data/weights/esmc_600m_2024_12_v0.pth,ok,
f89e9003df105e8becd7cde5c26c9bd8e672b410980e1745b1af13bca6041407,,"GWHPBECS031278	mRNA=GWHTBECS031289	Gene=GWHGBECS031289	Position=GWHBECS00000005: 76772970-76773152, 76773264-76773353, 76775070-76775299, 76775510-76775573, 76775701-76776399, 76776592-76776708, 76776838-76776969, 76777853-76778029, 76798315-76798368, 76798501-76798563, 76798677-76799636, 76799795-76799922, 76801456-76801735: +	Frame=0	OriID=Ebr05G011760.1	OriTrascriptID=Ebr05G011760.1	transl_table=1	OriGeneID=Ebr05G011760	OriSeqID=Chr05",1058,1058,1152,1058x1152,float16,embeddings/f89e9003df105e8becd7cde5c26c9bd8e672b410980e1745b1af13bca6041407.pt,/data/jnz/esmc-600m/data/weights/esmc_600m_2024_12_v0.pth,ok,
e9ac587431b287d2fa26c1e533d52bfac2c8c89b57208e378c193d0fab479320,,"GWHPBECS031281	mRNA=GWHTBECS031292	Gene=GWHGBECS031292	Position=GWHBECS00000005: 76869807-76870112, 76870210-76870364, 76889600-76889954, 76890038-76890116, 76890149-76890308, 76890349-76890467, 76890505-76890695: +	Frame=0	OriID=Ebr05G011790.1	OriTrascriptID=Ebr05G011790.1	transl_table=1	OriGeneID=Ebr05G011790	OriSeqID=Chr05",454,454,1152,454x1152,float16,embeddings/e9ac587431b287d2fa26c1e533d52bfac2c8c89b57208e378c193d0fab479320.pt,/data/jnz/esmc-600m/data/weights/esmc_600m_2024_12_v0.pth,ok,
8b38d28df700c3c08e4bbbc6eff583ef96dcfdee1df267ee64a1b303b9f96320,,"GWHPBECS031286	mRNA=GWHTBECS031297	Gene=GWHGBECS031297	Position=GWHBECS00000005: 77111260-77111350, 77111451-77111561, 77119385-77119477, 77127510-77127659, 77127773-77127834, 77144842-77144901: +	Frame=0	OriID=Ebr05G011840.1	OriTrascriptID=Ebr05G011840.1	transl_table=1	OriGeneID=Ebr05G011840	OriSeqID=Chr05",188,188,1152,188x1152,float16,embeddings/8b38d28df700c3c08e4bbbc6eff583ef96dcfdee1df267ee64a1b303b9f96320.pt,/data/jnz/esmc-600m/data/weights/esmc_600m_2024_12_v0.pth,ok,
fab0f6b0068358664da7467f826d2ec3858689264621c4bcebfd00e45b16f7b0,,GWHPBECS031482	mRNA=GWHTBECS031493	Gene=GWHGBECS031493	Position=GWHBECS00000005: 90980520-90981827: +	Frame=0	OriID=Ebr05G013800.1	OriTrascriptID=Ebr05G013800.1	transl_table=1	OriGeneID=Ebr05G013800	OriSeqID=Chr05,435,435,1152,435x1152,float16,embeddings/fab0f6b0068358664da7467f826d2ec3858689264621c4bcebfd00e45b16f7b0.pt,/data/jnz/esmc-600m/data/weights/esmc_600m_2024_12_v0.pth,ok,
1a35cb876790a2a4f69907cec8338d2540a13c2b70f869e73d9fa910bbcb3fd1,,"GWHPBECS031485	mRNA=GWHTBECS031496	Gene=GWHGBECS031496	Position=GWHBECS00000005: 91283737-91283790, 91285432-91285520, 91285652-91285787, 91288141-91288180, 91288424-91288533, 91290330-91290385, 91292182-91292242, 91293660-91293833, 91293878-91294038, 91295128-91295206: -	Frame=0	OriID=Ebr05G013830.1	OriTrascriptID=Ebr05G013830.1	transl_table=1	OriGeneID=Ebr05G013830	OriSeqID=Chr05",319,319,1152,319x1152,float16,embeddings/1a35cb876790a2a4f69907cec8338d2540a13c2b70f869e73d9fa910bbcb3fd1.pt,/data/jnz/esmc-600m/data/weights/esmc_600m_2024_12_v0.pth,ok,
73883fc0b2775b0d47022e2e1e53dc4dba2a1cbd80339d3721d3f5e7b8ce75eb,,"GWHPBECS031499	mRNA=GWHTBECS031510	Gene=GWHGBECS031510	Position=GWHBECS00000005: 92770156-92770236, 92770955-92771150, 92771266-92771438, 92772139-92772259, 92772365-92772551, 92772680-92772946, 92773045-92773390, 92774321-92774458, 92781782-92781907, 92782160-92782372, 92782467-92782731, 92784376-92784572, 92784667-92785017, 92808891-92809481: +	Frame=0	OriID=Ebr05G013970.1	OriTrascriptID=Ebr05G013970.1	transl_table=1	OriGeneID=Ebr05G013970	OriSeqID=Chr05",1083,1083,1152,1083x1152,float16,embeddings/73883fc0b2775b0d47022e2e1e53dc4dba2a1cbd80339d3721d3f5e7b8ce75eb.pt,/data/jnz/esmc-600m/data/weights/esmc_600m_2024_12_v0.pth,ok,
9887aa420a8c656b8387d429198e52feb80674cf8ed98aa5a21c03c12e2bbcd9,,"GWHPBECS031500	mRNA=GWHTBECS031511	Gene=GWHGBECS031511	Position=GWHBECS00000005: 92809743-92809780, 92816834-92816939, 92817598-92818113, 92835002-92835592: +	Frame=0	OriID=Ebr05G013980.1	OriTrascriptID=Ebr05G013980.1	transl_table=1	OriGeneID=Ebr05G013980	OriSeqID=Chr05",416,416,1152,416x1152,float16,embeddings/9887aa420a8c656b8387d429198e52feb80674cf8ed98aa5a21c03c12e2bbcd9.pt,/data/jnz/esmc-600m/data/weights/esmc_600m_2024_12_v0.pth,ok,
8c2fe84315463b887d5e9f247a452716fae9499e5162bc072bc1d78cdaf11a73,,"GWHPBECS031506	mRNA=GWHTBECS031517	Gene=GWHGBECS031517	Position=GWHBECS00000005: 93419567-93419664, 93420194-93420320, 93420393-93420544, 93420630-93420822, 93420895-93421230, 93421314-93421409, 93421514-93421687, 93421993-93422372, 93422887-93423111, 93423196-93423457: +	Frame=0	OriID=Ebr05G014040.1	OriTrascriptID=Ebr05G014040.1	transl_table=1	OriGeneID=Ebr05G014040	OriSeqID=Chr05",680,680,1152,680x1152,float16,embeddings/8c2fe84315463b887d5e9f247a452716fae9499e5162bc072bc1d78cdaf11a73.pt,/data/jnz/esmc-600m/data/weights/esmc_600m_2024_12_v0.pth,ok,
4ab6e03d2c9d484029112d0d69a0c5ed0421286932cea09fbea855adb842fc80,,"GWHPBECS031689	mRNA=GWHTBECS031700	Gene=GWHGBECS031700	Position=GWHBECS00000005: 110385794-110386474, 110386557-110386687, 110420509-110420857, 110420979-110421647: +	Frame=0	OriID=Ebr05G015870.1	OriTrascriptID=Ebr05G015870.1	transl_table=1	OriGeneID=Ebr05G015870	OriSeqID=Chr05",609,609,1152,609x1152,float16,embeddings/4ab6e03d2c9d484029112d0d69a0c5ed0421286932cea09fbea855adb842fc80.pt,/data/jnz/esmc-600m/data/weights/esmc_600m_2024_12_v0.pth,ok,
94c65ada6d900927bec645d2708522e752e96a196e105547aaa5db48b17bb54d,,"GWHPBECS031728	mRNA=GWHTBECS031739	Gene=GWHGBECS031739	Position=GWHBECS00000005: 112733188-112733190, 112733482-112733610, 112733843-112733986, 112734211-112734356, 112734443-112734602, 112734768-112734826, 112734944-112735103, 112743342-112743491, 112743575-112743711, 112743797-112743943, 112744059-112744160, 112751453-112751510, 112751603-112751704, 112772498-112772535, 112772691-112772817, 112772888-112773058, 112773149-112773280, 112773357-112773466, 112773548-112773608, 112775775-112775952, 112776058-112776263, 112776413-112776532, 112798504-112798602, 112811857-112812069, 112812184-112812323, 112812497-112812611, 112812872-112812916, 112813020-112813100, 112813218-112813388, 112832653-112832811, 112832914-112833099, 112845309-112845440, 112845533-112845603, 112845690-112845789, 112845907-112845963, 112854024-112854080, 112854169-112854249, 112854327-112854409, 112854489-112854618: +	Frame=0	OriID=Ebr05G016260.1	OriTrascriptID=Ebr05G016260.1	transl_table=1	OriGeneID=Ebr05G016260	OriSeqID=Chr05",1519,1519,1152,1519x1152,float16,embeddings/94c65ada6d900927bec645d2708522e752e96a196e105547aaa5db48b17bb54d.pt,/data/jnz/esmc-600m/data/weights/esmc_600m_2024_12_v0.pth,ok,
dc1e0159769b125b67e658e3a66647236620b2dc75ae95d8b447c511a97204f0,,"GWHPBECS031773	mRNA=GWHTBECS031784	Gene=GWHGBECS031784	Position=GWHBECS00000005: 116921422-116921924, 116922102-116922270, 116922444-116922533, 116922620-116922903, 116922982-116923240, 116923431-116923679: +	Frame=0	OriID=Ebr05G016710.1	OriTrascriptID=Ebr05G016710.1	transl_table=1	OriGeneID=Ebr05G016710	OriSeqID=Chr05",517,517,1152,517x1152,float16,embeddings/dc1e0159769b125b67e658e3a66647236620b2dc75ae95d8b447c511a97204f0.pt,/data/jnz/esmc-600m/data/weights/esmc_600m_2024_12_v0.pth,ok,
f1c25ceae5b54db15d3ba8c81fa3018a3513ad4d538fcaf0c87b0621e9e6aec1,,"GWHPBECS031774	mRNA=GWHTBECS031785	Gene=GWHGBECS031785	Position=GWHBECS00000005: 116927034-116927536, 116927738-116927906, 116928079-116928168, 116928247-116928530, 116928609-116928867, 116929056-116929304: +	Frame=0	OriID=Ebr05G016720.1	OriTrascriptID=Ebr05G016720.1	transl_table=1	OriGeneID=Ebr05G016720	OriSeqID=Chr05",517,517,1152,517x1152,float16,embeddings/f1c25ceae5b54db15d3ba8c81fa3018a3513ad4d538fcaf0c87b0621e9e6aec1.pt,/data/jnz/esmc-600m/data/weights/esmc_600m_2024_12_v0.pth,ok,
521f1b951ff8d2c7e55505ab9c2bd9ed15c1273677292e5c1994cfa5f045e169,,"GWHPBECS031879	mRNA=GWHTBECS031890	Gene=GWHGBECS031890	Position=GWHBECS00000005: 127062071-127062461, 127062539-127063674: -	Frame=0	OriID=Ebr05G017770.1	OriTrascriptID=Ebr05G017770.1	transl_table=1	OriGeneID=Ebr05G017770	OriSeqID=Chr05",508,508,1152,508x1152,float16,embeddings/521f1b951ff8d2c7e55505ab9c2bd9ed15c1273677292e5c1994cfa5f045e169.pt,/data/jnz/esmc-600m/data/weights/esmc_600m_2024_12_v0.pth,ok,
eb2b0de3616d14064d88a6e0f325ba9362bf60af48187fa20cc675c69f2deb38,,"GWHPBECS031886	mRNA=GWHTBECS031897	Gene=GWHGBECS031897	Position=GWHBECS00000005: 127919267-127919545, 127935353-127935431, 127935584-127935654, 127956373-127956461, 127996733-127996856, 127996938-127997221, 128005175-128005304, 128013791-128014399: +	Frame=0	OriID=Ebr05G017840.1	OriTrascriptID=Ebr05G017840.1	transl_table=1	OriGeneID=Ebr05G017840	OriSeqID=Chr05",554,554,1152,554x1152,float16,embeddings/eb2b0de3616d14064d88a6e0f325ba9362bf60af48187fa20cc675c69f2deb38.pt,/data/jnz/esmc-600m/data/weights/esmc_600m_2024_12_v0.pth,ok,
b7ca1555f06cd179a7a767d726e55d283c4299ce7b1a832808a3174c872d4f6f,,"GWHPBECS031891	mRNA=GWHTBECS031902	Gene=GWHGBECS031902	Position=GWHBECS00000005: 128713718-128714326, 128718660-128718789, 128726760-128727043, 128727125-128727248, 128763899-128763987, 128780552-128780622, 128780775-128780853, 128817482-128817662, 128817812-128817873, 128818612-128818692, 128819552-128819599: -	Frame=0	OriID=Ebr05G017890.1	OriTrascriptID=Ebr05G017890.1	transl_table=1	OriGeneID=Ebr05G017890	OriSeqID=Chr05",585,585,1152,585x1152,float16,embeddings/b7ca1555f06cd179a7a767d726e55d283c4299ce7b1a832808a3174c872d4f6f.pt,/data/jnz/esmc-600m/data/weights/esmc_600m_2024_12_v0.pth,ok,
5c1883bed47fca6c751f8ea9c78434eb2944b9fcc3e18137f3490d00759a3005,,"GWHPBECS031990	mRNA=GWHTBECS032001	Gene=GWHGBECS032001	Position=GWHBECS00000005: 139340145-139340920, 139342179-139342319, 139343279-139343322, 139346550-139346587, 139347454-139347492: +	Frame=0	OriID=Ebr05G018880.1	OriTrascriptID=Ebr05G018880.1	transl_table=1	OriGeneID=Ebr05G018880	OriSeqID=Chr05",345,345,1152,345x1152,float16,embeddings/5c1883bed47fca6c751f8ea9c78434eb2944b9fcc3e18137f3490d00759a3005.pt,/data/jnz/esmc-600m/data/weights/esmc_600m_2024_12_v0.pth,ok,
46bee78745164488aca8314b4ca7c72f2cb1901b28c1b66b048a13b39e2f39f4,,"GWHPBECS032010	mRNA=GWHTBECS032021	Gene=GWHGBECS032021	Position=GWHBECS00000005: 141796216-141796421, 141796639-141796948: -	Frame=0	OriID=Ebr05G019080.1	OriTrascriptID=Ebr05G019080.1	transl_table=1	OriGeneID=Ebr05G019080	OriSeqID=Chr05",171,171,1152,171x1152,float16,embeddings/46bee78745164488aca8314b4ca7c72f2cb1901b28c1b66b048a13b39e2f39f4.pt,/data/jnz/esmc-600m/data/weights/esmc_600m_2024_12_v0.pth,ok,
fce44dbf2c428d34a88931d78c06e887bfdeae48981aae258a0fb27c092b3845,,"GWHPBECS032106	mRNA=GWHTBECS032117	Gene=GWHGBECS032117	Position=GWHBECS00000005: 148726651-148726818, 148726905-148726991, 148748255-148748374, 148748459-148748554, 148777384-148777497, 148789929-148789982, 148790119-148790213, 148796665-148796800, 148797046-148797302, 148811314-148811419, 148829139-148829344, 148829500-148829784, 148848785-148848965: -	Frame=0	OriID=Ebr05G020040.1	OriTrascriptID=Ebr05G020040.1	transl_table=1	OriGeneID=Ebr05G020040	OriSeqID=Chr05",634,634,1152,634x1152,float16,embeddings/fce44dbf2c428d34a88931d78c06e887bfdeae48981aae258a0fb27c092b3845.pt,/data/jnz/esmc-600m/data/weights/esmc_600m_2024_12_v0.pth,ok,
b9eb294caed83c8ab6f8aaf702abe80d702aff7c2f65a5b497994ca8d7eef4cd,,"GWHPBECS032199	mRNA=GWHTBECS032210	Gene=GWHGBECS032210	Position=GWHBECS00000005: 158921723-158921750, 158921837-158921967: -	Frame=0	OriID=Ebr05G020970.1	OriTrascriptID=Ebr05G020970.1	transl_table=1	OriGeneID=Ebr05G020970	OriSeqID=Chr05",52,52,1152,52x1152,float16,embeddings/b9eb294caed83c8ab6f8aaf702abe80d702aff7c2f65a5b497994ca8d7eef4cd.pt,/data/jnz/esmc-600m/data/weights/esmc_600m_2024_12_v0.pth,ok,
04c4ef66183dff5a1cef0689236fc1b4949a2354259f371b7a97dc931fbac87c,,"GWHPBECS032210	mRNA=GWHTBECS032221	Gene=GWHGBECS032221	Position=GWHBECS00000005: 159916319-159916945, 159916979-159917094, 159917130-159917325: -	Frame=0	OriID=Ebr05G021080.1	OriTrascriptID=Ebr05G021080.1	transl_table=1	OriGeneID=Ebr05G021080	OriSeqID=Chr05",312,312,1152,312x1152,float16,embeddings/04c4ef66183dff5a1cef0689236fc1b4949a2354259f371b7a97dc931fbac87c.pt,/data/jnz/esmc-600m/data/weights/esmc_600m_2024_12_v0.pth,ok,
c9db1a4db2bd37c34b7af27afc977d011cf14f5f1b12af9a094bf5c06db7c4b6,,"GWHPBECS032239	mRNA=GWHTBECS032250	Gene=GWHGBECS032250	Position=GWHBECS00000005: 163360612-163360770, 163360855-163362090, 163362180-163362455: +	Frame=0	OriID=Ebr05G021370.1	OriTrascriptID=Ebr05G021370.1	transl_table=1	OriGeneID=Ebr05G021370	OriSeqID=Chr05",556,556,1152,556x1152,float16,embeddings/c9db1a4db2bd37c34b7af27afc977d011cf14f5f1b12af9a094bf5c06db7c4b6.pt,/data/jnz/esmc-600m/data/weights/esmc_600m_2024_12_v0.pth,ok,
dca38cf2ebe693ce1fb13b4101b250fe8b40f382a80c99b53f543a181c3b3411,,"GWHPBECS032263	mRNA=GWHTBECS032274	Gene=GWHGBECS032274	Position=GWHBECS00000005: 165392277-165392737, 165392864-165393776: -	Frame=0	OriID=Ebr05G021610.1	OriTrascriptID=Ebr05G021610.1	transl_table=1	OriGeneID=Ebr05G021610	OriSeqID=Chr05",457,457,1152,457x1152,float16,embeddings/dca38cf2ebe693ce1fb13b4101b250fe8b40f382a80c99b53f543a181c3b3411.pt,/data/jnz/esmc-600m/data/weights/esmc_600m_2024_12_v0.pth,ok,
ce21eac29d4252d22a13f0190319b4f80f1e8de62cf857455c01aec1ca854841,,"GWHPBECS032264	mRNA=GWHTBECS032275	Gene=GWHGBECS032275	Position=GWHBECS00000005: 165437880-165438340, 165438428-165439340: -	Frame=0	OriID=Ebr05G021620.1	OriTrascriptID=Ebr05G021620.1	transl_table=1	OriGeneID=Ebr05G021620	OriSeqID=Chr05",457,457,1152,457x1152,float16,embeddings/ce21eac29d4252d22a13f0190319b4f80f1e8de62cf857455c01aec1ca854841.pt,/data/jnz/esmc-600m/data/weights/esmc_600m_2024_12_v0.pth,ok,
8d680567689723980d4188df8f1eca9d835bf19e37ee1de0b38a5ba55a9c330d,,"GWHPBECS032265	mRNA=GWHTBECS032276	Gene=GWHGBECS032276	Position=GWHBECS00000005: 165471030-165471493, 165471586-165472501: -	Frame=0	OriID=Ebr05G021630.1	OriTrascriptID=Ebr05G021630.1	transl_table=1	OriGeneID=Ebr05G021630	OriSeqID=Chr05",459,459,1152,459x1152,float16,embeddings/8d680567689723980d4188df8f1eca9d835bf19e37ee1de0b38a5ba55a9c330d.pt,/data/jnz/esmc-600m/data/weights/esmc_600m_2024_12_v0.pth,ok,
fda3ea46b3455932d690a0e78b6332b66ad081c7424b2cfb66ef5273852df696,,GWHPBECS032266	mRNA=GWHTBECS032277	Gene=GWHGBECS032277	Position=GWHBECS00000005: 165572845-165574257: +	Frame=0	OriID=Ebr05G021640.1	OriTrascriptID=Ebr05G021640.1	transl_table=1	OriGeneID=Ebr05G021640	OriSeqID=Chr05,470,470,1152,470x1152,float16,embeddings/fda3ea46b3455932d690a0e78b6332b66ad081c7424b2cfb66ef5273852df696.pt,/data/jnz/esmc-600m/data/weights/esmc_600m_2024_12_v0.pth,ok,
0f13d3c703155d4818544dc4b1ad6bcac611867eb4514f6a9232e2829408858e,,GWHPBECS032268	mRNA=GWHTBECS032279	Gene=GWHGBECS032279	Position=GWHBECS00000005: 165620612-165622024: +	Frame=0	OriID=Ebr05G021660.1	OriTrascriptID=Ebr05G021660.1	transl_table=1	OriGeneID=Ebr05G021660	OriSeqID=Chr05,470,470,1152,470x1152,float16,embeddings/0f13d3c703155d4818544dc4b1ad6bcac611867eb4514f6a9232e2829408858e.pt,/data/jnz/esmc-600m/data/weights/esmc_600m_2024_12_v0.pth,ok,
493a251f6d7ebffde84df505462284ca6672ac95ab4094f8cca61ed39337bd11,,GWHPBECS032270	mRNA=GWHTBECS032281	Gene=GWHGBECS032281	Position=GWHBECS00000005: 165693959-165695371: +	Frame=0	OriID=Ebr05G021680.1	OriTrascriptID=Ebr05G021680.1	transl_table=1	OriGeneID=Ebr05G021680	OriSeqID=Chr05,470,470,1152,470x1152,float16,embeddings/493a251f6d7ebffde84df505462284ca6672ac95ab4094f8cca61ed39337bd11.pt,/data/jnz/esmc-600m/data/weights/esmc_600m_2024_12_v0.pth,ok,
abfe69f9e99db9522599d525ac3d56d5f81b7ac5ab82901b3efe97aded96254a,,GWHPBECS032271	mRNA=GWHTBECS032282	Gene=GWHGBECS032282	Position=GWHBECS00000005: 165749841-165750461: +	Frame=0	OriID=Ebr05G021690.1	OriTrascriptID=Ebr05G021690.1	transl_table=1	OriGeneID=Ebr05G021690	OriSeqID=Chr05,206,206,1152,206x1152,float16,embeddings/abfe69f9e99db9522599d525ac3d56d5f81b7ac5ab82901b3efe97aded96254a.pt,/data/jnz/esmc-600m/data/weights/esmc_600m_2024_12_v0.pth,ok,
c042e86625ff76d2a82703624b44e6ddc49e2bd17280a1c216ea4b19d0281c03,,GWHPBECS032327	mRNA=GWHTBECS032338	Gene=GWHGBECS032338	Position=GWHBECS00000005: 170546039-170546761: +	Frame=0	OriID=Ebr05G022250.1	OriTrascriptID=Ebr05G022250.1	transl_table=1	OriGeneID=Ebr05G022250	OriSeqID=Chr05,240,240,1152,240x1152,float16,embeddings/c042e86625ff76d2a82703624b44e6ddc49e2bd17280a1c216ea4b19d0281c03.pt,/data/jnz/esmc-600m/data/weights/esmc_600m_2024_12_v0.pth,ok,
865b61fa574bc5c6ef3c34e9fe750d46fa1fefc24a3311a2ffccf7dad43b15e9,,"GWHPBECS032486	mRNA=GWHTBECS032497	Gene=GWHGBECS032497	Position=GWHBECS00000005: 183813936-183814368, 183821623-183821849, 183821883-183822037, 183827498-183827762, 183827826-183827987: -	Frame=0	OriID=Ebr05G023840.1	OriTrascriptID=Ebr05G023840.1	transl_table=1	OriGeneID=Ebr05G023840	OriSeqID=Chr05",413,413,1152,413x1152,float16,embeddings/865b61fa574bc5c6ef3c34e9fe750d46fa1fefc24a3311a2ffccf7dad43b15e9.pt,/data/jnz/esmc-600m/data/weights/esmc_600m_2024_12_v0.pth,ok,
a45d054d0cd5b6336b272200832e8cd01659dee5903698e4068dbe1fbf604a31,,"GWHPBECS032589	mRNA=GWHTBECS032600	Gene=GWHGBECS032600	Position=GWHBECS00000005: 190692811-190693409, 190693482-190693830, 190693914-190694423, 190694520-190694987, 190695089-190695380, 190695476-190695662, 190697163-190697226, 190698337-190698375, 190700054-190700164: -	Frame=0	OriID=Ebr05G024870.1	OriTrascriptID=Ebr05G024870.1	transl_table=1	OriGeneID=Ebr05G024870	OriSeqID=Chr05",872,872,1152,872x1152,float16,embeddings/a45d054d0cd5b6336b272200832e8cd01659dee5903698e4068dbe1fbf604a31.pt,/data/jnz/esmc-600m/data/weights/esmc_600m_2024_12_v0.pth,ok,
66e4b1c247ad249facc9207db9db3ab1332a416246728a94fafe1ae323afaf16,,"GWHPBECS032863	mRNA=GWHTBECS032874	Gene=GWHGBECS032874	Position=GWHBECS00000005: 210106589-210107447, 210107707-210107939, 210108049-210108339, 210108428-210108556, 210108641-210108814, 210109565-210109672, 210109780-210109989: +	Frame=0	OriID=Ebr05G027610.1	OriTrascriptID=Ebr05G027610.1	transl_table=1	OriGeneID=Ebr05G027610	OriSeqID=Chr05",667,667,1152,667x1152,float16,embeddings/66e4b1c247ad249facc9207db9db3ab1332a416246728a94fafe1ae323afaf16.pt,/data/jnz/esmc-600m/data/weights/esmc_600m_2024_12_v0.pth,ok,
bed1020ae79e71b7c57d7c93e5d005701a0989a87703c28815d09ed8540e441d,,"GWHPBECS032946	mRNA=GWHTBECS032957	Gene=GWHGBECS032957	Position=GWHBECS00000005: 214955052-214955056, 214955173-214955558, 214955715-214956832: -	Frame=0	OriID=Ebr05G028440.1	OriTrascriptID=Ebr05G028440.1	transl_table=1	OriGeneID=Ebr05G028440	OriSeqID=Chr05",502,502,1152,502x1152,float16,embeddings/bed1020ae79e71b7c57d7c93e5d005701a0989a87703c28815d09ed8540e441d.pt,/data/jnz/esmc-600m/data/weights/esmc_600m_2024_12_v0.pth,ok,
018983d52d4a891e080c22749c6111c761b62bef636c54cdd0e3dda05ce45e15,,"GWHPBECS033047	mRNA=GWHTBECS033058	Gene=GWHGBECS033058	Position=GWHBECS00000005: 222556545-222557116, 222557234-222557480, 222570408-222570899: -	Frame=0	OriID=Ebr05G029450.1	OriTrascriptID=Ebr05G029450.1	transl_table=1	OriGeneID=Ebr05G029450	OriSeqID=Chr05",436,436,1152,436x1152,float16,embeddings/018983d52d4a891e080c22749c6111c761b62bef636c54cdd0e3dda05ce45e15.pt,/data/jnz/esmc-600m/data/weights/esmc_600m_2024_12_v0.pth,ok,
a42acf03fd1d4b0d88937cd1456a2cc6a1e1397fb79647ea8d920b1816f88245,,"GWHPBECS033048	mRNA=GWHTBECS033059	Gene=GWHGBECS033059	Position=GWHBECS00000005: 222640327-222641264, 222647439-222648195: -	Frame=0	OriID=Ebr05G029460.1	OriTrascriptID=Ebr05G029460.1	transl_table=1	OriGeneID=Ebr05G029460	OriSeqID=Chr05",564,564,1152,564x1152,float16,embeddings/a42acf03fd1d4b0d88937cd1456a2cc6a1e1397fb79647ea8d920b1816f88245.pt,/data/jnz/esmc-600m/data/weights/esmc_600m_2024_12_v0.pth,ok,
29078db6c2a3279bff22f31872de0fe38ec89110b53fdd0918c760c75d571c6a,,GWHPBECS033068	mRNA=GWHTBECS033079	Gene=GWHGBECS033079	Position=GWHBECS00000005: 224006932-224007663: -	Frame=0	OriID=Ebr05G029660.1	OriTrascriptID=Ebr05G029660.1	transl_table=1	OriGeneID=Ebr05G029660	OriSeqID=Chr05,243,243,1152,243x1152,float16,embeddings/29078db6c2a3279bff22f31872de0fe38ec89110b53fdd0918c760c75d571c6a.pt,/data/jnz/esmc-600m/data/weights/esmc_600m_2024_12_v0.pth,ok,
6afcde7858d350ebc69b0209bcef57d63310bebe86a53ca6a86df2c2ab800f53,,GWHPBECS033157	mRNA=GWHTBECS033168	Gene=GWHGBECS033168	Position=GWHBECS00000005: 230243557-230244468: +	Frame=0	OriID=Ebr05G030550.1	OriTrascriptID=Ebr05G030550.1	transl_table=1	OriGeneID=Ebr05G030550	OriSeqID=Chr05,303,303,1152,303x1152,float16,embeddings/6afcde7858d350ebc69b0209bcef57d63310bebe86a53ca6a86df2c2ab800f53.pt,/data/jnz/esmc-600m/data/weights/esmc_600m_2024_12_v0.pth,ok,
5fa36f90471779dc7a4e4f8acdd6e7371bc011fa4bc8cd4b3e65a1ca8cedbb3a,,"GWHPBECS033171	mRNA=GWHTBECS033182	Gene=GWHGBECS033182	Position=GWHBECS00000005: 230949097-230949651, 230949685-230949800, 230949836-230950091, 230950127-230950324: -	Frame=0	OriID=Ebr05G030690.1	OriTrascriptID=Ebr05G030690.1	transl_table=1	OriGeneID=Ebr05G030690	OriSeqID=Chr05",374,374,1152,374x1152,float16,embeddings/5fa36f90471779dc7a4e4f8acdd6e7371bc011fa4bc8cd4b3e65a1ca8cedbb3a.pt,/data/jnz/esmc-600m/data/weights/esmc_600m_2024_12_v0.pth,ok,
c435493788e8c6e96eee1fe5b7ddd4d6837a27f4e2a209fc908a891ec3e1f684,,"GWHPBECS033380	mRNA=GWHTBECS033391	Gene=GWHGBECS033391	Position=GWHBECS00000005: 246910011-246910233, 246928232-246928783, 246928869-246929602: -	Frame=0	OriID=Ebr05G032780.1	OriTrascriptID=Ebr05G032780.1	transl_table=1	OriGeneID=Ebr05G032780	OriSeqID=Chr05",502,502,1152,502x1152,float16,embeddings/c435493788e8c6e96eee1fe5b7ddd4d6837a27f4e2a209fc908a891ec3e1f684.pt,/data/jnz/esmc-600m/data/weights/esmc_600m_2024_12_v0.pth,ok,
d3c42178255a9f5f7f99d183298feaea618bfcfd0e3c82e47e6b54b5a52440d3,,GWHPBECS033394	mRNA=GWHTBECS033405	Gene=GWHGBECS033405	Position=GWHBECS00000005: 247832835-247834547: +	Frame=0	OriID=Ebr05G032920.1	OriTrascriptID=Ebr05G032920.1	transl_table=1	OriGeneID=Ebr05G032920	OriSeqID=Chr05,570,570,1152,570x1152,float16,embeddings/d3c42178255a9f5f7f99d183298feaea618bfcfd0e3c82e47e6b54b5a52440d3.pt,/data/jnz/esmc-600m/data/weights/esmc_600m_2024_12_v0.pth,ok,
7051a9c279c1ef189d3a4588b72668837de2c96d552285d216a1df733de5b75b,,"GWHPBECS033439	mRNA=GWHTBECS033450	Gene=GWHGBECS033450	Position=GWHBECS00000005: 251962782-251963241, 251963278-251963408, 251963442-251963557, 251963593-251963893: -	Frame=0	OriID=Ebr05G033370.1	OriTrascriptID=Ebr05G033370.1	transl_table=1	OriGeneID=Ebr05G033370	OriSeqID=Chr05",335,335,1152,335x1152,float16,embeddings/7051a9c279c1ef189d3a4588b72668837de2c96d552285d216a1df733de5b75b.pt,/data/jnz/esmc-600m/data/weights/esmc_600m_2024_12_v0.pth,ok,
f95081a8e94c798cd3cc719459230e46591189d7bee0af9d45fa30028f63c054,,"GWHPBECS033547	mRNA=GWHTBECS033558	Gene=GWHGBECS033558	Position=GWHBECS00000005: 260202751-260203482, 260203562-260203692, 260215795-260216143, 260216251-260216532: +	Frame=0	OriID=Ebr05G034450.1	OriTrascriptID=Ebr05G034450.1	transl_table=1	OriGeneID=Ebr05G034450	OriSeqID=Chr05",497,497,1152,497x1152,float16,embeddings/f95081a8e94c798cd3cc719459230e46591189d7bee0af9d45fa30028f63c054.pt,/data/jnz/esmc-600m/data/weights/esmc_600m_2024_12_v0.pth,ok,
5aacc788b5cf0b7182aec41291dc85efcbea5aea505c2a3589888288cc117f17,,"GWHPBECS033550	mRNA=GWHTBECS033561	Gene=GWHGBECS033561	Position=GWHBECS00000005: 260610004-260610672, 260610780-260611128, 260634391-260634521, 260634601-260635329: -	Frame=0	OriID=Ebr05G034480.1	OriTrascriptID=Ebr05G034480.1	transl_table=1	OriGeneID=Ebr05G034480	OriSeqID=Chr05",625,625,1152,625x1152,float16,embeddings/5aacc788b5cf0b7182aec41291dc85efcbea5aea505c2a3589888288cc117f17.pt,/data/jnz/esmc-600m/data/weights/esmc_600m_2024_12_v0.pth,ok,
86d9825b5eed5df013278a7154597bb85f8f5e1e7e47bb38182b8dc78d781293,,"GWHPBECS033579	mRNA=GWHTBECS033590	Gene=GWHGBECS033590	Position=GWHBECS00000005: 262930028-262930087, 262931468-262931578, 262955490-262955546, 262955646-262955713, 262970490-262970589, 262971222-262971292, 262971468-262971568, 262971666-262971769, 262971855-262971908, 262975328-262975383, 262975523-262975561, 262975644-262975788, 262998337-262998518, 262998588-262998655, 262998791-262998863, 262998945-262999006, 262999087-263000011, 263000693-263000983, 263003653-263003926: +	Frame=0	OriID=Ebr05G034770.1	OriTrascriptID=Ebr05G034770.1	transl_table=1	OriGeneID=Ebr05G034770	OriSeqID=Chr05",946,946,1152,946x1152,float16,embeddings/86d9825b5eed5df013278a7154597bb85f8f5e1e7e47bb38182b8dc78d781293.pt,/data/jnz/esmc-600m/data/weights/esmc_600m_2024_12_v0.pth,ok,
7bd137c8d54bb65b290d57e81f32ab8344763637ef179b713e3a9e41468826b2,,"GWHPBECS033684	mRNA=GWHTBECS033695	Gene=GWHGBECS033695	Position=GWHBECS00000005: 268713420-268714004, 268714100-268714450, 268714530-268714726, 268715138-268715420, 268715527-268715739, 268715837-268715962, 268716296-268716433, 268716517-268716862, 268716944-268717210, 268717929-268718103, 268718206-268718308, 268718490-268718704, 268718814-268719009, 268719109-268719189: -	Frame=0	OriID=Ebr05G035820.1	OriTrascriptID=Ebr05G035820.1	transl_table=1	OriGeneID=Ebr05G035820	OriSeqID=Chr05",1091,1091,1152,1091x1152,float16,embeddings/7bd137c8d54bb65b290d57e81f32ab8344763637ef179b713e3a9e41468826b2.pt,/data/jnz/esmc-600m/data/weights/esmc_600m_2024_12_v0.pth,ok,
884eca8f73ce1c352353b32736ce779e2d084a588d6b921c18d96e950c7a61a9,,"GWHPBECS033758	mRNA=GWHTBECS033769	Gene=GWHGBECS033769	Position=GWHBECS00000005: 274865522-274866615, 274866699-274867047: +	Frame=0	OriID=Ebr05G036560.1	OriTrascriptID=Ebr05G036560.1	transl_table=1	OriGeneID=Ebr05G036560	OriSeqID=Chr05",480,480,1152,480x1152,float16,embeddings/884eca8f73ce1c352353b32736ce779e2d084a588d6b921c18d96e950c7a61a9.pt,/data/jnz/esmc-600m/data/weights/esmc_600m_2024_12_v0.pth,ok,
3285de781afd41fd15ba1fe8a9fb71190db716c1bd9e3b6c956567a0f1f3e0b5,,"GWHPBECS033789	mRNA=GWHTBECS033800	Gene=GWHGBECS033800	Position=GWHBECS00000005: 276880724-276881175, 276881263-276881679, 276881790-276882594, 276882702-276883106, 276883284-276883624, 276883714-276884266, 276884349-276884762: +	Frame=0	OriID=Ebr05G036870.1	OriTrascriptID=Ebr05G036870.1	transl_table=1	OriGeneID=Ebr05G036870	OriSeqID=Chr05",1128,1128,1152,1128x1152,float16,embeddings/3285de781afd41fd15ba1fe8a9fb71190db716c1bd9e3b6c956567a0f1f3e0b5.pt,/data/jnz/esmc-600m/data/weights/esmc_600m_2024_12_v0.pth,ok,
ccd28715d354cf6e7fd2638353fd5485e8f42c6834c35a3f83e0af3d92ddb0bc,,"GWHPBECS033810	mRNA=GWHTBECS033821	Gene=GWHGBECS033821	Position=GWHBECS00000005: 278399851-278400126, 278400247-278401192, 278401333-278401667, 278401746-278401883, 278405795-278405932, 278406001-278406054, 278429889-278429949, 278432571-278432623, 278433783-278433845: -	Frame=0	OriID=Ebr05G037080.1	OriTrascriptID=Ebr05G037080.1	transl_table=1	OriGeneID=Ebr05G037080	OriSeqID=Chr05",687,687,1152,687x1152,float16,embeddings/ccd28715d354cf6e7fd2638353fd5485e8f42c6834c35a3f83e0af3d92ddb0bc.pt,/data/jnz/esmc-600m/data/weights/esmc_600m_2024_12_v0.pth,ok,
6fe632bb12448f29dd45d67a330b3a82fae7e2d15bd683e0ab31b071689c198f,,"GWHPBECS033823	mRNA=GWHTBECS033834	Gene=GWHGBECS033834	Position=GWHBECS00000005: 279118305-279118373, 279128831-279128881, 279148466-279148553, 279181008-279181070, 279193565-279193599, 279193703-279193779, 279193898-279193943, 279194069-279194131, 279205700-279205766, 279205833-279205901, 279206004-279206073, 279206210-279206271, 279228778-279228878: +	Frame=0	OriID=Ebr05G037210.1	OriTrascriptID=Ebr05G037210.1	transl_table=1	OriGeneID=Ebr05G037210	OriSeqID=Chr05",286,286,1152,286x1152,float16,embeddings/6fe632bb12448f29dd45d67a330b3a82fae7e2d15bd683e0ab31b071689c198f.pt,/data/jnz/esmc-600m/data/weights/esmc_600m_2024_12_v0.pth,ok,
bedaa65971a14ed62fd558329391561d28422923469a741a4c4371dfe25241d1,,GWHPBECS033828	mRNA=GWHTBECS033839	Gene=GWHGBECS033839	Position=GWHBECS00000005: 279562495-279564171: +	Frame=0	OriID=Ebr05G037260.1	OriTrascriptID=Ebr05G037260.1	transl_table=1	OriGeneID=Ebr05G037260	OriSeqID=Chr05,558,558,1152,558x1152,float16,embeddings/bedaa65971a14ed62fd558329391561d28422923469a741a4c4371dfe25241d1.pt,/data/jnz/esmc-600m/data/weights/esmc_600m_2024_12_v0.pth,ok,
4eb7c5e19c2ea3f6ca09f6bb2d0368614ec56f0dda673ca5a7aed1c77fe36b17,,GWHPBECS033855	mRNA=GWHTBECS033866	Gene=GWHGBECS033866	Position=GWHBECS00000005: 280939832-280941520: -	Frame=0	OriID=Ebr05G037530.1	OriTrascriptID=Ebr05G037530.1	transl_table=1	OriGeneID=Ebr05G037530	OriSeqID=Chr05,562,562,1152,562x1152,float16,embeddings/4eb7c5e19c2ea3f6ca09f6bb2d0368614ec56f0dda673ca5a7aed1c77fe36b17.pt,/data/jnz/esmc-600m/data/weights/esmc_600m_2024_12_v0.pth,ok,
4e3ff3426012ef9283c18b54e73a46b54a2f7c8788dbf88233f4f46ad92874c7,,"GWHPBECS033869	mRNA=GWHTBECS033880	Gene=GWHGBECS033880	Position=GWHBECS00000005: 281788058-281788490, 281788590-281788921, 281789035-281789137, 281812563-281812744, 281836847-281837030, 281837135-281837223, 281879127-281879203, 281879402-281879492, 281879584-281879673, 281879760-281879927: -	Frame=0	OriID=Ebr05G037670.1	OriTrascriptID=Ebr05G037670.1	transl_table=1	OriGeneID=Ebr05G037670	OriSeqID=Chr05",582,582,1152,582x1152,float16,embeddings/4e3ff3426012ef9283c18b54e73a46b54a2f7c8788dbf88233f4f46ad92874c7.pt,/data/jnz/esmc-600m/data/weights/esmc_600m_2024_12_v0.pth,ok,
b249645cfe73cf1c8d6bc5f2564e2a32aad427c584bd4128a0044f18a2e908a0,,"GWHPBECS033885	mRNA=GWHTBECS033896	Gene=GWHGBECS033896	Position=GWHBECS00000005: 282686985-282687427, 282687541-282687793, 282724912-282725073, 282746776-282746883, 282746973-282747156, 282747266-282747672: -	Frame=0	OriID=Ebr05G037830.1	OriTrascriptID=Ebr05G037830.1	transl_table=1	OriGeneID=Ebr05G037830	OriSeqID=Chr05",518,518,1152,518x1152,float16,embeddings/b249645cfe73cf1c8d6bc5f2564e2a32aad427c584bd4128a0044f18a2e908a0.pt,/data/jnz/esmc-600m/data/weights/esmc_600m_2024_12_v0.pth,ok,
06855ce8c699c65f6d256c70fde25b94c2c9911d493331f978a1375ae673ba6b,,GWHPBECS033906	mRNA=GWHTBECS033917	Gene=GWHGBECS033917	Position=GWHBECS00000005: 283935360-283936649: -	Frame=0	OriID=Ebr05G038040.1	OriTrascriptID=Ebr05G038040.1	transl_table=1	OriGeneID=Ebr05G038040	OriSeqID=Chr05,429,429,1152,429x1152,float16,embeddings/06855ce8c699c65f6d256c70fde25b94c2c9911d493331f978a1375ae673ba6b.pt,/data/jnz/esmc-600m/data/weights/esmc_600m_2024_12_v0.pth,ok,
af8cfc6a1d4afa2871f81e176fbef6a1097c6fe0d54d32be324c18d11ae49600,,"GWHPBECS033962	mRNA=GWHTBECS033973	Gene=GWHGBECS033973	Position=GWHBECS00000005: 288952826-288952865, 288965236-288965309, 288966622-288966718, 288966819-288966931, 288967137-288967252, 288972247-288972304, 288987758-288987910, 288988028-288988126, 288988226-288988393, 289003268-289003336, 289008330-289008409, 289008684-289008846, 289010662-289010796, 289010918-289011023, 289011122-289011216, 289011650-289011762, 289011857-289012064, 289012572-289012640, 289012794-289012939, 289014379-289014480, 289024856-289025003, 289031235-289031291, 289031375-289031505, 289031622-289031710, 289031840-289032192, 289032285-289032380, 289046253-289046317, 289058006-289058108, 289058249-289058407, 289058525-289058665, 289058766-289058809, 289058879-289058993, 289089385-289089537, 289089621-289089794: +	Frame=0	OriID=Ebr05G038600.1	OriTrascriptID=Ebr05G038600.1	transl_table=1	OriGeneID=Ebr05G038600	OriSeqID=Chr05",1343,1343,1152,1343x1152,float16,embeddings/af8cfc6a1d4afa2871f81e176fbef6a1097c6fe0d54d32be324c18d11ae49600.pt,/data/jnz/esmc-600m/data/weights/esmc_600m_2024_12_v0.pth,ok,
809b56dc1c2a7a9edc39641072b9583987c41c030bc4bb1936409eed4f00e79b,,"GWHPBECS034023	mRNA=GWHTBECS034034	Gene=GWHGBECS034034	Position=GWHBECS00000005: 294059554-294059607, 294060821-294060914, 294065197-294065375, 294075379-294075429, 294101401-294101521, 294108870-294108936, 294109045-294109086, 294119087-294119192, 294119347-294119457, 294120505-294120576, 294120653-294120754, 294120839-294120885, 294120991-294121018, 294121152-294121289: +	Frame=0	OriID=Ebr05G039210.1	OriTrascriptID=Ebr05G039210.1	transl_table=1	OriGeneID=Ebr05G039210	OriSeqID=Chr05",403,403,1152,403x1152,float16,embeddings/809b56dc1c2a7a9edc39641072b9583987c41c030bc4bb1936409eed4f00e79b.pt,/data/jnz/esmc-600m/data/weights/esmc_600m_2024_12_v0.pth,ok,
df201c239536561cecb5731083bd0e8ac80fabd2e852ac5028d3277940d18b21,,GWHPBECS034039	mRNA=GWHTBECS034050	Gene=GWHGBECS034050	Position=GWHBECS00000005: 295164802-295166190: +	Frame=0	OriID=Ebr05G039370.1	OriTrascriptID=Ebr05G039370.1	transl_table=1	OriGeneID=Ebr05G039370	OriSeqID=Chr05,462,462,1152,462x1152,float16,embeddings/df201c239536561cecb5731083bd0e8ac80fabd2e852ac5028d3277940d18b21.pt,/data/jnz/esmc-600m/data/weights/esmc_600m_2024_12_v0.pth,ok,
7f11ee5ca2df42133ab07b7eb56d1e8547010c27649473dceae1e2580508400e,,"GWHPBECS034049	mRNA=GWHTBECS034060	Gene=GWHGBECS034060	Position=GWHBECS00000005: 295770458-295771389, 295771514-295772021: -	Frame=0	OriID=Ebr05G039470.1	OriTrascriptID=Ebr05G039470.1	transl_table=1	OriGeneID=Ebr05G039470	OriSeqID=Chr05",479,479,1152,479x1152,float16,embeddings/7f11ee5ca2df42133ab07b7eb56d1e8547010c27649473dceae1e2580508400e.pt,/data/jnz/esmc-600m/data/weights/esmc_600m_2024_12_v0.pth,ok,
65ca3a6f08966ad40da2baa540f059cf237692c5766c17cc0fc127516e58749c,,"GWHPBECS034091	mRNA=GWHTBECS034102	Gene=GWHGBECS034102	Position=GWHBECS00000005: 300674462-300674755, 300674839-300674979, 300675074-300675145, 300675494-300675586, 300675680-300675736, 300675854-300675955, 300676051-300676128, 300676235-300676304, 300676404-300676474, 300676569-300676661, 300676782-300676844: +	Frame=0	OriID=Ebr05G039890.1	OriTrascriptID=Ebr05G039890.1	transl_table=1	OriGeneID=Ebr05G039890	OriSeqID=Chr05",377,377,1152,377x1152,float16,embeddings/65ca3a6f08966ad40da2baa540f059cf237692c5766c17cc0fc127516e58749c.pt,/data/jnz/esmc-600m/data/weights/esmc_600m_2024_12_v0.pth,ok,
6b863c7000f3e3b85564672b799c99a49bf2dcf17c7713fa167cdc7cfb16272a,,"GWHPBECS034139	mRNA=GWHTBECS034150	Gene=GWHGBECS034150	Position=GWHBECS00000005: 303226636-303226699, 303227774-303228325, 303228871-303229001: -	Frame=0	OriID=Ebr05G040370.1	OriTrascriptID=Ebr05G040370.1	transl_table=1	OriGeneID=Ebr05G040370	OriSeqID=Chr05",248,248,1152,248x1152,float16,embeddings/6b863c7000f3e3b85564672b799c99a49bf2dcf17c7713fa167cdc7cfb16272a.pt,/data/jnz/esmc-600m/data/weights/esmc_600m_2024_12_v0.pth,ok,
a1e3036ba2b224d64abaa7905f2b24c3c9dd02816276cfe7c801398becd7a916,,"GWHPBECS034290	mRNA=GWHTBECS034301	Gene=GWHGBECS034301	Position=GWHBECS00000005: 315245102-315245229, 315245407-315245628, 315245740-315245796, 315260105-315260270, 315260457-315260804, 315260937-315261046, 315261206-315261334, 315261456-315261523, 315261613-315261673, 315261764-315261852, 315262101-315262378: -	Frame=0	OriID=Ebr05G041880.1	OriTrascriptID=Ebr05G041880.1	transl_table=1	OriGeneID=Ebr05G041880	OriSeqID=Chr05",551,551,1152,551x1152,float16,embeddings/a1e3036ba2b224d64abaa7905f2b24c3c9dd02816276cfe7c801398becd7a916.pt,/data/jnz/esmc-600m/data/weights/esmc_600m_2024_12_v0.pth,ok,
14881a9756d7e7bc415d52341bb2d943938c5add82438fe33e0175af7a2419f9,,GWHPBECS034414	mRNA=GWHTBECS034425	Gene=GWHGBECS034425	Position=GWHBECS00000005: 326263069-326264391: +	Frame=0	OriID=Ebr05G043120.1	OriTrascriptID=Ebr05G043120.1	transl_table=1	OriGeneID=Ebr05G043120	OriSeqID=Chr05,440,440,1152,440x1152,float16,embeddings/14881a9756d7e7bc415d52341bb2d943938c5add82438fe33e0175af7a2419f9.pt,/data/jnz/esmc-600m/data/weights/esmc_600m_2024_12_v0.pth,ok,
e4028cc55077739069e2327f1c5290c97fe111369814c02558f29160768a534a,,"GWHPBECS034444	mRNA=GWHTBECS034455	Gene=GWHGBECS034455	Position=GWHBECS00000005: 327485176-327485246, 327497920-327498117, 327498569-327499206, 327499514-327500544: +	Frame=0	OriID=Ebr05G043420.1	OriTrascriptID=Ebr05G043420.1	transl_table=1	OriGeneID=Ebr05G043420	OriSeqID=Chr05",645,645,1152,645x1152,float16,embeddings/e4028cc55077739069e2327f1c5290c97fe111369814c02558f29160768a534a.pt,/data/jnz/esmc-600m/data/weights/esmc_600m_2024_12_v0.pth,ok,
5d44b2ce21e9b9872daf5d1653712b758f3bbab268ddb319ec699a3a376a9978,,"GWHPBECS034521	mRNA=GWHTBECS034532	Gene=GWHGBECS034532	Position=GWHBECS00000005: 332832376-332832957, 332833076-332833426, 332833647-332833843, 332833924-332834197, 332834295-332834507, 332834596-332834721, 332859437-332859574, 332859875-332860220, 332860308-332860574, 332899721-332899910, 332900034-332900136, 332900225-332900460, 332900532-332900727, 332901257-332901340: -	Frame=0	OriID=Ebr05G044190.1	OriTrascriptID=Ebr05G044190.1	transl_table=1	OriGeneID=Ebr05G044190	OriSeqID=Chr05",1100,1100,1152,1100x1152,float16,embeddings/5d44b2ce21e9b9872daf5d1653712b758f3bbab268ddb319ec699a3a376a9978.pt,/data/jnz/esmc-600m/data/weights/esmc_600m_2024_12_v0.pth,ok,
72822bece5ee62702cd3c5e8dfde76bd74bcee5e83ad4bc215a171c5e594502b,,"GWHPBECS034592	mRNA=GWHTBECS034603	Gene=GWHGBECS034603	Position=GWHBECS00000005: 336506387-336506903, 336507017-336507957: +	Frame=0	OriID=Ebr05G044900.1	OriTrascriptID=Ebr05G044900.1	transl_table=1	OriGeneID=Ebr05G044900	OriSeqID=Chr05",485,485,1152,485x1152,float16,embeddings/72822bece5ee62702cd3c5e8dfde76bd74bcee5e83ad4bc215a171c5e594502b.pt,/data/jnz/esmc-600m/data/weights/esmc_600m_2024_12_v0.pth,ok,
77651f408d77b8b16c1e80192a8d81f1b9458ade770bd147e7143472ec1fb22a,,"GWHPBECS034593	mRNA=GWHTBECS034604	Gene=GWHGBECS034604	Position=GWHBECS00000005: 336534600-336535116, 336535196-336536142: +	Frame=0	OriID=Ebr05G044910.1	OriTrascriptID=Ebr05G044910.1	transl_table=1	OriGeneID=Ebr05G044910	OriSeqID=Chr05",487,487,1152,487x1152,float16,embeddings/77651f408d77b8b16c1e80192a8d81f1b9458ade770bd147e7143472ec1fb22a.pt,/data/jnz/esmc-600m/data/weights/esmc_600m_2024_12_v0.pth,ok,
9ce1a6648426eefa7ecc2d641bf0c84e172b263104d7146c9d9e42ef575d1f58,,"GWHPBECS034698	mRNA=GWHTBECS034709	Gene=GWHGBECS034709	Position=GWHBECS00000005: 346019326-346019913, 346032754-346033395: +	Frame=0	OriID=Ebr05G045960.1	OriTrascriptID=Ebr05G045960.1	transl_table=1	OriGeneID=Ebr05G045960	OriSeqID=Chr05",409,409,1152,409x1152,float16,embeddings/9ce1a6648426eefa7ecc2d641bf0c84e172b263104d7146c9d9e42ef575d1f58.pt,/data/jnz/esmc-600m/data/weights/esmc_600m_2024_12_v0.pth,ok,
a281752ae911c2da8ca73f040f892a84820c643e643cc5a637867704d90b1e87,,GWHPBECS034731	mRNA=GWHTBECS034742	Gene=GWHGBECS034742	Position=GWHBECS00000005: 348390902-348392272: -	Frame=0	OriID=Ebr05G046290.1	OriTrascriptID=Ebr05G046290.1	transl_table=1	OriGeneID=Ebr05G046290	OriSeqID=Chr05,456,456,1152,456x1152,float16,embeddings/a281752ae911c2da8ca73f040f892a84820c643e643cc5a637867704d90b1e87.pt,/data/jnz/esmc-600m/data/weights/esmc_600m_2024_12_v0.pth,ok,
a6e444557f2b588f7bccece5ae464b4ac40be0258405780f2624f55ec5568303,,"GWHPBECS034752	mRNA=GWHTBECS034763	Gene=GWHGBECS034763	Position=GWHBECS00000005: 349986017-349986130, 349986263-349986362, 349986456-349986517, 349998673-349998795: -	Frame=0	OriID=Ebr05G046500.1	OriTrascriptID=Ebr05G046500.1	transl_table=1	OriGeneID=Ebr05G046500	OriSeqID=Chr05",132,132,1152,132x1152,float16,embeddings/a6e444557f2b588f7bccece5ae464b4ac40be0258405780f2624f55ec5568303.pt,/data/jnz/esmc-600m/data/weights/esmc_600m_2024_12_v0.pth,ok,
3f7921a7e9fc0e061ab7ef9011a9f239aedbfdb5476da3e93488b570521fd6a3,,"GWHPBECS034788	mRNA=GWHTBECS034799	Gene=GWHGBECS034799	Position=GWHBECS00000005: 352926509-352926596, 352926687-352926760, 352926840-352926929, 352927044-352927121, 352931797-352931897, 352932725-352932917, 352933006-352933096, 352933188-352933252, 352941549-352941703, 352941787-352941868, 352941980-352942089, 352948528-352948723: +	Frame=0	OriID=Ebr05G046860.1	OriTrascriptID=Ebr05G046860.1	transl_table=1	OriGeneID=Ebr05G046860	OriSeqID=Chr05",440,440,1152,440x1152,float16,embeddings/3f7921a7e9fc0e061ab7ef9011a9f239aedbfdb5476da3e93488b570521fd6a3.pt,/data/jnz/esmc-600m/data/weights/esmc_600m_2024_12_v0.pth,ok,
2af823b3c97894c7ccf4fd8f082d565e9dafc23cd3704cc4dd9d0bc0d0767744,,"GWHPBECS034857	mRNA=GWHTBECS034868	Gene=GWHGBECS034868	Position=GWHBECS00000005: 358596183-358596854, 358596885-358597049, 358597177-358597266, 358597362-358597645, 358597750-358598008, 358598093-358598308: +	Frame=0	OriID=Ebr05G047550.1	OriTrascriptID=Ebr05G047550.1	transl_table=1	OriGeneID=Ebr05G047550	OriSeqID=Chr05",561,561,1152,561x1152,float16,embeddings/2af823b3c97894c7ccf4fd8f082d565e9dafc23cd3704cc4dd9d0bc0d0767744.pt,/data/jnz/esmc-600m/data/weights/esmc_600m_2024_12_v0.pth,ok,
ca3e5a8c43e6f0ba96c1ec68d1dcb495b08ec5da4f1ea4a9effac3211df919e1,,"GWHPBECS034880	mRNA=GWHTBECS034891	Gene=GWHGBECS034891	Position=GWHBECS00000005: 359797566-359799899, 359800338-359800427, 359800510-359800724, 359800997-359801123, 359801208-359801408: +	Frame=0	OriID=Ebr05G047780.1	OriTrascriptID=Ebr05G047780.1	transl_table=1	OriGeneID=Ebr05G047780	OriSeqID=Chr05",988,988,1152,988x1152,float16,embeddings/ca3e5a8c43e6f0ba96c1ec68d1dcb495b08ec5da4f1ea4a9effac3211df919e1.pt,/data/jnz/esmc-600m/data/weights/esmc_600m_2024_12_v0.pth,ok,
804e725ff46e181551859648916475cdbb902c18755f4eb4c7f2d12f0cab65ab,,"GWHPBECS034893	mRNA=GWHTBECS034904	Gene=GWHGBECS034904	Position=GWHBECS00000005: 360838550-360839092, 360839162-360839509, 360839591-360839748, 360839880-360839979, 360840068-360840280, 360840378-360840506, 360849682-360849777, 360852563-360853171: -	Frame=0	OriID=Ebr05G047910.1	OriTrascriptID=Ebr05G047910.1	transl_table=1	OriGeneID=Ebr05G047910	OriSeqID=Chr05",731,731,1152,731x1152,float16,embeddings/804e725ff46e181551859648916475cdbb902c18755f4eb4c7f2d12f0cab65ab.pt,/data/jnz/esmc-600m/data/weights/esmc_600m_2024_12_v0.pth,ok,
1c7f063d4d442b3aa294e2f0412e0a19147e76c47fd9d8459051c517c2299a12,,"GWHPBECS034922	mRNA=GWHTBECS034933	Gene=GWHGBECS034933	Position=GWHBECS00000005: 361924592-361924706, 361924783-361924874, 361924956-361925025, 361925114-361925232, 361925459-361925555, 361926235-361926314, 361950288-361950482, 361950673-361950756, 361950871-361950931, 361967019-361967079, 362004343-362004436, 362004527-362004599, 362006164-362006246, 362006327-362006473: +	Frame=0	OriID=Ebr05G048200.1	OriTrascriptID=Ebr05G048200.1	transl_table=1	OriGeneID=Ebr05G048200	OriSeqID=Chr05",456,456,1152,456x1152,float16,embeddings/1c7f063d4d442b3aa294e2f0412e0a19147e76c47fd9d8459051c517c2299a12.pt,/data/jnz/esmc-600m/data/weights/esmc_600m_2024_12_v0.pth,ok,
b4a0dfcf0ea429cf89f19ae8a511588487f48952bde44a75a86846815826b30f,,GWHPBECS034926	mRNA=GWHTBECS034937	Gene=GWHGBECS034937	Position=GWHBECS00000005: 362211024-362211854: -	Frame=0	OriID=Ebr05G048240.1	OriTrascriptID=Ebr05G048240.1	transl_table=1	OriGeneID=Ebr05G048240	OriSeqID=Chr05,276,276,1152,276x1152,float16,embeddings/b4a0dfcf0ea429cf89f19ae8a511588487f48952bde44a75a86846815826b30f.pt,/data/jnz/esmc-600m/data/weights/esmc_600m_2024_12_v0.pth,ok,
c7d3bb90d039446cbd36a615cf81bcae527c2764169769519ba4af7fcac53963,,"GWHPBECS034929	mRNA=GWHTBECS034940	Gene=GWHGBECS034940	Position=GWHBECS00000005: 362387918-362388379, 362406565-362406861, 362406951-362407046, 362422356-362422784: +	Frame=0	OriID=Ebr05G048270.1	OriTrascriptID=Ebr05G048270.1	transl_table=1	OriGeneID=Ebr05G048270	OriSeqID=Chr05",427,427,1152,427x1152,float16,embeddings/c7d3bb90d039446cbd36a615cf81bcae527c2764169769519ba4af7fcac53963.pt,/data/jnz/esmc-600m/data/weights/esmc_600m_2024_12_v0.pth,ok,
52790e54765f8638efa98d22e05fb3ac6c22af6e5811f1d287c01608b2c9f223,,"GWHPBECS035000	mRNA=GWHTBECS035011	Gene=GWHGBECS035011	Position=GWHBECS00000005: 366953156-366953267, 366956258-366956646, 366956892-366957133, 366957627-366958140: +	Frame=0	OriID=Ebr05G048980.1	OriTrascriptID=Ebr05G048980.1	transl_table=1	OriGeneID=Ebr05G048980	OriSeqID=Chr05",418,418,1152,418x1152,float16,embeddings/52790e54765f8638efa98d22e05fb3ac6c22af6e5811f1d287c01608b2c9f223.pt,/data/jnz/esmc-600m/data/weights/esmc_600m_2024_12_v0.pth,ok,
96a8d23fc7231821aae3792f65bb3f0c4d0c99142de0056fd95c185c8e39cc8c,,"GWHPBECS035079	mRNA=GWHTBECS035090	Gene=GWHGBECS035090	Position=GWHBECS00000005: 371569206-371569605, 371569696-371569889, 371569978-371570078, 371570170-371570356: -	Frame=0	OriID=Ebr05G049770.1	OriTrascriptID=Ebr05G049770.1	transl_table=1	OriGeneID=Ebr05G049770	OriSeqID=Chr05",293,293,1152,293x1152,float16,embeddings/96a8d23fc7231821aae3792f65bb3f0c4d0c99142de0056fd95c185c8e39cc8c.pt,/data/jnz/esmc-600m/data/weights/esmc_600m_2024_12_v0.pth,ok,
1e6df435255f8eb9bd9f3c655aebc88e73a989c01a6ad9e9ffa07ea34dafea01,,"GWHPBECS035080	mRNA=GWHTBECS035091	Gene=GWHGBECS035091	Position=GWHBECS00000005: 371605910-371606309, 371606384-371606577, 371606662-371606762, 371606862-371607051: -	Frame=0	OriID=Ebr05G049780.1	OriTrascriptID=Ebr05G049780.1	transl_table=1	OriGeneID=Ebr05G049780	OriSeqID=Chr05",294,294,1152,294x1152,float16,embeddings/1e6df435255f8eb9bd9f3c655aebc88e73a989c01a6ad9e9ffa07ea34dafea01.pt,/data/jnz/esmc-600m/data/weights/esmc_600m_2024_12_v0.pth,ok,
2128ca1fac528a1427870fc49a215c8edbc6099e572e98447d3f9fe42c6297ca,,GWHPBECS035131	mRNA=GWHTBECS035142	Gene=GWHGBECS035142	Position=GWHBECS00000005: 374179273-374180745: +	Frame=0	OriID=Ebr05G050290.1	OriTrascriptID=Ebr05G050290.1	transl_table=1	OriGeneID=Ebr05G050290	OriSeqID=Chr05,490,490,1152,490x1152,float16,embeddings/2128ca1fac528a1427870fc49a215c8edbc6099e572e98447d3f9fe42c6297ca.pt,/data/jnz/esmc-600m/data/weights/esmc_600m_2024_12_v0.pth,ok,
f5f4f8149610ccc0b7a835a8a6d4c69987c92af925e0574e2573d98776ba7880,,"GWHPBECS035231	mRNA=GWHTBECS035242	Gene=GWHGBECS035242	Position=GWHBECS00000005: 382038963-382039194, 382039273-382039676: +	Frame=0	OriID=Ebr05G051290.1	OriTrascriptID=Ebr05G051290.1	transl_table=1	OriGeneID=Ebr05G051290	OriSeqID=Chr05",211,211,1152,211x1152,float16,embeddings/f5f4f8149610ccc0b7a835a8a6d4c69987c92af925e0574e2573d98776ba7880.pt,/data/jnz/esmc-600m/data/weights/esmc_600m_2024_12_v0.pth,ok,
1e0bb3c43a7fdb235574e526133082bca1f82876b4379c720127efeb018849a3,,"GWHPBECS035482	mRNA=GWHTBECS035493	Gene=GWHGBECS035493	Position=GWHBECS00000005: 395888685-395889009, 395889091-395889122: -	Frame=0	OriID=Ebr05G053800.1	OriTrascriptID=Ebr05G053800.1	transl_table=1	OriGeneID=Ebr05G053800	OriSeqID=Chr05",118,118,1152,118x1152,float16,embeddings/1e0bb3c43a7fdb235574e526133082bca1f82876b4379c720127efeb018849a3.pt,/data/jnz/esmc-600m/data/weights/esmc_600m_2024_12_v0.pth,ok,
0debe59e98d3cf2c47b7358dd3054af29a10d89d11554ff8eb641af2e72c6496,,"GWHPBECS035516	mRNA=GWHTBECS035527	Gene=GWHGBECS035527	Position=GWHBECS00000005: 398616409-398616693, 398616814-398616890, 398621885-398622008, 398622252-398622530, 398622573-398622702, 398628925-398629088: -	Frame=0	OriID=Ebr05G054140.1	OriTrascriptID=Ebr05G054140.1	transl_table=1	OriGeneID=Ebr05G054140	OriSeqID=Chr05",352,352,1152,352x1152,float16,embeddings/0debe59e98d3cf2c47b7358dd3054af29a10d89d11554ff8eb641af2e72c6496.pt,/data/jnz/esmc-600m/data/weights/esmc_600m_2024_12_v0.pth,ok,
ed124631ce3ea9e1d501a7e949cf7a6560eb131e8d600b9e4284eb771957b386,,"GWHPBECS035617	mRNA=GWHTBECS035628	Gene=GWHGBECS035628	Position=GWHBECS00000005: 404829158-404829662, 404829769-404830286, 404830389-404830748: +	Frame=0	OriID=Ebr05G055150.1	OriTrascriptID=Ebr05G055150.1	transl_table=1	OriGeneID=Ebr05G055150	OriSeqID=Chr05",460,460,1152,460x1152,float16,embeddings/ed124631ce3ea9e1d501a7e949cf7a6560eb131e8d600b9e4284eb771957b386.pt,/data/jnz/esmc-600m/data/weights/esmc_600m_2024_12_v0.pth,ok,
70a86763fa0632a68f44912fa3a77b403cc18465d9ea7de3e8e5418fc740c881,,"GWHPBECS035622	mRNA=GWHTBECS035633	Gene=GWHGBECS035633	Position=GWHBECS00000005: 405056984-405057283, 405057365-405057505, 405057594-405057665, 405057765-405057893, 405057995-405058051, 405058160-405058261, 405058353-405058430, 405058530-405058599, 405058685-405058755, 405058843-405058935, 405059015-405059038, 405060174-405060215: +	Frame=0	OriID=Ebr05G055200.1	OriTrascriptID=Ebr05G055200.1	transl_table=1	OriGeneID=Ebr05G055200	OriSeqID=Chr05",392,392,1152,392x1152,float16,embeddings/70a86763fa0632a68f44912fa3a77b403cc18465d9ea7de3e8e5418fc740c881.pt,/data/jnz/esmc-600m/data/weights/esmc_600m_2024_12_v0.pth,ok,
958b41c120e0b87cf201e1846e3060fc67a38bbff58cdb3ec4680e02b8dc70a8,,GWHPBECS035624	mRNA=GWHTBECS035635	Gene=GWHGBECS035635	Position=GWHBECS00000005: 405284686-405286044: +	Frame=0	OriID=Ebr05G055220.1	OriTrascriptID=Ebr05G055220.1	transl_table=1	OriGeneID=Ebr05G055220	OriSeqID=Chr05,452,452,1152,452x1152,float16,embeddings/958b41c120e0b87cf201e1846e3060fc67a38bbff58cdb3ec4680e02b8dc70a8.pt,/data/jnz/esmc-600m/data/weights/esmc_600m_2024_12_v0.pth,ok,
791716fcd66e7f69e3ba6cfe3808a2f77620dab75f11a44553b3a12754faaa92,,GWHPBECS035629	mRNA=GWHTBECS035640	Gene=GWHGBECS035640	Position=GWHBECS00000005: 405658573-405659940: +	Frame=0	OriID=Ebr05G055270.1	OriTrascriptID=Ebr05G055270.1	transl_table=1	OriGeneID=Ebr05G055270	OriSeqID=Chr05,455,455,1152,455x1152,float16,embeddings/791716fcd66e7f69e3ba6cfe3808a2f77620dab75f11a44553b3a12754faaa92.pt,/data/jnz/esmc-600m/data/weights/esmc_600m_2024_12_v0.pth,ok,
31e67d4d33758d2169c780eecdf11cdb46b838200531a2c825c0b6fa5c56754b,,"GWHPBECS035638	mRNA=GWHTBECS035649	Gene=GWHGBECS035649	Position=GWHBECS00000005: 406422474-406422555, 406422643-406422753, 406434415-406434528, 406441390-406441482, 406447427-406447576, 406460383-406460441, 406477868-406477921: +	Frame=0	OriID=Ebr05G055360.1	OriTrascriptID=Ebr05G055360.1	transl_table=1	OriGeneID=Ebr05G055360	OriSeqID=Chr05",220,220,1152,220x1152,float16,embeddings/31e67d4d33758d2169c780eecdf11cdb46b838200531a2c825c0b6fa5c56754b.pt,/data/jnz/esmc-600m/data/weights/esmc_600m_2024_12_v0.pth,ok,
9dd8639e2bbb415786843d7e8551efc4e3cd463533a162d25d4b4bfa90bf5c71,,GWHPBECS035708	mRNA=GWHTBECS035719	Gene=GWHGBECS035719	Position=GWHBECS00000005: 411591900-411593486: -	Frame=0	OriID=Ebr05G056060.1	OriTrascriptID=Ebr05G056060.1	transl_table=1	OriGeneID=Ebr05G056060	OriSeqID=Chr05,528,528,1152,528x1152,float16,embeddings/9dd8639e2bbb415786843d7e8551efc4e3cd463533a162d25d4b4bfa90bf5c71.pt,/data/jnz/esmc-600m/data/weights/esmc_600m_2024_12_v0.pth,ok,
b2a3a943ac251b1096e735e2af0496f800f0617e7b6adf62e840b506ebfc27e5,,GWHPBECS035709	mRNA=GWHTBECS035720	Gene=GWHGBECS035720	Position=GWHBECS00000005: 411599017-411600570: -	Frame=0	OriID=Ebr05G056070.1	OriTrascriptID=Ebr05G056070.1	transl_table=1	OriGeneID=Ebr05G056070	OriSeqID=Chr05,517,517,1152,517x1152,float16,embeddings/b2a3a943ac251b1096e735e2af0496f800f0617e7b6adf62e840b506ebfc27e5.pt,/data/jnz/esmc-600m/data/weights/esmc_600m_2024_12_v0.pth,ok,
a22bab33016b5252d75d8aabfb7190478f34742e728792437a76db4ed8519eb8,,"GWHPBECS035720	mRNA=GWHTBECS035731	Gene=GWHGBECS035731	Position=GWHBECS00000005: 412635482-412636025, 412636103-412636250, 412636329-412636789, 412637792-412638120: -	Frame=0	OriID=Ebr05G056180.1	OriTrascriptID=Ebr05G056180.1	transl_table=1	OriGeneID=Ebr05G056180	OriSeqID=Chr05",493,493,1152,493x1152,float16,embeddings/a22bab33016b5252d75d8aabfb7190478f34742e728792437a76db4ed8519eb8.pt,/data/jnz/esmc-600m/data/weights/esmc_600m_2024_12_v0.pth,ok,
b588538ad7ae7c59fb37588496b66b0d27e18f1f1e9bd4c554628fad965062dd,,"GWHPBECS035726	mRNA=GWHTBECS035737	Gene=GWHGBECS035737	Position=GWHBECS00000005: 412733668-412734211, 412734298-412734448, 412734526-412734727, 412734822-412735080, 412741085-412741383: -	Frame=0	OriID=Ebr05G056240.1	OriTrascriptID=Ebr05G056240.1	transl_table=1	OriGeneID=Ebr05G056240	OriSeqID=Chr05",484,484,1152,484x1152,float16,embeddings/b588538ad7ae7c59fb37588496b66b0d27e18f1f1e9bd4c554628fad965062dd.pt,/data/jnz/esmc-600m/data/weights/esmc_600m_2024_12_v0.pth,ok,
05d05fbb2df4870bebcaa94f67ba4188c7072d083dba83222f22f08ff88b1e44,,"GWHPBECS035727	mRNA=GWHTBECS035738	Gene=GWHGBECS035738	Position=GWHBECS00000005: 412822746-412822925, 412822993-412823133, 412823237-412823434: +	Frame=0	OriID=Ebr05G056250.1	OriTrascriptID=Ebr05G056250.1	transl_table=1	OriGeneID=Ebr05G056250	OriSeqID=Chr05",172,172,1152,172x1152,float16,embeddings/05d05fbb2df4870bebcaa94f67ba4188c7072d083dba83222f22f08ff88b1e44.pt,/data/jnz/esmc-600m/data/weights/esmc_600m_2024_12_v0.pth,ok,
1f560e84c3e4f1f9acbeac56373e18698c97afb67de2102e664e03b9200e2603,,"GWHPBECS035761	mRNA=GWHTBECS035772	Gene=GWHGBECS035772	Position=GWHBECS00000005: 415956015-415956287, 415957779-415957866, 415959615-415959691, 415973678-415973766, 415973877-415974066, 415993978-415994159, 415998745-415998847, 416001806-416002134, 416002725-416003037: +	Frame=0	OriID=Ebr05G056590.1	OriTrascriptID=Ebr05G056590.1	transl_table=1	OriGeneID=Ebr05G056590	OriSeqID=Chr05",547,547,1152,547x1152,float16,embeddings/1f560e84c3e4f1f9acbeac56373e18698c97afb67de2102e664e03b9200e2603.pt,/data/jnz/esmc-600m/data/weights/esmc_600m_2024_12_v0.pth,ok,
c05807fdb0c2da1e120d8ddb99dae66220a6da38110d5b00f0021bffce5d9ddb,,GWHPBECS035793	mRNA=GWHTBECS035804	Gene=GWHGBECS035804	Position=GWHBECS00000005: 418405535-418406152: +	Frame=0	OriID=Ebr05G056910.1	OriTrascriptID=Ebr05G056910.1	transl_table=1	OriGeneID=Ebr05G056910	OriSeqID=Chr05,205,205,1152,205x1152,float16,embeddings/c05807fdb0c2da1e120d8ddb99dae66220a6da38110d5b00f0021bffce5d9ddb.pt,/data/jnz/esmc-600m/data/weights/esmc_600m_2024_12_v0.pth,ok,
d12843c492e5c8ea660630d1c96742ee395a298993d6b9e886e1c4a1a017feda,,"GWHPBECS035794	mRNA=GWHTBECS035805	Gene=GWHGBECS035805	Position=GWHBECS00000005: 418420361-418420511, 418420529-418421124: +	Frame=0	OriID=Ebr05G056920.1	OriTrascriptID=Ebr05G056920.1	transl_table=1	OriGeneID=Ebr05G056920	OriSeqID=Chr05",248,248,1152,248x1152,float16,embeddings/d12843c492e5c8ea660630d1c96742ee395a298993d6b9e886e1c4a1a017feda.pt,/data/jnz/esmc-600m/data/weights/esmc_600m_2024_12_v0.pth,ok,
121ea02486d30410f7f71093f6ce6740f7f133b63b1870e6cf3148a2f224fa7a,,"GWHPBECS035843	mRNA=GWHTBECS035854	Gene=GWHGBECS035854	Position=GWHBECS00000005: 421322045-421322047, 421342526-421342654, 421343073-421343216, 421343328-421343473, 421343550-421343706, 421343833-421343891, 421344089-421344248, 421344337-421344486, 421344593-421344729, 421344805-421344951, 421345080-421345181, 421345295-421345352, 421345448-421345549, 421345659-421345696, 421345864-421345990, 421346077-421346247, 421352664-421352795, 421352888-421352997, 421353122-421353182, 421353311-421353488, 421353924-421354129, 421354357-421354476, 421354591-421354689, 421354797-421355018, 421360137-421360276, 421363502-421363619, 421363718-421363768, 421363871-421363951, 421364071-421364241, 421364424-421364579, 421364702-421364908, 421373156-421373296, 421373385-421373455, 421373567-421373666, 421374259-421374315, 421374394-421374450, 421374546-421374626, 421374857-421374939, 421375032-421375155: +	Frame=0	OriID=Ebr05G057410.1	OriTrascriptID=Ebr05G057410.1	transl_table=1	OriGeneID=Ebr05G057410	OriSeqID=Chr05",1531,1531,1152,1531x1152,float16,embeddings/121ea02486d30410f7f71093f6ce6740f7f133b63b1870e6cf3148a2f224fa7a.pt,/data/jnz/esmc-600m/data/weights/esmc_600m_2024_12_v0.pth,ok,
bd0a1feee20919edffe69dd4bf8573741bde29fe07f7dca3a429fc18ba8d346f,,"GWHPBECS036092	mRNA=GWHTBECS036103	Gene=GWHGBECS036103	Position=GWHBECS00000005: 440413229-440413539, 440413572-440413710, 440413852-440413988, 440415440-440415555, 440416979-440417130: +	Frame=0	OriID=Ebr05G059900.1	OriTrascriptID=Ebr05G059900.1	transl_table=1	OriGeneID=Ebr05G059900	OriSeqID=Chr05",284,284,1152,284x1152,float16,embeddings/bd0a1feee20919edffe69dd4bf8573741bde29fe07f7dca3a429fc18ba8d346f.pt,/data/jnz/esmc-600m/data/weights/esmc_600m_2024_12_v0.pth,ok,
8cfd6b0f6a477fafd987e74b58ec2fa11fcf9283330ad28ab622574aba5d1b99,,"GWHPBECS036096	mRNA=GWHTBECS036107	Gene=GWHGBECS036107	Position=GWHBECS00000005: 440697799-440698161, 440698244-440698303, 440706904-440706945, 440707121-440707330, 440707409-440707468, 440723208-440723249, 440723384-440723593, 440723670-440723729, 440739312-440739356, 440739498-440739557, 440769818-440769889, 440780361-440780417, 440780706-440780782, 440781335-440781416, 440781515-440781631, 440803461-440803585, 440818805-440818874, 440826447-440826494: +	Frame=0	OriID=Ebr05G059940.1	OriTrascriptID=Ebr05G059940.1	transl_table=1	OriGeneID=Ebr05G059940	OriSeqID=Chr05",599,599,1152,599x1152,float16,embeddings/8cfd6b0f6a477fafd987e74b58ec2fa11fcf9283330ad28ab622574aba5d1b99.pt,/data/jnz/esmc-600m/data/weights/esmc_600m_2024_12_v0.pth,ok,
652969d2dc30405a25157e65b1e925f2901106309514f7eaee85cb92a90b4041,,"GWHPBECS036142	mRNA=GWHTBECS036153	Gene=GWHGBECS036153	Position=GWHBECS00000005: 443886642-443886754, 443913111-443913174, 443913947-443913996, 443914094-443914311, 443931700-443931763, 443931852-443931924, 443934129-443934252, 443949041-443949128, 443949244-443949294, 443949493-443949564, 443949648-443949760, 443949853-443949875: +	Frame=0	OriID=Ebr05G060400.1	OriTrascriptID=Ebr05G060400.1	transl_table=1	OriGeneID=Ebr05G060400	OriSeqID=Chr05",350,350,1152,350x1152,float16,embeddings/652969d2dc30405a25157e65b1e925f2901106309514f7eaee85cb92a90b4041.pt,/data/jnz/esmc-600m/data/weights/esmc_600m_2024_12_v0.pth,ok,
0cb9584b35a27666d4ad3cdbcb717b8d361125372c0d2b514e5b7ac5f5a1a92a,,"GWHPBECS036163	mRNA=GWHTBECS036174	Gene=GWHGBECS036174	Position=GWHBECS00000005: 445283135-445283460, 445283519-445283636, 445283713-445284243: -	Frame=0	OriID=Ebr05G060610.1	OriTrascriptID=Ebr05G060610.1	transl_table=1	OriGeneID=Ebr05G060610	OriSeqID=Chr05",324,324,1152,324x1152,float16,embeddings/0cb9584b35a27666d4ad3cdbcb717b8d361125372c0d2b514e5b7ac5f5a1a92a.pt,/data/jnz/esmc-600m/data/weights/esmc_600m_2024_12_v0.pth,ok,
586b6ccb7cce96fd7691d691ef778cb3142006d310e1990a118dc3eb41471dbf,,"GWHPBECS036195	mRNA=GWHTBECS036206	Gene=GWHGBECS036206	Position=GWHBECS00000005: 446975903-446977124, 446989748-446990031: -	Frame=0	OriID=Ebr05G060930.1	OriTrascriptID=Ebr05G060930.1	transl_table=1	OriGeneID=Ebr05G060930	OriSeqID=Chr05",501,501,1152,501x1152,float16,embeddings/586b6ccb7cce96fd7691d691ef778cb3142006d310e1990a118dc3eb41471dbf.pt,/data/jnz/esmc-600m/data/weights/esmc_600m_2024_12_v0.pth,ok,
d67a190dc18c2f979c03f5f2ab35c24f86338224f3ec4cf6b7493192cf0e58d7,,"GWHPBECS036196	mRNA=GWHTBECS036207	Gene=GWHGBECS036207	Position=GWHBECS00000005: 447030851-447031248, 447043776-447044964: -	Frame=0	OriID=Ebr05G060940.1	OriTrascriptID=Ebr05G060940.1	transl_table=1	OriGeneID=Ebr05G060940	OriSeqID=Chr05",528,528,1152,528x1152,float16,embeddings/d67a190dc18c2f979c03f5f2ab35c24f86338224f3ec4cf6b7493192cf0e58d7.pt,/data/jnz/esmc-600m/data/weights/esmc_600m_2024_12_v0.pth,ok,
5597e06f65f3dea822453fede3da9cbf0b66cf37bcc08396cf8a07645168c942,,GWHPBECS036201	mRNA=GWHTBECS036212	Gene=GWHGBECS036212	Position=GWHBECS00000005: 447425017-447426072: -	Frame=0	OriID=Ebr05G060990.1	OriTrascriptID=Ebr05G060990.1	transl_table=1	OriGeneID=Ebr05G060990	OriSeqID=Chr05,351,351,1152,351x1152,float16,embeddings/5597e06f65f3dea822453fede3da9cbf0b66cf37bcc08396cf8a07645168c942.pt,/data/jnz/esmc-600m/data/weights/esmc_600m_2024_12_v0.pth,ok,
43b24afb44fdc6e7a091667abb226dd499462ee7da2cb6dde288f3bf54e7076b,,"GWHPBECS036497	mRNA=GWHTBECS036508	Gene=GWHGBECS036508	Position=GWHBECS00000005: 469495489-469496844, 469496880-469497724, 469497787-469498519: -	Frame=0	OriID=Ebr05G063950.1	OriTrascriptID=Ebr05G063950.1	transl_table=1	OriGeneID=Ebr05G063950	OriSeqID=Chr05",977,977,1152,977x1152,float16,embeddings/43b24afb44fdc6e7a091667abb226dd499462ee7da2cb6dde288f3bf54e7076b.pt,/data/jnz/esmc-600m/data/weights/esmc_600m_2024_12_v0.pth,ok,
786c7892e60dfdcfdd0cff67ddb1c3641069e7ca3a1f350b881999cb95775180,,GWHPBECS036516	mRNA=GWHTBECS036527	Gene=GWHGBECS036527	Position=GWHBECS00000005: 470528195-470529952: +	Frame=0	OriID=Ebr05G064140.1	OriTrascriptID=Ebr05G064140.1	transl_table=1	OriGeneID=Ebr05G064140	OriSeqID=Chr05,585,585,1152,585x1152,float16,embeddings/786c7892e60dfdcfdd0cff67ddb1c3641069e7ca3a1f350b881999cb95775180.pt,/data/jnz/esmc-600m/data/weights/esmc_600m_2024_12_v0.pth,ok,
daa93570c3c5ae4b1f10894dbea93785d25180774e5066523ef7491e780737a6,,"GWHPBECS036523	mRNA=GWHTBECS036534	Gene=GWHGBECS036534	Position=GWHBECS00000005: 471328487-471328755, 471339257-471339489, 471362208-471362365, 471381449-471381550: +	Frame=0	OriID=Ebr05G064210.1	OriTrascriptID=Ebr05G064210.1	transl_table=1	OriGeneID=Ebr05G064210	OriSeqID=Chr05",253,253,1152,253x1152,float16,embeddings/daa93570c3c5ae4b1f10894dbea93785d25180774e5066523ef7491e780737a6.pt,/data/jnz/esmc-600m/data/weights/esmc_600m_2024_12_v0.pth,ok,
76a05b304c1eaf0ef48054a1cb1f6ffa67ee008e8b4757bab987daa280071f4a,,"GWHPBECS036555	mRNA=GWHTBECS036566	Gene=GWHGBECS036566	Position=GWHBECS00000005: 473476497-473476759, 473476796-473476916, 473476951-473477095, 473477132-473477271, 473477327-473477473, 473477583-473477670, 473479330-473479376: +	Frame=0	OriID=Ebr05G064530.1	OriTrascriptID=Ebr05G064530.1	transl_table=1	OriGeneID=Ebr05G064530	OriSeqID=Chr05",316,316,1152,316x1152,float16,embeddings/76a05b304c1eaf0ef48054a1cb1f6ffa67ee008e8b4757bab987daa280071f4a.pt,/data/jnz/esmc-600m/data/weights/esmc_600m_2024_12_v0.pth,ok,
5d6adcb85d3240e704096c7c954dbce5c06da52fa1715242dd9327d90956fc0a,,"GWHPBECS036572	mRNA=GWHTBECS036583	Gene=GWHGBECS036583	Position=GWHBECS00000005: 474569891-474570436, 474570524-474570871, 474570949-474571034, 474571065-474571173, 474571251-474571463, 474571559-474571690, 474571799-474571939, 474573307-474573613, 474573722-474574002: -	Frame=0	OriID=Ebr05G064700.1	OriTrascriptID=Ebr05G064700.1	transl_table=1	OriGeneID=Ebr05G064700	OriSeqID=Chr05",720,720,1152,720x1152,float16,embeddings/5d6adcb85d3240e704096c7c954dbce5c06da52fa1715242dd9327d90956fc0a.pt,/data/jnz/esmc-600m/data/weights/esmc_600m_2024_12_v0.pth,ok,
f0102efde61a1b44bfc1636ffcf5571d5f680ae4d1f1155f9e7e685173b67994,,"GWHPBECS036573	mRNA=GWHTBECS036584	Gene=GWHGBECS036584	Position=GWHBECS00000005: 474699832-474699895, 474699987-474700333, 474700410-474700634, 474700714-474700926, 474701020-474701151, 474701260-474701400, 474701528-474701846, 474701941-474702281: -	Frame=0	OriID=Ebr05G064710.1	OriTrascriptID=Ebr05G064710.1	transl_table=1	OriGeneID=Ebr05G064710	OriSeqID=Chr05",593,593,1152,593x1152,float16,embeddings/f0102efde61a1b44bfc1636ffcf5571d5f680ae4d1f1155f9e7e685173b67994.pt,/data/jnz/esmc-600m/data/weights/esmc_600m_2024_12_v0.pth,ok,
79c36048ac244388f81e1d79d5b426995d528d35eca30814861a8e11c9e3a13e,,"GWHPBECS036574	mRNA=GWHTBECS036585	Gene=GWHGBECS036585	Position=GWHBECS00000005: 474789395-474789940, 474790037-474790384, 474790462-474790686, 474790767-474790979, 474791082-474791213, 474791312-474791452, 474791537-474791855, 474791951-474792228: -	Frame=0	OriID=Ebr05G064720.1	OriTrascriptID=Ebr05G064720.1	transl_table=1	OriGeneID=Ebr05G064720	OriSeqID=Chr05",733,733,1152,733x1152,float16,embeddings/79c36048ac244388f81e1d79d5b426995d528d35eca30814861a8e11c9e3a13e.pt,/data/jnz/esmc-600m/data/weights/esmc_600m_2024_12_v0.pth,ok,
7051e05a91c8548a89b9e3adaded0969fe79bc2a407d12a1c868192208df5267,,"GWHPBECS036575	mRNA=GWHTBECS036586	Gene=GWHGBECS036586	Position=GWHBECS00000005: 474902557-474903102, 474903189-474903536, 474903611-474903696, 474903727-474903835, 474903915-474904127, 474904228-474904359, 474904468-474904608, 474904736-474905042, 474905147-474905424: -	Frame=0	OriID=Ebr05G064730.1	OriTrascriptID=Ebr05G064730.1	transl_table=1	OriGeneID=Ebr05G064730	OriSeqID=Chr05",719,719,1152,719x1152,float16,embeddings/7051e05a91c8548a89b9e3adaded0969fe79bc2a407d12a1c868192208df5267.pt,/data/jnz/esmc-600m/data/weights/esmc_600m_2024_12_v0.pth,ok,
549e8e02e065599544e8a8517856493a2528bd4f557ac252f6d646100bb06925,,"GWHPBECS036576	mRNA=GWHTBECS036587	Gene=GWHGBECS036587	Position=GWHBECS00000005: 474953305-474953850, 474953937-474954284, 474954359-474954444, 474954475-474954583, 474954661-474954753, 474954794-474954871, 474954971-474955102, 474955211-474955351, 474955479-474955785, 474955890-474956167: -	Frame=0	OriID=Ebr05G064740.1	OriTrascriptID=Ebr05G064740.1	transl_table=1	OriGeneID=Ebr05G064740	OriSeqID=Chr05",705,705,1152,705x1152,float16,embeddings/549e8e02e065599544e8a8517856493a2528bd4f557ac252f6d646100bb06925.pt,/data/jnz/esmc-600m/data/weights/esmc_600m_2024_12_v0.pth,ok,
1fdbf9bd292bebf6eae0779d5bc521cfee56d8f6a6c6c665e26abc6c401b6a7c,,"GWHPBECS036624	mRNA=GWHTBECS036635	Gene=GWHGBECS036635	Position=GWHBECS00000005: 477617578-477618123, 477618213-477618560, 477618641-477618865, 477618950-477619162, 477619248-477619379, 477619486-477619626, 477619730-477620051, 477620137-477620441, 477645563-477645736: -	Frame=0	OriID=Ebr05G065220.1	OriTrascriptID=Ebr05G065220.1	transl_table=1	OriGeneID=Ebr05G065220	OriSeqID=Chr05",801,801,1152,801x1152,float16,embeddings/1fdbf9bd292bebf6eae0779d5bc521cfee56d8f6a6c6c665e26abc6c401b6a7c.pt,/data/jnz/esmc-600m/data/weights/esmc_600m_2024_12_v0.pth,ok,
13a726eaab403038c03c1c25293be488cdcf4a26b0a530e102fd497c2c105c29,,"GWHPBECS036889	mRNA=GWHTBECS036900	Gene=GWHGBECS036900	Position=GWHBECS00000006: 6750625-6750676, 6750742-6750789, 6750891-6750946, 6751066-6751133, 6751321-6751382, 6762878-6762926, 6779564-6779645, 6781292-6781369, 6812082-6812140, 6829612-6829690, 6829770-6830021: -	Frame=0	OriID=Ebr06G000480.1	OriTrascriptID=Ebr06G000480.1	transl_table=1	OriGeneID=Ebr06G000480	OriSeqID=Chr06",294,294,1152,294x1152,float16,embeddings/13a726eaab403038c03c1c25293be488cdcf4a26b0a530e102fd497c2c105c29.pt,/data/jnz/esmc-600m/data/weights/esmc_600m_2024_12_v0.pth,ok,
28c8809ef27cd59999f7ea2822bbce95e3c4dced69570cf84d88081c90da3d23,,"GWHPBECS036928	mRNA=GWHTBECS036939	Gene=GWHGBECS036939	Position=GWHBECS00000006: 8879922-8880131, 8888091-8888288, 8888369-8888596, 8889086-8889356, 8896402-8896605, 8896694-8896782, 8896935-8897005, 8897225-8897306, 8897415-8897477, 8916347-8916472: -	Frame=0	OriID=Ebr06G000870.1	OriTrascriptID=Ebr06G000870.1	transl_table=1	OriGeneID=Ebr06G000870	OriSeqID=Chr06",513,513,1152,513x1152,float16,embeddings/28c8809ef27cd59999f7ea2822bbce95e3c4dced69570cf84d88081c90da3d23.pt,/data/jnz/esmc-600m/data/weights/esmc_600m_2024_12_v0.pth,ok,
187541bed273333581b7ab01000a91ab7df6be1ea8b66106f2e3a4221872e969,,GWHPBECS037039	mRNA=GWHTBECS037050	Gene=GWHGBECS037050	Position=GWHBECS00000006: 14943296-14944642: +	Frame=0	OriID=Ebr06G001980.1	OriTrascriptID=Ebr06G001980.1	transl_table=1	OriGeneID=Ebr06G001980	OriSeqID=Chr06,448,448,1152,448x1152,float16,embeddings/187541bed273333581b7ab01000a91ab7df6be1ea8b66106f2e3a4221872e969.pt,/data/jnz/esmc-600m/data/weights/esmc_600m_2024_12_v0.pth,ok,
e2287aef142ae0f8e8c99084672bd4fbadb0e0d7b2e10a3cde9b807cd34b9bee,,GWHPBECS037040	mRNA=GWHTBECS037051	Gene=GWHGBECS037051	Position=GWHBECS00000006: 15016476-15018023: -	Frame=0	OriID=Ebr06G001990.1	OriTrascriptID=Ebr06G001990.1	transl_table=1	OriGeneID=Ebr06G001990	OriSeqID=Chr06,515,515,1152,515x1152,float16,embeddings/e2287aef142ae0f8e8c99084672bd4fbadb0e0d7b2e10a3cde9b807cd34b9bee.pt,/data/jnz/esmc-600m/data/weights/esmc_600m_2024_12_v0.pth,ok,
bd86bef6a6100f0b3bafd7d3d9f12c62e5ebfa9ead80c5a58b8ba495d59f5cb0,,GWHPBECS037043	mRNA=GWHTBECS037054	Gene=GWHGBECS037054	Position=GWHBECS00000006: 15094612-15096228: +	Frame=0	OriID=Ebr06G002020.1	OriTrascriptID=Ebr06G002020.1	transl_table=1	OriGeneID=Ebr06G002020	OriSeqID=Chr06,538,538,1152,538x1152,float16,embeddings/bd86bef6a6100f0b3bafd7d3d9f12c62e5ebfa9ead80c5a58b8ba495d59f5cb0.pt,/data/jnz/esmc-600m/data/weights/esmc_600m_2024_12_v0.pth,ok,
21abbd4439c05e8f9a270647382f2a7634c5cd8fab4cfd77368681ec520e71dc,,GWHPBECS037044	mRNA=GWHTBECS037055	Gene=GWHGBECS037055	Position=GWHBECS00000006: 15115896-15117461: +	Frame=0	OriID=Ebr06G002030.1	OriTrascriptID=Ebr06G002030.1	transl_table=1	OriGeneID=Ebr06G002030	OriSeqID=Chr06,521,521,1152,521x1152,float16,embeddings/21abbd4439c05e8f9a270647382f2a7634c5cd8fab4cfd77368681ec520e71dc.pt,/data/jnz/esmc-600m/data/weights/esmc_600m_2024_12_v0.pth,ok,
5f81d654f3cfbc909a5c759761bc788f438084506635a1104e188c151cfe3721,,"GWHPBECS037045	mRNA=GWHTBECS037056	Gene=GWHGBECS037056	Position=GWHBECS00000006: 15118329-15118404, 15118938-15118988, 15119018-15120495: +	Frame=0	OriID=Ebr06G002040.1	OriTrascriptID=Ebr06G002040.1	transl_table=1	OriGeneID=Ebr06G002040	OriSeqID=Chr06",534,534,1152,534x1152,float16,embeddings/5f81d654f3cfbc909a5c759761bc788f438084506635a1104e188c151cfe3721.pt,/data/jnz/esmc-600m/data/weights/esmc_600m_2024_12_v0.pth,ok,
e72f426f664f5f3e1f356293a83187b8afd81045410750e0a1c1502c8108b2a7,,"GWHPBECS037046	mRNA=GWHTBECS037057	Gene=GWHGBECS037057	Position=GWHBECS00000006: 15132278-15132815, 15132855-15133798: -	Frame=0	OriID=Ebr06G002050.1	OriTrascriptID=Ebr06G002050.1	transl_table=1	OriGeneID=Ebr06G002050	OriSeqID=Chr06",493,493,1152,493x1152,float16,embeddings/e72f426f664f5f3e1f356293a83187b8afd81045410750e0a1c1502c8108b2a7.pt,/data/jnz/esmc-600m/data/weights/esmc_600m_2024_12_v0.pth,ok,
c82718815de456c825a5cdf8bcd558a97b3be153f747b4e8c2168fe1c2148027,,GWHPBECS037048	mRNA=GWHTBECS037059	Gene=GWHGBECS037059	Position=GWHBECS00000006: 15171164-15172783: +	Frame=0	OriID=Ebr06G002070.1	OriTrascriptID=Ebr06G002070.1	transl_table=1	OriGeneID=Ebr06G002070	OriSeqID=Chr06,539,539,1152,539x1152,float16,embeddings/c82718815de456c825a5cdf8bcd558a97b3be153f747b4e8c2168fe1c2148027.pt,/data/jnz/esmc-600m/data/weights/esmc_600m_2024_12_v0.pth,ok,
44ab6931aa01ea1f3ada40692dbb4e521e53542796a16321de61ee1e5e469478,,GWHPBECS037049	mRNA=GWHTBECS037060	Gene=GWHGBECS037060	Position=GWHBECS00000006: 15178316-15179812: +	Frame=0	OriID=Ebr06G002080.1	OriTrascriptID=Ebr06G002080.1	transl_table=1	OriGeneID=Ebr06G002080	OriSeqID=Chr06,498,498,1152,498x1152,float16,embeddings/44ab6931aa01ea1f3ada40692dbb4e521e53542796a16321de61ee1e5e469478.pt,/data/jnz/esmc-600m/data/weights/esmc_600m_2024_12_v0.pth,ok,
711eea71f5a067af5ff1138743b3474bcec4bd1e07ec7eec0de68bb77dfa2aa3,,GWHPBECS037050	mRNA=GWHTBECS037061	Gene=GWHGBECS037061	Position=GWHBECS00000006: 15187648-15189279: +	Frame=0	OriID=Ebr06G002090.1	OriTrascriptID=Ebr06G002090.1	transl_table=1	OriGeneID=Ebr06G002090	OriSeqID=Chr06,543,543,1152,543x1152,float16,embeddings/711eea71f5a067af5ff1138743b3474bcec4bd1e07ec7eec0de68bb77dfa2aa3.pt,/data/jnz/esmc-600m/data/weights/esmc_600m_2024_12_v0.pth,ok,
cff99137f4a0f391d0e3ca8c858012fd97c9c0efb885ba9cc42e913c3dba762b,,GWHPBECS037051	mRNA=GWHTBECS037062	Gene=GWHGBECS037062	Position=GWHBECS00000006: 15189957-15191528: +	Frame=0	OriID=Ebr06G002100.1	OriTrascriptID=Ebr06G002100.1	transl_table=1	OriGeneID=Ebr06G002100	OriSeqID=Chr06,523,523,1152,523x1152,float16,embeddings/cff99137f4a0f391d0e3ca8c858012fd97c9c0efb885ba9cc42e913c3dba762b.pt,/data/jnz/esmc-600m/data/weights/esmc_600m_2024_12_v0.pth,ok,
5ffcaf3d1a9c070809c5764b52fe0e6e44386f45131bacabf60674dbe35fbb61,,"GWHPBECS037086	mRNA=GWHTBECS037097	Gene=GWHGBECS037097	Position=GWHBECS00000006: 17200704-17200963, 17201050-17201192, 17201787-17201991, 17202082-17202219, 17202422-17202695, 17213996-17214329, 17234604-17234692, 17234781-17234870: -	Frame=0	OriID=Ebr06G002450.1	OriTrascriptID=Ebr06G002450.1	transl_table=1	OriGeneID=Ebr06G002450	OriSeqID=Chr06",510,510,1152,510x1152,float16,embeddings/5ffcaf3d1a9c070809c5764b52fe0e6e44386f45131bacabf60674dbe35fbb61.pt,/data/jnz/esmc-600m/data/weights/esmc_600m_2024_12_v0.pth,ok,
ebedc19be67afd5835875a1fd9465c64020ba76ad4e12d0aaea965d4af0bef0c,,"GWHPBECS037095	mRNA=GWHTBECS037106	Gene=GWHGBECS037106	Position=GWHBECS00000006: 17701066-17701155, 17701243-17701331, 17706519-17706856, 17747399-17747603, 17748198-17748340, 17748438-17748685: +	Frame=0	OriID=Ebr06G002540.1	OriTrascriptID=Ebr06G002540.1	transl_table=1	OriGeneID=Ebr06G002540	OriSeqID=Chr06",370,370,1152,370x1152,float16,embeddings/ebedc19be67afd5835875a1fd9465c64020ba76ad4e12d0aaea965d4af0bef0c.pt,/data/jnz/esmc-600m/data/weights/esmc_600m_2024_12_v0.pth,ok,
bc0fb546f7179641a3f05353ba5204b3342b2fd9a47bab2ad3e372aa5b0b29b2,,"GWHPBECS037130	mRNA=GWHTBECS037141	Gene=GWHGBECS037141	Position=GWHBECS00000006: 19492052-19492566, 19516607-19516723, 19519157-19519232, 19522972-19523244: -	Frame=0	OriID=Ebr06G002890.1	OriTrascriptID=Ebr06G002890.1	transl_table=1	OriGeneID=Ebr06G002890	OriSeqID=Chr06",326,326,1152,326x1152,float16,embeddings/bc0fb546f7179641a3f05353ba5204b3342b2fd9a47bab2ad3e372aa5b0b29b2.pt,/data/jnz/esmc-600m/data/weights/esmc_600m_2024_12_v0.pth,ok,
b66a0d2079e5c30debfacc59d05e5837b903e8c780ff9cc43b9a919cb6033f45,,GWHPBECS037131	mRNA=GWHTBECS037142	Gene=GWHGBECS037142	Position=GWHBECS00000006: 19552765-19553373: -	Frame=0	OriID=Ebr06G002900.1	OriTrascriptID=Ebr06G002900.1	transl_table=1	OriGeneID=Ebr06G002900	OriSeqID=Chr06,202,202,1152,202x1152,float16,embeddings/b66a0d2079e5c30debfacc59d05e5837b903e8c780ff9cc43b9a919cb6033f45.pt,/data/jnz/esmc-600m/data/weights/esmc_600m_2024_12_v0.pth,ok,
4e643d7dca9b55f003f240ad1626591a2c8b9e8c34d5d2333c3bb786a30a4dd6,,"GWHPBECS037149	mRNA=GWHTBECS037160	Gene=GWHGBECS037160	Position=GWHBECS00000006: 20183468-20184026, 20242592-20243106: +	Frame=0	OriID=Ebr06G003080.1	OriTrascriptID=Ebr06G003080.1	transl_table=1	OriGeneID=Ebr06G003080	OriSeqID=Chr06",357,357,1152,357x1152,float16,embeddings/4e643d7dca9b55f003f240ad1626591a2c8b9e8c34d5d2333c3bb786a30a4dd6.pt,/data/jnz/esmc-600m/data/weights/esmc_600m_2024_12_v0.pth,ok,
0a5039e12420dd6fc9ab6621eabdd91868b316d2d34ee2021d13fff0a87d055e,,"GWHPBECS037160	mRNA=GWHTBECS037171	Gene=GWHGBECS037171	Position=GWHBECS00000006: 20911508-20911860, 20924123-20924210, 20933592-20933683, 20933769-20933887, 20940927-20941042, 20941131-20941258, 20941405-20941491, 20942935-20942995, 20943139-20943179, 20943288-20943408, 20943507-20943566: +	Frame=0	OriID=Ebr06G003190.1	OriTrascriptID=Ebr06G003190.1	transl_table=1	OriGeneID=Ebr06G003190	OriSeqID=Chr06",421,421,1152,421x1152,float16,embeddings/0a5039e12420dd6fc9ab6621eabdd91868b316d2d34ee2021d13fff0a87d055e.pt,/data/jnz/esmc-600m/data/weights/esmc_600m_2024_12_v0.pth,ok,
655064aeacf3d12d8f8c77286f3ecb13f5a34b1d4eedeb6907f13ae0deb9669d,,"GWHPBECS037188	mRNA=GWHTBECS037199	Gene=GWHGBECS037199	Position=GWHBECS00000006: 22454593-22455095, 22455128-22455272, 22469855-22470203, 22488402-22488526, 22488777-22489103: -	Frame=0	OriID=Ebr06G003470.1	OriTrascriptID=Ebr06G003470.1	transl_table=1	OriGeneID=Ebr06G003470	OriSeqID=Chr06",482,482,1152,482x1152,float16,embeddings/655064aeacf3d12d8f8c77286f3ecb13f5a34b1d4eedeb6907f13ae0deb9669d.pt,/data/jnz/esmc-600m/data/weights/esmc_600m_2024_12_v0.pth,ok,
29ac0dd41284d7d975a87c0aa60f56388c2b835d0537e1187fb020a0601ae9da,,"GWHPBECS037193	mRNA=GWHTBECS037204	Gene=GWHGBECS037204	Position=GWHBECS00000006: 22824991-22825671, 22840287-22840635, 22861081-22861205, 22861325-22861737, 22863512-22863611, 22864243-22864254: -	Frame=0	OriID=Ebr06G003520.1	OriTrascriptID=Ebr06G003520.1	transl_table=1	OriGeneID=Ebr06G003520	OriSeqID=Chr06",559,559,1152,559x1152,float16,embeddings/29ac0dd41284d7d975a87c0aa60f56388c2b835d0537e1187fb020a0601ae9da.pt,/data/jnz/esmc-600m/data/weights/esmc_600m_2024_12_v0.pth,ok,
da4db9cf2415af77b8926340e1aabaeeee0d25493148e895dfcc90d957bbed7f,,"GWHPBECS037263	mRNA=GWHTBECS037274	Gene=GWHGBECS037274	Position=GWHBECS00000006: 27308195-27308352, 27316687-27316814, 27316916-27316988, 27317019-27317196, 27317233-27317340: -	Frame=0	OriID=Ebr06G004220.1	OriTrascriptID=Ebr06G004220.1	transl_table=1	OriGeneID=Ebr06G004220	OriSeqID=Chr06",214,214,1152,214x1152,float16,embeddings/da4db9cf2415af77b8926340e1aabaeeee0d25493148e895dfcc90d957bbed7f.pt,/data/jnz/esmc-600m/data/weights/esmc_600m_2024_12_v0.pth,ok,
8f866f3c7afa3f13bb4061ce5fea263e89a0ef5efe11696af02e7ecde3dadd38,,"GWHPBECS037281	mRNA=GWHTBECS037293	Gene=GWHGBECS037293	Position=GWHBECS00000006: 28197332-28197466, 28197829-28197852, 28198358-28198954: +	Frame=0	OriID=Ebr06G004410.1	OriTrascriptID=Ebr06G004410.1	transl_table=1	OriGeneID=Ebr06G004410	OriSeqID=Chr06",251,251,1152,251x1152,float16,embeddings/8f866f3c7afa3f13bb4061ce5fea263e89a0ef5efe11696af02e7ecde3dadd38.pt,/data/jnz/esmc-600m/data/weights/esmc_600m_2024_12_v0.pth,ok,
351cc480e9c8bd0a0f1aa433fdd0e80f4f3b0e6fca931df40e4cff5ab8b3602b,,"GWHPBECS037338	mRNA=GWHTBECS037350	Gene=GWHGBECS037350	Position=GWHBECS00000006: 33238000-33239141, 33239368-33239439, 33240090-33240231: -	Frame=0	OriID=Ebr06G004980.1	OriTrascriptID=Ebr06G004980.1	transl_table=1	OriGeneID=Ebr06G004980	OriSeqID=Chr06",451,451,1152,451x1152,float16,embeddings/351cc480e9c8bd0a0f1aa433fdd0e80f4f3b0e6fca931df40e4cff5ab8b3602b.pt,/data/jnz/esmc-600m/data/weights/esmc_600m_2024_12_v0.pth,ok,
7cbee867d26f2f3431e85518c97d4624d0b54833065f0bb759cd7e97368b0781,,"GWHPBECS037604	mRNA=GWHTBECS037616	Gene=GWHGBECS037616	Position=GWHBECS00000006: 52779199-52779396, 52779432-52779687, 52779723-52779838, 52779872-52780498: +	Frame=0	OriID=Ebr06G007640.1	OriTrascriptID=Ebr06G007640.1	transl_table=1	OriGeneID=Ebr06G007640	OriSeqID=Chr06",398,398,1152,398x1152,float16,embeddings/7cbee867d26f2f3431e85518c97d4624d0b54833065f0bb759cd7e97368b0781.pt,/data/jnz/esmc-600m/data/weights/esmc_600m_2024_12_v0.pth,ok,
a776c9646f4358ae9798cd056af35683955b088da0f4deee72964b6c606fc454,,"GWHPBECS037684	mRNA=GWHTBECS037696	Gene=GWHGBECS037696	Position=GWHBECS00000006: 59540111-59540309, 59540395-59540495, 59540750-59540967, 59541371-59541731: +	Frame=0	OriID=Ebr06G008440.1	OriTrascriptID=Ebr06G008440.1	transl_table=1	OriGeneID=Ebr06G008440	OriSeqID=Chr06",292,292,1152,292x1152,float16,embeddings/a776c9646f4358ae9798cd056af35683955b088da0f4deee72964b6c606fc454.pt,/data/jnz/esmc-600m/data/weights/esmc_600m_2024_12_v0.pth,ok,
8910a1742e53935ca7a743b0650beee27f4731344c682fe98c0c45fc2524b415,,"GWHPBECS037874	mRNA=GWHTBECS037886	Gene=GWHGBECS037886	Position=GWHBECS00000006: 71406610-71406837, 71406931-71407031, 71407064-71407187: -	Frame=0	OriID=Ebr06G010340.1	OriTrascriptID=Ebr06G010340.1	transl_table=1	OriGeneID=Ebr06G010340	OriSeqID=Chr06",150,150,1152,150x1152,float16,embeddings/8910a1742e53935ca7a743b0650beee27f4731344c682fe98c0c45fc2524b415.pt,/data/jnz/esmc-600m/data/weights/esmc_600m_2024_12_v0.pth,ok,
cf5d95452defb68abace996f6bfe559830a4a86f44f97cedcb57064196df780f,,"GWHPBECS038279	mRNA=GWHTBECS038291	Gene=GWHGBECS038291	Position=GWHBECS00000006: 100590997-100591581, 100591664-100592014, 100603425-100603627, 100604276-100604537, 100604824-100605036, 100605121-100605246, 100605591-100605728, 100605857-100606202, 100606328-100606594, 100606995-100607172, 100607271-100607388, 100607480-100607700, 100608026-100608221, 100608301-100608324: -	Frame=0	OriID=Ebr06G014390.1	OriTrascriptID=Ebr06G014390.1	transl_table=1	OriGeneID=Ebr06G014390	OriSeqID=Chr06",1075,1075,1152,1075x1152,float16,embeddings/cf5d95452defb68abace996f6bfe559830a4a86f44f97cedcb57064196df780f.pt,/data/jnz/esmc-600m/data/weights/esmc_600m_2024_12_v0.pth,ok,
9b79344b27dffb831ca1ed0e93d0adac34508813820e8c2a19d685246b682ed2,,GWHPBECS038290	mRNA=GWHTBECS038302	Gene=GWHGBECS038302	Position=GWHBECS00000006: 101817908-101819227: -	Frame=0	OriID=Ebr06G014500.1	OriTrascriptID=Ebr06G014500.1	transl_table=1	OriGeneID=Ebr06G014500	OriSeqID=Chr06,439,439,1152,439x1152,float16,embeddings/9b79344b27dffb831ca1ed0e93d0adac34508813820e8c2a19d685246b682ed2.pt,/data/jnz/esmc-600m/data/weights/esmc_600m_2024_12_v0.pth,ok,
51aee116d8208e8b73700fbfa928573bddb3e3985af3a59f459c424d4a17ab40,,"GWHPBECS038317	mRNA=GWHTBECS038329	Gene=GWHGBECS038329	Position=GWHBECS00000006: 104142656-104142723, 104142940-104143034, 104143798-104144822: +	Frame=0	OriID=Ebr06G014770.1	OriTrascriptID=Ebr06G014770.1	transl_table=1	OriGeneID=Ebr06G014770	OriSeqID=Chr06",395,395,1152,395x1152,float16,embeddings/51aee116d8208e8b73700fbfa928573bddb3e3985af3a59f459c424d4a17ab40.pt,/data/jnz/esmc-600m/data/weights/esmc_600m_2024_12_v0.pth,ok,
acea6278a4609ef87027657b2a380833b1696f4a9176cf7c564281bc9d6ab7b6,,"GWHPBECS038323	mRNA=GWHTBECS038335	Gene=GWHGBECS038335	Position=GWHBECS00000006: 104496043-104496408, 104500327-104500473, 104500901-104500965, 104533403-104533472, 104535852-104536070, 104548877-104549020, 104549174-104549309, 104552930-104553159: +	Frame=0	OriID=Ebr06G014830.1	OriTrascriptID=Ebr06G014830.1	transl_table=1	OriGeneID=Ebr06G014830	OriSeqID=Chr06",458,458,1152,458x1152,float16,embeddings/acea6278a4609ef87027657b2a380833b1696f4a9176cf7c564281bc9d6ab7b6.pt,/data/jnz/esmc-600m/data/weights/esmc_600m_2024_12_v0.pth,ok,
1a60b699ef5667ea82ab9bd4de6b1a2f2ceeb4d43b843df1dad39f91bf24ba88,,"GWHPBECS038391	mRNA=GWHTBECS038403	Gene=GWHGBECS038403	Position=GWHBECS00000006: 110682408-110682605, 110704187-110704265, 110704453-110704520, 110726822-110726910, 110727005-110727182, 110727311-110727439, 110729477-110729613, 110742345-110742558, 110742665-110742849, 110759633-110759728, 110777968-110778097: +	Frame=0	OriID=Ebr06G015510.1	OriTrascriptID=Ebr06G015510.1	transl_table=1	OriGeneID=Ebr06G015510	OriSeqID=Chr06",500,500,1152,500x1152,float16,embeddings/1a60b699ef5667ea82ab9bd4de6b1a2f2ceeb4d43b843df1dad39f91bf24ba88.pt,/data/jnz/esmc-600m/data/weights/esmc_600m_2024_12_v0.pth,ok,
3e73eed746269611c9a5a66c6b7971c36a118ea8e1d6a7a970216fd6b29dcfef,,"GWHPBECS038441	mRNA=GWHTBECS038453	Gene=GWHGBECS038453	Position=GWHBECS00000006: 115203584-115203785, 115204475-115204546, 115222721-115222972, 115225718-115226080, 115226123-115226379, 115226584-115226818, 115227450-115227502, 115227852-115228017, 115229850-115229914, 115231145-115231230, 115231566-115231644, 115232001-115232039: -	Frame=0	OriID=Ebr06G016010.1	OriTrascriptID=Ebr06G016010.1	transl_table=1	OriGeneID=Ebr06G016010	OriSeqID=Chr06",622,622,1152,622x1152,float16,embeddings/3e73eed746269611c9a5a66c6b7971c36a118ea8e1d6a7a970216fd6b29dcfef.pt,/data/jnz/esmc-600m/data/weights/esmc_600m_2024_12_v0.pth,ok,
851e88fc946d78da19eb893d347004696e1105f321fa0582747f84717444556d,,GWHPBECS038612	mRNA=GWHTBECS038625	Gene=GWHGBECS038625	Position=GWHBECS00000006: 134133650-134135398: +	Frame=0	OriID=Ebr06G017730.1	OriTrascriptID=Ebr06G017730.1	transl_table=1	OriGeneID=Ebr06G017730	OriSeqID=Chr06,582,582,1152,582x1152,float16,embeddings/851e88fc946d78da19eb893d347004696e1105f321fa0582747f84717444556d.pt,/data/jnz/esmc-600m/data/weights/esmc_600m_2024_12_v0.pth,ok,
295e1b9c9c6e54c5729cfe3c3175983a1549e748a3979a93d65c2ba2d7664354,,"GWHPBECS038628	mRNA=GWHTBECS038641	Gene=GWHGBECS038641	Position=GWHBECS00000006: 135777462-135777518, 135778417-135778545, 135779004-135779147, 135779234-135779379, 135779459-135779615, 135779948-135780006, 135780085-135780244, 135780515-135780664, 135780747-135780883, 135780983-135781129, 135798129-135798230, 135798328-135798385, 135798471-135798572, 135798653-135798690, 135799037-135799140, 135799219-135799424, 135799500-135799631, 135799730-135799836, 135804899-135804959, 135805048-135805225, 135805326-135805531, 135805621-135805740, 135805869-135805967, 135806197-135806412, 135806554-135806693, 135806791-135806892, 135816570-135816684, 135816764-135816847, 135816953-135817012, 135817137-135817310, 135817557-135817712, 135817803-135818006, 135818097-135818246, 135818338-135818408, 135818547-135818646, 135818727-135818783, 135818871-135818927, 135819039-135819119, 135819449-135819531, 135819619-135819751: +	Frame=0	OriID=Ebr06G017890.1	OriTrascriptID=Ebr06G017890.1	transl_table=1	OriGeneID=Ebr06G017890	OriSeqID=Chr06",1593,1593,1152,1593x1152,float16,embeddings/295e1b9c9c6e54c5729cfe3c3175983a1549e748a3979a93d65c2ba2d7664354.pt,/data/jnz/esmc-600m/data/weights/esmc_600m_2024_12_v0.pth,ok,
9d80c66df5747fe686822887e492ca8e8e2ecf25c997cbd1b068af316a6bfde4,,"GWHPBECS038632	mRNA=GWHTBECS038645	Gene=GWHGBECS038645	Position=GWHBECS00000006: 136039198-136039203, 136040331-136040459, 136040920-136041063, 136041150-136041295, 136041375-136041531, 136041856-136041914, 136041993-136042152, 136042423-136042572, 136042655-136042791, 136042891-136043037, 136060481-136060582, 136060680-136060737, 136060823-136060924, 136061005-136061042, 136061390-136061516, 136061609-136061779, 136061855-136061986, 136062085-136062191, 136063049-136063109, 136063198-136063375, 136063477-136063682, 136063772-136063891, 136064020-136064118, 136064348-136064563, 136064705-136064844, 136064942-136065043, 136075861-136075975, 136076055-136076138, 136076244-136076303, 136076428-136076601, 136076848-136077003, 136077094-136077297, 136077388-136077537, 136077629-136077699, 136077846-136077945, 136078026-136078082, 136078170-136078226, 136078338-136078418, 136078748-136078830, 136078914-136079046: +	Frame=0	OriID=Ebr06G017930.1	OriTrascriptID=Ebr06G017930.1	transl_table=1	OriGeneID=Ebr06G017930	OriSeqID=Chr06",1572,1572,1152,1572x1152,float16,embeddings/9d80c66df5747fe686822887e492ca8e8e2ecf25c997cbd1b068af316a6bfde4.pt,/data/jnz/esmc-600m/data/weights/esmc_600m_2024_12_v0.pth,ok,
a10ef04d6e99628ce4faacfd3b17bf9b8f06701e8ab4c7c58a69ff56a6978b44,,"GWHPBECS038705	mRNA=GWHTBECS038718	Gene=GWHGBECS038718	Position=GWHBECS00000006: 141367118-141367280, 141367347-141367429, 141367542-141367580, 141381116-141381173, 141381329-141381378, 141381514-141381818, 141414174-141414531, 141414622-141415164, 141415809-141416087: +	Frame=0	OriID=Ebr06G018660.1	OriTrascriptID=Ebr06G018660.1	transl_table=1	OriGeneID=Ebr06G018660	OriSeqID=Chr06",625,625,1152,625x1152,float16,embeddings/a10ef04d6e99628ce4faacfd3b17bf9b8f06701e8ab4c7c58a69ff56a6978b44.pt,/data/jnz/esmc-600m/data/weights/esmc_600m_2024_12_v0.pth,ok,
5f39f02822a9daa07b9c0f1571a233a2a6f9e898ebc0bf7c7d775a83eb55e4d4,,"GWHPBECS038717	mRNA=GWHTBECS038730	Gene=GWHGBECS038730	Position=GWHBECS00000006: 142738072-142739814, 142739846-142741303: +	Frame=0	OriID=Ebr06G018780.1	OriTrascriptID=Ebr06G018780.1	transl_table=1	OriGeneID=Ebr06G018780	OriSeqID=Chr06",1066,1066,1152,1066x1152,float16,embeddings/5f39f02822a9daa07b9c0f1571a233a2a6f9e898ebc0bf7c7d775a83eb55e4d4.pt,/data/jnz/esmc-600m/data/weights/esmc_600m_2024_12_v0.pth,ok,
ed542ffd445a8fcb94de22bb495d72575b14db1607a0ebac72177ddaae574732,,GWHPBECS038747	mRNA=GWHTBECS038760	Gene=GWHGBECS038760	Position=GWHBECS00000006: 145128639-145129319: +	Frame=0	OriID=Ebr06G019080.1	OriTrascriptID=Ebr06G019080.1	transl_table=1	OriGeneID=Ebr06G019080	OriSeqID=Chr06,226,226,1152,226x1152,float16,embeddings/ed542ffd445a8fcb94de22bb495d72575b14db1607a0ebac72177ddaae574732.pt,/data/jnz/esmc-600m/data/weights/esmc_600m_2024_12_v0.pth,ok,
00f70ae930481cb88f52ec29def931d6ea8e7365f2ac0d0ebbbbaa3203e8af0e,,"GWHPBECS039010	mRNA=GWHTBECS039023	Gene=GWHGBECS039023	Position=GWHBECS00000006: 165837798-165838340, 165838410-165838757, 165838852-165839079, 165839158-165839370, 165839585-165839716, 165839797-165839937, 165840021-165840339, 165841136-165841473, 165852057-165852212: -	Frame=0	OriID=Ebr06G021710.1	OriTrascriptID=Ebr06G021710.1	transl_table=1	OriGeneID=Ebr06G021710	OriSeqID=Chr06",805,805,1152,805x1152,float16,embeddings/00f70ae930481cb88f52ec29def931d6ea8e7365f2ac0d0ebbbbaa3203e8af0e.pt,/data/jnz/esmc-600m/data/weights/esmc_600m_2024_12_v0.pth,ok,
2c23cf1545aea7c3c060430305e0007e81ac4b079bbfffccb0f12f788b91567d,,"GWHPBECS039078	mRNA=GWHTBECS039091	Gene=GWHGBECS039091	Position=GWHBECS00000006: 172965167-172965419, 172984064-172984221, 172984336-172984540, 172985007-172985296, 172985439-172985601, 173023233-173023321, 173023455-173023522, 173034355-173034679: -	Frame=0	OriID=Ebr06G022390.1	OriTrascriptID=Ebr06G022390.1	transl_table=1	OriGeneID=Ebr06G022390	OriSeqID=Chr06",516,516,1152,516x1152,float16,embeddings/2c23cf1545aea7c3c060430305e0007e81ac4b079bbfffccb0f12f788b91567d.pt,/data/jnz/esmc-600m/data/weights/esmc_600m_2024_12_v0.pth,ok,
3b0c6eebb20062a7d102eecf80389644116d1f95a6dd5aa0e534c70ddd17067b,,"GWHPBECS039128	mRNA=GWHTBECS039141	Gene=GWHGBECS039141	Position=GWHBECS00000006: 177394716-177394811, 177394922-177395184, 177395214-177395430, 177395493-177395807, 177399781-177400216, 177402712-177403056, 177403255-177403471, 177403588-177403732: +	Frame=0	OriID=Ebr06G022890.1	OriTrascriptID=Ebr06G022890.1	transl_table=1	OriGeneID=Ebr06G022890	OriSeqID=Chr06",677,677,1152,677x1152,float16,embeddings/3b0c6eebb20062a7d102eecf80389644116d1f95a6dd5aa0e534c70ddd17067b.pt,/data/jnz/esmc-600m/data/weights/esmc_600m_2024_12_v0.pth,ok,
5cb19491a76e5c024f94ebc7498bb7bf9f9495558849a4ba624bc34e21a0f437,,"GWHPBECS039178	mRNA=GWHTBECS039191	Gene=GWHGBECS039191	Position=GWHBECS00000006: 182947772-182948176, 182948208-182948585, 182948688-182949013, 182949049-182949758, 182949852-182949960, 182950001-182950622, 182951680-182951766, 182951797-182951931, 182952592-182952963, 182953191-182953346, 182953377-182953487: +	Frame=0	OriID=Ebr06G023390.1	OriTrascriptID=Ebr06G023390.1	transl_table=1	OriGeneID=Ebr06G023390	OriSeqID=Chr06",1136,1136,1152,1136x1152,float16,embeddings/5cb19491a76e5c024f94ebc7498bb7bf9f9495558849a4ba624bc34e21a0f437.pt,/data/jnz/esmc-600m/data/weights/esmc_600m_2024_12_v0.pth,ok,
4c55561b30a2e65d25c30583ba0e01a3421b78e98e5ed1ce3504551d9d8ec89c,,"GWHPBECS039251	mRNA=GWHTBECS039264	Gene=GWHGBECS039264	Position=GWHBECS00000006: 189687702-189687845, 189687948-189688064, 189712364-189712445, 189713021-189713088, 189725017-189725118, 189745231-189745338, 189745509-189745571, 189746281-189746397, 189746685-189747591, 189790660-189790929, 189791827-189791896, 189792314-189792524, 189816603-189816707, 189827003-189827074: -	Frame=0	OriID=Ebr06G024120.1	OriTrascriptID=Ebr06G024120.1	transl_table=1	OriGeneID=Ebr06G024120	OriSeqID=Chr06",811,811,1152,811x1152,float16,embeddings/4c55561b30a2e65d25c30583ba0e01a3421b78e98e5ed1ce3504551d9d8ec89c.pt,/data/jnz/esmc-600m/data/weights/esmc_600m_2024_12_v0.pth,ok,
0f30ee00d3a1fbffcb32530895524c1e761812df9bd7813796b1221212deb86f,,"GWHPBECS039309	mRNA=GWHTBECS039322	Gene=GWHGBECS039322	Position=GWHBECS00000006: 196349225-196349925, 196349949-196350324: -	Frame=0	OriID=Ebr06G024700.1	OriTrascriptID=Ebr06G024700.1	transl_table=1	OriGeneID=Ebr06G024700	OriSeqID=Chr06",358,358,1152,358x1152,float16,embeddings/0f30ee00d3a1fbffcb32530895524c1e761812df9bd7813796b1221212deb86f.pt,/data/jnz/esmc-600m/data/weights/esmc_600m_2024_12_v0.pth,ok,
efc74f77ca6ed745b18bddb9c15e519889afeed49bfc356f17813747ef57ded5,,"GWHPBECS039310	mRNA=GWHTBECS039323	Gene=GWHGBECS039323	Position=GWHBECS00000006: 196390235-196391130, 196391194-196391566: -	Frame=0	OriID=Ebr06G024710.1	OriTrascriptID=Ebr06G024710.1	transl_table=1	OriGeneID=Ebr06G024710	OriSeqID=Chr06",422,422,1152,422x1152,float16,embeddings/efc74f77ca6ed745b18bddb9c15e519889afeed49bfc356f17813747ef57ded5.pt,/data/jnz/esmc-600m/data/weights/esmc_600m_2024_12_v0.pth,ok,
626fc9374cf0f1e6dd6e6467f527854a4939e8d1b4079357203b647902f40db5,,"GWHPBECS039311	mRNA=GWHTBECS039324	Gene=GWHGBECS039324	Position=GWHBECS00000006: 196404242-196405137, 196417842-196418277: -	Frame=0	OriID=Ebr06G024720.1	OriTrascriptID=Ebr06G024720.1	transl_table=1	OriGeneID=Ebr06G024720	OriSeqID=Chr06",443,443,1152,443x1152,float16,embeddings/626fc9374cf0f1e6dd6e6467f527854a4939e8d1b4079357203b647902f40db5.pt,/data/jnz/esmc-600m/data/weights/esmc_600m_2024_12_v0.pth,ok,
44a3e420b1dd885163f35e80de75f61e0476b9759bd6b3b08ffb35cc942343cb,,"GWHPBECS039312	mRNA=GWHTBECS039325	Gene=GWHGBECS039325	Position=GWHBECS00000006: 196431183-196432078, 196446428-196446800: -	Frame=0	OriID=Ebr06G024730.1	OriTrascriptID=Ebr06G024730.1	transl_table=1	OriGeneID=Ebr06G024730	OriSeqID=Chr06",422,422,1152,422x1152,float16,embeddings/44a3e420b1dd885163f35e80de75f61e0476b9759bd6b3b08ffb35cc942343cb.pt,/data/jnz/esmc-600m/data/weights/esmc_600m_2024_12_v0.pth,ok,
c3849cc456be5c8266e314ffedf7e9c23270e041fe53b2d4bf2b1bdd577ce85a,,GWHPBECS039313	mRNA=GWHTBECS039326	Gene=GWHGBECS039326	Position=GWHBECS00000006: 196459862-196460962: -	Frame=0	OriID=Ebr06G024740.1	OriTrascriptID=Ebr06G024740.1	transl_table=1	OriGeneID=Ebr06G024740	OriSeqID=Chr06,366,366,1152,366x1152,float16,embeddings/c3849cc456be5c8266e314ffedf7e9c23270e041fe53b2d4bf2b1bdd577ce85a.pt,/data/jnz/esmc-600m/data/weights/esmc_600m_2024_12_v0.pth,ok,
9786c874fe29d5eac127a146cec0ca7b19886dc0561cb595a985287f7dd33c0f,,GWHPBECS039320	mRNA=GWHTBECS039333	Gene=GWHGBECS039333	Position=GWHBECS00000006: 197767518-197768579: +	Frame=0	OriID=Ebr06G024810.1	OriTrascriptID=Ebr06G024810.1	transl_table=1	OriGeneID=Ebr06G024810	OriSeqID=Chr06,353,353,1152,353x1152,float16,embeddings/9786c874fe29d5eac127a146cec0ca7b19886dc0561cb595a985287f7dd33c0f.pt,/data/jnz/esmc-600m/data/weights/esmc_600m_2024_12_v0.pth,ok,
31a8f04fd2870eff8ee5056feba57be9dbbc40dc77e64e659b1b832b92cd9b8c,,"GWHPBECS039321	mRNA=GWHTBECS039334	Gene=GWHGBECS039334	Position=GWHBECS00000006: 197785257-197785288, 197786901-197787034, 197787068-197787275, 197787350-197787587: +	Frame=0	OriID=Ebr06G024820.1	OriTrascriptID=Ebr06G024820.1	transl_table=1	OriGeneID=Ebr06G024820	OriSeqID=Chr06",203,203,1152,203x1152,float16,embeddings/31a8f04fd2870eff8ee5056feba57be9dbbc40dc77e64e659b1b832b92cd9b8c.pt,/data/jnz/esmc-600m/data/weights/esmc_600m_2024_12_v0.pth,ok,
28a247325a2a132a226f8f3f8383c1ea91b47e780cc92b17992bcc4f48b6adf0,,"GWHPBECS039326	mRNA=GWHTBECS039339	Gene=GWHGBECS039339	Position=GWHBECS00000006: 198402442-198402705, 198402750-198403541: -	Frame=0	OriID=Ebr06G024870.1	OriTrascriptID=Ebr06G024870.1	transl_table=1	OriGeneID=Ebr06G024870	OriSeqID=Chr06",351,351,1152,351x1152,float16,embeddings/28a247325a2a132a226f8f3f8383c1ea91b47e780cc92b17992bcc4f48b6adf0.pt,/data/jnz/esmc-600m/data/weights/esmc_600m_2024_12_v0.pth,ok,
e0e4fc7e4e60c52b59754aeec2575c70480541c210220e645726f03b14350bd4,,"GWHPBECS039371	mRNA=GWHTBECS039384	Gene=GWHGBECS039384	Position=GWHBECS00000006: 202920689-202920854, 202920964-202921072, 202921168-202921270, 202921365-202921396, 202921492-202921706, 202921841-202921956, 202922045-202922297, 202922388-202922475, 202922569-202922646, 202925251-202925322, 202926006-202926075, 202926153-202926305: -	Frame=0	OriID=Ebr06G025320.1	OriTrascriptID=Ebr06G025320.1	transl_table=1	OriGeneID=Ebr06G025320	OriSeqID=Chr06",484,484,1152,484x1152,float16,embeddings/e0e4fc7e4e60c52b59754aeec2575c70480541c210220e645726f03b14350bd4.pt,/data/jnz/esmc-600m/data/weights/esmc_600m_2024_12_v0.pth,ok,
1ac4760bd5a603c4cfd0039c6add7cf2ce8adcd6cf4cf7218d25b39eb715ea5e,,"GWHPBECS039373	mRNA=GWHTBECS039386	Gene=GWHGBECS039386	Position=GWHBECS00000006: 203053127-203053295, 203053410-203053518, 203053604-203053738, 203053837-203054051, 203054133-203054248, 203054370-203054622, 203054698-203054785, 203054863-203054940, 203055077-203055152, 203055244-203055302, 203055386-203055455, 203055538-203055749, 203069535-203069673: -	Frame=0	OriID=Ebr06G025340.1	OriTrascriptID=Ebr06G025340.1	transl_table=1	OriGeneID=Ebr06G025340	OriSeqID=Chr06",572,572,1152,572x1152,float16,embeddings/1ac4760bd5a603c4cfd0039c6add7cf2ce8adcd6cf4cf7218d25b39eb715ea5e.pt,/data/jnz/esmc-600m/data/weights/esmc_600m_2024_12_v0.pth,ok,
81ae53c206f1ea02de9febe9b8a1672f51f7e58264737213106f33b12f7ad4c7,,"GWHPBECS039374	mRNA=GWHTBECS039387	Gene=GWHGBECS039387	Position=GWHBECS00000006: 203362081-203362249, 203362399-203362507, 203362695-203362797, 203363525-203363550, 203363636-203363811, 203363851-203363966, 203364069-203364350: -	Frame=0	OriID=Ebr06G025350.1	OriTrascriptID=Ebr06G025350.1	transl_table=1	OriGeneID=Ebr06G025350	OriSeqID=Chr06",326,326,1152,326x1152,float16,embeddings/81ae53c206f1ea02de9febe9b8a1672f51f7e58264737213106f33b12f7ad4c7.pt,/data/jnz/esmc-600m/data/weights/esmc_600m_2024_12_v0.pth,ok,
32aac970a402ff25fc326a580ef6819a83f3a3718eb734dbe313744fcc2be372,,"GWHPBECS039376	mRNA=GWHTBECS039389	Gene=GWHGBECS039389	Position=GWHBECS00000006: 203441827-203442046, 203442423-203442547, 203443288-203443319, 203443405-203443580, 203443620-203443735, 203443827-203444079, 203444177-203444264, 203444358-203444420, 203444544-203444619, 203444704-203444762, 203445000-203445069, 203445167-203445313: -	Frame=0	OriID=Ebr06G025370.1	OriTrascriptID=Ebr06G025370.1	transl_table=1	OriGeneID=Ebr06G025370	OriSeqID=Chr06",474,474,1152,474x1152,float16,embeddings/32aac970a402ff25fc326a580ef6819a83f3a3718eb734dbe313744fcc2be372.pt,/data/jnz/esmc-600m/data/weights/esmc_600m_2024_12_v0.pth,ok,
9fe35137d1bb64b6ffa37369f454dd94c7afee7185e97e23716dd733aa49706a,,"GWHPBECS039377	mRNA=GWHTBECS039390	Gene=GWHGBECS039390	Position=GWHBECS00000006: 203604196-203604415, 203604518-203604626, 203604816-203604918, 203605870-203606032, 203606072-203606187, 203614376-203614519: -	Frame=0	OriID=Ebr06G025380.1	OriTrascriptID=Ebr06G025380.1	transl_table=1	OriGeneID=Ebr06G025380	OriSeqID=Chr06",284,284,1152,284x1152,float16,embeddings/9fe35137d1bb64b6ffa37369f454dd94c7afee7185e97e23716dd733aa49706a.pt,/data/jnz/esmc-600m/data/weights/esmc_600m_2024_12_v0.pth,ok,
855004e8fb35070338008aeca389f87e4b6f6170c25ce1546c1265961ab92b53,,"GWHPBECS039378	mRNA=GWHTBECS039391	Gene=GWHGBECS039391	Position=GWHBECS00000006: 203651380-203651548, 203651704-203651812, 203652003-203652105, 203652841-203652872, 203652958-203653133, 203653173-203653288, 203653377-203653629, 203653727-203653814, 203653907-203653984, 203654093-203654168, 203654253-203654306, 203654549-203654593, 203654691-203654837: -	Frame=0	OriID=Ebr06G025390.1	OriTrascriptID=Ebr06G025390.1	transl_table=1	OriGeneID=Ebr06G025390	OriSeqID=Chr06",481,481,1152,481x1152,float16,embeddings/855004e8fb35070338008aeca389f87e4b6f6170c25ce1546c1265961ab92b53.pt,/data/jnz/esmc-600m/data/weights/esmc_600m_2024_12_v0.pth,ok,
f412121fe9b2198082ddca194a5034285f11aa91dd626410d1b26b226cd5b380,,"GWHPBECS039382	mRNA=GWHTBECS039395	Gene=GWHGBECS039395	Position=GWHBECS00000006: 204309784-204310359, 204310437-204310804, 204310914-204311091, 204311197-204312380, 204312438-204312660: -	Frame=0	OriID=Ebr06G025430.1	OriTrascriptID=Ebr06G025430.1	transl_table=1	OriGeneID=Ebr06G025430	OriSeqID=Chr06",842,842,1152,842x1152,float16,embeddings/f412121fe9b2198082ddca194a5034285f11aa91dd626410d1b26b226cd5b380.pt,/data/jnz/esmc-600m/data/weights/esmc_600m_2024_12_v0.pth,ok,
363ffdbda5570283349823390ff54ab62bfd7b766be675e05a79d074bda83b2d,,"GWHPBECS039402	mRNA=GWHTBECS039415	Gene=GWHGBECS039415	Position=GWHBECS00000006: 205701012-205701050, 205702045-205702114, 205702198-205702256, 205702348-205702423, 205702560-205702637, 205702715-205702802, 205702878-205703130, 205703252-205703367, 205703449-205703663, 205703762-205703792, 205703826-205703896, 205704212-205704375: +	Frame=0	OriID=Ebr06G025630.1	OriTrascriptID=Ebr06G025630.1	transl_table=1	OriGeneID=Ebr06G025630	OriSeqID=Chr06",419,419,1152,419x1152,float16,embeddings/363ffdbda5570283349823390ff54ab62bfd7b766be675e05a79d074bda83b2d.pt,/data/jnz/esmc-600m/data/weights/esmc_600m_2024_12_v0.pth,ok,
6abe12ab71f2c1ec3edb4284169f5d208d7cc6f2c65481f012b3e1af018ffb94,,"GWHPBECS039403	mRNA=GWHTBECS039416	Gene=GWHGBECS039416	Position=GWHBECS00000006: 205806708-205807008, 205807556-205807614, 205807695-205807770, 205810489-205810600, 205810700-205810797, 205810867-205810952, 205811041-205811159, 205811290-205811504, 205811600-205811631, 205811726-205811828, 205812099-205812307: +	Frame=0	OriID=Ebr06G025640.1	OriTrascriptID=Ebr06G025640.1	transl_table=1	OriGeneID=Ebr06G025640	OriSeqID=Chr06",469,469,1152,469x1152,float16,embeddings/6abe12ab71f2c1ec3edb4284169f5d208d7cc6f2c65481f012b3e1af018ffb94.pt,/data/jnz/esmc-600m/data/weights/esmc_600m_2024_12_v0.pth,ok,
86a4db09bf76a10f48c9e498579e2a22353d0992a54b7e7be6d79e0e5b88f6ba,,"GWHPBECS039404	mRNA=GWHTBECS039417	Gene=GWHGBECS039417	Position=GWHBECS00000006: 205892873-205893109, 205899321-205899503, 205899608-205899658, 205906342-205906461, 205907716-205907818, 205907901-205908059, 205908141-205908229, 205908329-205908442, 205922135-205922293, 205940253-205940300, 205941001-205941177, 205941248-205941300, 205954219-205954331, 205954418-205954501, 205954582-205954697, 205967016-205967135, 205983003-205983117, 205983235-205983412, 205983491-205983559, 205991474-205991608, 205992342-205992451, 205992553-205992713, 205992811-205992901, 205992982-205993079, 206009772-206009892, 206010025-206010185, 206010328-206010409, 206011133-206011227, 206032768-206032854, 206060860-206060934, 206061007-206061094, 206070763-206070815, 206071061-206071250, 206071349-206071472, 206071658-206071760, 206097375-206097453, 206097516-206097592, 206113260-206113385, 206114205-206114322, 206114439-206114536, 206115852-206115941, 206124875-206125000, 206125073-206125186, 206125449-206125572, 206137335-206137498, 206137631-206137728, 206138250-206138451: -	Frame=0	OriID=Ebr06G025650.1	OriTrascriptID=Ebr06G025650.1	transl_table=1	OriGeneID=Ebr06G025650	OriSeqID=Chr06",1825,1825,1152,1825x1152,float16,embeddings/86a4db09bf76a10f48c9e498579e2a22353d0992a54b7e7be6d79e0e5b88f6ba.pt,/data/jnz/esmc-600m/data/weights/esmc_600m_2024_12_v0.pth,ok,
43de44938a0ee4e39fffd67a8a4b1ad0254f8158b4812519b0563aed42bd515a,,"GWHPBECS039405	mRNA=GWHTBECS039418	Gene=GWHGBECS039418	Position=GWHBECS00000006: 206285112-206285360, 206285451-206285636, 206285741-206285791, 206285870-206286667, 206286770-206286999, 206287089-206287201, 206291721-206291804, 206291925-206292043, 206292135-206292254, 206310688-206310850, 206310925-206311114, 206311214-206311282, 206311381-206311506, 206311594-206311703, 206325005-206325156, 206325244-206325385, 206325473-206325570, 206325660-206325783, 206325910-206326085, 206326166-206326250, 206336151-206336245, 206336348-206336485, 206357936-206358022, 206358119-206358168, 206358244-206358328, 206366177-206366237, 206366330-206366382, 206366528-206366862, 206376125-206376242, 206376335-206376457, 206381221-206381314, 206381398-206381474, 206381597-206381734, 206381931-206382057, 206382240-206382331, 206382413-206382505, 206385162-206385278, 206385383-206385493, 206385718-206385811, 206445136-206445323: -	Frame=0	OriID=Ebr06G025660.1	OriTrascriptID=Ebr06G025660.1	transl_table=1	OriGeneID=Ebr06G025660	OriSeqID=Chr06",1886,1886,1152,1886x1152,float16,embeddings/43de44938a0ee4e39fffd67a8a4b1ad0254f8158b4812519b0563aed42bd515a.pt,/data/jnz/esmc-600m/data/weights/esmc_600m_2024_12_v0.pth,ok,
418531e972962ac7df53211621846fd1a5e42f827fc6111e27cbad1c3921ce4a,,GWHPBECS039521	mRNA=GWHTBECS039534	Gene=GWHGBECS039534	Position=GWHBECS00000006: 215397995-215399338: +	Frame=0	OriID=Ebr06G026820.1	OriTrascriptID=Ebr06G026820.1	transl_table=1	OriGeneID=Ebr06G026820	OriSeqID=Chr06,447,447,1152,447x1152,float16,embeddings/418531e972962ac7df53211621846fd1a5e42f827fc6111e27cbad1c3921ce4a.pt,/data/jnz/esmc-600m/data/weights/esmc_600m_2024_12_v0.pth,ok,
bb7b14836cc220716bd5d8c5f99cd6bfd3a2392b8f5f304d82ad39115e50a5d2,,"GWHPBECS039522	mRNA=GWHTBECS039535	Gene=GWHGBECS039535	Position=GWHBECS00000006: 215442382-215442585, 215442842-215443099: -	Frame=0	OriID=Ebr06G026830.1	OriTrascriptID=Ebr06G026830.1	transl_table=1	OriGeneID=Ebr06G026830	OriSeqID=Chr06",153,153,1152,153x1152,float16,embeddings/bb7b14836cc220716bd5d8c5f99cd6bfd3a2392b8f5f304d82ad39115e50a5d2.pt,/data/jnz/esmc-600m/data/weights/esmc_600m_2024_12_v0.pth,ok,
987fa552d9a374ebd9903af48937315121cabe248bca86e3e331aa8058518dc8,,"GWHPBECS039526	mRNA=GWHTBECS039539	Gene=GWHGBECS039539	Position=GWHBECS00000006: 215601528-215602454, 215602488-215602904: +	Frame=0	OriID=Ebr06G026870.1	OriTrascriptID=Ebr06G026870.1	transl_table=1	OriGeneID=Ebr06G026870	OriSeqID=Chr06",447,447,1152,447x1152,float16,embeddings/987fa552d9a374ebd9903af48937315121cabe248bca86e3e331aa8058518dc8.pt,/data/jnz/esmc-600m/data/weights/esmc_600m_2024_12_v0.pth,ok,
c320b80389161a40f6a9057742f13bcefbd315974010eee6070741487705a684,,GWHPBECS039528	mRNA=GWHTBECS039541	Gene=GWHGBECS039541	Position=GWHBECS00000006: 215662481-215663146: +	Frame=0	OriID=Ebr06G026890.1	OriTrascriptID=Ebr06G026890.1	transl_table=1	OriGeneID=Ebr06G026890	OriSeqID=Chr06,221,221,1152,221x1152,float16,embeddings/c320b80389161a40f6a9057742f13bcefbd315974010eee6070741487705a684.pt,/data/jnz/esmc-600m/data/weights/esmc_600m_2024_12_v0.pth,ok,
885dd4d827ac429e8ca64c01e431f37bbbf6ac3114edfce4b977f3330c0b73c8,,"GWHPBECS039571	mRNA=GWHTBECS039584	Gene=GWHGBECS039584	Position=GWHBECS00000006: 218708267-218709951, 218733259-218733385, 218733936-218734415: +	Frame=0	OriID=Ebr06G027320.1	OriTrascriptID=Ebr06G027320.1	transl_table=1	OriGeneID=Ebr06G027320	OriSeqID=Chr06",763,763,1152,763x1152,float16,embeddings/885dd4d827ac429e8ca64c01e431f37bbbf6ac3114edfce4b977f3330c0b73c8.pt,/data/jnz/esmc-600m/data/weights/esmc_600m_2024_12_v0.pth,ok,
31042c840c8dfd81f3501a7120e4bff965f0c460be1c707b2a991375aad21d34,,"GWHPBECS039616	mRNA=GWHTBECS039629	Gene=GWHGBECS039629	Position=GWHBECS00000006: 223727955-223728311, 223728400-223728488, 223728595-223728812, 223728912-223729046, 223729150-223729217, 223729311-223729863, 223729947-223730069, 223730469-223730579, 223730805-223730896, 223730989-223731037, 223731150-223731240, 223731360-223731579: -	Frame=0	OriID=Ebr06G027770.1	OriTrascriptID=Ebr06G027770.1	transl_table=1	OriGeneID=Ebr06G027770	OriSeqID=Chr06",701,701,1152,701x1152,float16,embeddings/31042c840c8dfd81f3501a7120e4bff965f0c460be1c707b2a991375aad21d34.pt,/data/jnz/esmc-600m/data/weights/esmc_600m_2024_12_v0.pth,ok,
5643584d27b201e8087519399fdf3ccfb7181911dd85124210e57fdf9bcdf40f,,"GWHPBECS039641	mRNA=GWHTBECS039654	Gene=GWHGBECS039654	Position=GWHBECS00000006: 225836300-225836599, 225854445-225854731, 225869097-225869283, 225882767-225882808, 225896216-225896284, 225896442-225896635, 225897356-225897465, 225897553-225897785: +	Frame=0	OriID=Ebr06G028020.1	OriTrascriptID=Ebr06G028020.1	transl_table=1	OriGeneID=Ebr06G028020	OriSeqID=Chr06",473,473,1152,473x1152,float16,embeddings/5643584d27b201e8087519399fdf3ccfb7181911dd85124210e57fdf9bcdf40f.pt,/data/jnz/esmc-600m/data/weights/esmc_600m_2024_12_v0.pth,ok,
028a91493bf1b70531417493d97f0be453b8a30e524c797e08f8a268b233b5ef,,"GWHPBECS039749	mRNA=GWHTBECS039762	Gene=GWHGBECS039762	Position=GWHBECS00000006: 234643424-234644457, 234644500-234646624: +	Frame=0	OriID=Ebr06G029100.1	OriTrascriptID=Ebr06G029100.1	transl_table=1	OriGeneID=Ebr06G029100	OriSeqID=Chr06",1052,1052,1152,1052x1152,float16,embeddings/028a91493bf1b70531417493d97f0be453b8a30e524c797e08f8a268b233b5ef.pt,/data/jnz/esmc-600m/data/weights/esmc_600m_2024_12_v0.pth,ok,
f2e4889f1b9b23e47d3eb202531246a89513f6c39079e257ac379405de23d196,,GWHPBECS039781	mRNA=GWHTBECS039794	Gene=GWHGBECS039794	Position=GWHBECS00000006: 237296623-237298026: -	Frame=0	OriID=Ebr06G029420.1	OriTrascriptID=Ebr06G029420.1	transl_table=1	OriGeneID=Ebr06G029420	OriSeqID=Chr06,467,467,1152,467x1152,float16,embeddings/f2e4889f1b9b23e47d3eb202531246a89513f6c39079e257ac379405de23d196.pt,/data/jnz/esmc-600m/data/weights/esmc_600m_2024_12_v0.pth,ok,
1c3336cab29e4ca8a764384088f72a383c5392038a7f6702e96fd44b0b4f0ee3,,GWHPBECS039786	mRNA=GWHTBECS039799	Gene=GWHGBECS039799	Position=GWHBECS00000006: 237599914-237601317: +	Frame=0	OriID=Ebr06G029470.1	OriTrascriptID=Ebr06G029470.1	transl_table=1	OriGeneID=Ebr06G029470	OriSeqID=Chr06,467,467,1152,467x1152,float16,embeddings/1c3336cab29e4ca8a764384088f72a383c5392038a7f6702e96fd44b0b4f0ee3.pt,/data/jnz/esmc-600m/data/weights/esmc_600m_2024_12_v0.pth,ok,
b39d9069299dd7180ddfc1f31281f6a5170928a8dc55035b9cfa50b43c6bc0f6,,GWHPBECS039787	mRNA=GWHTBECS039800	Gene=GWHGBECS039800	Position=GWHBECS00000006: 237615420-237616823: +	Frame=0	OriID=Ebr06G029480.1	OriTrascriptID=Ebr06G029480.1	transl_table=1	OriGeneID=Ebr06G029480	OriSeqID=Chr06,467,467,1152,467x1152,float16,embeddings/b39d9069299dd7180ddfc1f31281f6a5170928a8dc55035b9cfa50b43c6bc0f6.pt,/data/jnz/esmc-600m/data/weights/esmc_600m_2024_12_v0.pth,ok,
57628195236b4b7914ca54579c20ed339c2598addb95971b37d6fe3982da353c,,"GWHPBECS039788	mRNA=GWHTBECS039801	Gene=GWHGBECS039801	Position=GWHBECS00000006: 237622411-237623033, 237623343-237624105: +	Frame=0	OriID=Ebr06G029490.1	OriTrascriptID=Ebr06G029490.1	transl_table=1	OriGeneID=Ebr06G029490	OriSeqID=Chr06",461,461,1152,461x1152,float16,embeddings/57628195236b4b7914ca54579c20ed339c2598addb95971b37d6fe3982da353c.pt,/data/jnz/esmc-600m/data/weights/esmc_600m_2024_12_v0.pth,ok,
1eea40f893144b511648b5b28d5dd70a25384073df78ea3a22dec9b82afee521,,GWHPBECS039789	mRNA=GWHTBECS039802	Gene=GWHGBECS039802	Position=GWHBECS00000006: 237638221-237639624: +	Frame=0	OriID=Ebr06G029500.1	OriTrascriptID=Ebr06G029500.1	transl_table=1	OriGeneID=Ebr06G029500	OriSeqID=Chr06,467,467,1152,467x1152,float16,embeddings/1eea40f893144b511648b5b28d5dd70a25384073df78ea3a22dec9b82afee521.pt,/data/jnz/esmc-600m/data/weights/esmc_600m_2024_12_v0.pth,ok,
6868d6ba541c7b3b64aecbab3eec94e117c3e3a8a78752a4a646fbba6b50f5bb,,GWHPBECS039792	mRNA=GWHTBECS039805	Gene=GWHGBECS039805	Position=GWHBECS00000006: 238000653-238002056: -	Frame=0	OriID=Ebr06G029530.1	OriTrascriptID=Ebr06G029530.1	transl_table=1	OriGeneID=Ebr06G029530	OriSeqID=Chr06,467,467,1152,467x1152,float16,embeddings/6868d6ba541c7b3b64aecbab3eec94e117c3e3a8a78752a4a646fbba6b50f5bb.pt,/data/jnz/esmc-600m/data/weights/esmc_600m_2024_12_v0.pth,ok,
264cc7dfb0e347a9291698540820ea59dcf2abe4bda5305e9d73bcb65512a35d,,"GWHPBECS039793	mRNA=GWHTBECS039806	Gene=GWHGBECS039806	Position=GWHBECS00000006: 238151335-238152008, 238152339-238152843: -	Frame=0	OriID=Ebr06G029540.1	OriTrascriptID=Ebr06G029540.1	transl_table=1	OriGeneID=Ebr06G029540	OriSeqID=Chr06",392,392,1152,392x1152,float16,embeddings/264cc7dfb0e347a9291698540820ea59dcf2abe4bda5305e9d73bcb65512a35d.pt,/data/jnz/esmc-600m/data/weights/esmc_600m_2024_12_v0.pth,ok,
a3549f4588699a4b7578ed60b4576d2c56767905291be5f3c80fdae8d2069e39,,GWHPBECS039799	mRNA=GWHTBECS039812	Gene=GWHGBECS039812	Position=GWHBECS00000006: 238530051-238531454: +	Frame=0	OriID=Ebr06G029600.1	OriTrascriptID=Ebr06G029600.1	transl_table=1	OriGeneID=Ebr06G029600	OriSeqID=Chr06,467,467,1152,467x1152,float16,embeddings/a3549f4588699a4b7578ed60b4576d2c56767905291be5f3c80fdae8d2069e39.pt,/data/jnz/esmc-600m/data/weights/esmc_600m_2024_12_v0.pth,ok,
b1ca5d847c356a3e60c987dad2be235c5faf49ef0baecede7f07c289964a6229,,GWHPBECS039805	mRNA=GWHTBECS039818	Gene=GWHGBECS039818	Position=GWHBECS00000006: 238788114-238789517: -	Frame=0	OriID=Ebr06G029660.1	OriTrascriptID=Ebr06G029660.1	transl_table=1	OriGeneID=Ebr06G029660	OriSeqID=Chr06,467,467,1152,467x1152,float16,embeddings/b1ca5d847c356a3e60c987dad2be235c5faf49ef0baecede7f07c289964a6229.pt,/data/jnz/esmc-600m/data/weights/esmc_600m_2024_12_v0.pth,ok,
8bec06df3e164efc9b72c2a9224cb873bebf3ff0022e00e8a3d154d8ed5f94a2,,"GWHPBECS039806	mRNA=GWHTBECS039819	Gene=GWHGBECS039819	Position=GWHBECS00000006: 238791678-238792138, 238792330-238793080: -	Frame=0	OriID=Ebr06G029670.1	OriTrascriptID=Ebr06G029670.1	transl_table=1	OriGeneID=Ebr06G029670	OriSeqID=Chr06",403,403,1152,403x1152,float16,embeddings/8bec06df3e164efc9b72c2a9224cb873bebf3ff0022e00e8a3d154d8ed5f94a2.pt,/data/jnz/esmc-600m/data/weights/esmc_600m_2024_12_v0.pth,ok,
d7495f7357a81fb0fc89787b71b3e8d96aaeadfe2e7f9e1d52d8931363ea0855,,GWHPBECS039807	mRNA=GWHTBECS039820	Gene=GWHGBECS039820	Position=GWHBECS00000006: 238793390-238794790: -	Frame=0	OriID=Ebr06G029680.1	OriTrascriptID=Ebr06G029680.1	transl_table=1	OriGeneID=Ebr06G029680	OriSeqID=Chr06,466,466,1152,466x1152,float16,embeddings/d7495f7357a81fb0fc89787b71b3e8d96aaeadfe2e7f9e1d52d8931363ea0855.pt,/data/jnz/esmc-600m/data/weights/esmc_600m_2024_12_v0.pth,ok,
3e4d45e5cb80825fc98ea70d1a65dd75958f186999bb6af077d21ccf09bcbe42,,GWHPBECS039808	mRNA=GWHTBECS039821	Gene=GWHGBECS039821	Position=GWHBECS00000006: 238943690-238945093: -	Frame=0	OriID=Ebr06G029690.1	OriTrascriptID=Ebr06G029690.1	transl_table=1	OriGeneID=Ebr06G029690	OriSeqID=Chr06,467,467,1152,467x1152,float16,embeddings/3e4d45e5cb80825fc98ea70d1a65dd75958f186999bb6af077d21ccf09bcbe42.pt,/data/jnz/esmc-600m/data/weights/esmc_600m_2024_12_v0.pth,ok,
57d8a8568e667fb868d54905a8a625a86ce56c2a8169d6bff0cc94b528cae912,,"GWHPBECS039809	mRNA=GWHTBECS039822	Gene=GWHGBECS039822	Position=GWHBECS00000006: 239059438-239060333, 239060506-239060926: -	Frame=0	OriID=Ebr06G029700.1	OriTrascriptID=Ebr06G029700.1	transl_table=1	OriGeneID=Ebr06G029700	OriSeqID=Chr06",438,438,1152,438x1152,float16,embeddings/57d8a8568e667fb868d54905a8a625a86ce56c2a8169d6bff0cc94b528cae912.pt,/data/jnz/esmc-600m/data/weights/esmc_600m_2024_12_v0.pth,ok,
b3a69a1457ad7b7941b73117d105712229a2c86e3c91a4f2bdcf8c89eaef77e9,,GWHPBECS039810	mRNA=GWHTBECS039823	Gene=GWHGBECS039823	Position=GWHBECS00000006: 239183087-239184490: -	Frame=0	OriID=Ebr06G029710.1	OriTrascriptID=Ebr06G029710.1	transl_table=1	OriGeneID=Ebr06G029710	OriSeqID=Chr06,467,467,1152,467x1152,float16,embeddings/b3a69a1457ad7b7941b73117d105712229a2c86e3c91a4f2bdcf8c89eaef77e9.pt,/data/jnz/esmc-600m/data/weights/esmc_600m_2024_12_v0.pth,ok,
fa270f5065554c1f42fba5bfb8bde07a858035e887543a9dc21b6a77c82e7375,,"GWHPBECS039811	mRNA=GWHTBECS039824	Gene=GWHGBECS039824	Position=GWHBECS00000006: 239283437-239284341, 239284437-239284926: -	Frame=0	OriID=Ebr06G029720.1	OriTrascriptID=Ebr06G029720.1	transl_table=1	OriGeneID=Ebr06G029720	OriSeqID=Chr06",464,464,1152,464x1152,float16,embeddings/fa270f5065554c1f42fba5bfb8bde07a858035e887543a9dc21b6a77c82e7375.pt,/data/jnz/esmc-600m/data/weights/esmc_600m_2024_12_v0.pth,ok,
2c3a903795d511a2d4ca9150c9e1bc9141bcf65e74f46844c40f57b3e36e7eab,,"GWHPBECS039817	mRNA=GWHTBECS039830	Gene=GWHGBECS039830	Position=GWHBECS00000006: 239640727-239641176, 239641307-239642200: -	Frame=0	OriID=Ebr06G029780.1	OriTrascriptID=Ebr06G029780.1	transl_table=1	OriGeneID=Ebr06G029780	OriSeqID=Chr06",447,447,1152,447x1152,float16,embeddings/2c3a903795d511a2d4ca9150c9e1bc9141bcf65e74f46844c40f57b3e36e7eab.pt,/data/jnz/esmc-600m/data/weights/esmc_600m_2024_12_v0.pth,ok,
84dd6f0e7e52f8bf1536f2bbdc32ba0c24126850d01adfff06343ccd952a6195,,GWHPBECS039819	mRNA=GWHTBECS039832	Gene=GWHGBECS039832	Position=GWHBECS00000006: 239755132-239756604: +	Frame=0	OriID=Ebr06G029800.1	OriTrascriptID=Ebr06G029800.1	transl_table=1	OriGeneID=Ebr06G029800	OriSeqID=Chr06,490,490,1152,490x1152,float16,embeddings/84dd6f0e7e52f8bf1536f2bbdc32ba0c24126850d01adfff06343ccd952a6195.pt,/data/jnz/esmc-600m/data/weights/esmc_600m_2024_12_v0.pth,ok,
ecd4bbfa423b47b246b23f77b5fe1b3c8161167061764aa1227a1c427dd0f7f2,,"GWHPBECS039821	mRNA=GWHTBECS039834	Gene=GWHGBECS039834	Position=GWHBECS00000006: 239875654-239876549, 239876637-239877135, 239882404-239882433: -	Frame=0	OriID=Ebr06G029820.1	OriTrascriptID=Ebr06G029820.1	transl_table=1	OriGeneID=Ebr06G029820	OriSeqID=Chr06",474,474,1152,474x1152,float16,embeddings/ecd4bbfa423b47b246b23f77b5fe1b3c8161167061764aa1227a1c427dd0f7f2.pt,/data/jnz/esmc-600m/data/weights/esmc_600m_2024_12_v0.pth,ok,
5a84d01c270dfe603c804f20fa72712f4fdc4d3bcbc4878101588dbcd029baaf,,"GWHPBECS039953	mRNA=GWHTBECS039966	Gene=GWHGBECS039966	Position=GWHBECS00000006: 247572636-247572965, 247573838-247573987, 247574078-247574130, 247590435-247590543, 247590642-247590776, 247590914-247590958, 247613773-247613960, 247614949-247615090, 247638935-247638981, 247663333-247663420, 247663527-247663805: +	Frame=0	OriID=Ebr06G031140.1	OriTrascriptID=Ebr06G031140.1	transl_table=1	OriGeneID=Ebr06G031140	OriSeqID=Chr06",521,521,1152,521x1152,float16,embeddings/5a84d01c270dfe603c804f20fa72712f4fdc4d3bcbc4878101588dbcd029baaf.pt,/data/jnz/esmc-600m/data/weights/esmc_600m_2024_12_v0.pth,ok,
b0cb44720d18cfb68c1e54ca4539d3116fd049c63d8074373ec5a5d7c3157a9b,,"GWHPBECS039995	mRNA=GWHTBECS040008	Gene=GWHGBECS040008	Position=GWHBECS00000006: 251050974-251051142, 251051270-251051378, 251053239-251053344, 251053540-251053571, 251053857-251054077, 251057792-251057907, 251058113-251058362, 251058884-251058971, 251059336-251059413, 251059533-251059608, 251059706-251059749, 251059854-251059923, 251060134-251060421: -	Frame=0	OriID=Ebr06G031560.1	OriTrascriptID=Ebr06G031560.1	transl_table=1	OriGeneID=Ebr06G031560	OriSeqID=Chr06",548,548,1152,548x1152,float16,embeddings/b0cb44720d18cfb68c1e54ca4539d3116fd049c63d8074373ec5a5d7c3157a9b.pt,/data/jnz/esmc-600m/data/weights/esmc_600m_2024_12_v0.pth,ok,
78652573f512ff84a08e37bb01f361da841b0540b88d30985826c4113c9e0618,,"GWHPBECS040032	mRNA=GWHTBECS040045	Gene=GWHGBECS040045	Position=GWHBECS00000006: 254418623-254419039, 254419200-254419267, 254419358-254419559, 254419818-254419915, 254420048-254420117, 254420206-254420277, 254420417-254420530, 254458005-254458067: +	Frame=0	OriID=Ebr06G031930.1	OriTrascriptID=Ebr06G031930.1	transl_table=1	OriGeneID=Ebr06G031930	OriSeqID=Chr06",367,367,1152,367x1152,float16,embeddings/78652573f512ff84a08e37bb01f361da841b0540b88d30985826c4113c9e0618.pt,/data/jnz/esmc-600m/data/weights/esmc_600m_2024_12_v0.pth,ok,
201da2fc528169703f549fda1d6845d53f62a0fc7c5b359b50e5406c06776e75,,"GWHPBECS040313	mRNA=GWHTBECS040326	Gene=GWHGBECS040326	Position=GWHBECS00000006: 274194646-274195545, 274195637-274195728, 274195812-274195941, 274196072-274196284, 274196370-274196498, 274196597-274196743, 274196964-274197251: -	Frame=0	OriID=Ebr06G034740.1	OriTrascriptID=Ebr06G034740.1	transl_table=1	OriGeneID=Ebr06G034740	OriSeqID=Chr06",632,632,1152,632x1152,float16,embeddings/201da2fc528169703f549fda1d6845d53f62a0fc7c5b359b50e5406c06776e75.pt,/data/jnz/esmc-600m/data/weights/esmc_600m_2024_12_v0.pth,ok,
2f8042c0a17e58fd77ae702338fa2fc0f5df99d321e008252a3ff81c4492c5e5,,"GWHPBECS040343	mRNA=GWHTBECS040356	Gene=GWHGBECS040356	Position=GWHBECS00000006: 277117855-277118308, 277118480-277119033, 277156568-277156658, 277156827-277156939, 277164510-277164753, 277164867-277164955, 277165035-277165105, 277191572-277191743: -	Frame=0	OriID=Ebr06G035040.1	OriTrascriptID=Ebr06G035040.1	transl_table=1	OriGeneID=Ebr06G035040	OriSeqID=Chr06",595,595,1152,595x1152,float16,embeddings/2f8042c0a17e58fd77ae702338fa2fc0f5df99d321e008252a3ff81c4492c5e5.pt,/data/jnz/esmc-600m/data/weights/esmc_600m_2024_12_v0.pth,ok,
88cbbc93fe4976dea3db400f5d48f7bad333652b70c481b012b8658f9ca019d6,,"GWHPBECS040406	mRNA=GWHTBECS040419	Gene=GWHGBECS040419	Position=GWHBECS00000006: 281850480-281851633, 281852849-281853194: +	Frame=0	OriID=Ebr06G035670.1	OriTrascriptID=Ebr06G035670.1	transl_table=1	OriGeneID=Ebr06G035670	OriSeqID=Chr06",499,499,1152,499x1152,float16,embeddings/88cbbc93fe4976dea3db400f5d48f7bad333652b70c481b012b8658f9ca019d6.pt,/data/jnz/esmc-600m/data/weights/esmc_600m_2024_12_v0.pth,ok,
ce7c202998589b7fc842c7662a3d44d259d686ffe7e52a4171bc7e706b3397d2,,"GWHPBECS040426	mRNA=GWHTBECS040439	Gene=GWHGBECS040439	Position=GWHBECS00000006: 283042751-283043096, 283044452-283045620: -	Frame=0	OriID=Ebr06G035870.1	OriTrascriptID=Ebr06G035870.1	transl_table=1	OriGeneID=Ebr06G035870	OriSeqID=Chr06",504,504,1152,504x1152,float16,embeddings/ce7c202998589b7fc842c7662a3d44d259d686ffe7e52a4171bc7e706b3397d2.pt,/data/jnz/esmc-600m/data/weights/esmc_600m_2024_12_v0.pth,ok,
a7e2153747cce0596d00906d0947b568767837b666978c0a9c0cb98b2eb7c702,,"GWHPBECS040534	mRNA=GWHTBECS040547	Gene=GWHGBECS040547	Position=GWHBECS00000006: 291952764-291953492, 291953604-291954287: +	Frame=0	OriID=Ebr06G036950.1	OriTrascriptID=Ebr06G036950.1	transl_table=1	OriGeneID=Ebr06G036950	OriSeqID=Chr06",470,470,1152,470x1152,float16,embeddings/a7e2153747cce0596d00906d0947b568767837b666978c0a9c0cb98b2eb7c702.pt,/data/jnz/esmc-600m/data/weights/esmc_600m_2024_12_v0.pth,ok,
0cd2d72dab24f448befee85e801f991985c2a7578fc6de8e3ce062bbb9661087,,"GWHPBECS040540	mRNA=GWHTBECS040553	Gene=GWHGBECS040553	Position=GWHBECS00000006: 292421207-292421356, 292421434-292421500, 292421604-292421662, 292421739-292422236, 292422318-292422433, 292422518-292422759, 292422840-292422871, 292422971-292423076, 292423163-292423268, 292423356-292423587: +	Frame=0	OriID=Ebr06G037010.1	OriTrascriptID=Ebr06G037010.1	transl_table=1	OriGeneID=Ebr06G037010	OriSeqID=Chr06",535,535,1152,535x1152,float16,embeddings/0cd2d72dab24f448befee85e801f991985c2a7578fc6de8e3ce062bbb9661087.pt,/data/jnz/esmc-600m/data/weights/esmc_600m_2024_12_v0.pth,ok,
ac24c80d85071ff39a68c50af283fbd16ee51ae092c3ee181f8d5fb1a420945b,,"GWHPBECS040560	mRNA=GWHTBECS040573	Gene=GWHGBECS040573	Position=GWHBECS00000006: 294281565-294282166, 294282398-294283208, 294283759-294284537, 294284655-294285603: +	Frame=0	OriID=Ebr06G037210.1	OriTrascriptID=Ebr06G037210.1	transl_table=1	OriGeneID=Ebr06G037210	OriSeqID=Chr06",1046,1046,1152,1046x1152,float16,embeddings/ac24c80d85071ff39a68c50af283fbd16ee51ae092c3ee181f8d5fb1a420945b.pt,/data/jnz/esmc-600m/data/weights/esmc_600m_2024_12_v0.pth,ok,
f5e4ad4dd513d6558f7fed74ca308aa4cde63302a8bd97bee90140ecba2de106,,"GWHPBECS040563	mRNA=GWHTBECS040576	Gene=GWHGBECS040576	Position=GWHBECS00000006: 294634288-294634518, 294634605-294634790, 294634884-294634943, 294634977-294635732, 294636122-294636351, 294636436-294636548, 294674522-294674637, 294674709-294674828, 294721272-294721327, 294721426-294721548, 294756873-294757044, 294759381-294759528, 294759669-294759763, 294759877-294760000, 294760102-294760262, 294760344-294760428, 294760511-294760605, 294760739-294760870, 294760939-294761025, 294761239-294761288, 294761371-294761452, 294771914-294771974, 294795242-294795560, 294797554-294797671, 294797773-294797898, 294806754-294806847, 294810081-294810157, 294832956-294833082, 294833203-294833294, 294833374-294833463, 294833676-294833795, 294834069-294834160, 294834489-294834585, 294840848-294840948, 294846434-294846662: -	Frame=0	OriID=Ebr06G037240.1	OriTrascriptID=Ebr06G037240.1	transl_table=1	OriGeneID=Ebr06G037240	OriSeqID=Chr06",1654,1654,1152,1654x1152,float16,embeddings/f5e4ad4dd513d6558f7fed74ca308aa4cde63302a8bd97bee90140ecba2de106.pt,/data/jnz/esmc-600m/data/weights/esmc_600m_2024_12_v0.pth,ok,
bc7617665034eee8910500c9879de475974414e05f9f55314040f9da2388b2c8,,"GWHPBECS040566	mRNA=GWHTBECS040579	Gene=GWHGBECS040579	Position=GWHBECS00000006: 294971697-294971903, 294972033-294972140, 294987993-294988166, 294988301-294988429, 294998899-294999189, 294999864-295000096, 295012798-295013668: -	Frame=0	OriID=Ebr06G037270.1	OriTrascriptID=Ebr06G037270.1	transl_table=1	OriGeneID=Ebr06G037270	OriSeqID=Chr06",670,670,1152,670x1152,float16,embeddings/bc7617665034eee8910500c9879de475974414e05f9f55314040f9da2388b2c8.pt,/data/jnz/esmc-600m/data/weights/esmc_600m_2024_12_v0.pth,ok,
5b199dd72619746d61affea666131b9ca59112d8b5eabdfc78e8bcc4055cd836,,"GWHPBECS040572	mRNA=GWHTBECS040585	Gene=GWHGBECS040585	Position=GWHBECS00000006: 295325143-295325544, 295326095-295326193, 295326291-295326421, 295326518-295326605, 295326732-295326854, 295327026-295327205, 295328178-295328295, 295329315-295329502, 295344090-295344190, 295350838-295350886, 295355360-295355448, 295362795-295362945, 295363082-295363183, 295378574-295378688, 295387225-295387613, 295416902-295417276: -	Frame=0	OriID=Ebr06G037330.1	OriTrascriptID=Ebr06G037330.1	transl_table=1	OriGeneID=Ebr06G037330	OriSeqID=Chr06",899,899,1152,899x1152,float16,embeddings/5b199dd72619746d61affea666131b9ca59112d8b5eabdfc78e8bcc4055cd836.pt,/data/jnz/esmc-600m/data/weights/esmc_600m_2024_12_v0.pth,ok,
bd0dd2ab90a87c6901e5353483056cf023d144374708fc053ffa0d05f33196b6,,"GWHPBECS040604	mRNA=GWHTBECS040617	Gene=GWHGBECS040617	Position=GWHBECS00000006: 297183355-297183404, 297185262-297185427, 297185614-297185961, 297186094-297186203, 297186363-297186491, 297186613-297186680, 297186770-297186830, 297186921-297187009, 297187252-297187361, 297187410-297187529: -	Frame=0	OriID=Ebr06G037650.1	OriTrascriptID=Ebr06G037650.1	transl_table=1	OriGeneID=Ebr06G037650	OriSeqID=Chr06",416,416,1152,416x1152,float16,embeddings/bd0dd2ab90a87c6901e5353483056cf023d144374708fc053ffa0d05f33196b6.pt,/data/jnz/esmc-600m/data/weights/esmc_600m_2024_12_v0.pth,ok,
d5a1501f3fec9af2a054dcb28328edf5506e4a6a8decc4db7bf7d8ef40c954da,,"GWHPBECS040606	mRNA=GWHTBECS040619	Gene=GWHGBECS040619	Position=GWHBECS00000006: 297233215-297233264, 297235137-297235302, 297235489-297235836, 297235969-297236078, 297236238-297236366, 297236488-297236555, 297236645-297236705, 297236796-297236884, 297237131-297237408: -	Frame=0	OriID=Ebr06G037670.1	OriTrascriptID=Ebr06G037670.1	transl_table=1	OriGeneID=Ebr06G037670	OriSeqID=Chr06",432,432,1152,432x1152,float16,embeddings/d5a1501f3fec9af2a054dcb28328edf5506e4a6a8decc4db7bf7d8ef40c954da.pt,/data/jnz/esmc-600m/data/weights/esmc_600m_2024_12_v0.pth,ok,
df87c7e8f0f6d73f95008b1901f091645f8f9a70d0937621b720706ecf490544,,"GWHPBECS040641	mRNA=GWHTBECS040655	Gene=GWHGBECS040655	Position=GWHBECS00000006: 300197871-300198080, 300202326-300202454, 300202638-300202835, 300202916-300203143, 300203640-300203910, 300221342-300221545, 300221634-300221722, 300221874-300221944, 300222166-300222247, 300222353-300222415, 300247949-300248074: -	Frame=0	OriID=Ebr06G038030.1	OriTrascriptID=Ebr06G038030.1	transl_table=1	OriGeneID=Ebr06G038030	OriSeqID=Chr06",556,556,1152,556x1152,float16,embeddings/df87c7e8f0f6d73f95008b1901f091645f8f9a70d0937621b720706ecf490544.pt,/data/jnz/esmc-600m/data/weights/esmc_600m_2024_12_v0.pth,ok,
36c1442d9963a3a174390417b1bc4afa01e299639ba783186112dc88c0e69129,,"GWHPBECS040713	mRNA=GWHTBECS040727	Gene=GWHGBECS040727	Position=GWHBECS00000006: 305387384-305387408, 305388340-305388482, 305388757-305389329, 305416875-305416985, 305417133-305417257, 305444984-305445074, 305445182-305445280: +	Frame=0	OriID=Ebr06G038750.1	OriTrascriptID=Ebr06G038750.1	transl_table=1	OriGeneID=Ebr06G038750	OriSeqID=Chr06",388,388,1152,388x1152,float16,embeddings/36c1442d9963a3a174390417b1bc4afa01e299639ba783186112dc88c0e69129.pt,/data/jnz/esmc-600m/data/weights/esmc_600m_2024_12_v0.pth,ok,
869adccbb84b149ceda099a059491849a6b2530fd4eb9335a184aeeb745f1e5e,,"GWHPBECS040816	mRNA=GWHTBECS040830	Gene=GWHGBECS040830	Position=GWHBECS00000006: 312750884-312751740, 312752144-312752645: -	Frame=0	OriID=Ebr06G039780.1	OriTrascriptID=Ebr06G039780.1	transl_table=1	OriGeneID=Ebr06G039780	OriSeqID=Chr06",452,452,1152,452x1152,float16,embeddings/869adccbb84b149ceda099a059491849a6b2530fd4eb9335a184aeeb745f1e5e.pt,/data/jnz/esmc-600m/data/weights/esmc_600m_2024_12_v0.pth,ok,
330f39eda852f251642704f9bbc29f1c94d350a7ccd44376ac6d0e394bb8641f,,"GWHPBECS040842	mRNA=GWHTBECS040856	Gene=GWHGBECS040856	Position=GWHBECS00000006: 313976104-313976211, 313976260-313976395, 313976723-313976753, 313978095-313978296, 313978439-313978571, 313978662-313978743, 313978915-313979044, 313979225-313979317, 313979993-313980211, 313980306-313980683, 313981717-313981969, 313982054-313982141, 313982233-313982307, 313982375-313982450, 313982503-313982643: -	Frame=0	OriID=Ebr06G040040.1	OriTrascriptID=Ebr06G040040.1	transl_table=1	OriGeneID=Ebr06G040040	OriSeqID=Chr06",714,714,1152,714x1152,float16,embeddings/330f39eda852f251642704f9bbc29f1c94d350a7ccd44376ac6d0e394bb8641f.pt,/data/jnz/esmc-600m/data/weights/esmc_600m_2024_12_v0.pth,ok,
de0124656a7632c06140b261568973818a90e4e8d17031fa8b63866fa9628f58,,GWHPBECS040920	mRNA=GWHTBECS040934	Gene=GWHGBECS040934	Position=GWHBECS00000006: 323565177-323565830: +	Frame=0	OriID=Ebr06G040820.1	OriTrascriptID=Ebr06G040820.1	transl_table=1	OriGeneID=Ebr06G040820	OriSeqID=Chr06,217,217,1152,217x1152,float16,embeddings/de0124656a7632c06140b261568973818a90e4e8d17031fa8b63866fa9628f58.pt,/data/jnz/esmc-600m/data/weights/esmc_600m_2024_12_v0.pth,ok,
8c82ad288f339637210c1b608fa9c9e69721217aba0161fe2acb95ada91a5935,,"GWHPBECS040921	mRNA=GWHTBECS040935	Gene=GWHGBECS040935	Position=GWHBECS00000006: 323573326-323573342, 323601518-323602973: -	Frame=0	OriID=Ebr06G040830.1	OriTrascriptID=Ebr06G040830.1	transl_table=1	OriGeneID=Ebr06G040830	OriSeqID=Chr06",490,490,1152,490x1152,float16,embeddings/8c82ad288f339637210c1b608fa9c9e69721217aba0161fe2acb95ada91a5935.pt,/data/jnz/esmc-600m/data/weights/esmc_600m_2024_12_v0.pth,ok,
33b13a0fe2a2d61e38c5e2f6e72b1b19518bc084b14c24345075c8f5cece5da4,,GWHPBECS040946	mRNA=GWHTBECS040960	Gene=GWHGBECS040960	Position=GWHBECS00000006: 325044647-325045957: +	Frame=0	OriID=Ebr06G041080.1	OriTrascriptID=Ebr06G041080.1	transl_table=1	OriGeneID=Ebr06G041080	OriSeqID=Chr06,436,436,1152,436x1152,float16,embeddings/33b13a0fe2a2d61e38c5e2f6e72b1b19518bc084b14c24345075c8f5cece5da4.pt,/data/jnz/esmc-600m/data/weights/esmc_600m_2024_12_v0.pth,ok,
fc9bccb3485998879e76d00b7bf2f5d176c9f26dcb3c792d272837b3fb9dd3fd,,GWHPBECS040950	mRNA=GWHTBECS040964	Gene=GWHGBECS040964	Position=GWHBECS00000006: 325189628-325190368: +	Frame=0	OriID=Ebr06G041120.1	OriTrascriptID=Ebr06G041120.1	transl_table=1	OriGeneID=Ebr06G041120	OriSeqID=Chr06,246,246,1152,246x1152,float16,embeddings/fc9bccb3485998879e76d00b7bf2f5d176c9f26dcb3c792d272837b3fb9dd3fd.pt,/data/jnz/esmc-600m/data/weights/esmc_600m_2024_12_v0.pth,ok,
f764a0f2363b7bcaa8e08bb8a8957431a95f2eb89cd3f19ea9ecf18c1f96ba56,,"GWHPBECS040952	mRNA=GWHTBECS040966	Gene=GWHGBECS040966	Position=GWHBECS00000006: 325375633-325377031, 325381524-325381552: +	Frame=0	OriID=Ebr06G041140.1	OriTrascriptID=Ebr06G041140.1	transl_table=1	OriGeneID=Ebr06G041140	OriSeqID=Chr06",475,475,1152,475x1152,float16,embeddings/f764a0f2363b7bcaa8e08bb8a8957431a95f2eb89cd3f19ea9ecf18c1f96ba56.pt,/data/jnz/esmc-600m/data/weights/esmc_600m_2024_12_v0.pth,ok,
4bd2bb3815378c4b4aa91ce98b1c19b05533bc940ebc7b35021cc6629c8a7d96,,GWHPBECS040957	mRNA=GWHTBECS040971	Gene=GWHGBECS040971	Position=GWHBECS00000006: 326177337-326178647: -	Frame=0	OriID=Ebr06G041190.1	OriTrascriptID=Ebr06G041190.1	transl_table=1	OriGeneID=Ebr06G041190	OriSeqID=Chr06,436,436,1152,436x1152,float16,embeddings/4bd2bb3815378c4b4aa91ce98b1c19b05533bc940ebc7b35021cc6629c8a7d96.pt,/data/jnz/esmc-600m/data/weights/esmc_600m_2024_12_v0.pth,ok,
33429b5dbd1ea8843769f7fc1d33deb3c78b7e7c832322c0ef23f225f29c9e7a,,GWHPBECS040978	mRNA=GWHTBECS040992	Gene=GWHGBECS040992	Position=GWHBECS00000006: 327761173-327762468: -	Frame=0	OriID=Ebr06G041400.1	OriTrascriptID=Ebr06G041400.1	transl_table=1	OriGeneID=Ebr06G041400	OriSeqID=Chr06,431,431,1152,431x1152,float16,embeddings/33429b5dbd1ea8843769f7fc1d33deb3c78b7e7c832322c0ef23f225f29c9e7a.pt,/data/jnz/esmc-600m/data/weights/esmc_600m_2024_12_v0.pth,ok,
7e4507cc1a93515ead7693e923dda42c35a917762e95a459481a3c8dff55abfa,,"GWHPBECS041035	mRNA=GWHTBECS041049	Gene=GWHGBECS041049	Position=GWHBECS00000006: 333163127-333163631, 333163727-333164670: +	Frame=0	OriID=Ebr06G041970.1	OriTrascriptID=Ebr06G041970.1	transl_table=1	OriGeneID=Ebr06G041970	OriSeqID=Chr06",482,482,1152,482x1152,float16,embeddings/7e4507cc1a93515ead7693e923dda42c35a917762e95a459481a3c8dff55abfa.pt,/data/jnz/esmc-600m/data/weights/esmc_600m_2024_12_v0.pth,ok,
1effd0e1b7cd7b341c031b18b025847d4dbb63e8798989d6ee255bd2ec1c4e6c,,"GWHPBECS041038	mRNA=GWHTBECS041052	Gene=GWHGBECS041052	Position=GWHBECS00000006: 333248835-333249339, 333249435-333250378: +	Frame=0	OriID=Ebr06G042000.1	OriTrascriptID=Ebr06G042000.1	transl_table=1	OriGeneID=Ebr06G042000	OriSeqID=Chr06",482,482,1152,482x1152,float16,embeddings/1effd0e1b7cd7b341c031b18b025847d4dbb63e8798989d6ee255bd2ec1c4e6c.pt,/data/jnz/esmc-600m/data/weights/esmc_600m_2024_12_v0.pth,ok,
50abe09304d61855b52c17a04f1a15554db85dbea3b9af83f1b16539ff85786a,,"GWHPBECS041068	mRNA=GWHTBECS041082	Gene=GWHGBECS041082	Position=GWHBECS00000006: 336374750-336374887, 336374981-336375073, 336375125-336375173, 336386241-336386626, 336386758-336387066, 336387141-336387400, 336387461-336387568, 336387681-336387794, 336387894-336388098: -	Frame=0	OriID=Ebr06G042300.1	OriTrascriptID=Ebr06G042300.1	transl_table=1	OriGeneID=Ebr06G042300	OriSeqID=Chr06",553,553,1152,553x1152,float16,embeddings/50abe09304d61855b52c17a04f1a15554db85dbea3b9af83f1b16539ff85786a.pt,/data/jnz/esmc-600m/data/weights/esmc_600m_2024_12_v0.pth,ok,
a7ead5b3f11176f07110522a0d8c56940532ef0482b51fda7e74519e38d9c65b,,GWHPBECS041126	mRNA=GWHTBECS041140	Gene=GWHGBECS041140	Position=GWHBECS00000006: 340676086-340677162: -	Frame=0	OriID=Ebr06G042880.1	OriTrascriptID=Ebr06G042880.1	transl_table=1	OriGeneID=Ebr06G042880	OriSeqID=Chr06,358,358,1152,358x1152,float16,embeddings/a7ead5b3f11176f07110522a0d8c56940532ef0482b51fda7e74519e38d9c65b.pt,/data/jnz/esmc-600m/data/weights/esmc_600m_2024_12_v0.pth,ok,
fa5740a2b18c5fdbce2b27afb2cf0df867cd0cfd66fa06e5032bfd85d049dedd,,"GWHPBECS041157	mRNA=GWHTBECS041171	Gene=GWHGBECS041171	Position=GWHBECS00000006: 342743049-342743862, 342744066-342744451: -	Frame=0	OriID=Ebr06G043190.1	OriTrascriptID=Ebr06G043190.1	transl_table=1	OriGeneID=Ebr06G043190	OriSeqID=Chr06",399,399,1152,399x1152,float16,embeddings/fa5740a2b18c5fdbce2b27afb2cf0df867cd0cfd66fa06e5032bfd85d049dedd.pt,/data/jnz/esmc-600m/data/weights/esmc_600m_2024_12_v0.pth,ok,
1f8ff761e1bf1e618839becdaded38bf27dc3d963ada1fd570bc46f4b2a8ef29,,GWHPBECS041158	mRNA=GWHTBECS041172	Gene=GWHGBECS041172	Position=GWHBECS00000006: 342748640-342749341: -	Frame=0	OriID=Ebr06G043200.1	OriTrascriptID=Ebr06G043200.1	transl_table=1	OriGeneID=Ebr06G043200	OriSeqID=Chr06,233,233,1152,233x1152,float16,embeddings/1f8ff761e1bf1e618839becdaded38bf27dc3d963ada1fd570bc46f4b2a8ef29.pt,/data/jnz/esmc-600m/data/weights/esmc_600m_2024_12_v0.pth,ok,
bc25b3ac8e725f3c12388cfeecf5423e5edaac07aad677de41f6e7da359d71ba,,GWHPBECS041159	mRNA=GWHTBECS041173	Gene=GWHGBECS041173	Position=GWHBECS00000006: 342765377-342766078: -	Frame=0	OriID=Ebr06G043210.1	OriTrascriptID=Ebr06G043210.1	transl_table=1	OriGeneID=Ebr06G043210	OriSeqID=Chr06,233,233,1152,233x1152,float16,embeddings/bc25b3ac8e725f3c12388cfeecf5423e5edaac07aad677de41f6e7da359d71ba.pt,/data/jnz/esmc-600m/data/weights/esmc_600m_2024_12_v0.pth,ok,
3519418ba47bf722957f9056a364216e63ebf02fad7853f8f6286576d6188c8d,,GWHPBECS041160	mRNA=GWHTBECS041174	Gene=GWHGBECS041174	Position=GWHBECS00000006: 342770964-342771665: -	Frame=0	OriID=Ebr06G043220.1	OriTrascriptID=Ebr06G043220.1	transl_table=1	OriGeneID=Ebr06G043220	OriSeqID=Chr06,233,233,1152,233x1152,float16,embeddings/3519418ba47bf722957f9056a364216e63ebf02fad7853f8f6286576d6188c8d.pt,/data/jnz/esmc-600m/data/weights/esmc_600m_2024_12_v0.pth,ok,
c8676ba3adad258e4715588a683685f269d7251408816567bb64bae816473cb2,,"GWHPBECS041166	mRNA=GWHTBECS041180	Gene=GWHGBECS041180	Position=GWHBECS00000006: 343572132-343572683, 343572704-343572787, 343573562-343574290: -	Frame=0	OriID=Ebr06G043280.1	OriTrascriptID=Ebr06G043280.1	transl_table=1	OriGeneID=Ebr06G043280	OriSeqID=Chr06",454,454,1152,454x1152,float16,embeddings/c8676ba3adad258e4715588a683685f269d7251408816567bb64bae816473cb2.pt,/data/jnz/esmc-600m/data/weights/esmc_600m_2024_12_v0.pth,ok,
0d1cf388d4056d99a087d6101e212a6a8e16c85baa6451a12fd21c6bb1083b84,,GWHPBECS041167	mRNA=GWHTBECS041181	Gene=GWHGBECS041181	Position=GWHBECS00000006: 343578615-343580018: -	Frame=0	OriID=Ebr06G043290.1	OriTrascriptID=Ebr06G043290.1	transl_table=1	OriGeneID=Ebr06G043290	OriSeqID=Chr06,467,467,1152,467x1152,float16,embeddings/0d1cf388d4056d99a087d6101e212a6a8e16c85baa6451a12fd21c6bb1083b84.pt,/data/jnz/esmc-600m/data/weights/esmc_600m_2024_12_v0.pth,ok,
df61e413894211991c938bc36c62a149ebd2f2c4adadce0106f1682b7115b86a,,"GWHPBECS041168	mRNA=GWHTBECS041182	Gene=GWHGBECS041182	Position=GWHBECS00000006: 343595081-343595566, 343596396-343597103: -	Frame=0	OriID=Ebr06G043300.1	OriTrascriptID=Ebr06G043300.1	transl_table=1	OriGeneID=Ebr06G043300	OriSeqID=Chr06",397,397,1152,397x1152,float16,embeddings/df61e413894211991c938bc36c62a149ebd2f2c4adadce0106f1682b7115b86a.pt,/data/jnz/esmc-600m/data/weights/esmc_600m_2024_12_v0.pth,ok,
4f875562ce60fc13a805d770f82c63e92433a1fee093b8c1e2c360cedc7a13b5,,GWHPBECS041169	mRNA=GWHTBECS041183	Gene=GWHGBECS041183	Position=GWHBECS00000006: 343606863-343607564: -	Frame=0	OriID=Ebr06G043310.1	OriTrascriptID=Ebr06G043310.1	transl_table=1	OriGeneID=Ebr06G043310	OriSeqID=Chr06,233,233,1152,233x1152,float16,embeddings/4f875562ce60fc13a805d770f82c63e92433a1fee093b8c1e2c360cedc7a13b5.pt,/data/jnz/esmc-600m/data/weights/esmc_600m_2024_12_v0.pth,ok,
2610aeb1e13c0e06d839b4c526b9f021d61fc9bdf2a8bd6923d11090f55a1d57,,"GWHPBECS041170	mRNA=GWHTBECS041184	Gene=GWHGBECS041184	Position=GWHBECS00000006: 343612441-343613037, 343613535-343613834: -	Frame=0	OriID=Ebr06G043320.1	OriTrascriptID=Ebr06G043320.1	transl_table=1	OriGeneID=Ebr06G043320	OriSeqID=Chr06",298,298,1152,298x1152,float16,embeddings/2610aeb1e13c0e06d839b4c526b9f021d61fc9bdf2a8bd6923d11090f55a1d57.pt,/data/jnz/esmc-600m/data/weights/esmc_600m_2024_12_v0.pth,ok,
75875b6be985d037b362e751c3dcd73bec5dc2577ee5617eace65668f55802af,,GWHPBECS041171	mRNA=GWHTBECS041185	Gene=GWHGBECS041185	Position=GWHBECS00000006: 343643825-343644430: -	Frame=0	OriID=Ebr06G043330.1	OriTrascriptID=Ebr06G043330.1	transl_table=1	OriGeneID=Ebr06G043330	OriSeqID=Chr06,201,201,1152,201x1152,float16,embeddings/75875b6be985d037b362e751c3dcd73bec5dc2577ee5617eace65668f55802af.pt,/data/jnz/esmc-600m/data/weights/esmc_600m_2024_12_v0.pth,ok,
0a5973909617b08a3e674f3fe9a6e550d73fd8a3c093624f5638bf3dcc82fe04,,GWHPBECS041172	mRNA=GWHTBECS041186	Gene=GWHGBECS041186	Position=GWHBECS00000006: 343658609-343659214: -	Frame=0	OriID=Ebr06G043340.1	OriTrascriptID=Ebr06G043340.1	transl_table=1	OriGeneID=Ebr06G043340	OriSeqID=Chr06,201,201,1152,201x1152,float16,embeddings/0a5973909617b08a3e674f3fe9a6e550d73fd8a3c093624f5638bf3dcc82fe04.pt,/data/jnz/esmc-600m/data/weights/esmc_600m_2024_12_v0.pth,ok,
4bc4a5671da7b68edbd43d8e8698a6dc5182cd1f2842d18612299530618f2863,,"GWHPBECS041202	mRNA=GWHTBECS041216	Gene=GWHGBECS041216	Position=GWHBECS00000006: 345905942-345906744, 345906899-345907082, 345907131-345907310: -	Frame=0	OriID=Ebr06G043640.1	OriTrascriptID=Ebr06G043640.1	transl_table=1	OriGeneID=Ebr06G043640	OriSeqID=Chr06",388,388,1152,388x1152,float16,embeddings/4bc4a5671da7b68edbd43d8e8698a6dc5182cd1f2842d18612299530618f2863.pt,/data/jnz/esmc-600m/data/weights/esmc_600m_2024_12_v0.pth,ok,
c85f50c9512fc52b4c5af430ccff301620d6c40b5fbb1fae6cd7231a8c80de3c,,GWHPBECS041203	mRNA=GWHTBECS041217	Gene=GWHGBECS041217	Position=GWHBECS00000006: 345909614-345910990: -	Frame=0	OriID=Ebr06G043650.1	OriTrascriptID=Ebr06G043650.1	transl_table=1	OriGeneID=Ebr06G043650	OriSeqID=Chr06,458,458,1152,458x1152,float16,embeddings/c85f50c9512fc52b4c5af430ccff301620d6c40b5fbb1fae6cd7231a8c80de3c.pt,/data/jnz/esmc-600m/data/weights/esmc_600m_2024_12_v0.pth,ok,
1310890a5c99c1d9d1516b765a02442cdfc2fde4d7a5f96fbbd8b1316f4ecbd0,,GWHPBECS041207	mRNA=GWHTBECS041221	Gene=GWHGBECS041221	Position=GWHBECS00000006: 346031497-346032876: -	Frame=0	OriID=Ebr06G043690.1	OriTrascriptID=Ebr06G043690.1	transl_table=1	OriGeneID=Ebr06G043690	OriSeqID=Chr06,459,459,1152,459x1152,float16,embeddings/1310890a5c99c1d9d1516b765a02442cdfc2fde4d7a5f96fbbd8b1316f4ecbd0.pt,/data/jnz/esmc-600m/data/weights/esmc_600m_2024_12_v0.pth,ok,
f5f50fd15da49bf041000c909f9bb8a12f8faa1c05a7516b785f45425927f930,,GWHPBECS041208	mRNA=GWHTBECS041222	Gene=GWHGBECS041222	Position=GWHBECS00000006: 346061449-346062549: -	Frame=0	OriID=Ebr06G043700.1	OriTrascriptID=Ebr06G043700.1	transl_table=1	OriGeneID=Ebr06G043700	OriSeqID=Chr06,366,366,1152,366x1152,float16,embeddings/f5f50fd15da49bf041000c909f9bb8a12f8faa1c05a7516b785f45425927f930.pt,/data/jnz/esmc-600m/data/weights/esmc_600m_2024_12_v0.pth,ok,
9c027a6c38128bd69d08ee34217b7c0baf52c621299f932bc25c64b42ad55768,,"GWHPBECS041209	mRNA=GWHTBECS041223	Gene=GWHGBECS041223	Position=GWHBECS00000006: 346093012-346094082, 346094149-346094409: -	Frame=0	OriID=Ebr06G043710.1	OriTrascriptID=Ebr06G043710.1	transl_table=1	OriGeneID=Ebr06G043710	OriSeqID=Chr06",443,443,1152,443x1152,float16,embeddings/9c027a6c38128bd69d08ee34217b7c0baf52c621299f932bc25c64b42ad55768.pt,/data/jnz/esmc-600m/data/weights/esmc_600m_2024_12_v0.pth,ok,
48c16971a705b291e4fc156b9c1b30ea3c9e16aa63644acc29113e46f18d1f02,,"GWHPBECS041210	mRNA=GWHTBECS041224	Gene=GWHGBECS041224	Position=GWHBECS00000006: 346103959-346104864, 346105009-346105488: -	Frame=0	OriID=Ebr06G043720.1	OriTrascriptID=Ebr06G043720.1	transl_table=1	OriGeneID=Ebr06G043720	OriSeqID=Chr06",461,461,1152,461x1152,float16,embeddings/48c16971a705b291e4fc156b9c1b30ea3c9e16aa63644acc29113e46f18d1f02.pt,/data/jnz/esmc-600m/data/weights/esmc_600m_2024_12_v0.pth,ok,
a43a41266bbb40de6821be61895c38a4664b66d419b4bcb63e3bd874390e4d5b,,GWHPBECS041243	mRNA=GWHTBECS041257	Gene=GWHGBECS041257	Position=GWHBECS00000006: 347343388-347344764: -	Frame=0	OriID=Ebr06G044050.1	OriTrascriptID=Ebr06G044050.1	transl_table=1	OriGeneID=Ebr06G044050	OriSeqID=Chr06,458,458,1152,458x1152,float16,embeddings/a43a41266bbb40de6821be61895c38a4664b66d419b4bcb63e3bd874390e4d5b.pt,/data/jnz/esmc-600m/data/weights/esmc_600m_2024_12_v0.pth,ok,
24d10936aa70e0c7812e4ffab13bbdc1c86ac772ddb43067230be8b306833db2,,GWHPBECS041244	mRNA=GWHTBECS041258	Gene=GWHGBECS041258	Position=GWHBECS00000006: 347361346-347362722: -	Frame=0	OriID=Ebr06G044060.1	OriTrascriptID=Ebr06G044060.1	transl_table=1	OriGeneID=Ebr06G044060	OriSeqID=Chr06,458,458,1152,458x1152,float16,embeddings/24d10936aa70e0c7812e4ffab13bbdc1c86ac772ddb43067230be8b306833db2.pt,/data/jnz/esmc-600m/data/weights/esmc_600m_2024_12_v0.pth,ok,
a3d35ca35c04a303f9e8af3739b5e23e2d2d1bd47327480417c738dbf8879bf2,,GWHPBECS041245	mRNA=GWHTBECS041259	Gene=GWHGBECS041259	Position=GWHBECS00000006: 347368077-347369459: -	Frame=0	OriID=Ebr06G044070.1	OriTrascriptID=Ebr06G044070.1	transl_table=1	OriGeneID=Ebr06G044070	OriSeqID=Chr06,460,460,1152,460x1152,float16,embeddings/a3d35ca35c04a303f9e8af3739b5e23e2d2d1bd47327480417c738dbf8879bf2.pt,/data/jnz/esmc-600m/data/weights/esmc_600m_2024_12_v0.pth,ok,
a3d35ca35c04a303f9e8af3739b5e23e2d2d1bd47327480417c738dbf8879bf2,,GWHPBECS041246	mRNA=GWHTBECS041260	Gene=GWHGBECS041260	Position=GWHBECS00000006: 347374802-347376184: -	Frame=0	OriID=Ebr06G044080.1	OriTrascriptID=Ebr06G044080.1	transl_table=1	OriGeneID=Ebr06G044080	OriSeqID=Chr06,460,460,1152,460x1152,float16,embeddings/a3d35ca35c04a303f9e8af3739b5e23e2d2d1bd47327480417c738dbf8879bf2.pt,/data/jnz/esmc-600m/data/weights/esmc_600m_2024_12_v0.pth,skipped_exists,
a3d35ca35c04a303f9e8af3739b5e23e2d2d1bd47327480417c738dbf8879bf2,,GWHPBECS041247	mRNA=GWHTBECS041261	Gene=GWHGBECS041261	Position=GWHBECS00000006: 347381545-347382927: -	Frame=0	OriID=Ebr06G044090.1	OriTrascriptID=Ebr06G044090.1	transl_table=1	OriGeneID=Ebr06G044090	OriSeqID=Chr06,460,460,1152,460x1152,float16,embeddings/a3d35ca35c04a303f9e8af3739b5e23e2d2d1bd47327480417c738dbf8879bf2.pt,/data/jnz/esmc-600m/data/weights/esmc_600m_2024_12_v0.pth,skipped_exists,
99df28fca2148d8be3475c02e8c3bae1bc1af55bc9fb55b564371ba06d9f3d46,,"GWHPBECS041248	mRNA=GWHTBECS041262	Gene=GWHGBECS041262	Position=GWHBECS00000006: 347388687-347389492, 347389652-347389835, 347402227-347402406: -	Frame=0	OriID=Ebr06G044100.1	OriTrascriptID=Ebr06G044100.1	transl_table=1	OriGeneID=Ebr06G044100	OriSeqID=Chr06",389,389,1152,389x1152,float16,embeddings/99df28fca2148d8be3475c02e8c3bae1bc1af55bc9fb55b564371ba06d9f3d46.pt,/data/jnz/esmc-600m/data/weights/esmc_600m_2024_12_v0.pth,ok,
45e1c25b3ea0025d04238eb65c4fbe1f5e555a4532be7bf5ff1b96a64e7bffc3,,GWHPBECS041249	mRNA=GWHTBECS041263	Gene=GWHGBECS041263	Position=GWHBECS00000006: 347451237-347452616: +	Frame=0	OriID=Ebr06G044110.1	OriTrascriptID=Ebr06G044110.1	transl_table=1	OriGeneID=Ebr06G044110	OriSeqID=Chr06,459,459,1152,459x1152,float16,embeddings/45e1c25b3ea0025d04238eb65c4fbe1f5e555a4532be7bf5ff1b96a64e7bffc3.pt,/data/jnz/esmc-600m/data/weights/esmc_600m_2024_12_v0.pth,ok,
b979adfd8239364560d618c017a8ee1c7a1c503bdf762fa8b3d78923db50be96,,"GWHPBECS041253	mRNA=GWHTBECS041267	Gene=GWHGBECS041267	Position=GWHBECS00000006: 347613755-347614176, 347614210-347615134: +	Frame=0	OriID=Ebr06G044150.1	OriTrascriptID=Ebr06G044150.1	transl_table=1	OriGeneID=Ebr06G044150	OriSeqID=Chr06",448,448,1152,448x1152,float16,embeddings/b979adfd8239364560d618c017a8ee1c7a1c503bdf762fa8b3d78923db50be96.pt,/data/jnz/esmc-600m/data/weights/esmc_600m_2024_12_v0.pth,ok,
def114c3867eae94031a30342a28f2519f9295e33cc7810e1be063bb26fcd5ba,,"GWHPBECS041258	mRNA=GWHTBECS041272	Gene=GWHGBECS041272	Position=GWHBECS00000006: 347917373-347917675, 347918257-347918928: +	Frame=0	OriID=Ebr06G044200.1	OriTrascriptID=Ebr06G044200.1	transl_table=1	OriGeneID=Ebr06G044200	OriSeqID=Chr06",324,324,1152,324x1152,float16,embeddings/def114c3867eae94031a30342a28f2519f9295e33cc7810e1be063bb26fcd5ba.pt,/data/jnz/esmc-600m/data/weights/esmc_600m_2024_12_v0.pth,ok,
d109007406b5cc39648da22467c9d4ead372faadc58577814776575099a15f0b,,GWHPBECS041259	mRNA=GWHTBECS041273	Gene=GWHGBECS041273	Position=GWHBECS00000006: 348015581-348016957: +	Frame=0	OriID=Ebr06G044210.1	OriTrascriptID=Ebr06G044210.1	transl_table=1	OriGeneID=Ebr06G044210	OriSeqID=Chr06,458,458,1152,458x1152,float16,embeddings/d109007406b5cc39648da22467c9d4ead372faadc58577814776575099a15f0b.pt,/data/jnz/esmc-600m/data/weights/esmc_600m_2024_12_v0.pth,ok,
039615cf0ac5823bd5c442ed98ef330e7decf0fc524329658a1072cea56ca82a,,GWHPBECS041263	mRNA=GWHTBECS041277	Gene=GWHGBECS041277	Position=GWHBECS00000006: 348270935-348272311: +	Frame=0	OriID=Ebr06G044250.1	OriTrascriptID=Ebr06G044250.1	transl_table=1	OriGeneID=Ebr06G044250	OriSeqID=Chr06,458,458,1152,458x1152,float16,embeddings/039615cf0ac5823bd5c442ed98ef330e7decf0fc524329658a1072cea56ca82a.pt,/data/jnz/esmc-600m/data/weights/esmc_600m_2024_12_v0.pth,ok,
2df5057aef28361b18a08769b2b8ad9b0a43fe6f834b90a2bc23f747be0ddf1b,,GWHPBECS041265	mRNA=GWHTBECS041279	Gene=GWHGBECS041279	Position=GWHBECS00000006: 348451224-348452015: +	Frame=0	OriID=Ebr06G044270.1	OriTrascriptID=Ebr06G044270.1	transl_table=1	OriGeneID=Ebr06G044270	OriSeqID=Chr06,263,263,1152,263x1152,float16,embeddings/2df5057aef28361b18a08769b2b8ad9b0a43fe6f834b90a2bc23f747be0ddf1b.pt,/data/jnz/esmc-600m/data/weights/esmc_600m_2024_12_v0.pth,ok,
504e8a84bd656420e3a6cce97477e2f95563a0fd68c59b107526b1be2eddda47,,"GWHPBECS041267	mRNA=GWHTBECS041281	Gene=GWHGBECS041281	Position=GWHBECS00000006: 348502562-348502766, 348502934-348503337: +	Frame=0	OriID=Ebr06G044290.1	OriTrascriptID=Ebr06G044290.1	transl_table=1	OriGeneID=Ebr06G044290	OriSeqID=Chr06",202,202,1152,202x1152,float16,embeddings/504e8a84bd656420e3a6cce97477e2f95563a0fd68c59b107526b1be2eddda47.pt,/data/jnz/esmc-600m/data/weights/esmc_600m_2024_12_v0.pth,ok,
f344c519d2f35c8f551a80ca9ece51d3f4daa9d6af1e271260402aca8327cd69,,GWHPBECS041304	mRNA=GWHTBECS041318	Gene=GWHGBECS041318	Position=GWHBECS00000006: 351380608-351381978: +	Frame=0	OriID=Ebr06G044660.1	OriTrascriptID=Ebr06G044660.1	transl_table=1	OriGeneID=Ebr06G044660	OriSeqID=Chr06,456,456,1152,456x1152,float16,embeddings/f344c519d2f35c8f551a80ca9ece51d3f4daa9d6af1e271260402aca8327cd69.pt,/data/jnz/esmc-600m/data/weights/esmc_600m_2024_12_v0.pth,ok,
323bb8273c2355ac89e49223ae331ec3bec9dd9548ffa1dd5872941156e3ca8f,,GWHPBECS041305	mRNA=GWHTBECS041319	Gene=GWHGBECS041319	Position=GWHBECS00000006: 351439483-351440853: -	Frame=0	OriID=Ebr06G044670.1	OriTrascriptID=Ebr06G044670.1	transl_table=1	OriGeneID=Ebr06G044670	OriSeqID=Chr06,456,456,1152,456x1152,float16,embeddings/323bb8273c2355ac89e49223ae331ec3bec9dd9548ffa1dd5872941156e3ca8f.pt,/data/jnz/esmc-600m/data/weights/esmc_600m_2024_12_v0.pth,ok,
76222fd99e1c854d392c2efe981a2ff5ee4df9423b749313495c95d55fb540d1,,"GWHPBECS041332	mRNA=GWHTBECS041346	Gene=GWHGBECS041346	Position=GWHBECS00000006: 354761488-354762318, 354762345-354762866: +	Frame=0	OriID=Ebr06G044940.1	OriTrascriptID=Ebr06G044940.1	transl_table=1	OriGeneID=Ebr06G044940	OriSeqID=Chr06",450,450,1152,450x1152,float16,embeddings/76222fd99e1c854d392c2efe981a2ff5ee4df9423b749313495c95d55fb540d1.pt,/data/jnz/esmc-600m/data/weights/esmc_600m_2024_12_v0.pth,ok,
133fa930f21ee27e08f905a0976d641e5f6aad5f78bfe01d93202648831815bd,,"GWHPBECS041337	mRNA=GWHTBECS041351	Gene=GWHGBECS041351	Position=GWHBECS00000006: 355005432-355005940, 355006009-355006810: -	Frame=0	OriID=Ebr06G044990.1	OriTrascriptID=Ebr06G044990.1	transl_table=1	OriGeneID=Ebr06G044990	OriSeqID=Chr06",436,436,1152,436x1152,float16,embeddings/133fa930f21ee27e08f905a0976d641e5f6aad5f78bfe01d93202648831815bd.pt,/data/jnz/esmc-600m/data/weights/esmc_600m_2024_12_v0.pth,ok,
84115b638bace656cee8494d05def9e31afd619fbccc209b12acb35553cde48e,,GWHPBECS041382	mRNA=GWHTBECS041396	Gene=GWHGBECS041396	Position=GWHBECS00000006: 357437157-357438527: +	Frame=0	OriID=Ebr06G045440.1	OriTrascriptID=Ebr06G045440.1	transl_table=1	OriGeneID=Ebr06G045440	OriSeqID=Chr06,456,456,1152,456x1152,float16,embeddings/84115b638bace656cee8494d05def9e31afd619fbccc209b12acb35553cde48e.pt,/data/jnz/esmc-600m/data/weights/esmc_600m_2024_12_v0.pth,ok,
0de01d372bd504c5414a02613c7ffcb58ca2a4efd7593d0cd14b82e13eef2c4e,,"GWHPBECS041459	mRNA=GWHTBECS041473	Gene=GWHGBECS041473	Position=GWHBECS00000006: 362231059-362231119, 362232363-362232443, 362233431-362233502, 362235002-362235053, 362235671-362236730, 362237002-362237607, 362237644-362238189, 362238230-362238256, 362238319-362238791, 362238843-362241066: +	Frame=0	OriID=Ebr06G046210.1	OriTrascriptID=Ebr06G046210.1	transl_table=1	OriGeneID=Ebr06G046210	OriSeqID=Chr06",1733,1733,1152,1733x1152,float16,embeddings/0de01d372bd504c5414a02613c7ffcb58ca2a4efd7593d0cd14b82e13eef2c4e.pt,/data/jnz/esmc-600m/data/weights/esmc_600m_2024_12_v0.pth,ok,
6e4eae5246d24f21b3115cd1dc2169a89a43b3c6a7a4aeec451697dbc0a16702,,"GWHPBECS041489	mRNA=GWHTBECS041503	Gene=GWHGBECS041503	Position=GWHBECS00000006: 365259595-365260097, 365285935-365286050, 365286140-365286215, 365286306-365286861: -	Frame=0	OriID=Ebr06G046510.1	OriTrascriptID=Ebr06G046510.1	transl_table=1	OriGeneID=Ebr06G046510	OriSeqID=Chr06",416,416,1152,416x1152,float16,embeddings/6e4eae5246d24f21b3115cd1dc2169a89a43b3c6a7a4aeec451697dbc0a16702.pt,/data/jnz/esmc-600m/data/weights/esmc_600m_2024_12_v0.pth,ok,
42b9479c7d86b0708819f093241315c2090bdfdfa1efa22f1c196a03552dc8dd,,GWHPBECS041598	mRNA=GWHTBECS041612	Gene=GWHGBECS041612	Position=GWHBECS00000006: 372542346-372543758: -	Frame=0	OriID=Ebr06G047600.1	OriTrascriptID=Ebr06G047600.1	transl_table=1	OriGeneID=Ebr06G047600	OriSeqID=Chr06,470,470,1152,470x1152,float16,embeddings/42b9479c7d86b0708819f093241315c2090bdfdfa1efa22f1c196a03552dc8dd.pt,/data/jnz/esmc-600m/data/weights/esmc_600m_2024_12_v0.pth,ok,
b5e6e94cf4abcd0971615587a5ac09f308cb723b4b5131987450389f04115a4b,,"GWHPBECS041606	mRNA=GWHTBECS041620	Gene=GWHGBECS041620	Position=GWHBECS00000006: 373754941-373755022, 373755281-373755360, 373755473-373755616, 373755712-373755862, 373756015-373756042, 373756397-373756451, 373756483-373756563, 373756764-373756827, 373756955-373756968, 373757057-373757141, 373777079-373777182, 373777290-373777428, 373789195-373789313, 373789409-373789561, 373789654-373789743, 373809645-373809722, 373810361-373810519, 373818286-373818489, 373820666-373820871, 373821688-373821823, 373821895-373822024, 373822113-373822259, 373822348-373822463, 373827620-373827820, 373841689-373842222: +	Frame=0	OriID=Ebr06G047680.1	OriTrascriptID=Ebr06G047680.1	transl_table=1	OriGeneID=Ebr06G047680	OriSeqID=Chr06",1099,1099,1152,1099x1152,float16,embeddings/b5e6e94cf4abcd0971615587a5ac09f308cb723b4b5131987450389f04115a4b.pt,/data/jnz/esmc-600m/data/weights/esmc_600m_2024_12_v0.pth,ok,
1a99260d5aae5cd4140fcdca350a50c913a8e3e305476ec21f0940e2f34dc706,,"GWHPBECS041627	mRNA=GWHTBECS041641	Gene=GWHGBECS041641	Position=GWHBECS00000006: 375056078-375056346, 375056554-375056699, 375056822-375056949, 375056980-375057223, 375057736-375057823, 375057972-375058072, 375058314-375058504, 375058686-375058775: -	Frame=0	OriID=Ebr06G047890.1	OriTrascriptID=Ebr06G047890.1	transl_table=1	OriGeneID=Ebr06G047890	OriSeqID=Chr06",418,418,1152,418x1152,float16,embeddings/1a99260d5aae5cd4140fcdca350a50c913a8e3e305476ec21f0940e2f34dc706.pt,/data/jnz/esmc-600m/data/weights/esmc_600m_2024_12_v0.pth,ok,
96a8d8000aa5257fe3fd5aa26e29726e5c55721974f195149dc501e3686c5b8a,,"GWHPBECS041656	mRNA=GWHTBECS041670	Gene=GWHGBECS041670	Position=GWHBECS00000006: 377085492-377085729, 377085817-377085962: -	Frame=0	OriID=Ebr06G048180.1	OriTrascriptID=Ebr06G048180.1	transl_table=1	OriGeneID=Ebr06G048180	OriSeqID=Chr06",127,127,1152,127x1152,float16,embeddings/96a8d8000aa5257fe3fd5aa26e29726e5c55721974f195149dc501e3686c5b8a.pt,/data/jnz/esmc-600m/data/weights/esmc_600m_2024_12_v0.pth,ok,
1f070cadedf234f6c0b333f130fff56d33ed0f527b493d7163536b8f3026cafb,,"GWHPBECS041763	mRNA=GWHTBECS041777	Gene=GWHGBECS041777	Position=GWHBECS00000006: 387116804-387116932, 387141189-387141443, 387141639-387141726, 387141817-387141899, 387142903-387142986, 387143741-387144760: -	Frame=0	OriID=Ebr06G049250.1	OriTrascriptID=Ebr06G049250.1	transl_table=1	OriGeneID=Ebr06G049250	OriSeqID=Chr06",552,552,1152,552x1152,float16,embeddings/1f070cadedf234f6c0b333f130fff56d33ed0f527b493d7163536b8f3026cafb.pt,/data/jnz/esmc-600m/data/weights/esmc_600m_2024_12_v0.pth,ok,
1f463b2392874e145e1245fa038d2c72b84e38f38e112a9498fce3536b2b49e8,,"GWHPBECS041862	mRNA=GWHTBECS041876	Gene=GWHGBECS041876	Position=GWHBECS00000006: 393221117-393221254, 393223376-393223708: +	Frame=0	OriID=Ebr06G050240.1	OriTrascriptID=Ebr06G050240.1	transl_table=1	OriGeneID=Ebr06G050240	OriSeqID=Chr06",156,156,1152,156x1152,float16,embeddings/1f463b2392874e145e1245fa038d2c72b84e38f38e112a9498fce3536b2b49e8.pt,/data/jnz/esmc-600m/data/weights/esmc_600m_2024_12_v0.pth,ok,
c9f3d7f0f9a344214a3e8566aabde632373a5ba8c04ff6b9bca54f80c4264dba,,"GWHPBECS041992	mRNA=GWHTBECS042006	Gene=GWHGBECS042006	Position=GWHBECS00000006: 402534745-402534897, 402534987-402535053, 402535370-402535428, 402535528-402535603, 402535710-402535784, 402535904-402535991, 402536111-402536206, 402536251-402536362, 402536540-402536655, 402536739-402536994, 402537073-402537175, 402537269-402537377, 402537464-402537677: +	Frame=0	OriID=Ebr06G051540.1	OriTrascriptID=Ebr06G051540.1	transl_table=1	OriGeneID=Ebr06G051540	OriSeqID=Chr06",507,507,1152,507x1152,float16,embeddings/c9f3d7f0f9a344214a3e8566aabde632373a5ba8c04ff6b9bca54f80c4264dba.pt,/data/jnz/esmc-600m/data/weights/esmc_600m_2024_12_v0.pth,ok,
2e863dbbddbaa16c98f722d9daeef87fbc323b18c448904fbd4fc0a171596ada,,"GWHPBECS042000	mRNA=GWHTBECS042014	Gene=GWHGBECS042014	Position=GWHBECS00000006: 403239837-403240056, 403240141-403240249, 403240324-403240426, 403240511-403240766, 403240854-403240969, 403241079-403241331, 403241406-403241493, 403247289-403247363, 403247630-403247705, 403247805-403247863, 403248308-403248374, 403248469-403248618: -	Frame=0	OriID=Ebr06G051620.1	OriTrascriptID=Ebr06G051620.1	transl_table=1	OriGeneID=Ebr06G051620	OriSeqID=Chr06",523,523,1152,523x1152,float16,embeddings/2e863dbbddbaa16c98f722d9daeef87fbc323b18c448904fbd4fc0a171596ada.pt,/data/jnz/esmc-600m/data/weights/esmc_600m_2024_12_v0.pth,ok,
1ef58d918b3e77ebf951c55c40f7d4207cdef82b8888e78611264ab0a9541760,,"GWHPBECS042001	mRNA=GWHTBECS042015	Gene=GWHGBECS042015	Position=GWHBECS00000006: 403255659-403255878, 403255964-403256072, 403256147-403256249, 403256320-403256575, 403256661-403257029, 403257123-403257210, 403265218-403265292, 403265520-403265595, 403265698-403265756, 403265831-403265897, 403265971-403266105: -	Frame=0	OriID=Ebr06G051630.1	OriTrascriptID=Ebr06G051630.1	transl_table=1	OriGeneID=Ebr06G051630	OriSeqID=Chr06",518,518,1152,518x1152,float16,embeddings/1ef58d918b3e77ebf951c55c40f7d4207cdef82b8888e78611264ab0a9541760.pt,/data/jnz/esmc-600m/data/weights/esmc_600m_2024_12_v0.pth,ok,
651734adaaffac67e6e36fa1c41ab9be221c8013c1fe7cbd7d621fa327f82ea1,,"GWHPBECS042033	mRNA=GWHTBECS042047	Gene=GWHGBECS042047	Position=GWHBECS00000006: 406052293-406052340, 406052406-406052429, 406052765-406052855, 406053099-406053741, 406053810-406053870, 406053991-406054250, 406054342-406054413, 406054664-406054913: +	Frame=0	OriID=Ebr06G051950.1	OriTrascriptID=Ebr06G051950.1	transl_table=1	OriGeneID=Ebr06G051950	OriSeqID=Chr06",482,482,1152,482x1152,float16,embeddings/651734adaaffac67e6e36fa1c41ab9be221c8013c1fe7cbd7d621fa327f82ea1.pt,/data/jnz/esmc-600m/data/weights/esmc_600m_2024_12_v0.pth,ok,
85c6c750c1bd451570c842bdcd6def9e50b780b33e2b3f02d0d6b188cce3ee16,,"GWHPBECS042082	mRNA=GWHTBECS042096	Gene=GWHGBECS042096	Position=GWHBECS00000006: 409238938-409239089, 409241395-409241504, 409241620-409241745, 409241826-409241913, 409266078-409266198, 409266300-409266372, 409277641-409277704, 409277807-409278018, 409278100-409278164, 409279966-409280062, 409291777-409291892: -	Frame=0	OriID=Ebr06G052440.1	OriTrascriptID=Ebr06G052440.1	transl_table=1	OriGeneID=Ebr06G052440	OriSeqID=Chr06",407,407,1152,407x1152,float16,embeddings/85c6c750c1bd451570c842bdcd6def9e50b780b33e2b3f02d0d6b188cce3ee16.pt,/data/jnz/esmc-600m/data/weights/esmc_600m_2024_12_v0.pth,ok,
84c57f68fe849d9373ac76317f660d23158f5e5406e99b170ff72962966d186a,,"GWHPBECS042162	mRNA=GWHTBECS042176	Gene=GWHGBECS042176	Position=GWHBECS00000006: 415230447-415230998, 415231074-415231424, 415231593-415231735, 415231830-415231965, 415232067-415232270, 415232372-415232488, 415232572-415232697, 415233709-415234036, 415234118-415234368: -	Frame=0	OriID=Ebr06G053240.1	OriTrascriptID=Ebr06G053240.1	transl_table=1	OriGeneID=Ebr06G053240	OriSeqID=Chr06",735,735,1152,735x1152,float16,embeddings/84c57f68fe849d9373ac76317f660d23158f5e5406e99b170ff72962966d186a.pt,/data/jnz/esmc-600m/data/weights/esmc_600m_2024_12_v0.pth,ok,
90187c15566a28b5f59ffc4fdaacc33ba422e14f56b36a158689a2a2c634d28b,,"GWHPBECS042167	mRNA=GWHTBECS042181	Gene=GWHGBECS042181	Position=GWHBECS00000006: 415542119-415542670, 415542746-415542946, 415542985-415543095, 415543266-415543444, 415543539-415543674, 415543781-415543984, 415544087-415544203, 415544287-415544412, 415545790-415546117, 415546199-415546449: -	Frame=0	OriID=Ebr06G053290.1	OriTrascriptID=Ebr06G053290.1	transl_table=1	OriGeneID=Ebr06G053290	OriSeqID=Chr06",734,734,1152,734x1152,float16,embeddings/90187c15566a28b5f59ffc4fdaacc33ba422e14f56b36a158689a2a2c634d28b.pt,/data/jnz/esmc-600m/data/weights/esmc_600m_2024_12_v0.pth,ok,
12be369f1de981f0256805ca0305be5bb426119280c49261e59a75586ad85706,,"GWHPBECS042168	mRNA=GWHTBECS042182	Gene=GWHGBECS042182	Position=GWHBECS00000006: 415586384-415586935, 415587019-415587219, 415587261-415587365, 415587536-415587714, 415587809-415587944, 415588051-415588254, 415588357-415588473, 415588557-415588607, 415588646-415588681, 415594130-415594457, 415594540-415594790: -	Frame=0	OriID=Ebr06G053300.1	OriTrascriptID=Ebr06G053300.1	transl_table=1	OriGeneID=Ebr06G053300	OriSeqID=Chr06",719,719,1152,719x1152,float16,embeddings/12be369f1de981f0256805ca0305be5bb426119280c49261e59a75586ad85706.pt,/data/jnz/esmc-600m/data/weights/esmc_600m_2024_12_v0.pth,ok,
dba6922463230963d7af6ef22b4fa78ee747f6166e73cd65cc8ec5a8a174ca9d,,"GWHPBECS042172	mRNA=GWHTBECS042186	Gene=GWHGBECS042186	Position=GWHBECS00000006: 415779333-415779489, 415779673-415779953, 415785424-415785549, 415785633-415785749, 415785852-415786055, 415786162-415786297, 415786391-415786569, 415786740-415787087, 415787171-415787503, 415787535-415787711: +	Frame=0	OriID=Ebr06G053340.1	OriTrascriptID=Ebr06G053340.1	transl_table=1	OriGeneID=Ebr06G053340	OriSeqID=Chr06",685,685,1152,685x1152,float16,embeddings/dba6922463230963d7af6ef22b4fa78ee747f6166e73cd65cc8ec5a8a174ca9d.pt,/data/jnz/esmc-600m/data/weights/esmc_600m_2024_12_v0.pth,ok,
e7a4ff18701cfd6c1944d35fdec550ca67a9bd570bd1f1da4d71b7ca71d3de2e,,"GWHPBECS042173	mRNA=GWHTBECS042187	Gene=GWHGBECS042187	Position=GWHBECS00000006: 415827656-415827906, 415827988-415828315, 415830613-415830738, 415830822-415830938, 415831041-415831244, 415831351-415831486, 415831581-415831759, 415831931-415832281, 415832357-415832908: +	Frame=0	OriID=Ebr06G053350.1	OriTrascriptID=Ebr06G053350.1	transl_table=1	OriGeneID=Ebr06G053350	OriSeqID=Chr06",747,747,1152,747x1152,float16,embeddings/e7a4ff18701cfd6c1944d35fdec550ca67a9bd570bd1f1da4d71b7ca71d3de2e.pt,/data/jnz/esmc-600m/data/weights/esmc_600m_2024_12_v0.pth,ok,
659c9a8ff08edecd7ee790e3c7b62525b3a64cde206d862fe88bcf21b2880d33,,"GWHPBECS042177	mRNA=GWHTBECS042191	Gene=GWHGBECS042191	Position=GWHBECS00000006: 416210731-416210981, 416211063-416211390, 416212381-416212506, 416212587-416212703, 416212805-416213008, 416213110-416213245, 416213339-416213517, 416213709-416214059, 416214135-416214470, 416214486-416214533, 416214579-416214672, 416216057-416216122, 416217282-416217463, 416217924-416218001: +	Frame=0	OriID=Ebr06G053390.1	OriTrascriptID=Ebr06G053390.1	transl_table=1	OriGeneID=Ebr06G053390	OriSeqID=Chr06",831,831,1152,831x1152,float16,embeddings/659c9a8ff08edecd7ee790e3c7b62525b3a64cde206d862fe88bcf21b2880d33.pt,/data/jnz/esmc-600m/data/weights/esmc_600m_2024_12_v0.pth,ok,
7f386b99f9f7070c597dfdc2832d3a259dc5b5177f3c4b5072737b105654d97a,,"GWHPBECS042179	mRNA=GWHTBECS042193	Gene=GWHGBECS042193	Position=GWHBECS00000006: 416297508-416297758, 416297840-416298167, 416299179-416299304, 416299388-416299504, 416299609-416299812, 416299914-416300049, 416300144-416300352: +	Frame=0	OriID=Ebr06G053410.1	OriTrascriptID=Ebr06G053410.1	transl_table=1	OriGeneID=Ebr06G053410	OriSeqID=Chr06",456,456,1152,456x1152,float16,embeddings/7f386b99f9f7070c597dfdc2832d3a259dc5b5177f3c4b5072737b105654d97a.pt,/data/jnz/esmc-600m/data/weights/esmc_600m_2024_12_v0.pth,ok,
8ec529d0f97b767261cc66ad8b959f003f6b96eb5e4db6c4b406c06d27d93c42,,"GWHPBECS042181	mRNA=GWHTBECS042195	Gene=GWHGBECS042195	Position=GWHBECS00000006: 416424740-416424899, 416425611-416425701, 416425857-416426140, 416426356-416426414, 416426499-416426659, 416439330-416439430, 416439612-416439705, 416439848-416439968, 416440328-416440678, 416440753-416440957, 416440998-416441305: +	Frame=0	OriID=Ebr06G053430.1	OriTrascriptID=Ebr06G053430.1	transl_table=1	OriGeneID=Ebr06G053430	OriSeqID=Chr06",644,644,1152,644x1152,float16,embeddings/8ec529d0f97b767261cc66ad8b959f003f6b96eb5e4db6c4b406c06d27d93c42.pt,/data/jnz/esmc-600m/data/weights/esmc_600m_2024_12_v0.pth,ok,
0c7c7bfc424579d75967f7f898571a5664683a79ac7fb2fcc065febd44862025,,"GWHPBECS042185	mRNA=GWHTBECS042199	Gene=GWHGBECS042199	Position=GWHBECS00000006: 417086441-417087519, 417087593-417087722, 417087821-417088033, 417088111-417088227, 417088318-417088443, 417089030-417089368: -	Frame=0	OriID=Ebr06G053470.1	OriTrascriptID=Ebr06G053470.1	transl_table=1	OriGeneID=Ebr06G053470	OriSeqID=Chr06",667,667,1152,667x1152,float16,embeddings/0c7c7bfc424579d75967f7f898571a5664683a79ac7fb2fcc065febd44862025.pt,/data/jnz/esmc-600m/data/weights/esmc_600m_2024_12_v0.pth,ok,
3b628cd1dfbb6737c00845f1dca8c5aba3990849ed3e2cd670ee1fc375855df0,,"GWHPBECS042190	mRNA=GWHTBECS042204	Gene=GWHGBECS042204	Position=GWHBECS00000006: 417189768-417190319, 417190395-417190745, 417190911-417191089, 417191180-417191315, 417191417-417191542, 417191722-417191838, 417191924-417192049, 417195308-417195635, 417195718-417195968: -	Frame=0	OriID=Ebr06G053520.1	OriTrascriptID=Ebr06G053520.1	transl_table=1	OriGeneID=Ebr06G053520	OriSeqID=Chr06",721,721,1152,721x1152,float16,embeddings/3b628cd1dfbb6737c00845f1dca8c5aba3990849ed3e2cd670ee1fc375855df0.pt,/data/jnz/esmc-600m/data/weights/esmc_600m_2024_12_v0.pth,ok,
9fe80f72cc42866138697b534ec56cd6edad69866bd7b17e19e9800b965b713b,,"GWHPBECS042204	mRNA=GWHTBECS042218	Gene=GWHGBECS042218	Position=GWHBECS00000006: 418633544-418633723, 418633911-418634042, 418634590-418634649, 418668082-418668126, 418669153-418669233, 418669727-418669808, 418669917-418669988, 418686619-418686719, 418686967-418687083, 418687168-418687431: -	Frame=0	OriID=Ebr06G053660.1	OriTrascriptID=Ebr06G053660.1	transl_table=1	OriGeneID=Ebr06G053660	OriSeqID=Chr06",377,377,1152,377x1152,float16,embeddings/9fe80f72cc42866138697b534ec56cd6edad69866bd7b17e19e9800b965b713b.pt,/data/jnz/esmc-600m/data/weights/esmc_600m_2024_12_v0.pth,ok,
e6ef2a51b4e7e3029cc0be3ad296b68fde7b89fe47464d6f64d9d7afd479a585,,"GWHPBECS042212	mRNA=GWHTBECS042226	Gene=GWHGBECS042226	Position=GWHBECS00000006: 419209462-419209964, 419210158-419210326, 419210499-419210588, 419210676-419210959, 419211038-419211296, 419211486-419211734: +	Frame=0	OriID=Ebr06G053740.1	OriTrascriptID=Ebr06G053740.1	transl_table=1	OriGeneID=Ebr06G053740	OriSeqID=Chr06",517,517,1152,517x1152,float16,embeddings/e6ef2a51b4e7e3029cc0be3ad296b68fde7b89fe47464d6f64d9d7afd479a585.pt,/data/jnz/esmc-600m/data/weights/esmc_600m_2024_12_v0.pth,ok,
87f74beb57852f14d52d07bc0aa6a6e86c30a61615aa8c99d3b040d0117e8d15,,"GWHPBECS042213	mRNA=GWHTBECS042227	Gene=GWHGBECS042227	Position=GWHBECS00000006: 419215975-419216134, 419218845-419219262, 419219456-419219624, 419220009-419220098, 419220184-419220452, 419220531-419220789, 419220980-419221228: +	Frame=0	OriID=Ebr06G053750.1	OriTrascriptID=Ebr06G053750.1	transl_table=1	OriGeneID=Ebr06G053750	OriSeqID=Chr06",537,537,1152,537x1152,float16,embeddings/87f74beb57852f14d52d07bc0aa6a6e86c30a61615aa8c99d3b040d0117e8d15.pt,/data/jnz/esmc-600m/data/weights/esmc_600m_2024_12_v0.pth,ok,
a072a9410367245acb44754a58d0fa7a68afe44e95d65276f373c326efa3cd9a,,"GWHPBECS042214	mRNA=GWHTBECS042228	Gene=GWHGBECS042228	Position=GWHBECS00000006: 419224806-419224878, 419231390-419231504, 419231698-419231854, 419232040-419232129, 419232218-419232501, 419232616-419232838, 419232891-419233088: +	Frame=0	OriID=Ebr06G053760.1	OriTrascriptID=Ebr06G053760.1	transl_table=1	OriGeneID=Ebr06G053760	OriSeqID=Chr06",379,379,1152,379x1152,float16,embeddings/a072a9410367245acb44754a58d0fa7a68afe44e95d65276f373c326efa3cd9a.pt,/data/jnz/esmc-600m/data/weights/esmc_600m_2024_12_v0.pth,ok,
6669815762d28c4733c7bad611ac2148bcf277a0bef66bff0e878f64db54841f,,"GWHPBECS042215	mRNA=GWHTBECS042229	Gene=GWHGBECS042229	Position=GWHBECS00000006: 419240270-419240772, 419240973-419241141, 419241314-419241403, 419241490-419241773, 419241852-419242110, 419242303-419242527: +	Frame=0	OriID=Ebr06G053770.1	OriTrascriptID=Ebr06G053770.1	transl_table=1	OriGeneID=Ebr06G053770	OriSeqID=Chr06",509,509,1152,509x1152,float16,embeddings/6669815762d28c4733c7bad611ac2148bcf277a0bef66bff0e878f64db54841f.pt,/data/jnz/esmc-600m/data/weights/esmc_600m_2024_12_v0.pth,ok,
ec7f828c88ae83ac2fff9af6b35755315fb3c5758dc2618aa314439c4dd2bb28,,"GWHPBECS042223	mRNA=GWHTBECS042237	Gene=GWHGBECS042237	Position=GWHBECS00000006: 419785001-419785503, 419785720-419785888, 419786061-419786150, 419786230-419786513, 419786592-419786850, 419787049-419787297: +	Frame=0	OriID=Ebr06G053850.1	OriTrascriptID=Ebr06G053850.1	transl_table=1	OriGeneID=Ebr06G053850	OriSeqID=Chr06",517,517,1152,517x1152,float16,embeddings/ec7f828c88ae83ac2fff9af6b35755315fb3c5758dc2618aa314439c4dd2bb28.pt,/data/jnz/esmc-600m/data/weights/esmc_600m_2024_12_v0.pth,ok,
68448aa1fd3a34e5cb86e49a0b6df5f3ddfc89c7b825bce6e0155e6e1a6e6118,,"GWHPBECS042224	mRNA=GWHTBECS042238	Gene=GWHGBECS042238	Position=GWHBECS00000006: 419790911-419791030, 419791081-419791181, 419791383-419791551, 419791723-419791812, 419791898-419792181, 419792226-419792301, 419792344-419792484, 419792677-419792925: +	Frame=0	OriID=Ebr06G053860.1	OriTrascriptID=Ebr06G053860.1	transl_table=1	OriGeneID=Ebr06G053860	OriSeqID=Chr06",409,409,1152,409x1152,float16,embeddings/68448aa1fd3a34e5cb86e49a0b6df5f3ddfc89c7b825bce6e0155e6e1a6e6118.pt,/data/jnz/esmc-600m/data/weights/esmc_600m_2024_12_v0.pth,ok,
f6201d0e31acba76a7e981d98310d0d5cebbf7ba0ca20c8dd86c68e00e6552fc,,"GWHPBECS042260	mRNA=GWHTBECS042274	Gene=GWHGBECS042274	Position=GWHBECS00000006: 422781684-422782060, 422782150-422782367, 422782463-422782597, 422782686-422782753, 422782839-422782980, 422783090-422783500, 422783603-422783737, 422783826-422783933, 422784019-422784110, 422784192-422784240, 422784340-422784430, 422784520-422784779, 422784928-422785121: -	Frame=0	OriID=Ebr06G054220.1	OriTrascriptID=Ebr06G054220.1	transl_table=1	OriGeneID=Ebr06G054220	OriSeqID=Chr06",759,759,1152,759x1152,float16,embeddings/f6201d0e31acba76a7e981d98310d0d5cebbf7ba0ca20c8dd86c68e00e6552fc.pt,/data/jnz/esmc-600m/data/weights/esmc_600m_2024_12_v0.pth,ok,
c4471a01e801e3727b794a8490ca2f409a72411d2295f0cc16cc2abf1603ed7e,,"GWHPBECS042420	mRNA=GWHTBECS042434	Gene=GWHGBECS042434	Position=GWHBECS00000006: 433025168-433025341, 433025393-433025518, 433036155-433036241: -	Frame=0	OriID=Ebr06G055820.1	OriTrascriptID=Ebr06G055820.1	transl_table=1	OriGeneID=Ebr06G055820	OriSeqID=Chr06",128,128,1152,128x1152,float16,embeddings/c4471a01e801e3727b794a8490ca2f409a72411d2295f0cc16cc2abf1603ed7e.pt,/data/jnz/esmc-600m/data/weights/esmc_600m_2024_12_v0.pth,ok,
b489ea90b0340dcb2e8473fcebfbd4a2ffe8f8b060c63a99273c75d485b0d698,,"GWHPBECS042449	mRNA=GWHTBECS042463	Gene=GWHGBECS042463	Position=GWHBECS00000006: 434614105-434614797, 434642492-434642641, 434674055-434674777: +	Frame=0	OriID=Ebr06G056110.1	OriTrascriptID=Ebr06G056110.1	transl_table=1	OriGeneID=Ebr06G056110	OriSeqID=Chr06",521,521,1152,521x1152,float16,embeddings/b489ea90b0340dcb2e8473fcebfbd4a2ffe8f8b060c63a99273c75d485b0d698.pt,/data/jnz/esmc-600m/data/weights/esmc_600m_2024_12_v0.pth,ok,
25c9788a8ba58f2d7229a56bb90b013e7926719fab3694e762c8e7b7c978a0fb,,"GWHPBECS042509	mRNA=GWHTBECS042523	Gene=GWHGBECS042523	Position=GWHBECS00000006: 438461558-438462280, 438464030-438464092: -	Frame=0	OriID=Ebr06G056710.1	OriTrascriptID=Ebr06G056710.1	transl_table=1	OriGeneID=Ebr06G056710	OriSeqID=Chr06",261,261,1152,261x1152,float16,embeddings/25c9788a8ba58f2d7229a56bb90b013e7926719fab3694e762c8e7b7c978a0fb.pt,/data/jnz/esmc-600m/data/weights/esmc_600m_2024_12_v0.pth,ok,
737a6542339cb4bbd5aa2597774f3f0d31bbf0ca10f8234b02e1d76c77330612,,"GWHPBECS042661	mRNA=GWHTBECS042675	Gene=GWHGBECS042675	Position=GWHBECS00000006: 448196581-448197500, 448197585-448198116: -	Frame=0	OriID=Ebr06G058230.1	OriTrascriptID=Ebr06G058230.1	transl_table=1	OriGeneID=Ebr06G058230	OriSeqID=Chr06",483,483,1152,483x1152,float16,embeddings/737a6542339cb4bbd5aa2597774f3f0d31bbf0ca10f8234b02e1d76c77330612.pt,/data/jnz/esmc-600m/data/weights/esmc_600m_2024_12_v0.pth,ok,
cb37c6d8af19f6e12583f0b0bebb4750d432717a9f24f85a1fe426fff82cd346,,"GWHPBECS042673	mRNA=GWHTBECS042687	Gene=GWHGBECS042687	Position=GWHBECS00000006: 448627797-448628339, 448628409-448629194, 448629262-448629636, 448629714-448630026, 448630106-448630398: -	Frame=0	OriID=Ebr06G058350.1	OriTrascriptID=Ebr06G058350.1	transl_table=1	OriGeneID=Ebr06G058350	OriSeqID=Chr06",769,769,1152,769x1152,float16,embeddings/cb37c6d8af19f6e12583f0b0bebb4750d432717a9f24f85a1fe426fff82cd346.pt,/data/jnz/esmc-600m/data/weights/esmc_600m_2024_12_v0.pth,ok,
3c4e50470f17f11a28d80cc0517336d28061fb9917c2b8dc547ce7725e0777f7,,GWHPBECS042717	mRNA=GWHTBECS042731	Gene=GWHGBECS042731	Position=GWHBECS00000006: 452302509-452304101: +	Frame=0	OriID=Ebr06G058790.1	OriTrascriptID=Ebr06G058790.1	transl_table=1	OriGeneID=Ebr06G058790	OriSeqID=Chr06,530,530,1152,530x1152,float16,embeddings/3c4e50470f17f11a28d80cc0517336d28061fb9917c2b8dc547ce7725e0777f7.pt,/data/jnz/esmc-600m/data/weights/esmc_600m_2024_12_v0.pth,ok,
0116d5ef60926d6a446fd26cd80a2973379995bcd547e9d6695cb560c65e1d0a,,"GWHPBECS042718	mRNA=GWHTBECS042732	Gene=GWHGBECS042732	Position=GWHBECS00000006: 452326281-452326614, 452326756-452328086: +	Frame=0	OriID=Ebr06G058800.1	OriTrascriptID=Ebr06G058800.1	transl_table=1	OriGeneID=Ebr06G058800	OriSeqID=Chr06",554,554,1152,554x1152,float16,embeddings/0116d5ef60926d6a446fd26cd80a2973379995bcd547e9d6695cb560c65e1d0a.pt,/data/jnz/esmc-600m/data/weights/esmc_600m_2024_12_v0.pth,ok,
fdcf615740047c57296dae47cabecc80611667ed6c3a2d5b53c9dffd0dc64350,,GWHPBECS042719	mRNA=GWHTBECS042733	Gene=GWHGBECS042733	Position=GWHBECS00000006: 452349721-452351307: +	Frame=0	OriID=Ebr06G058810.1	OriTrascriptID=Ebr06G058810.1	transl_table=1	OriGeneID=Ebr06G058810	OriSeqID=Chr06,528,528,1152,528x1152,float16,embeddings/fdcf615740047c57296dae47cabecc80611667ed6c3a2d5b53c9dffd0dc64350.pt,/data/jnz/esmc-600m/data/weights/esmc_600m_2024_12_v0.pth,ok,
de73bb6e80dd9709bf4aff0580954b7eca35cbcb4f7496f9aa60a347ff4d7455,,"GWHPBECS042750	mRNA=GWHTBECS042764	Gene=GWHGBECS042764	Position=GWHBECS00000006: 454329712-454329987, 454330084-454330659, 454330745-454331102, 454331318-454331526, 454331939-454332195, 454332316-454332415, 454332509-454332553, 454332641-454332675, 454332916-454332988: -	Frame=0	OriID=Ebr06G059120.1	OriTrascriptID=Ebr06G059120.1	transl_table=1	OriGeneID=Ebr06G059120	OriSeqID=Chr06",642,642,1152,642x1152,float16,embeddings/de73bb6e80dd9709bf4aff0580954b7eca35cbcb4f7496f9aa60a347ff4d7455.pt,/data/jnz/esmc-600m/data/weights/esmc_600m_2024_12_v0.pth,ok,
95e62db3d2013c5552f5268c87fffff257d2971a3faed1c4306be2bd18f43fbe,,"GWHPBECS042794	mRNA=GWHTBECS042808	Gene=GWHGBECS042808	Position=GWHBECS00000006: 456631958-456632620, 456632711-456633059, 456633483-456633715: -	Frame=0	OriID=Ebr06G059560.1	OriTrascriptID=Ebr06G059560.1	transl_table=1	OriGeneID=Ebr06G059560	OriSeqID=Chr06",414,414,1152,414x1152,float16,embeddings/95e62db3d2013c5552f5268c87fffff257d2971a3faed1c4306be2bd18f43fbe.pt,/data/jnz/esmc-600m/data/weights/esmc_600m_2024_12_v0.pth,ok,
713c758bc4ff4299697004c9c9a56d46bc1d6c2225d29b65541a7e2389b8d036,,"GWHPBECS042795	mRNA=GWHTBECS042809	Gene=GWHGBECS042809	Position=GWHBECS00000006: 456647652-456648314, 456648389-456648737, 456652192-456652415, 456652491-456652685: -	Frame=0	OriID=Ebr06G059570.1	OriTrascriptID=Ebr06G059570.1	transl_table=1	OriGeneID=Ebr06G059570	OriSeqID=Chr06",476,476,1152,476x1152,float16,embeddings/713c758bc4ff4299697004c9c9a56d46bc1d6c2225d29b65541a7e2389b8d036.pt,/data/jnz/esmc-600m/data/weights/esmc_600m_2024_12_v0.pth,ok,
0cc8191af0ec4e71bffa47b37f72bdcbce50e10a50f53e332edf9c61c61ba1f0,,"GWHPBECS042807	mRNA=GWHTBECS042821	Gene=GWHGBECS042821	Position=GWHBECS00000006: 457653935-457654060, 457655425-457655521, 457655980-457656044, 457656162-457656245, 457656331-457656462, 457656761-457656850, 457657059-457657193, 457664177-457664222, 457670344-457670450, 457675310-457675361, 457675453-457675517, 457675626-457675673: -	Frame=0	OriID=Ebr06G059690.1	OriTrascriptID=Ebr06G059690.1	transl_table=1	OriGeneID=Ebr06G059690	OriSeqID=Chr06",348,348,1152,348x1152,float16,embeddings/0cc8191af0ec4e71bffa47b37f72bdcbce50e10a50f53e332edf9c61c61ba1f0.pt,/data/jnz/esmc-600m/data/weights/esmc_600m_2024_12_v0.pth,ok,
da2d283bb82206656e3b463f826c512ce93ecac27f2c31452e63c411a435e6ca,,"GWHPBECS042811	mRNA=GWHTBECS042825	Gene=GWHGBECS042825	Position=GWHBECS00000006: 457937388-457937574, 457938040-457938104, 457938222-457938305, 457938395-457938526, 457938826-457938915, 457939124-457939258, 457948274-457948319, 457954323-457954429, 457959255-457959306, 457959395-457959462, 457959571-457959618: -	Frame=0	OriID=Ebr06G059730.1	OriTrascriptID=Ebr06G059730.1	transl_table=1	OriGeneID=Ebr06G059730	OriSeqID=Chr06",337,337,1152,337x1152,float16,embeddings/da2d283bb82206656e3b463f826c512ce93ecac27f2c31452e63c411a435e6ca.pt,/data/jnz/esmc-600m/data/weights/esmc_600m_2024_12_v0.pth,ok,
